file,asset_id,bom_ref,component,version,known_cves
ICS-0001_siemens_simatic-s7-1500-cpu-1511-1-pn_SBOM.json,ICS-0001,pkg:oss:mbedtls,Mbed TLS,2.16.3,CVE-2020-10932;CVE-2020-16150;CVE-2021-24119
ICS-0001_siemens_simatic-s7-1500-cpu-1511-1-pn_SBOM.json,ICS-0001,pkg:oss:zlib,zlib,1.2.8,CVE-2016-9840;CVE-2016-9841;CVE-2018-25032
ICS-0001_siemens_simatic-s7-1500-cpu-1511-1-pn_SBOM.json,ICS-0001,pkg:oss:lwip,lwIP,2.0.3,CVE-2020-22283;CVE-2020-22284;CVE-2020-22288
ICS-0001_siemens_simatic-s7-1500-cpu-1511-1-pn_SBOM.json,ICS-0001,pkg:oss:treck-tcpip,Treck TCP/IP Stack,6.0.1.67,CVE-2020-11898;CVE-2020-11900
ICS-0001_siemens_simatic-s7-1500-cpu-1511-1-pn_SBOM.json,ICS-0001,pkg:oss:expat,Expat,2.4.1,CVE-2022-25236;CVE-2022-25315
ICS-0002_siemens_simatic-s7-1200-cpu-1212c_SBOM.json,ICS-0002,pkg:oss:expat,Expat,2.4.1,CVE-2022-25236;CVE-2022-25315
ICS-0002_siemens_simatic-s7-1200-cpu-1212c_SBOM.json,ICS-0002,pkg:oss:mbedtls,Mbed TLS,2.16.3,CVE-2020-10932;CVE-2020-16150;CVE-2021-24119
ICS-0002_siemens_simatic-s7-1200-cpu-1212c_SBOM.json,ICS-0002,pkg:oss:zlib,zlib,1.2.12,CVE-2022-37434
ICS-0002_siemens_simatic-s7-1200-cpu-1212c_SBOM.json,ICS-0002,pkg:oss:libmodbus,libmodbus,3.0.6,CVE-2019-14462;CVE-2019-14463
ICS-0003_siemens_simatic-s7-400-cpu-414-3_SBOM.json,ICS-0003,pkg:oss:mbedtls,Mbed TLS,2.28.0,CVE-2022-35409;CVE-2023-43615
ICS-0003_siemens_simatic-s7-400-cpu-414-3_SBOM.json,ICS-0003,pkg:oss:treck-tcpip,Treck TCP/IP Stack,6.0.1.66,CVE-2020-11896;CVE-2020-11897;CVE-2020-11901
ICS-0003_siemens_simatic-s7-400-cpu-414-3_SBOM.json,ICS-0003,pkg:oss:expat,Expat,2.2.0,CVE-2018-20843;CVE-2019-15903
ICS-0003_siemens_simatic-s7-400-cpu-414-3_SBOM.json,ICS-0003,pkg:oss:libmodbus,libmodbus,3.0.6,CVE-2019-14462;CVE-2019-14463
ICS-0004_rockwell_controllogix-controller-1756-l71_SBOM.json,ICS-0004,pkg:oss:zlib,zlib,1.2.12,CVE-2022-37434
ICS-0004_rockwell_controllogix-controller-1756-l71_SBOM.json,ICS-0004,pkg:oss:sqlite,SQLite,3.39.4,CVE-2022-46908;CVE-2023-7104
ICS-0004_rockwell_controllogix-controller-1756-l71_SBOM.json,ICS-0004,pkg:oss:expat,Expat,2.2.0,CVE-2018-20843;CVE-2019-15903
ICS-0004_rockwell_controllogix-controller-1756-l71_SBOM.json,ICS-0004,pkg:oss:net-snmp,Net-SNMP,5.9.1,CVE-2022-24805;CVE-2022-24809
ICS-0004_rockwell_controllogix-controller-1756-l71_SBOM.json,ICS-0004,pkg:oss:libxml2,libxml2,2.9.14,CVE-2022-40303;CVE-2022-40304;CVE-2023-28484
ICS-0004_rockwell_controllogix-controller-1756-l71_SBOM.json,ICS-0004,pkg:oss:ntp,NTP Daemon,4.2.8p10,CVE-2018-7182;CVE-2018-7183;CVE-2018-7184
ICS-0005_rockwell_compactlogix-controller-5069-l306er_SBOM.json,ICS-0005,pkg:oss:zlib,zlib,1.2.12,CVE-2022-37434
ICS-0005_rockwell_compactlogix-controller-5069-l306er_SBOM.json,ICS-0005,pkg:oss:libxml2,libxml2,2.9.10,CVE-2021-3517;CVE-2021-3518;CVE-2022-29824
ICS-0005_rockwell_compactlogix-controller-5069-l306er_SBOM.json,ICS-0005,pkg:oss:openssl,OpenSSL,3.0.7,CVE-2023-0286;CVE-2023-0215;CVE-2022-4304
ICS-0005_rockwell_compactlogix-controller-5069-l306er_SBOM.json,ICS-0005,pkg:oss:ipnet,Interpeak IPnet TCP/IP Stack,7.0,CVE-2019-12258;CVE-2019-12259;CVE-2019-12262
ICS-0005_rockwell_compactlogix-controller-5069-l306er_SBOM.json,ICS-0005,pkg:oss:libmodbus,libmodbus,3.1.4,CVE-2019-14462;CVE-2019-14463
ICS-0005_rockwell_compactlogix-controller-5069-l306er_SBOM.json,ICS-0005,pkg:oss:libcurl,libcurl,7.64.0,CVE-2019-5481;CVE-2019-5482;CVE-2020-8177
ICS-0005_rockwell_compactlogix-controller-5069-l306er_SBOM.json,ICS-0005,pkg:oss:sqlite,SQLite,3.41.2,CVE-2023-7104
ICS-0005_rockwell_compactlogix-controller-5069-l306er_SBOM.json,ICS-0005,pkg:oss:net-snmp,Net-SNMP,5.8,CVE-2020-15861;CVE-2020-15862;CVE-2022-24805
ICS-0006_rockwell_micrologix-controller-1400-b_SBOM.json,ICS-0006,pkg:oss:expat,Expat,2.2.10,CVE-2022-22822;CVE-2022-23852;CVE-2022-25235
ICS-0006_rockwell_micrologix-controller-1400-b_SBOM.json,ICS-0006,pkg:oss:mbedtls,Mbed TLS,2.28.0,CVE-2022-35409;CVE-2023-43615
ICS-0006_rockwell_micrologix-controller-1400-b_SBOM.json,ICS-0006,pkg:oss:lwip,lwIP,2.0.3,CVE-2020-22283;CVE-2020-22284;CVE-2020-22288
ICS-0006_rockwell_micrologix-controller-1400-b_SBOM.json,ICS-0006,pkg:oss:treck-tcpip,Treck TCP/IP Stack,6.0.1.67,CVE-2020-11898;CVE-2020-11900
ICS-0006_rockwell_micrologix-controller-1400-b_SBOM.json,ICS-0006,pkg:oss:openssl,OpenSSL,3.0.7,CVE-2023-0286;CVE-2023-0215;CVE-2022-4304
ICS-0006_rockwell_micrologix-controller-1400-b_SBOM.json,ICS-0006,pkg:oss:wolfssl,wolfSSL,5.5.0,CVE-2022-42905;CVE-2023-3724
ICS-0007_schneider_modicon-m340-controller-bmxp342020_SBOM.json,ICS-0007,pkg:oss:zlib,zlib,1.2.12,CVE-2022-37434
ICS-0007_schneider_modicon-m340-controller-bmxp342020_SBOM.json,ICS-0007,pkg:oss:libxml2,libxml2,2.9.14,CVE-2022-40303;CVE-2022-40304;CVE-2023-28484
ICS-0007_schneider_modicon-m340-controller-bmxp342020_SBOM.json,ICS-0007,pkg:oss:libcurl,libcurl,7.29.0,CVE-2016-8615;CVE-2018-1000120;CVE-2019-5482
ICS-0007_schneider_modicon-m340-controller-bmxp342020_SBOM.json,ICS-0007,pkg:oss:expat,Expat,2.5.0,CVE-2023-52425
ICS-0007_schneider_modicon-m340-controller-bmxp342020_SBOM.json,ICS-0007,pkg:oss:sqlite,SQLite,3.31.1,CVE-2020-13434;CVE-2020-13630;CVE-2021-20227
ICS-0007_schneider_modicon-m340-controller-bmxp342020_SBOM.json,ICS-0007,pkg:oss:ipnet,Interpeak IPnet TCP/IP Stack,6.9,CVE-2019-12255;CVE-2019-12256;CVE-2019-12257;CVE-2019-12260
ICS-0007_schneider_modicon-m340-controller-bmxp342020_SBOM.json,ICS-0007,pkg:oss:codesys-rt,CODESYS Control Runtime System,3.5.16.0,CVE-2021-30186;CVE-2021-30188;CVE-2021-30189
ICS-0008_schneider_modicon-m580-epac-bmep582040_SBOM.json,ICS-0008,pkg:oss:expat,Expat,2.4.1,CVE-2022-25236;CVE-2022-25315
ICS-0008_schneider_modicon-m580-epac-bmep582040_SBOM.json,ICS-0008,pkg:oss:open62541,open62541 OPC UA Stack,1.2.2,CVE-2021-40206;CVE-2022-25761
ICS-0008_schneider_modicon-m580-epac-bmep582040_SBOM.json,ICS-0008,pkg:oss:nginx,nginx,1.18.0,CVE-2021-23017;CVE-2022-41741;CVE-2022-41742
ICS-0008_schneider_modicon-m580-epac-bmep582040_SBOM.json,ICS-0008,pkg:oss:libxml2,libxml2,2.9.14,CVE-2022-40303;CVE-2022-40304;CVE-2023-28484
ICS-0008_schneider_modicon-m580-epac-bmep582040_SBOM.json,ICS-0008,pkg:oss:glibc,GNU C Library,2.17,CVE-2015-7547;CVE-2018-11236;CVE-2021-3999
ICS-0008_schneider_modicon-m580-epac-bmep582040_SBOM.json,ICS-0008,pkg:oss:dnsmasq,dnsmasq,2.86,CVE-2022-0934;CVE-2023-28450
ICS-0008_schneider_modicon-m580-epac-bmep582040_SBOM.json,ICS-0008,pkg:oss:wpa-supplicant,wpa_supplicant,2.6,CVE-2017-13077;CVE-2017-13078;CVE-2018-14526
ICS-0008_schneider_modicon-m580-epac-bmep582040_SBOM.json,ICS-0008,pkg:oss:codesys-rt,CODESYS Control Runtime System,3.5.18.20,CVE-2023-37559;CVE-2023-37560
ICS-0009_mitsubishi_melsec-iq-r-cpu-r04cpu_SBOM.json,ICS-0009,pkg:oss:ntp,NTP Daemon,4.2.8p15,CVE-2023-26551
ICS-0009_mitsubishi_melsec-iq-r-cpu-r04cpu_SBOM.json,ICS-0009,pkg:oss:zlib,zlib,1.2.8,CVE-2016-9840;CVE-2016-9841;CVE-2018-25032
ICS-0009_mitsubishi_melsec-iq-r-cpu-r04cpu_SBOM.json,ICS-0009,pkg:oss:openssl,OpenSSL,1.1.1k,CVE-2021-3711;CVE-2021-3712;CVE-2022-0778
ICS-0009_mitsubishi_melsec-iq-r-cpu-r04cpu_SBOM.json,ICS-0009,pkg:oss:expat,Expat,2.4.1,CVE-2022-25236;CVE-2022-25315
ICS-0009_mitsubishi_melsec-iq-r-cpu-r04cpu_SBOM.json,ICS-0009,pkg:oss:lwip,lwIP,2.1.2,CVE-2020-22283;CVE-2020-22285;CVE-2020-22286
ICS-0009_mitsubishi_melsec-iq-r-cpu-r04cpu_SBOM.json,ICS-0009,pkg:oss:treck-tcpip,Treck TCP/IP Stack,6.0.1.67,CVE-2020-11898;CVE-2020-11900
ICS-0009_mitsubishi_melsec-iq-r-cpu-r04cpu_SBOM.json,ICS-0009,pkg:oss:libmodbus,libmodbus,3.1.4,CVE-2019-14462;CVE-2019-14463
ICS-0009_mitsubishi_melsec-iq-r-cpu-r04cpu_SBOM.json,ICS-0009,pkg:oss:mbedtls,Mbed TLS,2.16.3,CVE-2020-10932;CVE-2020-16150;CVE-2021-24119
ICS-0010_mitsubishi_melsec-q-series-cpu-q03ude_SBOM.json,ICS-0010,pkg:oss:lwip,lwIP,1.4.1,CVE-2014-1912;CVE-2020-22283;CVE-2020-22284
ICS-0010_mitsubishi_melsec-q-series-cpu-q03ude_SBOM.json,ICS-0010,pkg:oss:mbedtls,Mbed TLS,2.16.3,CVE-2020-10932;CVE-2020-16150;CVE-2021-24119
ICS-0010_mitsubishi_melsec-q-series-cpu-q03ude_SBOM.json,ICS-0010,pkg:oss:wolfssl,wolfSSL,4.5.0,CVE-2021-3336;CVE-2021-24116
ICS-0010_mitsubishi_melsec-q-series-cpu-q03ude_SBOM.json,ICS-0010,pkg:oss:libmodbus,libmodbus,3.0.6,CVE-2019-14462;CVE-2019-14463
ICS-0011_omron_sysmac-nj-machine-controller-nj101-1000_SBOM.json,ICS-0011,pkg:oss:mbedtls,Mbed TLS,2.16.3,CVE-2020-10932;CVE-2020-16150;CVE-2021-24119
ICS-0011_omron_sysmac-nj-machine-controller-nj101-1000_SBOM.json,ICS-0011,pkg:oss:treck-tcpip,Treck TCP/IP Stack,6.0.1.66,CVE-2020-11896;CVE-2020-11897;CVE-2020-11901
ICS-0011_omron_sysmac-nj-machine-controller-nj101-1000_SBOM.json,ICS-0011,pkg:oss:zlib,zlib,1.2.11,CVE-2018-25032;CVE-2022-37434
ICS-0011_omron_sysmac-nj-machine-controller-nj101-1000_SBOM.json,ICS-0011,pkg:oss:expat,Expat,2.2.0,CVE-2018-20843;CVE-2019-15903
ICS-0011_omron_sysmac-nj-machine-controller-nj101-1000_SBOM.json,ICS-0011,pkg:oss:libmodbus,libmodbus,3.0.6,CVE-2019-14462;CVE-2019-14463
ICS-0012_omron_sysmac-cj2-plc-cj2m-cpu31_SBOM.json,ICS-0012,pkg:oss:expat,Expat,2.2.10,CVE-2022-22822;CVE-2022-23852;CVE-2022-25235
ICS-0012_omron_sysmac-cj2-plc-cj2m-cpu31_SBOM.json,ICS-0012,pkg:oss:treck-tcpip,Treck TCP/IP Stack,6.0.1.67,CVE-2020-11898;CVE-2020-11900
ICS-0012_omron_sysmac-cj2-plc-cj2m-cpu31_SBOM.json,ICS-0012,pkg:oss:libmodbus,libmodbus,3.1.4,CVE-2019-14462;CVE-2019-14463
ICS-0012_omron_sysmac-cj2-plc-cj2m-cpu31_SBOM.json,ICS-0012,pkg:oss:mbedtls,Mbed TLS,2.16.3,CVE-2020-10932;CVE-2020-16150;CVE-2021-24119
ICS-0012_omron_sysmac-cj2-plc-cj2m-cpu31_SBOM.json,ICS-0012,pkg:oss:zlib,zlib,1.2.8,CVE-2016-9840;CVE-2016-9841;CVE-2018-25032
ICS-0013_beckhoff_twincat-runtime-controller-cx5140_SBOM.json,ICS-0013,pkg:oss:zlib,zlib,1.2.8,CVE-2016-9840;CVE-2016-9841;CVE-2018-25032
ICS-0013_beckhoff_twincat-runtime-controller-cx5140_SBOM.json,ICS-0013,pkg:oss:libcurl,libcurl,8.4.0,CVE-2023-46218;CVE-2024-2379
ICS-0013_beckhoff_twincat-runtime-controller-cx5140_SBOM.json,ICS-0013,pkg:oss:openssl,OpenSSL,1.0.2k,CVE-2017-3731;CVE-2017-3732;CVE-2016-7055
ICS-0013_beckhoff_twincat-runtime-controller-cx5140_SBOM.json,ICS-0013,pkg:oss:expat,Expat,2.2.0,CVE-2018-20843;CVE-2019-15903
ICS-0013_beckhoff_twincat-runtime-controller-cx5140_SBOM.json,ICS-0013,pkg:oss:sqlite,SQLite,3.39.4,CVE-2022-46908;CVE-2023-7104
ICS-0014_wago_pfc200-controller-750-8202_SBOM.json,ICS-0014,pkg:oss:wpa-supplicant,wpa_supplicant,2.9,CVE-2021-27803;CVE-2021-30004;CVE-2022-23303
ICS-0014_wago_pfc200-controller-750-8202_SBOM.json,ICS-0014,pkg:oss:libxml2,libxml2,2.10.4,CVE-2023-45322
ICS-0014_wago_pfc200-controller-750-8202_SBOM.json,ICS-0014,pkg:oss:busybox,BusyBox,1.35.0,CVE-2022-28391
ICS-0014_wago_pfc200-controller-750-8202_SBOM.json,ICS-0014,pkg:oss:net-snmp,Net-SNMP,5.9.1,CVE-2022-24805;CVE-2022-24809
ICS-0014_wago_pfc200-controller-750-8202_SBOM.json,ICS-0014,pkg:oss:openvpn,OpenVPN,2.5.5,CVE-2022-0547;CVE-2023-46849;CVE-2023-46850
ICS-0014_wago_pfc200-controller-750-8202_SBOM.json,ICS-0014,pkg:oss:linux-kernel,Linux Kernel,5.4.278,CVE-2023-32233;CVE-2024-1086
ICS-0014_wago_pfc200-controller-750-8202_SBOM.json,ICS-0014,pkg:oss:open62541,open62541 OPC UA Stack,1.2.2,CVE-2021-40206;CVE-2022-25761
ICS-0014_wago_pfc200-controller-750-8202_SBOM.json,ICS-0014,pkg:oss:dropbear,Dropbear SSH,2019.78,CVE-2018-15599;CVE-2020-36254
ICS-0014_wago_pfc200-controller-750-8202_SBOM.json,ICS-0014,pkg:oss:codesys-rt,CODESYS Control Runtime System,3.5.16.0,CVE-2021-30186;CVE-2021-30188;CVE-2021-30189
ICS-0015_phoenix_axc-f-2152-controller-axc-f-2152_SBOM.json,ICS-0015,pkg:oss:u-boot,Das U-Boot,2021.10,CVE-2022-30767;CVE-2022-33967
ICS-0015_phoenix_axc-f-2152-controller-axc-f-2152_SBOM.json,ICS-0015,pkg:oss:open62541,open62541 OPC UA Stack,1.2.2,CVE-2021-40206;CVE-2022-25761
ICS-0015_phoenix_axc-f-2152-controller-axc-f-2152_SBOM.json,ICS-0015,pkg:oss:wpa-supplicant,wpa_supplicant,2.10,CVE-2023-52160
ICS-0015_phoenix_axc-f-2152-controller-axc-f-2152_SBOM.json,ICS-0015,pkg:oss:ntp,NTP Daemon,4.2.8p10,CVE-2018-7182;CVE-2018-7183;CVE-2018-7184
ICS-0015_phoenix_axc-f-2152-controller-axc-f-2152_SBOM.json,ICS-0015,pkg:oss:libcurl,libcurl,8.4.0,CVE-2023-46218;CVE-2024-2379
ICS-0015_phoenix_axc-f-2152-controller-axc-f-2152_SBOM.json,ICS-0015,pkg:oss:sqlite,SQLite,3.22.0,CVE-2018-8740;CVE-2019-8457;CVE-2020-11655
ICS-0016_br_x20-controller-x20cp1586_SBOM.json,ICS-0016,pkg:oss:expat,Expat,2.5.0,CVE-2023-52425
ICS-0016_br_x20-controller-x20cp1586_SBOM.json,ICS-0016,pkg:oss:lwip,lwIP,2.1.3,CVE-2023-5188
ICS-0016_br_x20-controller-x20cp1586_SBOM.json,ICS-0016,pkg:oss:wolfssl,wolfSSL,5.5.0,CVE-2022-42905;CVE-2023-3724
ICS-0016_br_x20-controller-x20cp1586_SBOM.json,ICS-0016,pkg:oss:ntp,NTP Daemon,4.2.8p10,CVE-2018-7182;CVE-2018-7183;CVE-2018-7184
ICS-0016_br_x20-controller-x20cp1586_SBOM.json,ICS-0016,pkg:oss:openssl,OpenSSL,1.0.2u,CVE-2021-23840;CVE-2021-3712
ICS-0017_ls-electric_xgt-plc-cpu-xgk-cpuh_SBOM.json,ICS-0017,pkg:oss:ntp,NTP Daemon,4.2.8p13,CVE-2019-8936;CVE-2020-11868
ICS-0017_ls-electric_xgt-plc-cpu-xgk-cpuh_SBOM.json,ICS-0017,pkg:oss:mbedtls,Mbed TLS,2.16.3,CVE-2020-10932;CVE-2020-16150;CVE-2021-24119
ICS-0017_ls-electric_xgt-plc-cpu-xgk-cpuh_SBOM.json,ICS-0017,pkg:oss:libmodbus,libmodbus,3.1.4,CVE-2019-14462;CVE-2019-14463
ICS-0017_ls-electric_xgt-plc-cpu-xgk-cpuh_SBOM.json,ICS-0017,pkg:oss:expat,Expat,2.2.10,CVE-2022-22822;CVE-2022-23852;CVE-2022-25235
ICS-0017_ls-electric_xgt-plc-cpu-xgk-cpuh_SBOM.json,ICS-0017,pkg:oss:treck-tcpip,Treck TCP/IP Stack,6.0.1.66,CVE-2020-11896;CVE-2020-11897;CVE-2020-11901
ICS-0018_delta_as-series-plc-as228t-a_SBOM.json,ICS-0018,pkg:oss:treck-tcpip,Treck TCP/IP Stack,6.0.1.66,CVE-2020-11896;CVE-2020-11897;CVE-2020-11901
ICS-0018_delta_as-series-plc-as228t-a_SBOM.json,ICS-0018,pkg:oss:mbedtls,Mbed TLS,2.16.3,CVE-2020-10932;CVE-2020-16150;CVE-2021-24119
ICS-0018_delta_as-series-plc-as228t-a_SBOM.json,ICS-0018,pkg:oss:libmodbus,libmodbus,3.1.4,CVE-2019-14462;CVE-2019-14463
ICS-0018_delta_as-series-plc-as228t-a_SBOM.json,ICS-0018,pkg:oss:ntp,NTP Daemon,4.2.8p10,CVE-2018-7182;CVE-2018-7183;CVE-2018-7184
ICS-0018_delta_as-series-plc-as228t-a_SBOM.json,ICS-0018,pkg:oss:zlib,zlib,1.2.12,CVE-2022-37434
ICS-0019_unitronics_unistream-plc-usp-070-b10_SBOM.json,ICS-0019,pkg:oss:mosquitto,Eclipse Mosquitto,2.0.11,CVE-2021-34431;CVE-2021-41039;CVE-2023-0809
ICS-0019_unitronics_unistream-plc-usp-070-b10_SBOM.json,ICS-0019,pkg:oss:nginx,nginx,1.24.0,CVE-2023-44487
ICS-0019_unitronics_unistream-plc-usp-070-b10_SBOM.json,ICS-0019,pkg:oss:musl,musl libc,1.1.24,CVE-2020-28928
ICS-0019_unitronics_unistream-plc-usp-070-b10_SBOM.json,ICS-0019,pkg:oss:busybox,BusyBox,1.30.1,CVE-2021-42374;CVE-2021-42378;CVE-2021-42386
ICS-0019_unitronics_unistream-plc-usp-070-b10_SBOM.json,ICS-0019,pkg:oss:open62541,open62541 OPC UA Stack,1.2.2,CVE-2021-40206;CVE-2022-25761
ICS-0019_unitronics_unistream-plc-usp-070-b10_SBOM.json,ICS-0019,pkg:oss:ntp,NTP Daemon,4.2.8p15,CVE-2023-26551
ICS-0019_unitronics_unistream-plc-usp-070-b10_SBOM.json,ICS-0019,pkg:oss:sqlite,SQLite,3.22.0,CVE-2018-8740;CVE-2019-8457;CVE-2020-11655
ICS-0020_idec_microsmart-fc6a-plc-fc6a-c40r1ae_SBOM.json,ICS-0020,pkg:oss:treck-tcpip,Treck TCP/IP Stack,6.0.1.66,CVE-2020-11896;CVE-2020-11897;CVE-2020-11901
ICS-0020_idec_microsmart-fc6a-plc-fc6a-c40r1ae_SBOM.json,ICS-0020,pkg:oss:expat,Expat,2.2.0,CVE-2018-20843;CVE-2019-15903
ICS-0020_idec_microsmart-fc6a-plc-fc6a-c40r1ae_SBOM.json,ICS-0020,pkg:oss:openssl,OpenSSL,1.1.1g,CVE-2020-1971;CVE-2021-3450;CVE-2021-3711
ICS-0021_panasonic_fp7-series-plc-afp7cps41_SBOM.json,ICS-0021,pkg:oss:ntp,NTP Daemon,4.2.8p15,CVE-2023-26551
ICS-0021_panasonic_fp7-series-plc-afp7cps41_SBOM.json,ICS-0021,pkg:oss:expat,Expat,2.2.10,CVE-2022-22822;CVE-2022-23852;CVE-2022-25235
ICS-0021_panasonic_fp7-series-plc-afp7cps41_SBOM.json,ICS-0021,pkg:oss:zlib,zlib,1.2.12,CVE-2022-37434
ICS-0021_panasonic_fp7-series-plc-afp7cps41_SBOM.json,ICS-0021,pkg:oss:openssl,OpenSSL,1.0.2u,CVE-2021-23840;CVE-2021-3712
ICS-0022_keyence_kv-8000-plc-kv-8000_SBOM.json,ICS-0022,pkg:oss:openssl,OpenSSL,1.1.1g,CVE-2020-1971;CVE-2021-3450;CVE-2021-3711
ICS-0022_keyence_kv-8000-plc-kv-8000_SBOM.json,ICS-0022,pkg:oss:treck-tcpip,Treck TCP/IP Stack,6.0.1.67,CVE-2020-11898;CVE-2020-11900
ICS-0022_keyence_kv-8000-plc-kv-8000_SBOM.json,ICS-0022,pkg:oss:expat,Expat,2.2.0,CVE-2018-20843;CVE-2019-15903
ICS-0022_keyence_kv-8000-plc-kv-8000_SBOM.json,ICS-0022,pkg:oss:ntp,NTP Daemon,4.2.8p10,CVE-2018-7182;CVE-2018-7183;CVE-2018-7184
ICS-0022_keyence_kv-8000-plc-kv-8000_SBOM.json,ICS-0022,pkg:oss:wolfssl,wolfSSL,5.5.0,CVE-2022-42905;CVE-2023-3724
ICS-0023_fuji_micrex-sx-plc-np1ps-245r_SBOM.json,ICS-0023,pkg:oss:treck-tcpip,Treck TCP/IP Stack,6.0.1.66,CVE-2020-11896;CVE-2020-11897;CVE-2020-11901
ICS-0023_fuji_micrex-sx-plc-np1ps-245r_SBOM.json,ICS-0023,pkg:oss:zlib,zlib,1.2.8,CVE-2016-9840;CVE-2016-9841;CVE-2018-25032
ICS-0023_fuji_micrex-sx-plc-np1ps-245r_SBOM.json,ICS-0023,pkg:oss:wolfssl,wolfSSL,5.5.0,CVE-2022-42905;CVE-2023-3724
ICS-0023_fuji_micrex-sx-plc-np1ps-245r_SBOM.json,ICS-0023,pkg:oss:openssl,OpenSSL,1.1.1g,CVE-2020-1971;CVE-2021-3450;CVE-2021-3711
ICS-0023_fuji_micrex-sx-plc-np1ps-245r_SBOM.json,ICS-0023,pkg:oss:expat,Expat,2.2.10,CVE-2022-22822;CVE-2022-23852;CVE-2022-25235
ICS-0023_fuji_micrex-sx-plc-np1ps-245r_SBOM.json,ICS-0023,pkg:oss:libmodbus,libmodbus,3.0.6,CVE-2019-14462;CVE-2019-14463
ICS-0023_fuji_micrex-sx-plc-np1ps-245r_SBOM.json,ICS-0023,pkg:oss:ntp,NTP Daemon,4.2.8p13,CVE-2019-8936;CVE-2020-11868
ICS-0023_fuji_micrex-sx-plc-np1ps-245r_SBOM.json,ICS-0023,pkg:oss:lwip,lwIP,2.0.3,CVE-2020-22283;CVE-2020-22284;CVE-2020-22288
ICS-0024_codesys_codesys-control-runtime-for-linux-sl_SBOM.json,ICS-0024,pkg:oss:ntp,NTP Daemon,4.2.8p15,CVE-2023-26551
ICS-0024_codesys_codesys-control-runtime-for-linux-sl_SBOM.json,ICS-0024,pkg:oss:net-snmp,Net-SNMP,5.9.1,CVE-2022-24805;CVE-2022-24809
ICS-0024_codesys_codesys-control-runtime-for-linux-sl_SBOM.json,ICS-0024,pkg:oss:libcurl,libcurl,8.0.1,CVE-2023-27533;CVE-2023-27536;CVE-2023-38545
ICS-0024_codesys_codesys-control-runtime-for-linux-sl_SBOM.json,ICS-0024,pkg:oss:nginx,nginx,1.18.0,CVE-2021-23017;CVE-2022-41741;CVE-2022-41742
ICS-0024_codesys_codesys-control-runtime-for-linux-sl_SBOM.json,ICS-0024,pkg:oss:openssh,OpenSSH,8.2p1,CVE-2020-15778;CVE-2021-41617;CVE-2023-48795
ICS-0024_codesys_codesys-control-runtime-for-linux-sl_SBOM.json,ICS-0024,pkg:oss:mosquitto,Eclipse Mosquitto,2.0.11,CVE-2021-34431;CVE-2021-41039;CVE-2023-0809
ICS-0024_codesys_codesys-control-runtime-for-linux-sl_SBOM.json,ICS-0024,pkg:oss:codesys-rt,CODESYS Control Runtime System,3.5.19.20,CVE-2023-3663;CVE-2023-3665
ICS-0025_abb_rtu560-telecontrol-unit-560cmu05_SBOM.json,ICS-0025,pkg:oss:libpcap,libpcap,1.9.1,CVE-2019-15165;CVE-2023-7256
ICS-0025_abb_rtu560-telecontrol-unit-560cmu05_SBOM.json,ICS-0025,pkg:oss:u-boot,Das U-Boot,2018.03,CVE-2019-11059;CVE-2019-13103;CVE-2019-13106
ICS-0025_abb_rtu560-telecontrol-unit-560cmu05_SBOM.json,ICS-0025,pkg:oss:wpa-supplicant,wpa_supplicant,2.10,CVE-2023-52160
ICS-0025_abb_rtu560-telecontrol-unit-560cmu05_SBOM.json,ICS-0025,pkg:oss:open62541,open62541 OPC UA Stack,1.3.6,CVE-2023-31048
ICS-0025_abb_rtu560-telecontrol-unit-560cmu05_SBOM.json,ICS-0025,pkg:oss:goahead,GoAhead Embedded Web Server,3.6.5,CVE-2017-17562;CVE-2019-5096;CVE-2019-5097
ICS-0025_abb_rtu560-telecontrol-unit-560cmu05_SBOM.json,ICS-0025,pkg:oss:openssl,OpenSSL,1.1.1n,CVE-2022-1292;CVE-2022-2068;CVE-2022-4304
ICS-0025_abb_rtu560-telecontrol-unit-560cmu05_SBOM.json,ICS-0025,pkg:oss:codesys-rt,CODESYS Control Runtime System,3.5.16.0,CVE-2021-30186;CVE-2021-30188;CVE-2021-30189
ICS-0026_schneider_scadapack-rtu-474i_SBOM.json,ICS-0026,pkg:oss:net-snmp,Net-SNMP,5.7.3,CVE-2018-18065;CVE-2019-20892;CVE-2020-15862
ICS-0026_schneider_scadapack-rtu-474i_SBOM.json,ICS-0026,pkg:oss:expat,Expat,2.4.1,CVE-2022-25236;CVE-2022-25315
ICS-0026_schneider_scadapack-rtu-474i_SBOM.json,ICS-0026,pkg:oss:open62541,open62541 OPC UA Stack,1.3.6,CVE-2023-31048
ICS-0026_schneider_scadapack-rtu-474i_SBOM.json,ICS-0026,pkg:oss:sqlite,SQLite,3.41.2,CVE-2023-7104
ICS-0026_schneider_scadapack-rtu-474i_SBOM.json,ICS-0026,pkg:oss:ipnet,Interpeak IPnet TCP/IP Stack,6.9,CVE-2019-12255;CVE-2019-12256;CVE-2019-12257;CVE-2019-12260
ICS-0027_ge_d20-mx-substation-controller-d20mx_SBOM.json,ICS-0027,pkg:oss:sqlite,SQLite,3.22.0,CVE-2018-8740;CVE-2019-8457;CVE-2020-11655
ICS-0027_ge_d20-mx-substation-controller-d20mx_SBOM.json,ICS-0027,pkg:oss:libpcap,libpcap,1.8.1,CVE-2018-16301;CVE-2019-15165
ICS-0027_ge_d20-mx-substation-controller-d20mx_SBOM.json,ICS-0027,pkg:oss:expat,Expat,2.4.1,CVE-2022-25236;CVE-2022-25315
ICS-0027_ge_d20-mx-substation-controller-d20mx_SBOM.json,ICS-0027,pkg:oss:openssh,OpenSSH,9.3p1,CVE-2023-38408;CVE-2023-48795;CVE-2024-6387
ICS-0028_siemens_sicam-a8000-rtu-cp-8050_SBOM.json,ICS-0028,pkg:oss:dnsmasq,dnsmasq,2.82,CVE-2020-25681;CVE-2020-25684;CVE-2021-3448
ICS-0028_siemens_sicam-a8000-rtu-cp-8050_SBOM.json,ICS-0028,pkg:oss:net-snmp,Net-SNMP,5.9.1,CVE-2022-24805;CVE-2022-24809
ICS-0028_siemens_sicam-a8000-rtu-cp-8050_SBOM.json,ICS-0028,pkg:oss:musl,musl libc,1.1.24,CVE-2020-28928
ICS-0028_siemens_sicam-a8000-rtu-cp-8050_SBOM.json,ICS-0028,pkg:oss:openssl,OpenSSL,1.1.1n,CVE-2022-1292;CVE-2022-2068;CVE-2022-4304
ICS-0028_siemens_sicam-a8000-rtu-cp-8050_SBOM.json,ICS-0028,pkg:oss:libpcap,libpcap,1.8.1,CVE-2018-16301;CVE-2019-15165
ICS-0029_hitachi-energy_rtu500-series-560cmu80_SBOM.json,ICS-0029,pkg:oss:ntp,NTP Daemon,4.2.8p13,CVE-2019-8936;CVE-2020-11868
ICS-0029_hitachi-energy_rtu500-series-560cmu80_SBOM.json,ICS-0029,pkg:oss:lwip,lwIP,1.4.1,CVE-2014-1912;CVE-2020-22283;CVE-2020-22284
ICS-0029_hitachi-energy_rtu500-series-560cmu80_SBOM.json,ICS-0029,pkg:oss:openssl,OpenSSL,1.1.1k,CVE-2021-3711;CVE-2021-3712;CVE-2022-0778
ICS-0029_hitachi-energy_rtu500-series-560cmu80_SBOM.json,ICS-0029,pkg:oss:zlib,zlib,1.2.8,CVE-2016-9840;CVE-2016-9841;CVE-2018-25032
ICS-0029_hitachi-energy_rtu500-series-560cmu80_SBOM.json,ICS-0029,pkg:oss:wolfssl,wolfSSL,4.5.0,CVE-2021-3336;CVE-2021-24116
ICS-0029_hitachi-energy_rtu500-series-560cmu80_SBOM.json,ICS-0029,pkg:oss:mbedtls,Mbed TLS,2.28.0,CVE-2022-35409;CVE-2023-43615
ICS-0029_hitachi-energy_rtu500-series-560cmu80_SBOM.json,ICS-0029,pkg:oss:expat,Expat,2.2.0,CVE-2018-20843;CVE-2019-15903
ICS-0029_hitachi-energy_rtu500-series-560cmu80_SBOM.json,ICS-0029,pkg:oss:treck-tcpip,Treck TCP/IP Stack,6.0.1.66,CVE-2020-11896;CVE-2020-11897;CVE-2020-11901
ICS-0030_moxa_iopac-programmable-controller-8600-cpu30_SBOM.json,ICS-0030,pkg:oss:goahead,GoAhead Embedded Web Server,4.1.0,CVE-2021-42342
ICS-0030_moxa_iopac-programmable-controller-8600-cpu30_SBOM.json,ICS-0030,pkg:oss:open62541,open62541 OPC UA Stack,1.3.6,CVE-2023-31048
ICS-0030_moxa_iopac-programmable-controller-8600-cpu30_SBOM.json,ICS-0030,pkg:oss:net-snmp,Net-SNMP,5.9.1,CVE-2022-24805;CVE-2022-24809
ICS-0030_moxa_iopac-programmable-controller-8600-cpu30_SBOM.json,ICS-0030,pkg:oss:expat,Expat,2.2.10,CVE-2022-22822;CVE-2022-23852;CVE-2022-25235
ICS-0030_moxa_iopac-programmable-controller-8600-cpu30_SBOM.json,ICS-0030,pkg:oss:lighttpd,lighttpd,1.4.45,CVE-2018-19052;CVE-2019-11072
ICS-0030_moxa_iopac-programmable-controller-8600-cpu30_SBOM.json,ICS-0030,pkg:oss:libpcap,libpcap,1.9.1,CVE-2019-15165;CVE-2023-7256
ICS-0030_moxa_iopac-programmable-controller-8600-cpu30_SBOM.json,ICS-0030,pkg:oss:libssh2,libssh2,1.9.0,CVE-2019-17498;CVE-2020-22218
ICS-0030_moxa_iopac-programmable-controller-8600-cpu30_SBOM.json,ICS-0030,pkg:oss:zlib,zlib,1.2.8,CVE-2016-9840;CVE-2016-9841;CVE-2018-25032
ICS-0030_moxa_iopac-programmable-controller-8600-cpu30_SBOM.json,ICS-0030,pkg:oss:codesys-rt,CODESYS Control Runtime System,3.5.16.0,CVE-2021-30186;CVE-2021-30188;CVE-2021-30189
ICS-0031_red-lion_data-station-plus-rtu-dspsx000_SBOM.json,ICS-0031,pkg:oss:glibc,GNU C Library,2.35,CVE-2023-4911;CVE-2024-2961
ICS-0031_red-lion_data-station-plus-rtu-dspsx000_SBOM.json,ICS-0031,pkg:oss:libxml2,libxml2,2.9.4,CVE-2016-9318;CVE-2017-5969;CVE-2018-14567
ICS-0031_red-lion_data-station-plus-rtu-dspsx000_SBOM.json,ICS-0031,pkg:oss:busybox,BusyBox,1.30.1,CVE-2021-42374;CVE-2021-42378;CVE-2021-42386
ICS-0031_red-lion_data-station-plus-rtu-dspsx000_SBOM.json,ICS-0031,pkg:oss:openssl,OpenSSL,1.1.1n,CVE-2022-1292;CVE-2022-2068;CVE-2022-4304
ICS-0031_red-lion_data-station-plus-rtu-dspsx000_SBOM.json,ICS-0031,pkg:oss:libcurl,libcurl,7.64.0,CVE-2019-5481;CVE-2019-5482;CVE-2020-8177
ICS-0031_red-lion_data-station-plus-rtu-dspsx000_SBOM.json,ICS-0031,pkg:oss:linux-kernel,Linux Kernel,4.9.337,CVE-2019-11477;CVE-2021-33909;CVE-2022-0847
ICS-0031_red-lion_data-station-plus-rtu-dspsx000_SBOM.json,ICS-0031,pkg:oss:musl,musl libc,1.2.2,CVE-2020-28928
ICS-0031_red-lion_data-station-plus-rtu-dspsx000_SBOM.json,ICS-0031,pkg:oss:lighttpd,lighttpd,1.4.55,CVE-2022-22707;CVE-2023-44487
ICS-0031_red-lion_data-station-plus-rtu-dspsx000_SBOM.json,ICS-0031,pkg:oss:openvpn,OpenVPN,2.5.5,CVE-2022-0547;CVE-2023-46849;CVE-2023-46850
ICS-0031_red-lion_data-station-plus-rtu-dspsx000_SBOM.json,ICS-0031,pkg:oss:ntp,NTP Daemon,4.2.8p10,CVE-2018-7182;CVE-2018-7183;CVE-2018-7184
ICS-0032_sel_sel-451-protection-system-451-5_SBOM.json,ICS-0032,pkg:oss:zlib,zlib,1.2.8,CVE-2016-9840;CVE-2016-9841;CVE-2018-25032
ICS-0032_sel_sel-451-protection-system-451-5_SBOM.json,ICS-0032,pkg:oss:treck-tcpip,Treck TCP/IP Stack,6.0.1.67,CVE-2020-11898;CVE-2020-11900
ICS-0032_sel_sel-451-protection-system-451-5_SBOM.json,ICS-0032,pkg:oss:wolfssl,wolfSSL,5.5.0,CVE-2022-42905;CVE-2023-3724
ICS-0032_sel_sel-451-protection-system-451-5_SBOM.json,ICS-0032,pkg:oss:libmodbus,libmodbus,3.1.4,CVE-2019-14462;CVE-2019-14463
ICS-0032_sel_sel-451-protection-system-451-5_SBOM.json,ICS-0032,pkg:oss:lwip,lwIP,2.1.3,CVE-2023-5188
ICS-0032_sel_sel-451-protection-system-451-5_SBOM.json,ICS-0032,pkg:oss:ntp,NTP Daemon,4.2.8p10,CVE-2018-7182;CVE-2018-7183;CVE-2018-7184
ICS-0033_sel_sel-3530-rtac-3530_SBOM.json,ICS-0033,pkg:oss:busybox,BusyBox,1.31.1,CVE-2021-42375;CVE-2021-42376;CVE-2022-28391
ICS-0033_sel_sel-3530-rtac-3530_SBOM.json,ICS-0033,pkg:oss:dnsmasq,dnsmasq,2.86,CVE-2022-0934;CVE-2023-28450
ICS-0033_sel_sel-3530-rtac-3530_SBOM.json,ICS-0033,pkg:oss:linux-kernel,Linux Kernel,4.19.325,CVE-2022-0847;CVE-2023-32233
ICS-0033_sel_sel-3530-rtac-3530_SBOM.json,ICS-0033,pkg:oss:libpcap,libpcap,1.8.1,CVE-2018-16301;CVE-2019-15165
ICS-0033_sel_sel-3530-rtac-3530_SBOM.json,ICS-0033,pkg:oss:ntp,NTP Daemon,4.2.8p13,CVE-2019-8936;CVE-2020-11868
ICS-0033_sel_sel-3530-rtac-3530_SBOM.json,ICS-0033,pkg:oss:zlib,zlib,1.2.11,CVE-2018-25032;CVE-2022-37434
ICS-0034_hitachi-energy_ref615-feeder-protection-relay-ref615_SBOM.json,ICS-0034,pkg:oss:lwip,lwIP,1.4.1,CVE-2014-1912;CVE-2020-22283;CVE-2020-22284
ICS-0034_hitachi-energy_ref615-feeder-protection-relay-ref615_SBOM.json,ICS-0034,pkg:oss:wolfssl,wolfSSL,5.5.0,CVE-2022-42905;CVE-2023-3724
ICS-0034_hitachi-energy_ref615-feeder-protection-relay-ref615_SBOM.json,ICS-0034,pkg:oss:expat,Expat,2.2.10,CVE-2022-22822;CVE-2022-23852;CVE-2022-25235
ICS-0034_hitachi-energy_ref615-feeder-protection-relay-ref615_SBOM.json,ICS-0034,pkg:oss:openssl,OpenSSL,1.0.2k,CVE-2017-3731;CVE-2017-3732;CVE-2016-7055
ICS-0034_hitachi-energy_ref615-feeder-protection-relay-ref615_SBOM.json,ICS-0034,pkg:oss:treck-tcpip,Treck TCP/IP Stack,6.0.1.66,CVE-2020-11896;CVE-2020-11897;CVE-2020-11901
ICS-0035_siemens_siprotec-5-protection-relay-7sj85_SBOM.json,ICS-0035,pkg:oss:zlib,zlib,1.2.8,CVE-2016-9840;CVE-2016-9841;CVE-2018-25032
ICS-0035_siemens_siprotec-5-protection-relay-7sj85_SBOM.json,ICS-0035,pkg:oss:treck-tcpip,Treck TCP/IP Stack,6.0.1.67,CVE-2020-11898;CVE-2020-11900
ICS-0035_siemens_siprotec-5-protection-relay-7sj85_SBOM.json,ICS-0035,pkg:oss:wolfssl,wolfSSL,4.5.0,CVE-2021-3336;CVE-2021-24116
ICS-0035_siemens_siprotec-5-protection-relay-7sj85_SBOM.json,ICS-0035,pkg:oss:mbedtls,Mbed TLS,2.28.0,CVE-2022-35409;CVE-2023-43615
ICS-0035_siemens_siprotec-5-protection-relay-7sj85_SBOM.json,ICS-0035,pkg:oss:expat,Expat,2.5.0,CVE-2023-52425
ICS-0036_ge_multilin-ur-relay-b30_SBOM.json,ICS-0036,pkg:oss:mbedtls,Mbed TLS,2.16.3,CVE-2020-10932;CVE-2020-16150;CVE-2021-24119
ICS-0036_ge_multilin-ur-relay-b30_SBOM.json,ICS-0036,pkg:oss:zlib,zlib,1.2.11,CVE-2018-25032;CVE-2022-37434
ICS-0036_ge_multilin-ur-relay-b30_SBOM.json,ICS-0036,pkg:oss:treck-tcpip,Treck TCP/IP Stack,6.0.1.66,CVE-2020-11896;CVE-2020-11897;CVE-2020-11901
ICS-0036_ge_multilin-ur-relay-b30_SBOM.json,ICS-0036,pkg:oss:lwip,lwIP,2.1.2,CVE-2020-22283;CVE-2020-22285;CVE-2020-22286
ICS-0036_ge_multilin-ur-relay-b30_SBOM.json,ICS-0036,pkg:oss:expat,Expat,2.2.0,CVE-2018-20843;CVE-2019-15903
ICS-0037_schneider_easergy-p3-protection-relay-p3u30_SBOM.json,ICS-0037,pkg:oss:libmodbus,libmodbus,3.1.4,CVE-2019-14462;CVE-2019-14463
ICS-0037_schneider_easergy-p3-protection-relay-p3u30_SBOM.json,ICS-0037,pkg:oss:treck-tcpip,Treck TCP/IP Stack,6.0.1.66,CVE-2020-11896;CVE-2020-11897;CVE-2020-11901
ICS-0038_nari_pcs-9611-feeder-protection-pcs-9611_SBOM.json,ICS-0038,pkg:oss:openssl,OpenSSL,1.0.2u,CVE-2021-23840;CVE-2021-3712
ICS-0038_nari_pcs-9611-feeder-protection-pcs-9611_SBOM.json,ICS-0038,pkg:oss:zlib,zlib,1.2.11,CVE-2018-25032;CVE-2022-37434
ICS-0038_nari_pcs-9611-feeder-protection-pcs-9611_SBOM.json,ICS-0038,pkg:oss:ntp,NTP Daemon,4.2.8p10,CVE-2018-7182;CVE-2018-7183;CVE-2018-7184
ICS-0038_nari_pcs-9611-feeder-protection-pcs-9611_SBOM.json,ICS-0038,pkg:oss:wolfssl,wolfSSL,4.5.0,CVE-2021-3336;CVE-2021-24116
ICS-0038_nari_pcs-9611-feeder-protection-pcs-9611_SBOM.json,ICS-0038,pkg:oss:mbedtls,Mbed TLS,3.4.0,CVE-2023-43615
ICS-0039_hd-hyundai_higen-protection-relay-hgr-100_SBOM.json,ICS-0039,pkg:oss:lwip,lwIP,2.1.3,CVE-2023-5188
ICS-0039_hd-hyundai_higen-protection-relay-hgr-100_SBOM.json,ICS-0039,pkg:oss:mbedtls,Mbed TLS,2.28.0,CVE-2022-35409;CVE-2023-43615
ICS-0039_hd-hyundai_higen-protection-relay-hgr-100_SBOM.json,ICS-0039,pkg:oss:openssl,OpenSSL,1.0.2u,CVE-2021-23840;CVE-2021-3712
ICS-0040_siemens_simatic-hmi-comfort-panel-tp1200_SBOM.json,ICS-0040,pkg:oss:sqlserver-express,Microsoft SQL Server Express,2017 CU31,CVE-2022-29143;CVE-2023-21528
ICS-0040_siemens_simatic-hmi-comfort-panel-tp1200_SBOM.json,ICS-0040,pkg:oss:expat,Expat,2.2.10,CVE-2022-22822;CVE-2022-23852;CVE-2022-25235
ICS-0041_rockwell_panelview-plus-terminal-7-standard-1000_SBOM.json,ICS-0041,pkg:oss:sqlite,SQLite,3.31.1,CVE-2020-13434;CVE-2020-13630;CVE-2021-20227
ICS-0041_rockwell_panelview-plus-terminal-7-standard-1000_SBOM.json,ICS-0041,pkg:oss:dotnet,Microsoft .NET Framework,4.6.2,CVE-2018-8421;CVE-2019-0545;CVE-2020-1147
ICS-0041_rockwell_panelview-plus-terminal-7-standard-1000_SBOM.json,ICS-0041,pkg:oss:libxml2,libxml2,2.10.4,CVE-2023-45322
ICS-0041_rockwell_panelview-plus-terminal-7-standard-1000_SBOM.json,ICS-0041,pkg:oss:expat,Expat,2.5.0,CVE-2023-52425
ICS-0042_schneider_magelis-gtu-hmi-hmigtu655_SBOM.json,ICS-0042,pkg:oss:dnsmasq,dnsmasq,2.86,CVE-2022-0934;CVE-2023-28450
ICS-0042_schneider_magelis-gtu-hmi-hmigtu655_SBOM.json,ICS-0042,pkg:oss:libcurl,libcurl,8.4.0,CVE-2023-46218;CVE-2024-2379
ICS-0042_schneider_magelis-gtu-hmi-hmigtu655_SBOM.json,ICS-0042,pkg:oss:ntp,NTP Daemon,4.2.8p15,CVE-2023-26551
ICS-0042_schneider_magelis-gtu-hmi-hmigtu655_SBOM.json,ICS-0042,pkg:oss:mosquitto,Eclipse Mosquitto,1.5.8,CVE-2019-11779;CVE-2021-28166
ICS-0042_schneider_magelis-gtu-hmi-hmigtu655_SBOM.json,ICS-0042,pkg:oss:musl,musl libc,1.1.24,CVE-2020-28928
ICS-0042_schneider_magelis-gtu-hmi-hmigtu655_SBOM.json,ICS-0042,pkg:oss:openssh,OpenSSH,9.3p1,CVE-2023-38408;CVE-2023-48795;CVE-2024-6387
ICS-0042_schneider_magelis-gtu-hmi-hmigtu655_SBOM.json,ICS-0042,pkg:oss:busybox,BusyBox,1.33.1,CVE-2021-42379;CVE-2021-42380;CVE-2022-28391
ICS-0042_schneider_magelis-gtu-hmi-hmigtu655_SBOM.json,ICS-0042,pkg:oss:open62541,open62541 OPC UA Stack,1.2.2,CVE-2021-40206;CVE-2022-25761
ICS-0043_mitsubishi_got2000-graphic-terminal-gt2712-stba_SBOM.json,ICS-0043,pkg:oss:mbedtls,Mbed TLS,2.28.0,CVE-2022-35409;CVE-2023-43615
ICS-0043_mitsubishi_got2000-graphic-terminal-gt2712-stba_SBOM.json,ICS-0043,pkg:oss:ntp,NTP Daemon,4.2.8p15,CVE-2023-26551
ICS-0043_mitsubishi_got2000-graphic-terminal-gt2712-stba_SBOM.json,ICS-0043,pkg:oss:lwip,lwIP,2.1.3,CVE-2023-5188
ICS-0043_mitsubishi_got2000-graphic-terminal-gt2712-stba_SBOM.json,ICS-0043,pkg:oss:expat,Expat,2.4.1,CVE-2022-25236;CVE-2022-25315
ICS-0044_advantech_webop-operator-panel-wop-2100t_SBOM.json,ICS-0044,pkg:oss:musl,musl libc,1.1.24,CVE-2020-28928
ICS-0044_advantech_webop-operator-panel-wop-2100t_SBOM.json,ICS-0044,pkg:oss:zlib,zlib,1.2.8,CVE-2016-9840;CVE-2016-9841;CVE-2018-25032
ICS-0044_advantech_webop-operator-panel-wop-2100t_SBOM.json,ICS-0044,pkg:oss:libmodbus,libmodbus,3.0.6,CVE-2019-14462;CVE-2019-14463
ICS-0044_advantech_webop-operator-panel-wop-2100t_SBOM.json,ICS-0044,pkg:oss:dropbear,Dropbear SSH,2020.81,CVE-2021-36369
ICS-0044_advantech_webop-operator-panel-wop-2100t_SBOM.json,ICS-0044,pkg:oss:open62541,open62541 OPC UA Stack,1.3.6,CVE-2023-31048
ICS-0044_advantech_webop-operator-panel-wop-2100t_SBOM.json,ICS-0044,pkg:oss:goahead,GoAhead Embedded Web Server,3.6.5,CVE-2017-17562;CVE-2019-5096;CVE-2019-5097
ICS-0045_delta_dop-100-hmi-dop-107bv_SBOM.json,ICS-0045,pkg:oss:wolfssl,wolfSSL,5.5.0,CVE-2022-42905;CVE-2023-3724
ICS-0045_delta_dop-100-hmi-dop-107bv_SBOM.json,ICS-0045,pkg:oss:treck-tcpip,Treck TCP/IP Stack,6.0.1.67,CVE-2020-11898;CVE-2020-11900
ICS-0046_omron_na-series-hmi-na5-12w_SBOM.json,ICS-0046,pkg:oss:sqlserver-express,Microsoft SQL Server Express,2016 SP2,CVE-2019-1068;CVE-2020-0618
ICS-0046_omron_na-series-hmi-na5-12w_SBOM.json,ICS-0046,pkg:oss:zlib,zlib,1.2.8,CVE-2016-9840;CVE-2016-9841;CVE-2018-25032
ICS-0046_omron_na-series-hmi-na5-12w_SBOM.json,ICS-0046,pkg:oss:openssl,OpenSSL,1.0.2u,CVE-2021-23840;CVE-2021-3712
ICS-0046_omron_na-series-hmi-na5-12w_SBOM.json,ICS-0046,pkg:oss:sqlite,SQLite,3.31.1,CVE-2020-13434;CVE-2020-13630;CVE-2021-20227
ICS-0046_omron_na-series-hmi-na5-12w_SBOM.json,ICS-0046,pkg:oss:dotnet,Microsoft .NET Framework,4.8,CVE-2021-26701;CVE-2023-21808
ICS-0047_pilz_pmi-operator-terminal-pmi-6-primo_SBOM.json,ICS-0047,pkg:oss:busybox,BusyBox,1.33.1,CVE-2021-42379;CVE-2021-42380;CVE-2022-28391
ICS-0048_aveva_aveva-plant-scada-2020-r2_SBOM.json,ICS-0048,pkg:oss:expat,Expat,2.5.0,CVE-2023-52425
ICS-0048_aveva_aveva-plant-scada-2020-r2_SBOM.json,ICS-0048,pkg:oss:libxml2,libxml2,2.10.4,CVE-2023-45322
ICS-0048_aveva_aveva-plant-scada-2020-r2_SBOM.json,ICS-0048,pkg:oss:sqlite,SQLite,3.31.1,CVE-2020-13434;CVE-2020-13630;CVE-2021-20227
ICS-0048_aveva_aveva-plant-scada-2020-r2_SBOM.json,ICS-0048,pkg:oss:openssl,OpenSSL,3.0.7,CVE-2023-0286;CVE-2023-0215;CVE-2022-4304
ICS-0049_inductive_ignition-scada-platform-8-1_SBOM.json,ICS-0049,pkg:oss:jackson,Jackson Databind,2.9.10,CVE-2019-20330;CVE-2020-8840;CVE-2020-36518
ICS-0049_inductive_ignition-scada-platform-8-1_SBOM.json,ICS-0049,pkg:oss:openjdk,OpenJDK Runtime,8u202,CVE-2019-2602;CVE-2019-2699;CVE-2020-2803
ICS-0050_copadata_zenon-supervisor-10_SBOM.json,ICS-0050,pkg:oss:expat,Expat,2.2.0,CVE-2018-20843;CVE-2019-15903
ICS-0050_copadata_zenon-supervisor-10_SBOM.json,ICS-0050,pkg:oss:zlib,zlib,1.2.11,CVE-2018-25032;CVE-2022-37434
ICS-0050_copadata_zenon-supervisor-10_SBOM.json,ICS-0050,pkg:oss:sqlserver-express,Microsoft SQL Server Express,2016 SP2,CVE-2019-1068;CVE-2020-0618
ICS-0050_copadata_zenon-supervisor-10_SBOM.json,ICS-0050,pkg:oss:sqlite,SQLite,3.31.1,CVE-2020-13434;CVE-2020-13630;CVE-2021-20227
ICS-0050_copadata_zenon-supervisor-10_SBOM.json,ICS-0050,pkg:oss:libcurl,libcurl,8.4.0,CVE-2023-46218;CVE-2024-2379
ICS-0050_copadata_zenon-supervisor-10_SBOM.json,ICS-0050,pkg:oss:libxml2,libxml2,2.10.4,CVE-2023-45322
ICS-0050_copadata_zenon-supervisor-10_SBOM.json,ICS-0050,pkg:oss:dotnet,Microsoft .NET Framework,4.8,CVE-2021-26701;CVE-2023-21808
ICS-0051_siemens_simatic-wincc-v7-5_SBOM.json,ICS-0051,pkg:oss:libcurl,libcurl,7.64.0,CVE-2019-5481;CVE-2019-5482;CVE-2020-8177
ICS-0051_siemens_simatic-wincc-v7-5_SBOM.json,ICS-0051,pkg:oss:zlib,zlib,1.2.11,CVE-2018-25032;CVE-2022-37434
ICS-0051_siemens_simatic-wincc-v7-5_SBOM.json,ICS-0051,pkg:oss:expat,Expat,2.2.10,CVE-2022-22822;CVE-2022-23852;CVE-2022-25235
ICS-0052_ge_cimplicity-hmi-scada-11-1_SBOM.json,ICS-0052,pkg:oss:zlib,zlib,1.2.11,CVE-2018-25032;CVE-2022-37434
ICS-0052_ge_cimplicity-hmi-scada-11-1_SBOM.json,ICS-0052,pkg:oss:dotnet,Microsoft .NET Framework,4.7.2,CVE-2020-1147;CVE-2021-24112;CVE-2021-26701
ICS-0052_ge_cimplicity-hmi-scada-11-1_SBOM.json,ICS-0052,pkg:oss:sqlserver-express,Microsoft SQL Server Express,2017 CU31,CVE-2022-29143;CVE-2023-21528
ICS-0053_schneider_ecostruxure-geo-scada-expert-2021_SBOM.json,ICS-0053,pkg:oss:libcurl,libcurl,8.0.1,CVE-2023-27533;CVE-2023-27536;CVE-2023-38545
ICS-0053_schneider_ecostruxure-geo-scada-expert-2021_SBOM.json,ICS-0053,pkg:oss:libxml2,libxml2,2.9.14,CVE-2022-40303;CVE-2022-40304;CVE-2023-28484
ICS-0053_schneider_ecostruxure-geo-scada-expert-2021_SBOM.json,ICS-0053,pkg:oss:zlib,zlib,1.2.12,CVE-2022-37434
ICS-0053_schneider_ecostruxure-geo-scada-expert-2021_SBOM.json,ICS-0053,pkg:oss:sqlite,SQLite,3.41.2,CVE-2023-7104
ICS-0053_schneider_ecostruxure-geo-scada-expert-2021_SBOM.json,ICS-0053,pkg:oss:dotnet,Microsoft .NET Framework,4.6.2,CVE-2018-8421;CVE-2019-0545;CVE-2020-1147
ICS-0054_rockwell_factorytalk-view-se-12-00_SBOM.json,ICS-0054,pkg:oss:libxml2,libxml2,2.10.4,CVE-2023-45322
ICS-0054_rockwell_factorytalk-view-se-12-00_SBOM.json,ICS-0054,pkg:oss:sqlite,SQLite,3.22.0,CVE-2018-8740;CVE-2019-8457;CVE-2020-11655
ICS-0054_rockwell_factorytalk-view-se-12-00_SBOM.json,ICS-0054,pkg:oss:zlib,zlib,1.2.11,CVE-2018-25032;CVE-2022-37434
ICS-0054_rockwell_factorytalk-view-se-12-00_SBOM.json,ICS-0054,pkg:oss:openssl,OpenSSL,1.0.2u,CVE-2021-23840;CVE-2021-3712
ICS-0054_rockwell_factorytalk-view-se-12-00_SBOM.json,ICS-0054,pkg:oss:expat,Expat,2.4.1,CVE-2022-25236;CVE-2022-25315
ICS-0054_rockwell_factorytalk-view-se-12-00_SBOM.json,ICS-0054,pkg:oss:dotnet,Microsoft .NET Framework,4.8,CVE-2021-26701;CVE-2023-21808
ICS-0054_rockwell_factorytalk-view-se-12-00_SBOM.json,ICS-0054,pkg:oss:libcurl,libcurl,7.64.0,CVE-2019-5481;CVE-2019-5482;CVE-2020-8177
ICS-0054_rockwell_factorytalk-view-se-12-00_SBOM.json,ICS-0054,pkg:oss:sqlserver-express,Microsoft SQL Server Express,2017 CU31,CVE-2022-29143;CVE-2023-21528
ICS-0055_aveva_aveva-historian-2020-r2_SBOM.json,ICS-0055,pkg:oss:sqlserver-express,Microsoft SQL Server Express,2016 SP2,CVE-2019-1068;CVE-2020-0618
ICS-0055_aveva_aveva-historian-2020-r2_SBOM.json,ICS-0055,pkg:oss:expat,Expat,2.2.10,CVE-2022-22822;CVE-2022-23852;CVE-2022-25235
ICS-0055_aveva_aveva-historian-2020-r2_SBOM.json,ICS-0055,pkg:oss:libxml2,libxml2,2.9.4,CVE-2016-9318;CVE-2017-5969;CVE-2018-14567
ICS-0055_aveva_aveva-historian-2020-r2_SBOM.json,ICS-0055,pkg:oss:sqlite,SQLite,3.41.2,CVE-2023-7104
ICS-0055_aveva_aveva-historian-2020-r2_SBOM.json,ICS-0055,pkg:oss:openssl,OpenSSL,1.0.2u,CVE-2021-23840;CVE-2021-3712
ICS-0056_ge_proficy-historian-2022_SBOM.json,ICS-0056,pkg:oss:dotnet,Microsoft .NET Framework,4.7.2,CVE-2020-1147;CVE-2021-24112;CVE-2021-26701
ICS-0056_ge_proficy-historian-2022_SBOM.json,ICS-0056,pkg:oss:openssl,OpenSSL,1.1.1k,CVE-2021-3711;CVE-2021-3712;CVE-2022-0778
ICS-0056_ge_proficy-historian-2022_SBOM.json,ICS-0056,pkg:oss:libcurl,libcurl,8.0.1,CVE-2023-27533;CVE-2023-27536;CVE-2023-38545
ICS-0056_ge_proficy-historian-2022_SBOM.json,ICS-0056,pkg:oss:expat,Expat,2.4.1,CVE-2022-25236;CVE-2022-25315
ICS-0056_ge_proficy-historian-2022_SBOM.json,ICS-0056,pkg:oss:sqlserver-express,Microsoft SQL Server Express,2019 CU22,CVE-2023-21528
ICS-0056_ge_proficy-historian-2022_SBOM.json,ICS-0056,pkg:oss:libxml2,libxml2,2.9.14,CVE-2022-40303;CVE-2022-40304;CVE-2023-28484
ICS-0057_honeywell_uniformance-phd-historian-r500_SBOM.json,ICS-0057,pkg:oss:openssl,OpenSSL,1.0.2k,CVE-2017-3731;CVE-2017-3732;CVE-2016-7055
ICS-0057_honeywell_uniformance-phd-historian-r500_SBOM.json,ICS-0057,pkg:oss:libxml2,libxml2,2.10.4,CVE-2023-45322
ICS-0057_honeywell_uniformance-phd-historian-r500_SBOM.json,ICS-0057,pkg:oss:expat,Expat,2.4.1,CVE-2022-25236;CVE-2022-25315
ICS-0057_honeywell_uniformance-phd-historian-r500_SBOM.json,ICS-0057,pkg:oss:libcurl,libcurl,7.29.0,CVE-2016-8615;CVE-2018-1000120;CVE-2019-5482
ICS-0058_emerson_deltav-continuous-historian-14-3_SBOM.json,ICS-0058,pkg:oss:libcurl,libcurl,7.29.0,CVE-2016-8615;CVE-2018-1000120;CVE-2019-5482
ICS-0058_emerson_deltav-continuous-historian-14-3_SBOM.json,ICS-0058,pkg:oss:sqlite,SQLite,3.39.4,CVE-2022-46908;CVE-2023-7104
ICS-0058_emerson_deltav-continuous-historian-14-3_SBOM.json,ICS-0058,pkg:oss:zlib,zlib,1.2.12,CVE-2022-37434
ICS-0058_emerson_deltav-continuous-historian-14-3_SBOM.json,ICS-0058,pkg:oss:dotnet,Microsoft .NET Framework,4.7.2,CVE-2020-1147;CVE-2021-24112;CVE-2021-26701
ICS-0058_emerson_deltav-continuous-historian-14-3_SBOM.json,ICS-0058,pkg:oss:openssl,OpenSSL,1.0.2k,CVE-2017-3731;CVE-2017-3732;CVE-2016-7055
ICS-0059_yokogawa_exaquantum-plant-information-system-r3-20_SBOM.json,ICS-0059,pkg:oss:libxml2,libxml2,2.9.10,CVE-2021-3517;CVE-2021-3518;CVE-2022-29824
ICS-0059_yokogawa_exaquantum-plant-information-system-r3-20_SBOM.json,ICS-0059,pkg:oss:sqlite,SQLite,3.31.1,CVE-2020-13434;CVE-2020-13630;CVE-2021-20227
ICS-0059_yokogawa_exaquantum-plant-information-system-r3-20_SBOM.json,ICS-0059,pkg:oss:expat,Expat,2.2.0,CVE-2018-20843;CVE-2019-15903
ICS-0059_yokogawa_exaquantum-plant-information-system-r3-20_SBOM.json,ICS-0059,pkg:oss:sqlserver-express,Microsoft SQL Server Express,2016 SP2,CVE-2019-1068;CVE-2020-0618
ICS-0060_siemens_tia-portal-engineering-suite-v17_SBOM.json,ICS-0060,pkg:oss:expat,Expat,2.4.1,CVE-2022-25236;CVE-2022-25315
ICS-0060_siemens_tia-portal-engineering-suite-v17_SBOM.json,ICS-0060,pkg:oss:libxml2,libxml2,2.9.10,CVE-2021-3517;CVE-2021-3518;CVE-2022-29824
ICS-0060_siemens_tia-portal-engineering-suite-v17_SBOM.json,ICS-0060,pkg:oss:sqlserver-express,Microsoft SQL Server Express,2017 CU31,CVE-2022-29143;CVE-2023-21528
ICS-0060_siemens_tia-portal-engineering-suite-v17_SBOM.json,ICS-0060,pkg:oss:sqlite,SQLite,3.41.2,CVE-2023-7104
ICS-0060_siemens_tia-portal-engineering-suite-v17_SBOM.json,ICS-0060,pkg:oss:openssl,OpenSSL,1.1.1k,CVE-2021-3711;CVE-2021-3712;CVE-2022-0778
ICS-0060_siemens_tia-portal-engineering-suite-v17_SBOM.json,ICS-0060,pkg:oss:dotnet,Microsoft .NET Framework,4.7.2,CVE-2020-1147;CVE-2021-24112;CVE-2021-26701
ICS-0061_rockwell_studio-5000-logix-designer-32-00_SBOM.json,ICS-0061,pkg:oss:dotnet,Microsoft .NET Framework,4.8,CVE-2021-26701;CVE-2023-21808
ICS-0061_rockwell_studio-5000-logix-designer-32-00_SBOM.json,ICS-0061,pkg:oss:expat,Expat,2.2.10,CVE-2022-22822;CVE-2022-23852;CVE-2022-25235
ICS-0061_rockwell_studio-5000-logix-designer-32-00_SBOM.json,ICS-0061,pkg:oss:openssl,OpenSSL,1.1.1n,CVE-2022-1292;CVE-2022-2068;CVE-2022-4304
ICS-0061_rockwell_studio-5000-logix-designer-32-00_SBOM.json,ICS-0061,pkg:oss:libxml2,libxml2,2.9.14,CVE-2022-40303;CVE-2022-40304;CVE-2023-28484
ICS-0062_schneider_ecostruxure-control-expert-v15-1_SBOM.json,ICS-0062,pkg:oss:libcurl,libcurl,8.4.0,CVE-2023-46218;CVE-2024-2379
ICS-0062_schneider_ecostruxure-control-expert-v15-1_SBOM.json,ICS-0062,pkg:oss:expat,Expat,2.2.10,CVE-2022-22822;CVE-2022-23852;CVE-2022-25235
ICS-0062_schneider_ecostruxure-control-expert-v15-1_SBOM.json,ICS-0062,pkg:oss:dotnet,Microsoft .NET Framework,4.6.2,CVE-2018-8421;CVE-2019-0545;CVE-2020-1147
ICS-0062_schneider_ecostruxure-control-expert-v15-1_SBOM.json,ICS-0062,pkg:oss:zlib,zlib,1.2.8,CVE-2016-9840;CVE-2016-9841;CVE-2018-25032
ICS-0062_schneider_ecostruxure-control-expert-v15-1_SBOM.json,ICS-0062,pkg:oss:sqlserver-express,Microsoft SQL Server Express,2019 CU22,CVE-2023-21528
ICS-0062_schneider_ecostruxure-control-expert-v15-1_SBOM.json,ICS-0062,pkg:oss:libxml2,libxml2,2.9.4,CVE-2016-9318;CVE-2017-5969;CVE-2018-14567
ICS-0062_schneider_ecostruxure-control-expert-v15-1_SBOM.json,ICS-0062,pkg:oss:codesys-rt,CODESYS Control Runtime System,3.5.19.20,CVE-2023-3663;CVE-2023-3665
ICS-0063_mitsubishi_gx-works3-engineering-tool-1-080j_SBOM.json,ICS-0063,pkg:oss:zlib,zlib,1.2.11,CVE-2018-25032;CVE-2022-37434
ICS-0063_mitsubishi_gx-works3-engineering-tool-1-080j_SBOM.json,ICS-0063,pkg:oss:openssl,OpenSSL,1.1.1k,CVE-2021-3711;CVE-2021-3712;CVE-2022-0778
ICS-0063_mitsubishi_gx-works3-engineering-tool-1-080j_SBOM.json,ICS-0063,pkg:oss:dotnet,Microsoft .NET Framework,4.8,CVE-2021-26701;CVE-2023-21808
ICS-0063_mitsubishi_gx-works3-engineering-tool-1-080j_SBOM.json,ICS-0063,pkg:oss:libxml2,libxml2,2.9.4,CVE-2016-9318;CVE-2017-5969;CVE-2018-14567
ICS-0064_codesys_codesys-development-system-v3-5-sp17_SBOM.json,ICS-0064,pkg:oss:openssl,OpenSSL,3.0.7,CVE-2023-0286;CVE-2023-0215;CVE-2022-4304
ICS-0064_codesys_codesys-development-system-v3-5-sp17_SBOM.json,ICS-0064,pkg:oss:dotnet,Microsoft .NET Framework,4.8,CVE-2021-26701;CVE-2023-21808
ICS-0064_codesys_codesys-development-system-v3-5-sp17_SBOM.json,ICS-0064,pkg:oss:expat,Expat,2.4.1,CVE-2022-25236;CVE-2022-25315
ICS-0064_codesys_codesys-development-system-v3-5-sp17_SBOM.json,ICS-0064,pkg:oss:libcurl,libcurl,8.0.1,CVE-2023-27533;CVE-2023-27536;CVE-2023-38545
ICS-0064_codesys_codesys-development-system-v3-5-sp17_SBOM.json,ICS-0064,pkg:oss:codesys-rt,CODESYS Control Runtime System,3.5.19.20,CVE-2023-3663;CVE-2023-3665
ICS-0065_abb_automation-builder-2-5_SBOM.json,ICS-0065,pkg:oss:openssl,OpenSSL,1.0.2u,CVE-2021-23840;CVE-2021-3712
ICS-0065_abb_automation-builder-2-5_SBOM.json,ICS-0065,pkg:oss:sqlserver-express,Microsoft SQL Server Express,2017 CU31,CVE-2022-29143;CVE-2023-21528
ICS-0065_abb_automation-builder-2-5_SBOM.json,ICS-0065,pkg:oss:expat,Expat,2.4.1,CVE-2022-25236;CVE-2022-25315
ICS-0065_abb_automation-builder-2-5_SBOM.json,ICS-0065,pkg:oss:codesys-rt,CODESYS Control Runtime System,3.5.18.20,CVE-2023-37559;CVE-2023-37560
ICS-0066_emerson_deltav-md-plus-controller-md-plus_SBOM.json,ICS-0066,pkg:oss:ipnet,Interpeak IPnet TCP/IP Stack,7.0,CVE-2019-12258;CVE-2019-12259;CVE-2019-12262
ICS-0066_emerson_deltav-md-plus-controller-md-plus_SBOM.json,ICS-0066,pkg:oss:open62541,open62541 OPC UA Stack,1.3.6,CVE-2023-31048
ICS-0066_emerson_deltav-md-plus-controller-md-plus_SBOM.json,ICS-0066,pkg:oss:ntp,NTP Daemon,4.2.8p15,CVE-2023-26551
ICS-0066_emerson_deltav-md-plus-controller-md-plus_SBOM.json,ICS-0066,pkg:oss:libcurl,libcurl,7.79.1,CVE-2022-22576;CVE-2022-27774;CVE-2022-32221
ICS-0066_emerson_deltav-md-plus-controller-md-plus_SBOM.json,ICS-0066,pkg:oss:net-snmp,Net-SNMP,5.7.3,CVE-2018-18065;CVE-2019-20892;CVE-2020-15862
ICS-0066_emerson_deltav-md-plus-controller-md-plus_SBOM.json,ICS-0066,pkg:oss:sqlite,SQLite,3.31.1,CVE-2020-13434;CVE-2020-13630;CVE-2021-20227
ICS-0067_honeywell_experion-c300-controller-c300_SBOM.json,ICS-0067,pkg:oss:zlib,zlib,1.2.12,CVE-2022-37434
ICS-0067_honeywell_experion-c300-controller-c300_SBOM.json,ICS-0067,pkg:oss:expat,Expat,2.2.0,CVE-2018-20843;CVE-2019-15903
ICS-0067_honeywell_experion-c300-controller-c300_SBOM.json,ICS-0067,pkg:oss:sqlite,SQLite,3.41.2,CVE-2023-7104
ICS-0067_honeywell_experion-c300-controller-c300_SBOM.json,ICS-0067,pkg:oss:open62541,open62541 OPC UA Stack,1.3.6,CVE-2023-31048
ICS-0068_yokogawa_centum-vp-field-control-station-afv30d_SBOM.json,ICS-0068,pkg:oss:ntp,NTP Daemon,4.2.8p10,CVE-2018-7182;CVE-2018-7183;CVE-2018-7184
ICS-0068_yokogawa_centum-vp-field-control-station-afv30d_SBOM.json,ICS-0068,pkg:oss:treck-tcpip,Treck TCP/IP Stack,6.0.1.66,CVE-2020-11896;CVE-2020-11897;CVE-2020-11901
ICS-0068_yokogawa_centum-vp-field-control-station-afv30d_SBOM.json,ICS-0068,pkg:oss:libmodbus,libmodbus,3.0.6,CVE-2019-14462;CVE-2019-14463
ICS-0068_yokogawa_centum-vp-field-control-station-afv30d_SBOM.json,ICS-0068,pkg:oss:expat,Expat,2.5.0,CVE-2023-52425
ICS-0069_abb_ac-800m-controller-pm866_SBOM.json,ICS-0069,pkg:oss:libxml2,libxml2,2.10.4,CVE-2023-45322
ICS-0069_abb_ac-800m-controller-pm866_SBOM.json,ICS-0069,pkg:oss:libcurl,libcurl,7.79.1,CVE-2022-22576;CVE-2022-27774;CVE-2022-32221
ICS-0069_abb_ac-800m-controller-pm866_SBOM.json,ICS-0069,pkg:oss:net-snmp,Net-SNMP,5.8,CVE-2020-15861;CVE-2020-15862;CVE-2022-24805
ICS-0069_abb_ac-800m-controller-pm866_SBOM.json,ICS-0069,pkg:oss:ntp,NTP Daemon,4.2.8p15,CVE-2023-26551
ICS-0069_abb_ac-800m-controller-pm866_SBOM.json,ICS-0069,pkg:oss:zlib,zlib,1.2.8,CVE-2016-9840;CVE-2016-9841;CVE-2018-25032
ICS-0069_abb_ac-800m-controller-pm866_SBOM.json,ICS-0069,pkg:oss:expat,Expat,2.5.0,CVE-2023-52425
ICS-0070_siemens_simatic-pcs-7-as-controller-as-410-5h_SBOM.json,ICS-0070,pkg:oss:treck-tcpip,Treck TCP/IP Stack,6.0.1.66,CVE-2020-11896;CVE-2020-11897;CVE-2020-11901
ICS-0070_siemens_simatic-pcs-7-as-controller-as-410-5h_SBOM.json,ICS-0070,pkg:oss:openssl,OpenSSL,1.1.1g,CVE-2020-1971;CVE-2021-3450;CVE-2021-3711
ICS-0070_siemens_simatic-pcs-7-as-controller-as-410-5h_SBOM.json,ICS-0070,pkg:oss:mbedtls,Mbed TLS,2.16.3,CVE-2020-10932;CVE-2020-16150;CVE-2021-24119
ICS-0070_siemens_simatic-pcs-7-as-controller-as-410-5h_SBOM.json,ICS-0070,pkg:oss:ntp,NTP Daemon,4.2.8p15,CVE-2023-26551
ICS-0071_hitachi-energy_symphony-plus-hpc800-hpc800_SBOM.json,ICS-0071,pkg:oss:open62541,open62541 OPC UA Stack,1.3.6,CVE-2023-31048
ICS-0071_hitachi-energy_symphony-plus-hpc800-hpc800_SBOM.json,ICS-0071,pkg:oss:expat,Expat,2.4.1,CVE-2022-25236;CVE-2022-25315
ICS-0071_hitachi-energy_symphony-plus-hpc800-hpc800_SBOM.json,ICS-0071,pkg:oss:net-snmp,Net-SNMP,5.8,CVE-2020-15861;CVE-2020-15862;CVE-2022-24805
ICS-0071_hitachi-energy_symphony-plus-hpc800-hpc800_SBOM.json,ICS-0071,pkg:oss:sqlite,SQLite,3.22.0,CVE-2018-8740;CVE-2019-8457;CVE-2020-11655
ICS-0071_hitachi-energy_symphony-plus-hpc800-hpc800_SBOM.json,ICS-0071,pkg:oss:openssl,OpenSSL,1.1.1n,CVE-2022-1292;CVE-2022-2068;CVE-2022-4304
ICS-0071_hitachi-energy_symphony-plus-hpc800-hpc800_SBOM.json,ICS-0071,pkg:oss:libxml2,libxml2,2.9.4,CVE-2016-9318;CVE-2017-5969;CVE-2018-14567
ICS-0071_hitachi-energy_symphony-plus-hpc800-hpc800_SBOM.json,ICS-0071,pkg:oss:zlib,zlib,1.2.8,CVE-2016-9840;CVE-2016-9841;CVE-2018-25032
ICS-0072_schneider_triconex-tricon-cx-controller-tricon-cx_SBOM.json,ICS-0072,pkg:oss:mbedtls,Mbed TLS,3.4.0,CVE-2023-43615
ICS-0072_schneider_triconex-tricon-cx-controller-tricon-cx_SBOM.json,ICS-0072,pkg:oss:expat,Expat,2.2.10,CVE-2022-22822;CVE-2022-23852;CVE-2022-25235
ICS-0072_schneider_triconex-tricon-cx-controller-tricon-cx_SBOM.json,ICS-0072,pkg:oss:libmodbus,libmodbus,3.0.6,CVE-2019-14462;CVE-2019-14463
ICS-0072_schneider_triconex-tricon-cx-controller-tricon-cx_SBOM.json,ICS-0072,pkg:oss:zlib,zlib,1.2.11,CVE-2018-25032;CVE-2022-37434
ICS-0072_schneider_triconex-tricon-cx-controller-tricon-cx_SBOM.json,ICS-0072,pkg:oss:openssl,OpenSSL,1.1.1k,CVE-2021-3711;CVE-2021-3712;CVE-2022-0778
ICS-0072_schneider_triconex-tricon-cx-controller-tricon-cx_SBOM.json,ICS-0072,pkg:oss:ntp,NTP Daemon,4.2.8p15,CVE-2023-26551
ICS-0073_hima_himax-safety-controller-x-cpu-31_SBOM.json,ICS-0073,pkg:oss:wolfssl,wolfSSL,4.5.0,CVE-2021-3336;CVE-2021-24116
ICS-0073_hima_himax-safety-controller-x-cpu-31_SBOM.json,ICS-0073,pkg:oss:treck-tcpip,Treck TCP/IP Stack,6.0.1.67,CVE-2020-11898;CVE-2020-11900
ICS-0074_pilz_pss-4000-safety-controller-pssu-h-plc1_SBOM.json,ICS-0074,pkg:oss:lwip,lwIP,2.0.3,CVE-2020-22283;CVE-2020-22284;CVE-2020-22288
ICS-0075_siemens_simatic-s7-1500f-safety-cpu-1511f-1-pn_SBOM.json,ICS-0075,pkg:oss:expat,Expat,2.2.10,CVE-2022-22822;CVE-2022-23852;CVE-2022-25235
ICS-0075_siemens_simatic-s7-1500f-safety-cpu-1511f-1-pn_SBOM.json,ICS-0075,pkg:oss:lwip,lwIP,2.1.2,CVE-2020-22283;CVE-2020-22285;CVE-2020-22286
ICS-0075_siemens_simatic-s7-1500f-safety-cpu-1511f-1-pn_SBOM.json,ICS-0075,pkg:oss:zlib,zlib,1.2.12,CVE-2022-37434
ICS-0076_rockwell_guardlogix-safety-controller-1756-l81es_SBOM.json,ICS-0076,pkg:oss:net-snmp,Net-SNMP,5.9.1,CVE-2022-24805;CVE-2022-24809
ICS-0076_rockwell_guardlogix-safety-controller-1756-l81es_SBOM.json,ICS-0076,pkg:oss:libcurl,libcurl,8.4.0,CVE-2023-46218;CVE-2024-2379
ICS-0076_rockwell_guardlogix-safety-controller-1756-l81es_SBOM.json,ICS-0076,pkg:oss:expat,Expat,2.5.0,CVE-2023-52425
ICS-0076_rockwell_guardlogix-safety-controller-1756-l81es_SBOM.json,ICS-0076,pkg:oss:sqlite,SQLite,3.22.0,CVE-2018-8740;CVE-2019-8457;CVE-2020-11655
ICS-0076_rockwell_guardlogix-safety-controller-1756-l81es_SBOM.json,ICS-0076,pkg:oss:ipnet,Interpeak IPnet TCP/IP Stack,6.9,CVE-2019-12255;CVE-2019-12256;CVE-2019-12257;CVE-2019-12260
ICS-0077_moxa_mgate-protocol-gateway-5105-mb-eip_SBOM.json,ICS-0077,pkg:oss:libmodbus,libmodbus,3.1.4,CVE-2019-14462;CVE-2019-14463
ICS-0077_moxa_mgate-protocol-gateway-5105-mb-eip_SBOM.json,ICS-0077,pkg:oss:busybox,BusyBox,1.33.1,CVE-2021-42379;CVE-2021-42380;CVE-2022-28391
ICS-0077_moxa_mgate-protocol-gateway-5105-mb-eip_SBOM.json,ICS-0077,pkg:oss:linux-kernel,Linux Kernel,4.14.336,CVE-2021-33909;CVE-2022-0847
ICS-0077_moxa_mgate-protocol-gateway-5105-mb-eip_SBOM.json,ICS-0077,pkg:oss:openssl,OpenSSL,1.1.1g,CVE-2020-1971;CVE-2021-3450;CVE-2021-3711
ICS-0077_moxa_mgate-protocol-gateway-5105-mb-eip_SBOM.json,ICS-0077,pkg:oss:dnsmasq,dnsmasq,2.78,CVE-2017-14491;CVE-2017-14492;CVE-2020-25681
ICS-0077_moxa_mgate-protocol-gateway-5105-mb-eip_SBOM.json,ICS-0077,pkg:oss:libxml2,libxml2,2.10.4,CVE-2023-45322
ICS-0077_moxa_mgate-protocol-gateway-5105-mb-eip_SBOM.json,ICS-0077,pkg:oss:codesys-rt,CODESYS Control Runtime System,3.5.18.20,CVE-2023-37559;CVE-2023-37560
ICS-0078_softing_edgeaggregator-gateway-ea-500_SBOM.json,ICS-0078,pkg:oss:net-snmp,Net-SNMP,5.8,CVE-2020-15861;CVE-2020-15862;CVE-2022-24805
ICS-0078_softing_edgeaggregator-gateway-ea-500_SBOM.json,ICS-0078,pkg:oss:openvpn,OpenVPN,2.4.7,CVE-2020-11810;CVE-2020-15078
ICS-0078_softing_edgeaggregator-gateway-ea-500_SBOM.json,ICS-0078,pkg:oss:ntp,NTP Daemon,4.2.8p13,CVE-2019-8936;CVE-2020-11868
ICS-0078_softing_edgeaggregator-gateway-ea-500_SBOM.json,ICS-0078,pkg:oss:musl,musl libc,1.2.2,CVE-2020-28928
ICS-0078_softing_edgeaggregator-gateway-ea-500_SBOM.json,ICS-0078,pkg:oss:libcurl,libcurl,8.4.0,CVE-2023-46218;CVE-2024-2379
ICS-0078_softing_edgeaggregator-gateway-ea-500_SBOM.json,ICS-0078,pkg:oss:libmodbus,libmodbus,3.1.4,CVE-2019-14462;CVE-2019-14463
ICS-0079_advantech_ecu-1251-edge-gateway-ecu-1251_SBOM.json,ICS-0079,pkg:oss:zlib,zlib,1.2.12,CVE-2022-37434
ICS-0079_advantech_ecu-1251-edge-gateway-ecu-1251_SBOM.json,ICS-0079,pkg:oss:open62541,open62541 OPC UA Stack,1.3.6,CVE-2023-31048
ICS-0079_advantech_ecu-1251-edge-gateway-ecu-1251_SBOM.json,ICS-0079,pkg:oss:sqlite,SQLite,3.41.2,CVE-2023-7104
ICS-0079_advantech_ecu-1251-edge-gateway-ecu-1251_SBOM.json,ICS-0079,pkg:oss:musl,musl libc,1.1.24,CVE-2020-28928
ICS-0079_advantech_ecu-1251-edge-gateway-ecu-1251_SBOM.json,ICS-0079,pkg:oss:codesys-rt,CODESYS Control Runtime System,3.5.18.20,CVE-2023-37559;CVE-2023-37560
ICS-0080_phoenix_fl-mguard-security-appliance-rs4000_SBOM.json,ICS-0080,pkg:oss:nginx,nginx,1.24.0,CVE-2023-44487
ICS-0080_phoenix_fl-mguard-security-appliance-rs4000_SBOM.json,ICS-0080,pkg:oss:sqlite,SQLite,3.41.2,CVE-2023-7104
ICS-0080_phoenix_fl-mguard-security-appliance-rs4000_SBOM.json,ICS-0080,pkg:oss:glibc,GNU C Library,2.31,CVE-2021-35942;CVE-2023-4911
ICS-0080_phoenix_fl-mguard-security-appliance-rs4000_SBOM.json,ICS-0080,pkg:oss:dropbear,Dropbear SSH,2016.74,CVE-2016-7406;CVE-2016-7407;CVE-2016-7408
ICS-0080_phoenix_fl-mguard-security-appliance-rs4000_SBOM.json,ICS-0080,pkg:oss:openssl,OpenSSL,1.0.2u,CVE-2021-23840;CVE-2021-3712
ICS-0080_phoenix_fl-mguard-security-appliance-rs4000_SBOM.json,ICS-0080,pkg:oss:openvpn,OpenVPN,2.5.5,CVE-2022-0547;CVE-2023-46849;CVE-2023-46850
ICS-0081_belden_eagle40-industrial-firewall-eagle40-4d_SBOM.json,ICS-0081,pkg:oss:linux-kernel,Linux Kernel,4.14.336,CVE-2021-33909;CVE-2022-0847
ICS-0081_belden_eagle40-industrial-firewall-eagle40-4d_SBOM.json,ICS-0081,pkg:oss:dropbear,Dropbear SSH,2020.81,CVE-2021-36369
ICS-0081_belden_eagle40-industrial-firewall-eagle40-4d_SBOM.json,ICS-0081,pkg:oss:glibc,GNU C Library,2.31,CVE-2021-35942;CVE-2023-4911
ICS-0081_belden_eagle40-industrial-firewall-eagle40-4d_SBOM.json,ICS-0081,pkg:oss:dnsmasq,dnsmasq,2.78,CVE-2017-14491;CVE-2017-14492;CVE-2020-25681
ICS-0081_belden_eagle40-industrial-firewall-eagle40-4d_SBOM.json,ICS-0081,pkg:oss:mosquitto,Eclipse Mosquitto,2.0.11,CVE-2021-34431;CVE-2021-41039;CVE-2023-0809
ICS-0081_belden_eagle40-industrial-firewall-eagle40-4d_SBOM.json,ICS-0081,pkg:oss:sqlite,SQLite,3.41.2,CVE-2023-7104
ICS-0081_belden_eagle40-industrial-firewall-eagle40-4d_SBOM.json,ICS-0081,pkg:oss:openssh,OpenSSH,9.6p1,CVE-2024-6387
ICS-0082_belden_rsp-managed-switch-rsp35_SBOM.json,ICS-0082,pkg:oss:openssh,OpenSSH,9.6p1,CVE-2024-6387
ICS-0082_belden_rsp-managed-switch-rsp35_SBOM.json,ICS-0082,pkg:oss:u-boot,Das U-Boot,2018.03,CVE-2019-11059;CVE-2019-13103;CVE-2019-13106
ICS-0082_belden_rsp-managed-switch-rsp35_SBOM.json,ICS-0082,pkg:oss:ntp,NTP Daemon,4.2.8p10,CVE-2018-7182;CVE-2018-7183;CVE-2018-7184
ICS-0082_belden_rsp-managed-switch-rsp35_SBOM.json,ICS-0082,pkg:oss:net-snmp,Net-SNMP,5.7.3,CVE-2018-18065;CVE-2019-20892;CVE-2020-15862
ICS-0082_belden_rsp-managed-switch-rsp35_SBOM.json,ICS-0082,pkg:oss:goahead,GoAhead Embedded Web Server,4.1.0,CVE-2021-42342
ICS-0082_belden_rsp-managed-switch-rsp35_SBOM.json,ICS-0082,pkg:oss:libxml2,libxml2,2.10.4,CVE-2023-45322
ICS-0083_westermo_lynx-dss-managed-switch-lynx-3510_SBOM.json,ICS-0083,pkg:oss:dropbear,Dropbear SSH,2019.78,CVE-2018-15599;CVE-2020-36254
ICS-0083_westermo_lynx-dss-managed-switch-lynx-3510_SBOM.json,ICS-0083,pkg:oss:openvpn,OpenVPN,2.4.7,CVE-2020-11810;CVE-2020-15078
ICS-0083_westermo_lynx-dss-managed-switch-lynx-3510_SBOM.json,ICS-0083,pkg:oss:u-boot,Das U-Boot,2020.04,CVE-2020-10648;CVE-2021-27097;CVE-2022-30767
ICS-0083_westermo_lynx-dss-managed-switch-lynx-3510_SBOM.json,ICS-0083,pkg:oss:zlib,zlib,1.2.12,CVE-2022-37434
ICS-0083_westermo_lynx-dss-managed-switch-lynx-3510_SBOM.json,ICS-0083,pkg:oss:linux-kernel,Linux Kernel,4.19.325,CVE-2022-0847;CVE-2023-32233
ICS-0083_westermo_lynx-dss-managed-switch-lynx-3510_SBOM.json,ICS-0083,pkg:oss:wpa-supplicant,wpa_supplicant,2.6,CVE-2017-13077;CVE-2017-13078;CVE-2018-14526
ICS-0083_westermo_lynx-dss-managed-switch-lynx-3510_SBOM.json,ICS-0083,pkg:oss:net-snmp,Net-SNMP,5.8,CVE-2020-15861;CVE-2020-15862;CVE-2022-24805
ICS-0084_moxa_eds-managed-ethernet-switch-eds-4012_SBOM.json,ICS-0084,pkg:oss:openssh,OpenSSH,9.6p1,CVE-2024-6387
ICS-0084_moxa_eds-managed-ethernet-switch-eds-4012_SBOM.json,ICS-0084,pkg:oss:mosquitto,Eclipse Mosquitto,2.0.15,CVE-2023-0809;CVE-2023-3592
ICS-0084_moxa_eds-managed-ethernet-switch-eds-4012_SBOM.json,ICS-0084,pkg:oss:linux-kernel,Linux Kernel,5.4.278,CVE-2023-32233;CVE-2024-1086
ICS-0084_moxa_eds-managed-ethernet-switch-eds-4012_SBOM.json,ICS-0084,pkg:oss:libcurl,libcurl,7.79.1,CVE-2022-22576;CVE-2022-27774;CVE-2022-32221
ICS-0084_moxa_eds-managed-ethernet-switch-eds-4012_SBOM.json,ICS-0084,pkg:oss:expat,Expat,2.2.0,CVE-2018-20843;CVE-2019-15903
ICS-0085_siemens_scalance-x-industrial-switch-xc216-4c_SBOM.json,ICS-0085,pkg:oss:libssh2,libssh2,1.9.0,CVE-2019-17498;CVE-2020-22218
ICS-0085_siemens_scalance-x-industrial-switch-xc216-4c_SBOM.json,ICS-0085,pkg:oss:linux-kernel,Linux Kernel,5.10.220,CVE-2024-1086
ICS-0085_siemens_scalance-x-industrial-switch-xc216-4c_SBOM.json,ICS-0085,pkg:oss:ntp,NTP Daemon,4.2.8p13,CVE-2019-8936;CVE-2020-11868
ICS-0085_siemens_scalance-x-industrial-switch-xc216-4c_SBOM.json,ICS-0085,pkg:oss:dropbear,Dropbear SSH,2016.74,CVE-2016-7406;CVE-2016-7407;CVE-2016-7408
ICS-0086_siemens_ruggedcom-rx1500-router-rx1500_SBOM.json,ICS-0086,pkg:oss:openssl,OpenSSL,1.0.2u,CVE-2021-23840;CVE-2021-3712
ICS-0086_siemens_ruggedcom-rx1500-router-rx1500_SBOM.json,ICS-0086,pkg:oss:net-snmp,Net-SNMP,5.9.1,CVE-2022-24805;CVE-2022-24809
ICS-0086_siemens_ruggedcom-rx1500-router-rx1500_SBOM.json,ICS-0086,pkg:oss:sqlite,SQLite,3.22.0,CVE-2018-8740;CVE-2019-8457;CVE-2020-11655
ICS-0086_siemens_ruggedcom-rx1500-router-rx1500_SBOM.json,ICS-0086,pkg:oss:libssh2,libssh2,1.8.0,CVE-2019-3855;CVE-2019-3856;CVE-2019-3858
ICS-0086_siemens_ruggedcom-rx1500-router-rx1500_SBOM.json,ICS-0086,pkg:oss:libxml2,libxml2,2.9.4,CVE-2016-9318;CVE-2017-5969;CVE-2018-14567
ICS-0086_siemens_ruggedcom-rx1500-router-rx1500_SBOM.json,ICS-0086,pkg:oss:openvpn,OpenVPN,2.4.7,CVE-2020-11810;CVE-2020-15078
ICS-0086_siemens_ruggedcom-rx1500-router-rx1500_SBOM.json,ICS-0086,pkg:oss:libcurl,libcurl,8.4.0,CVE-2023-46218;CVE-2024-2379
ICS-0086_siemens_ruggedcom-rx1500-router-rx1500_SBOM.json,ICS-0086,pkg:oss:busybox,BusyBox,1.20.2,CVE-2017-16544;CVE-2016-2147;CVE-2018-1000500
ICS-0087_abb_acs880-industrial-drive-acs880-01_SBOM.json,ICS-0087,pkg:oss:ntp,NTP Daemon,4.2.8p15,CVE-2023-26551
ICS-0087_abb_acs880-industrial-drive-acs880-01_SBOM.json,ICS-0087,pkg:oss:expat,Expat,2.5.0,CVE-2023-52425
ICS-0087_abb_acs880-industrial-drive-acs880-01_SBOM.json,ICS-0087,pkg:oss:lwip,lwIP,1.4.1,CVE-2014-1912;CVE-2020-22283;CVE-2020-22284
ICS-0087_abb_acs880-industrial-drive-acs880-01_SBOM.json,ICS-0087,pkg:oss:wolfssl,wolfSSL,4.5.0,CVE-2021-3336;CVE-2021-24116
ICS-0088_siemens_sinamics-s120-drive-cu320-2-pn_SBOM.json,ICS-0088,pkg:oss:openssl,OpenSSL,3.0.7,CVE-2023-0286;CVE-2023-0215;CVE-2022-4304
ICS-0088_siemens_sinamics-s120-drive-cu320-2-pn_SBOM.json,ICS-0088,pkg:oss:libmodbus,libmodbus,3.1.4,CVE-2019-14462;CVE-2019-14463
ICS-0088_siemens_sinamics-s120-drive-cu320-2-pn_SBOM.json,ICS-0088,pkg:oss:expat,Expat,2.4.1,CVE-2022-25236;CVE-2022-25315
ICS-0088_siemens_sinamics-s120-drive-cu320-2-pn_SBOM.json,ICS-0088,pkg:oss:zlib,zlib,1.2.12,CVE-2022-37434
ICS-0088_siemens_sinamics-s120-drive-cu320-2-pn_SBOM.json,ICS-0088,pkg:oss:lwip,lwIP,2.0.3,CVE-2020-22283;CVE-2020-22284;CVE-2020-22288
ICS-0088_siemens_sinamics-s120-drive-cu320-2-pn_SBOM.json,ICS-0088,pkg:oss:treck-tcpip,Treck TCP/IP Stack,6.0.1.67,CVE-2020-11898;CVE-2020-11900
ICS-0089_danfoss_vlt-automationdrive-fc-302_SBOM.json,ICS-0089,pkg:oss:wolfssl,wolfSSL,5.5.0,CVE-2022-42905;CVE-2023-3724
ICS-0089_danfoss_vlt-automationdrive-fc-302_SBOM.json,ICS-0089,pkg:oss:libmodbus,libmodbus,3.0.6,CVE-2019-14462;CVE-2019-14463
ICS-0089_danfoss_vlt-automationdrive-fc-302_SBOM.json,ICS-0089,pkg:oss:mbedtls,Mbed TLS,2.16.3,CVE-2020-10932;CVE-2020-16150;CVE-2021-24119
ICS-0090_rockwell_powerflex-755-drive-755_SBOM.json,ICS-0090,pkg:oss:zlib,zlib,1.2.8,CVE-2016-9840;CVE-2016-9841;CVE-2018-25032
ICS-0090_rockwell_powerflex-755-drive-755_SBOM.json,ICS-0090,pkg:oss:treck-tcpip,Treck TCP/IP Stack,6.0.1.66,CVE-2020-11896;CVE-2020-11897;CVE-2020-11901
ICS-0090_rockwell_powerflex-755-drive-755_SBOM.json,ICS-0090,pkg:oss:expat,Expat,2.5.0,CVE-2023-52425
ICS-0090_rockwell_powerflex-755-drive-755_SBOM.json,ICS-0090,pkg:oss:ntp,NTP Daemon,4.2.8p15,CVE-2023-26551
ICS-0090_rockwell_powerflex-755-drive-755_SBOM.json,ICS-0090,pkg:oss:lwip,lwIP,2.1.2,CVE-2020-22283;CVE-2020-22285;CVE-2020-22286
ICS-0090_rockwell_powerflex-755-drive-755_SBOM.json,ICS-0090,pkg:oss:openssl,OpenSSL,1.1.1g,CVE-2020-1971;CVE-2021-3450;CVE-2021-3711
ICS-0090_rockwell_powerflex-755-drive-755_SBOM.json,ICS-0090,pkg:oss:wolfssl,wolfSSL,5.5.0,CVE-2022-42905;CVE-2023-3724
ICS-0091_bosch-rexroth_indradrive-controller-hcs01_SBOM.json,ICS-0091,pkg:oss:mbedtls,Mbed TLS,2.16.3,CVE-2020-10932;CVE-2020-16150;CVE-2021-24119
ICS-0091_bosch-rexroth_indradrive-controller-hcs01_SBOM.json,ICS-0091,pkg:oss:lwip,lwIP,2.0.3,CVE-2020-22283;CVE-2020-22284;CVE-2020-22288
ICS-0091_bosch-rexroth_indradrive-controller-hcs01_SBOM.json,ICS-0091,pkg:oss:treck-tcpip,Treck TCP/IP Stack,6.0.1.66,CVE-2020-11896;CVE-2020-11897;CVE-2020-11901
ICS-0091_bosch-rexroth_indradrive-controller-hcs01_SBOM.json,ICS-0091,pkg:oss:ntp,NTP Daemon,4.2.8p15,CVE-2023-26551
ICS-0091_bosch-rexroth_indradrive-controller-hcs01_SBOM.json,ICS-0091,pkg:oss:wolfssl,wolfSSL,4.5.0,CVE-2021-3336;CVE-2021-24116
ICS-0091_bosch-rexroth_indradrive-controller-hcs01_SBOM.json,ICS-0091,pkg:oss:openssl,OpenSSL,3.0.7,CVE-2023-0286;CVE-2023-0215;CVE-2022-4304
ICS-0091_bosch-rexroth_indradrive-controller-hcs01_SBOM.json,ICS-0091,pkg:oss:codesys-rt,CODESYS Control Runtime System,3.5.16.0,CVE-2021-30186;CVE-2021-30188;CVE-2021-30189
ICS-0092_bosch-rexroth_indramotion-mlc-xm22_SBOM.json,ICS-0092,pkg:oss:ntp,NTP Daemon,4.2.8p13,CVE-2019-8936;CVE-2020-11868
ICS-0092_bosch-rexroth_indramotion-mlc-xm22_SBOM.json,ICS-0092,pkg:oss:libxml2,libxml2,2.10.4,CVE-2023-45322
ICS-0092_bosch-rexroth_indramotion-mlc-xm22_SBOM.json,ICS-0092,pkg:oss:openssl,OpenSSL,3.0.7,CVE-2023-0286;CVE-2023-0215;CVE-2022-4304
ICS-0092_bosch-rexroth_indramotion-mlc-xm22_SBOM.json,ICS-0092,pkg:oss:net-snmp,Net-SNMP,5.9.1,CVE-2022-24805;CVE-2022-24809
ICS-0092_bosch-rexroth_indramotion-mlc-xm22_SBOM.json,ICS-0092,pkg:oss:libssh2,libssh2,1.8.0,CVE-2019-3855;CVE-2019-3856;CVE-2019-3858
ICS-0092_bosch-rexroth_indramotion-mlc-xm22_SBOM.json,ICS-0092,pkg:oss:linux-kernel,Linux Kernel,4.19.325,CVE-2022-0847;CVE-2023-32233
ICS-0093_fuji_frenic-ace-inverter-frn0006e2s_SBOM.json,ICS-0093,pkg:oss:mbedtls,Mbed TLS,3.4.0,CVE-2023-43615
ICS-0093_fuji_frenic-ace-inverter-frn0006e2s_SBOM.json,ICS-0093,pkg:oss:ntp,NTP Daemon,4.2.8p10,CVE-2018-7182;CVE-2018-7183;CVE-2018-7184
ICS-0093_fuji_frenic-ace-inverter-frn0006e2s_SBOM.json,ICS-0093,pkg:oss:wolfssl,wolfSSL,5.5.0,CVE-2022-42905;CVE-2023-3724
ICS-0093_fuji_frenic-ace-inverter-frn0006e2s_SBOM.json,ICS-0093,pkg:oss:expat,Expat,2.2.0,CVE-2018-20843;CVE-2019-15903
ICS-0093_fuji_frenic-ace-inverter-frn0006e2s_SBOM.json,ICS-0093,pkg:oss:lwip,lwIP,2.0.3,CVE-2020-22283;CVE-2020-22284;CVE-2020-22288
ICS-0093_fuji_frenic-ace-inverter-frn0006e2s_SBOM.json,ICS-0093,pkg:oss:openssl,OpenSSL,1.0.2k,CVE-2017-3731;CVE-2017-3732;CVE-2016-7055
ICS-0093_fuji_frenic-ace-inverter-frn0006e2s_SBOM.json,ICS-0093,pkg:oss:zlib,zlib,1.2.11,CVE-2018-25032;CVE-2022-37434
ICS-0093_fuji_frenic-ace-inverter-frn0006e2s_SBOM.json,ICS-0093,pkg:oss:treck-tcpip,Treck TCP/IP Stack,6.0.1.67,CVE-2020-11898;CVE-2020-11900
ICS-0094_mitsubishi_melfa-robot-controller-cr800-d_SBOM.json,ICS-0094,pkg:oss:zlib,zlib,1.2.11,CVE-2018-25032;CVE-2022-37434
ICS-0094_mitsubishi_melfa-robot-controller-cr800-d_SBOM.json,ICS-0094,pkg:oss:expat,Expat,2.5.0,CVE-2023-52425
ICS-0094_mitsubishi_melfa-robot-controller-cr800-d_SBOM.json,ICS-0094,pkg:oss:ntp,NTP Daemon,4.2.8p15,CVE-2023-26551
ICS-0094_mitsubishi_melfa-robot-controller-cr800-d_SBOM.json,ICS-0094,pkg:oss:libmodbus,libmodbus,3.1.4,CVE-2019-14462;CVE-2019-14463
ICS-0094_mitsubishi_melfa-robot-controller-cr800-d_SBOM.json,ICS-0094,pkg:oss:lwip,lwIP,1.4.1,CVE-2014-1912;CVE-2020-22283;CVE-2020-22284
ICS-0094_mitsubishi_melfa-robot-controller-cr800-d_SBOM.json,ICS-0094,pkg:oss:treck-tcpip,Treck TCP/IP Stack,6.0.1.67,CVE-2020-11898;CVE-2020-11900
ICS-0094_mitsubishi_melfa-robot-controller-cr800-d_SBOM.json,ICS-0094,pkg:oss:mbedtls,Mbed TLS,3.4.0,CVE-2023-43615
ICS-0094_mitsubishi_melfa-robot-controller-cr800-d_SBOM.json,ICS-0094,pkg:oss:wolfssl,wolfSSL,5.5.0,CVE-2022-42905;CVE-2023-3724
ICS-0095_abb_irc5-robot-controller-irc5-compact_SBOM.json,ICS-0095,pkg:oss:libxml2,libxml2,2.9.14,CVE-2022-40303;CVE-2022-40304;CVE-2023-28484
ICS-0095_abb_irc5-robot-controller-irc5-compact_SBOM.json,ICS-0095,pkg:oss:libcurl,libcurl,8.4.0,CVE-2023-46218;CVE-2024-2379
ICS-0095_abb_irc5-robot-controller-irc5-compact_SBOM.json,ICS-0095,pkg:oss:openssl,OpenSSL,1.1.1g,CVE-2020-1971;CVE-2021-3450;CVE-2021-3711
ICS-0095_abb_irc5-robot-controller-irc5-compact_SBOM.json,ICS-0095,pkg:oss:ntp,NTP Daemon,4.2.8p10,CVE-2018-7182;CVE-2018-7183;CVE-2018-7184
ICS-0095_abb_irc5-robot-controller-irc5-compact_SBOM.json,ICS-0095,pkg:oss:ipnet,Interpeak IPnet TCP/IP Stack,6.9,CVE-2019-12255;CVE-2019-12256;CVE-2019-12257;CVE-2019-12260
ICS-0095_abb_irc5-robot-controller-irc5-compact_SBOM.json,ICS-0095,pkg:oss:open62541,open62541 OPC UA Stack,1.2.2,CVE-2021-40206;CVE-2022-25761
ICS-0096_keyence_cnc-motion-unit-mc-1_SBOM.json,ICS-0096,pkg:oss:wolfssl,wolfSSL,4.5.0,CVE-2021-3336;CVE-2021-24116
ICS-0096_keyence_cnc-motion-unit-mc-1_SBOM.json,ICS-0096,pkg:oss:expat,Expat,2.2.10,CVE-2022-22822;CVE-2022-23852;CVE-2022-25235
ICS-0096_keyence_cnc-motion-unit-mc-1_SBOM.json,ICS-0096,pkg:oss:treck-tcpip,Treck TCP/IP Stack,6.0.1.66,CVE-2020-11896;CVE-2020-11897;CVE-2020-11901
ICS-0096_keyence_cnc-motion-unit-mc-1_SBOM.json,ICS-0096,pkg:oss:lwip,lwIP,2.0.3,CVE-2020-22283;CVE-2020-22284;CVE-2020-22288
ICS-0096_keyence_cnc-motion-unit-mc-1_SBOM.json,ICS-0096,pkg:oss:libmodbus,libmodbus,3.1.4,CVE-2019-14462;CVE-2019-14463
ICS-0096_keyence_cnc-motion-unit-mc-1_SBOM.json,ICS-0096,pkg:oss:ntp,NTP Daemon,4.2.8p10,CVE-2018-7182;CVE-2018-7183;CVE-2018-7184
ICS-0097_mitsubishi_m800-cnc-controller-m830w_SBOM.json,ICS-0097,pkg:oss:libmodbus,libmodbus,3.0.6,CVE-2019-14462;CVE-2019-14463
ICS-0097_mitsubishi_m800-cnc-controller-m830w_SBOM.json,ICS-0097,pkg:oss:treck-tcpip,Treck TCP/IP Stack,6.0.1.67,CVE-2020-11898;CVE-2020-11900
ICS-0097_mitsubishi_m800-cnc-controller-m830w_SBOM.json,ICS-0097,pkg:oss:ntp,NTP Daemon,4.2.8p15,CVE-2023-26551
ICS-0098_emerson_rosemount-3051s-transmitter-3051s_SBOM.json,ICS-0098,pkg:oss:treck-tcpip,Treck TCP/IP Stack,6.0.1.66,CVE-2020-11896;CVE-2020-11897;CVE-2020-11901
ICS-0098_emerson_rosemount-3051s-transmitter-3051s_SBOM.json,ICS-0098,pkg:oss:mbedtls,Mbed TLS,2.28.0,CVE-2022-35409;CVE-2023-43615
ICS-0098_emerson_rosemount-3051s-transmitter-3051s_SBOM.json,ICS-0098,pkg:oss:wolfssl,wolfSSL,4.5.0,CVE-2021-3336;CVE-2021-24116
ICS-0098_emerson_rosemount-3051s-transmitter-3051s_SBOM.json,ICS-0098,pkg:oss:lwip,lwIP,2.1.2,CVE-2020-22283;CVE-2020-22285;CVE-2020-22286
ICS-0099_yokogawa_eja-e-series-transmitter-eja110e_SBOM.json,ICS-0099,pkg:oss:mbedtls,Mbed TLS,2.28.0,CVE-2022-35409;CVE-2023-43615
ICS-0099_yokogawa_eja-e-series-transmitter-eja110e_SBOM.json,ICS-0099,pkg:oss:lwip,lwIP,2.0.3,CVE-2020-22283;CVE-2020-22284;CVE-2020-22288
ICS-0100_honeywell_smartline-st800-transmitter-st800_SBOM.json,ICS-0100,pkg:oss:mbedtls,Mbed TLS,2.16.3,CVE-2020-10932;CVE-2020-16150;CVE-2021-24119
ICS-0100_honeywell_smartline-st800-transmitter-st800_SBOM.json,ICS-0100,pkg:oss:treck-tcpip,Treck TCP/IP Stack,6.0.1.66,CVE-2020-11896;CVE-2020-11897;CVE-2020-11901
ICS-0100_honeywell_smartline-st800-transmitter-st800_SBOM.json,ICS-0100,pkg:oss:lwip,lwIP,2.1.3,CVE-2023-5188
ICS-0101_abb_merging-unit-sam600-sam600-io_SBOM.json,ICS-0101,pkg:oss:openssl,OpenSSL,1.1.1k,CVE-2021-3711;CVE-2021-3712;CVE-2022-0778
ICS-0101_abb_merging-unit-sam600-sam600-io_SBOM.json,ICS-0101,pkg:oss:mbedtls,Mbed TLS,2.28.0,CVE-2022-35409;CVE-2023-43615
ICS-0101_abb_merging-unit-sam600-sam600-io_SBOM.json,ICS-0101,pkg:oss:zlib,zlib,1.2.12,CVE-2022-37434
ICS-0101_abb_merging-unit-sam600-sam600-io_SBOM.json,ICS-0101,pkg:oss:expat,Expat,2.2.0,CVE-2018-20843;CVE-2019-15903
ICS-0101_abb_merging-unit-sam600-sam600-io_SBOM.json,ICS-0101,pkg:oss:ntp,NTP Daemon,4.2.8p15,CVE-2023-26551
ICS-0101_abb_merging-unit-sam600-sam600-io_SBOM.json,ICS-0101,pkg:oss:libmodbus,libmodbus,3.1.4,CVE-2019-14462;CVE-2019-14463
ICS-0101_abb_merging-unit-sam600-sam600-io_SBOM.json,ICS-0101,pkg:oss:wolfssl,wolfSSL,5.5.0,CVE-2022-42905;CVE-2023-3724
ICS-0102_schneider_powerlogic-ion9000-meter-ion9000_SBOM.json,ICS-0102,pkg:oss:busybox,BusyBox,1.33.1,CVE-2021-42379;CVE-2021-42380;CVE-2022-28391
ICS-0102_schneider_powerlogic-ion9000-meter-ion9000_SBOM.json,ICS-0102,pkg:oss:libxml2,libxml2,2.10.4,CVE-2023-45322
ICS-0103_ge_epm-9900-power-meter-epm9900_SBOM.json,ICS-0103,pkg:oss:lwip,lwIP,1.4.1,CVE-2014-1912;CVE-2020-22283;CVE-2020-22284
ICS-0103_ge_epm-9900-power-meter-epm9900_SBOM.json,ICS-0103,pkg:oss:wolfssl,wolfSSL,5.5.0,CVE-2022-42905;CVE-2023-3724
ICS-0103_ge_epm-9900-power-meter-epm9900_SBOM.json,ICS-0103,pkg:oss:mbedtls,Mbed TLS,3.4.0,CVE-2023-43615
ICS-0104_ptc_kepserverex-connectivity-platform-6-11_SBOM.json,ICS-0104,pkg:oss:openssl,OpenSSL,1.1.1g,CVE-2020-1971;CVE-2021-3450;CVE-2021-3711
ICS-0104_ptc_kepserverex-connectivity-platform-6-11_SBOM.json,ICS-0104,pkg:oss:zlib,zlib,1.2.12,CVE-2022-37434
ICS-0104_ptc_kepserverex-connectivity-platform-6-11_SBOM.json,ICS-0104,pkg:oss:libxml2,libxml2,2.10.4,CVE-2023-45322
ICS-0104_ptc_kepserverex-connectivity-platform-6-11_SBOM.json,ICS-0104,pkg:oss:expat,Expat,2.2.10,CVE-2022-22822;CVE-2022-23852;CVE-2022-25235
ICS-0105_softing_datafeed-opc-suite-v5-20_SBOM.json,ICS-0105,pkg:oss:expat,Expat,2.2.10,CVE-2022-22822;CVE-2022-23852;CVE-2022-25235
ICS-0105_softing_datafeed-opc-suite-v5-20_SBOM.json,ICS-0105,pkg:oss:openssl,OpenSSL,1.1.1g,CVE-2020-1971;CVE-2021-3450;CVE-2021-3711
ICS-0105_softing_datafeed-opc-suite-v5-20_SBOM.json,ICS-0105,pkg:oss:sqlserver-express,Microsoft SQL Server Express,2019 CU22,CVE-2023-21528
ICS-0105_softing_datafeed-opc-suite-v5-20_SBOM.json,ICS-0105,pkg:oss:libcurl,libcurl,8.0.1,CVE-2023-27533;CVE-2023-27536;CVE-2023-38545
ICS-0105_softing_datafeed-opc-suite-v5-20_SBOM.json,ICS-0105,pkg:oss:sqlite,SQLite,3.41.2,CVE-2023-7104
ICS-0106_aveva_aveva-opc-ua-server-2020_SBOM.json,ICS-0106,pkg:oss:sqlite,SQLite,3.39.4,CVE-2022-46908;CVE-2023-7104
ICS-0106_aveva_aveva-opc-ua-server-2020_SBOM.json,ICS-0106,pkg:oss:expat,Expat,2.5.0,CVE-2023-52425
ICS-0106_aveva_aveva-opc-ua-server-2020_SBOM.json,ICS-0106,pkg:oss:libcurl,libcurl,7.29.0,CVE-2016-8615;CVE-2018-1000120;CVE-2019-5482
ICS-0106_aveva_aveva-opc-ua-server-2020_SBOM.json,ICS-0106,pkg:oss:zlib,zlib,1.2.11,CVE-2018-25032;CVE-2022-37434
ICS-0107_honeywell_excel-web-ii-bacnet-controller-xl1000c50_SBOM.json,ICS-0107,pkg:oss:lighttpd,lighttpd,1.4.64,CVE-2023-44487
ICS-0107_honeywell_excel-web-ii-bacnet-controller-xl1000c50_SBOM.json,ICS-0107,pkg:oss:musl,musl libc,1.2.2,CVE-2020-28928
ICS-0107_honeywell_excel-web-ii-bacnet-controller-xl1000c50_SBOM.json,ICS-0107,pkg:oss:glibc,GNU C Library,2.31,CVE-2021-35942;CVE-2023-4911
ICS-0107_honeywell_excel-web-ii-bacnet-controller-xl1000c50_SBOM.json,ICS-0107,pkg:oss:net-snmp,Net-SNMP,5.7.3,CVE-2018-18065;CVE-2019-20892;CVE-2020-15862
ICS-0107_honeywell_excel-web-ii-bacnet-controller-xl1000c50_SBOM.json,ICS-0107,pkg:oss:ntp,NTP Daemon,4.2.8p15,CVE-2023-26551
ICS-0107_honeywell_excel-web-ii-bacnet-controller-xl1000c50_SBOM.json,ICS-0107,pkg:oss:u-boot,Das U-Boot,2020.04,CVE-2020-10648;CVE-2021-27097;CVE-2022-30767
ICS-0107_honeywell_excel-web-ii-bacnet-controller-xl1000c50_SBOM.json,ICS-0107,pkg:oss:libssh2,libssh2,1.8.0,CVE-2019-3855;CVE-2019-3856;CVE-2019-3858
ICS-0108_siemens_desigo-pxc-automation-station-pxc100-e-d_SBOM.json,ICS-0108,pkg:oss:expat,Expat,2.2.0,CVE-2018-20843;CVE-2019-15903
ICS-0108_siemens_desigo-pxc-automation-station-pxc100-e-d_SBOM.json,ICS-0108,pkg:oss:mbedtls,Mbed TLS,2.16.3,CVE-2020-10932;CVE-2020-16150;CVE-2021-24119
ICS-0108_siemens_desigo-pxc-automation-station-pxc100-e-d_SBOM.json,ICS-0108,pkg:oss:openssl,OpenSSL,1.1.1n,CVE-2022-1292;CVE-2022-2068;CVE-2022-4304
ICS-0108_siemens_desigo-pxc-automation-station-pxc100-e-d_SBOM.json,ICS-0108,pkg:oss:lwip,lwIP,2.1.3,CVE-2023-5188
ICS-0108_siemens_desigo-pxc-automation-station-pxc100-e-d_SBOM.json,ICS-0108,pkg:oss:libmodbus,libmodbus,3.1.4,CVE-2019-14462;CVE-2019-14463
ICS-0109_schneider_smartx-as-p-controller-as-p_SBOM.json,ICS-0109,pkg:oss:expat,Expat,2.5.0,CVE-2023-52425
ICS-0109_schneider_smartx-as-p-controller-as-p_SBOM.json,ICS-0109,pkg:oss:sqlite,SQLite,3.22.0,CVE-2018-8740;CVE-2019-8457;CVE-2020-11655
ICS-0109_schneider_smartx-as-p-controller-as-p_SBOM.json,ICS-0109,pkg:oss:libssh2,libssh2,1.9.0,CVE-2019-17498;CVE-2020-22218
ICS-0109_schneider_smartx-as-p-controller-as-p_SBOM.json,ICS-0109,pkg:oss:musl,musl libc,1.2.2,CVE-2020-28928
ICS-0109_schneider_smartx-as-p-controller-as-p_SBOM.json,ICS-0109,pkg:oss:linux-kernel,Linux Kernel,4.19.325,CVE-2022-0847;CVE-2023-32233
ICS-0109_schneider_smartx-as-p-controller-as-p_SBOM.json,ICS-0109,pkg:oss:glibc,GNU C Library,2.35,CVE-2023-4911;CVE-2024-2961
ICS-0109_schneider_smartx-as-p-controller-as-p_SBOM.json,ICS-0109,pkg:oss:dnsmasq,dnsmasq,2.82,CVE-2020-25681;CVE-2020-25684;CVE-2021-3448
ICS-0109_schneider_smartx-as-p-controller-as-p_SBOM.json,ICS-0109,pkg:oss:openvpn,OpenVPN,2.5.5,CVE-2022-0547;CVE-2023-46849;CVE-2023-46850
ICS-0109_schneider_smartx-as-p-controller-as-p_SBOM.json,ICS-0109,pkg:oss:libxml2,libxml2,2.9.10,CVE-2021-3517;CVE-2021-3518;CVE-2022-29824
ICS-0110_delta_ez-building-controller-ezns-1000_SBOM.json,ICS-0110,pkg:oss:libcurl,libcurl,8.0.1,CVE-2023-27533;CVE-2023-27536;CVE-2023-38545
ICS-0110_delta_ez-building-controller-ezns-1000_SBOM.json,ICS-0110,pkg:oss:net-snmp,Net-SNMP,5.9.1,CVE-2022-24805;CVE-2022-24809
ICS-0110_delta_ez-building-controller-ezns-1000_SBOM.json,ICS-0110,pkg:oss:goahead,GoAhead Embedded Web Server,4.1.0,CVE-2021-42342
ICS-0110_delta_ez-building-controller-ezns-1000_SBOM.json,ICS-0110,pkg:oss:glibc,GNU C Library,2.35,CVE-2023-4911;CVE-2024-2961
ICS-0110_delta_ez-building-controller-ezns-1000_SBOM.json,ICS-0110,pkg:oss:libpcap,libpcap,1.8.1,CVE-2018-16301;CVE-2019-15165
ICS-0110_delta_ez-building-controller-ezns-1000_SBOM.json,ICS-0110,pkg:oss:libssh2,libssh2,1.9.0,CVE-2019-17498;CVE-2020-22218
ICS-0110_delta_ez-building-controller-ezns-1000_SBOM.json,ICS-0110,pkg:oss:musl,musl libc,1.2.2,CVE-2020-28928
ICS-0111_phoenix_radioline-wireless-gateway-rad-2400_SBOM.json,ICS-0111,pkg:oss:freertos,FreeRTOS Kernel,10.2.1,CVE-2021-31571;CVE-2021-31572
ICS-0111_phoenix_radioline-wireless-gateway-rad-2400_SBOM.json,ICS-0111,pkg:oss:mbedtls,Mbed TLS,2.16.3,CVE-2020-10932;CVE-2020-16150;CVE-2021-24119
ICS-0111_phoenix_radioline-wireless-gateway-rad-2400_SBOM.json,ICS-0111,pkg:oss:wolfssl,wolfSSL,4.5.0,CVE-2021-3336;CVE-2021-24116
ICS-0111_phoenix_radioline-wireless-gateway-rad-2400_SBOM.json,ICS-0111,pkg:oss:lwip,lwIP,2.0.3,CVE-2020-22283;CVE-2020-22284;CVE-2020-22288
ICS-0112_moxa_awk-industrial-wireless-ap-awk-3131a_SBOM.json,ICS-0112,pkg:oss:libcurl,libcurl,8.4.0,CVE-2023-46218;CVE-2024-2379
ICS-0112_moxa_awk-industrial-wireless-ap-awk-3131a_SBOM.json,ICS-0112,pkg:oss:linux-kernel,Linux Kernel,5.10.220,CVE-2024-1086
ICS-0112_moxa_awk-industrial-wireless-ap-awk-3131a_SBOM.json,ICS-0112,pkg:oss:dropbear,Dropbear SSH,2019.78,CVE-2018-15599;CVE-2020-36254
ICS-0112_moxa_awk-industrial-wireless-ap-awk-3131a_SBOM.json,ICS-0112,pkg:oss:libssh2,libssh2,1.9.0,CVE-2019-17498;CVE-2020-22218
ICS-0112_moxa_awk-industrial-wireless-ap-awk-3131a_SBOM.json,ICS-0112,pkg:oss:glibc,GNU C Library,2.28,CVE-2021-3999;CVE-2021-33574;CVE-2023-4911
ICS-0112_moxa_awk-industrial-wireless-ap-awk-3131a_SBOM.json,ICS-0112,pkg:oss:openssl,OpenSSL,1.1.1k,CVE-2021-3711;CVE-2021-3712;CVE-2022-0778
ICS-0112_moxa_awk-industrial-wireless-ap-awk-3131a_SBOM.json,ICS-0112,pkg:oss:nginx,nginx,1.18.0,CVE-2021-23017;CVE-2022-41741;CVE-2022-41742
ICS-0113_emerson_wireless-1420-gateway-1420_SBOM.json,ICS-0113,pkg:oss:net-snmp,Net-SNMP,5.8,CVE-2020-15861;CVE-2020-15862;CVE-2022-24805
ICS-0113_emerson_wireless-1420-gateway-1420_SBOM.json,ICS-0113,pkg:oss:ntp,NTP Daemon,4.2.8p13,CVE-2019-8936;CVE-2020-11868
ICS-0113_emerson_wireless-1420-gateway-1420_SBOM.json,ICS-0113,pkg:oss:linux-kernel,Linux Kernel,4.14.336,CVE-2021-33909;CVE-2022-0847
ICS-0113_emerson_wireless-1420-gateway-1420_SBOM.json,ICS-0113,pkg:oss:zlib,zlib,1.2.8,CVE-2016-9840;CVE-2016-9841;CVE-2018-25032
ICS-0113_emerson_wireless-1420-gateway-1420_SBOM.json,ICS-0113,pkg:oss:glibc,GNU C Library,2.31,CVE-2021-35942;CVE-2023-4911
ICS-0113_emerson_wireless-1420-gateway-1420_SBOM.json,ICS-0113,pkg:oss:u-boot,Das U-Boot,2021.10,CVE-2022-30767;CVE-2022-33967
ICS-0114_siemens_simatic-s7-1500-cpu-1513-1-pn_SBOM.json,ICS-0114,pkg:oss:mbedtls,Mbed TLS,2.28.0,CVE-2022-35409;CVE-2023-43615
ICS-0114_siemens_simatic-s7-1500-cpu-1513-1-pn_SBOM.json,ICS-0114,pkg:oss:openssl,OpenSSL,3.0.7,CVE-2023-0286;CVE-2023-0215;CVE-2022-4304
ICS-0114_siemens_simatic-s7-1500-cpu-1513-1-pn_SBOM.json,ICS-0114,pkg:oss:lwip,lwIP,2.1.2,CVE-2020-22283;CVE-2020-22285;CVE-2020-22286
ICS-0115_siemens_simatic-s7-1200-cpu-1214c_SBOM.json,ICS-0115,pkg:oss:treck-tcpip,Treck TCP/IP Stack,6.0.1.66,CVE-2020-11896;CVE-2020-11897;CVE-2020-11901
ICS-0115_siemens_simatic-s7-1200-cpu-1214c_SBOM.json,ICS-0115,pkg:oss:expat,Expat,2.4.1,CVE-2022-25236;CVE-2022-25315
ICS-0115_siemens_simatic-s7-1200-cpu-1214c_SBOM.json,ICS-0115,pkg:oss:mbedtls,Mbed TLS,3.4.0,CVE-2023-43615
ICS-0115_siemens_simatic-s7-1200-cpu-1214c_SBOM.json,ICS-0115,pkg:oss:lwip,lwIP,2.1.2,CVE-2020-22283;CVE-2020-22285;CVE-2020-22286
ICS-0116_siemens_simatic-s7-400-cpu-416-3_SBOM.json,ICS-0116,pkg:oss:treck-tcpip,Treck TCP/IP Stack,6.0.1.66,CVE-2020-11896;CVE-2020-11897;CVE-2020-11901
ICS-0116_siemens_simatic-s7-400-cpu-416-3_SBOM.json,ICS-0116,pkg:oss:expat,Expat,2.5.0,CVE-2023-52425
ICS-0116_siemens_simatic-s7-400-cpu-416-3_SBOM.json,ICS-0116,pkg:oss:mbedtls,Mbed TLS,3.4.0,CVE-2023-43615
ICS-0116_siemens_simatic-s7-400-cpu-416-3_SBOM.json,ICS-0116,pkg:oss:ntp,NTP Daemon,4.2.8p15,CVE-2023-26551
ICS-0116_siemens_simatic-s7-400-cpu-416-3_SBOM.json,ICS-0116,pkg:oss:wolfssl,wolfSSL,5.5.0,CVE-2022-42905;CVE-2023-3724
ICS-0117_rockwell_controllogix-controller-1756-l73_SBOM.json,ICS-0117,pkg:oss:ntp,NTP Daemon,4.2.8p13,CVE-2019-8936;CVE-2020-11868
ICS-0117_rockwell_controllogix-controller-1756-l73_SBOM.json,ICS-0117,pkg:oss:openssl,OpenSSL,1.0.2u,CVE-2021-23840;CVE-2021-3712
ICS-0117_rockwell_controllogix-controller-1756-l73_SBOM.json,ICS-0117,pkg:oss:open62541,open62541 OPC UA Stack,1.3.6,CVE-2023-31048
ICS-0117_rockwell_controllogix-controller-1756-l73_SBOM.json,ICS-0117,pkg:oss:libmodbus,libmodbus,3.0.6,CVE-2019-14462;CVE-2019-14463
ICS-0118_rockwell_compactlogix-controller-5069-l320er_SBOM.json,ICS-0118,pkg:oss:net-snmp,Net-SNMP,5.7.3,CVE-2018-18065;CVE-2019-20892;CVE-2020-15862
ICS-0118_rockwell_compactlogix-controller-5069-l320er_SBOM.json,ICS-0118,pkg:oss:zlib,zlib,1.2.12,CVE-2022-37434
ICS-0118_rockwell_compactlogix-controller-5069-l320er_SBOM.json,ICS-0118,pkg:oss:sqlite,SQLite,3.31.1,CVE-2020-13434;CVE-2020-13630;CVE-2021-20227
ICS-0118_rockwell_compactlogix-controller-5069-l320er_SBOM.json,ICS-0118,pkg:oss:open62541,open62541 OPC UA Stack,1.2.2,CVE-2021-40206;CVE-2022-25761
ICS-0118_rockwell_compactlogix-controller-5069-l320er_SBOM.json,ICS-0118,pkg:oss:ipnet,Interpeak IPnet TCP/IP Stack,6.9,CVE-2019-12255;CVE-2019-12256;CVE-2019-12257;CVE-2019-12260
ICS-0118_rockwell_compactlogix-controller-5069-l320er_SBOM.json,ICS-0118,pkg:oss:ntp,NTP Daemon,4.2.8p15,CVE-2023-26551
ICS-0118_rockwell_compactlogix-controller-5069-l320er_SBOM.json,ICS-0118,pkg:oss:libxml2,libxml2,2.9.14,CVE-2022-40303;CVE-2022-40304;CVE-2023-28484
ICS-0119_rockwell_micrologix-controller-1100-c_SBOM.json,ICS-0119,pkg:oss:lwip,lwIP,2.1.3,CVE-2023-5188
ICS-0119_rockwell_micrologix-controller-1100-c_SBOM.json,ICS-0119,pkg:oss:mbedtls,Mbed TLS,2.16.3,CVE-2020-10932;CVE-2020-16150;CVE-2021-24119
ICS-0119_rockwell_micrologix-controller-1100-c_SBOM.json,ICS-0119,pkg:oss:ntp,NTP Daemon,4.2.8p13,CVE-2019-8936;CVE-2020-11868
ICS-0120_schneider_modicon-m340-controller-bmxp341000_SBOM.json,ICS-0120,pkg:oss:libmodbus,libmodbus,3.0.6,CVE-2019-14462;CVE-2019-14463
ICS-0120_schneider_modicon-m340-controller-bmxp341000_SBOM.json,ICS-0120,pkg:oss:ipnet,Interpeak IPnet TCP/IP Stack,6.9,CVE-2019-12255;CVE-2019-12256;CVE-2019-12257;CVE-2019-12260
ICS-0120_schneider_modicon-m340-controller-bmxp341000_SBOM.json,ICS-0120,pkg:oss:expat,Expat,2.2.10,CVE-2022-22822;CVE-2022-23852;CVE-2022-25235
ICS-0120_schneider_modicon-m340-controller-bmxp341000_SBOM.json,ICS-0120,pkg:oss:libcurl,libcurl,7.79.1,CVE-2022-22576;CVE-2022-27774;CVE-2022-32221
ICS-0120_schneider_modicon-m340-controller-bmxp341000_SBOM.json,ICS-0120,pkg:oss:libxml2,libxml2,2.10.4,CVE-2023-45322
ICS-0120_schneider_modicon-m340-controller-bmxp341000_SBOM.json,ICS-0120,pkg:oss:codesys-rt,CODESYS Control Runtime System,3.5.17.0,CVE-2022-22515;CVE-2022-22517;CVE-2022-31802
ICS-0121_schneider_modicon-m580-epac-bmep584040_SBOM.json,ICS-0121,pkg:oss:wpa-supplicant,wpa_supplicant,2.10,CVE-2023-52160
ICS-0121_schneider_modicon-m580-epac-bmep584040_SBOM.json,ICS-0121,pkg:oss:openssh,OpenSSH,8.2p1,CVE-2020-15778;CVE-2021-41617;CVE-2023-48795
ICS-0121_schneider_modicon-m580-epac-bmep584040_SBOM.json,ICS-0121,pkg:oss:sqlite,SQLite,3.22.0,CVE-2018-8740;CVE-2019-8457;CVE-2020-11655
ICS-0121_schneider_modicon-m580-epac-bmep584040_SBOM.json,ICS-0121,pkg:oss:libssh2,libssh2,1.9.0,CVE-2019-17498;CVE-2020-22218
ICS-0121_schneider_modicon-m580-epac-bmep584040_SBOM.json,ICS-0121,pkg:oss:libcurl,libcurl,8.0.1,CVE-2023-27533;CVE-2023-27536;CVE-2023-38545
ICS-0121_schneider_modicon-m580-epac-bmep584040_SBOM.json,ICS-0121,pkg:oss:u-boot,Das U-Boot,2020.04,CVE-2020-10648;CVE-2021-27097;CVE-2022-30767
ICS-0121_schneider_modicon-m580-epac-bmep584040_SBOM.json,ICS-0121,pkg:oss:openssl,OpenSSL,1.1.1n,CVE-2022-1292;CVE-2022-2068;CVE-2022-4304
ICS-0121_schneider_modicon-m580-epac-bmep584040_SBOM.json,ICS-0121,pkg:oss:codesys-rt,CODESYS Control Runtime System,3.5.19.20,CVE-2023-3663;CVE-2023-3665
ICS-0122_mitsubishi_melsec-iq-r-cpu-r08cpu_SBOM.json,ICS-0122,pkg:oss:openssl,OpenSSL,1.1.1k,CVE-2021-3711;CVE-2021-3712;CVE-2022-0778
ICS-0122_mitsubishi_melsec-iq-r-cpu-r08cpu_SBOM.json,ICS-0122,pkg:oss:ntp,NTP Daemon,4.2.8p15,CVE-2023-26551
ICS-0122_mitsubishi_melsec-iq-r-cpu-r08cpu_SBOM.json,ICS-0122,pkg:oss:libmodbus,libmodbus,3.0.6,CVE-2019-14462;CVE-2019-14463
ICS-0122_mitsubishi_melsec-iq-r-cpu-r08cpu_SBOM.json,ICS-0122,pkg:oss:mbedtls,Mbed TLS,2.16.3,CVE-2020-10932;CVE-2020-16150;CVE-2021-24119
ICS-0122_mitsubishi_melsec-iq-r-cpu-r08cpu_SBOM.json,ICS-0122,pkg:oss:expat,Expat,2.2.10,CVE-2022-22822;CVE-2022-23852;CVE-2022-25235
ICS-0123_mitsubishi_melsec-q-series-cpu-q06ude_SBOM.json,ICS-0123,pkg:oss:expat,Expat,2.2.10,CVE-2022-22822;CVE-2022-23852;CVE-2022-25235
ICS-0123_mitsubishi_melsec-q-series-cpu-q06ude_SBOM.json,ICS-0123,pkg:oss:lwip,lwIP,2.0.3,CVE-2020-22283;CVE-2020-22284;CVE-2020-22288
ICS-0123_mitsubishi_melsec-q-series-cpu-q06ude_SBOM.json,ICS-0123,pkg:oss:openssl,OpenSSL,1.1.1g,CVE-2020-1971;CVE-2021-3450;CVE-2021-3711
ICS-0123_mitsubishi_melsec-q-series-cpu-q06ude_SBOM.json,ICS-0123,pkg:oss:mbedtls,Mbed TLS,3.4.0,CVE-2023-43615
ICS-0123_mitsubishi_melsec-q-series-cpu-q06ude_SBOM.json,ICS-0123,pkg:oss:zlib,zlib,1.2.11,CVE-2018-25032;CVE-2022-37434
ICS-0124_omron_sysmac-nj-machine-controller-nj301-1200_SBOM.json,ICS-0124,pkg:oss:lwip,lwIP,2.0.3,CVE-2020-22283;CVE-2020-22284;CVE-2020-22288
ICS-0124_omron_sysmac-nj-machine-controller-nj301-1200_SBOM.json,ICS-0124,pkg:oss:openssl,OpenSSL,3.0.7,CVE-2023-0286;CVE-2023-0215;CVE-2022-4304
ICS-0124_omron_sysmac-nj-machine-controller-nj301-1200_SBOM.json,ICS-0124,pkg:oss:mbedtls,Mbed TLS,2.28.0,CVE-2022-35409;CVE-2023-43615
ICS-0125_omron_sysmac-cj2-plc-cj2h-cpu64_SBOM.json,ICS-0125,pkg:oss:ntp,NTP Daemon,4.2.8p15,CVE-2023-26551
ICS-0125_omron_sysmac-cj2-plc-cj2h-cpu64_SBOM.json,ICS-0125,pkg:oss:mbedtls,Mbed TLS,3.4.0,CVE-2023-43615
ICS-0125_omron_sysmac-cj2-plc-cj2h-cpu64_SBOM.json,ICS-0125,pkg:oss:zlib,zlib,1.2.12,CVE-2022-37434
ICS-0125_omron_sysmac-cj2-plc-cj2h-cpu64_SBOM.json,ICS-0125,pkg:oss:libmodbus,libmodbus,3.0.6,CVE-2019-14462;CVE-2019-14463
ICS-0126_beckhoff_twincat-runtime-controller-cx8190_SBOM.json,ICS-0126,pkg:oss:sqlite,SQLite,3.39.4,CVE-2022-46908;CVE-2023-7104
ICS-0126_beckhoff_twincat-runtime-controller-cx8190_SBOM.json,ICS-0126,pkg:oss:expat,Expat,2.4.1,CVE-2022-25236;CVE-2022-25315
ICS-0126_beckhoff_twincat-runtime-controller-cx8190_SBOM.json,ICS-0126,pkg:oss:libcurl,libcurl,7.29.0,CVE-2016-8615;CVE-2018-1000120;CVE-2019-5482
ICS-0126_beckhoff_twincat-runtime-controller-cx8190_SBOM.json,ICS-0126,pkg:oss:openssl,OpenSSL,1.0.2k,CVE-2017-3731;CVE-2017-3732;CVE-2016-7055
ICS-0126_beckhoff_twincat-runtime-controller-cx8190_SBOM.json,ICS-0126,pkg:oss:libxml2,libxml2,2.9.4,CVE-2016-9318;CVE-2017-5969;CVE-2018-14567
ICS-0127_wago_pfc200-controller-750-8206_SBOM.json,ICS-0127,pkg:oss:mosquitto,Eclipse Mosquitto,2.0.15,CVE-2023-0809;CVE-2023-3592
ICS-0127_wago_pfc200-controller-750-8206_SBOM.json,ICS-0127,pkg:oss:libcurl,libcurl,7.64.0,CVE-2019-5481;CVE-2019-5482;CVE-2020-8177
ICS-0127_wago_pfc200-controller-750-8206_SBOM.json,ICS-0127,pkg:oss:u-boot,Das U-Boot,2020.04,CVE-2020-10648;CVE-2021-27097;CVE-2022-30767
ICS-0127_wago_pfc200-controller-750-8206_SBOM.json,ICS-0127,pkg:oss:lighttpd,lighttpd,1.4.45,CVE-2018-19052;CVE-2019-11072
ICS-0127_wago_pfc200-controller-750-8206_SBOM.json,ICS-0127,pkg:oss:sqlite,SQLite,3.22.0,CVE-2018-8740;CVE-2019-8457;CVE-2020-11655
ICS-0127_wago_pfc200-controller-750-8206_SBOM.json,ICS-0127,pkg:oss:open62541,open62541 OPC UA Stack,1.2.2,CVE-2021-40206;CVE-2022-25761
ICS-0127_wago_pfc200-controller-750-8206_SBOM.json,ICS-0127,pkg:oss:codesys-rt,CODESYS Control Runtime System,3.5.18.20,CVE-2023-37559;CVE-2023-37560
ICS-0128_phoenix_axc-f-2152-controller-axc-f-3152_SBOM.json,ICS-0128,pkg:oss:openssl,OpenSSL,1.1.1k,CVE-2021-3711;CVE-2021-3712;CVE-2022-0778
ICS-0128_phoenix_axc-f-2152-controller-axc-f-3152_SBOM.json,ICS-0128,pkg:oss:mosquitto,Eclipse Mosquitto,1.5.8,CVE-2019-11779;CVE-2021-28166
ICS-0128_phoenix_axc-f-2152-controller-axc-f-3152_SBOM.json,ICS-0128,pkg:oss:lighttpd,lighttpd,1.4.64,CVE-2023-44487
ICS-0128_phoenix_axc-f-2152-controller-axc-f-3152_SBOM.json,ICS-0128,pkg:oss:ntp,NTP Daemon,4.2.8p10,CVE-2018-7182;CVE-2018-7183;CVE-2018-7184
ICS-0128_phoenix_axc-f-2152-controller-axc-f-3152_SBOM.json,ICS-0128,pkg:oss:open62541,open62541 OPC UA Stack,1.3.6,CVE-2023-31048
ICS-0128_phoenix_axc-f-2152-controller-axc-f-3152_SBOM.json,ICS-0128,pkg:oss:nginx,nginx,1.24.0,CVE-2023-44487
ICS-0128_phoenix_axc-f-2152-controller-axc-f-3152_SBOM.json,ICS-0128,pkg:oss:codesys-rt,CODESYS Control Runtime System,3.5.19.20,CVE-2023-3663;CVE-2023-3665
ICS-0129_br_x20-controller-x20cp3586_SBOM.json,ICS-0129,pkg:oss:wolfssl,wolfSSL,4.5.0,CVE-2021-3336;CVE-2021-24116
ICS-0129_br_x20-controller-x20cp3586_SBOM.json,ICS-0129,pkg:oss:treck-tcpip,Treck TCP/IP Stack,6.0.1.67,CVE-2020-11898;CVE-2020-11900
ICS-0129_br_x20-controller-x20cp3586_SBOM.json,ICS-0129,pkg:oss:openssl,OpenSSL,1.0.2k,CVE-2017-3731;CVE-2017-3732;CVE-2016-7055
ICS-0129_br_x20-controller-x20cp3586_SBOM.json,ICS-0129,pkg:oss:mbedtls,Mbed TLS,2.28.0,CVE-2022-35409;CVE-2023-43615
ICS-0129_br_x20-controller-x20cp3586_SBOM.json,ICS-0129,pkg:oss:expat,Expat,2.2.0,CVE-2018-20843;CVE-2019-15903
ICS-0130_ls-electric_xgt-plc-cpu-xgi-cpuu_SBOM.json,ICS-0130,pkg:oss:lwip,lwIP,1.4.1,CVE-2014-1912;CVE-2020-22283;CVE-2020-22284
ICS-0130_ls-electric_xgt-plc-cpu-xgi-cpuu_SBOM.json,ICS-0130,pkg:oss:expat,Expat,2.2.10,CVE-2022-22822;CVE-2022-23852;CVE-2022-25235
ICS-0130_ls-electric_xgt-plc-cpu-xgi-cpuu_SBOM.json,ICS-0130,pkg:oss:openssl,OpenSSL,1.0.2u,CVE-2021-23840;CVE-2021-3712
ICS-0130_ls-electric_xgt-plc-cpu-xgi-cpuu_SBOM.json,ICS-0130,pkg:oss:mbedtls,Mbed TLS,2.28.0,CVE-2022-35409;CVE-2023-43615
ICS-0131_delta_as-series-plc-as332t-a_SBOM.json,ICS-0131,pkg:oss:libmodbus,libmodbus,3.0.6,CVE-2019-14462;CVE-2019-14463
ICS-0131_delta_as-series-plc-as332t-a_SBOM.json,ICS-0131,pkg:oss:ntp,NTP Daemon,4.2.8p10,CVE-2018-7182;CVE-2018-7183;CVE-2018-7184
ICS-0131_delta_as-series-plc-as332t-a_SBOM.json,ICS-0131,pkg:oss:wolfssl,wolfSSL,5.5.0,CVE-2022-42905;CVE-2023-3724
ICS-0131_delta_as-series-plc-as332t-a_SBOM.json,ICS-0131,pkg:oss:mbedtls,Mbed TLS,2.16.3,CVE-2020-10932;CVE-2020-16150;CVE-2021-24119
ICS-0131_delta_as-series-plc-as332t-a_SBOM.json,ICS-0131,pkg:oss:expat,Expat,2.5.0,CVE-2023-52425
ICS-0132_unitronics_unistream-plc-usp-104-b10_SBOM.json,ICS-0132,pkg:oss:open62541,open62541 OPC UA Stack,1.2.2,CVE-2021-40206;CVE-2022-25761
ICS-0132_unitronics_unistream-plc-usp-104-b10_SBOM.json,ICS-0132,pkg:oss:sqlite,SQLite,3.31.1,CVE-2020-13434;CVE-2020-13630;CVE-2021-20227
ICS-0132_unitronics_unistream-plc-usp-104-b10_SBOM.json,ICS-0132,pkg:oss:dropbear,Dropbear SSH,2020.81,CVE-2021-36369
ICS-0132_unitronics_unistream-plc-usp-104-b10_SBOM.json,ICS-0132,pkg:oss:nginx,nginx,1.14.2,CVE-2019-9511;CVE-2019-9513;CVE-2019-20372
ICS-0132_unitronics_unistream-plc-usp-104-b10_SBOM.json,ICS-0132,pkg:oss:openssh,OpenSSH,9.6p1,CVE-2024-6387
ICS-0132_unitronics_unistream-plc-usp-104-b10_SBOM.json,ICS-0132,pkg:oss:zlib,zlib,1.2.12,CVE-2022-37434
ICS-0133_idec_microsmart-fc6a-plc-fc6a-d32k3_SBOM.json,ICS-0133,pkg:oss:libmodbus,libmodbus,3.0.6,CVE-2019-14462;CVE-2019-14463
ICS-0133_idec_microsmart-fc6a-plc-fc6a-d32k3_SBOM.json,ICS-0133,pkg:oss:mbedtls,Mbed TLS,3.4.0,CVE-2023-43615
ICS-0133_idec_microsmart-fc6a-plc-fc6a-d32k3_SBOM.json,ICS-0133,pkg:oss:ntp,NTP Daemon,4.2.8p10,CVE-2018-7182;CVE-2018-7183;CVE-2018-7184
ICS-0134_panasonic_fp7-series-plc-afp7cps31_SBOM.json,ICS-0134,pkg:oss:treck-tcpip,Treck TCP/IP Stack,6.0.1.67,CVE-2020-11898;CVE-2020-11900
ICS-0134_panasonic_fp7-series-plc-afp7cps31_SBOM.json,ICS-0134,pkg:oss:openssl,OpenSSL,1.1.1n,CVE-2022-1292;CVE-2022-2068;CVE-2022-4304
ICS-0134_panasonic_fp7-series-plc-afp7cps31_SBOM.json,ICS-0134,pkg:oss:lwip,lwIP,2.0.3,CVE-2020-22283;CVE-2020-22284;CVE-2020-22288
ICS-0135_keyence_kv-8000-plc-kv-7500_SBOM.json,ICS-0135,pkg:oss:expat,Expat,2.2.0,CVE-2018-20843;CVE-2019-15903
ICS-0135_keyence_kv-8000-plc-kv-7500_SBOM.json,ICS-0135,pkg:oss:libmodbus,libmodbus,3.1.4,CVE-2019-14462;CVE-2019-14463
ICS-0135_keyence_kv-8000-plc-kv-7500_SBOM.json,ICS-0135,pkg:oss:zlib,zlib,1.2.11,CVE-2018-25032;CVE-2022-37434
ICS-0135_keyence_kv-8000-plc-kv-7500_SBOM.json,ICS-0135,pkg:oss:openssl,OpenSSL,3.0.7,CVE-2023-0286;CVE-2023-0215;CVE-2022-4304
ICS-0135_keyence_kv-8000-plc-kv-7500_SBOM.json,ICS-0135,pkg:oss:ntp,NTP Daemon,4.2.8p15,CVE-2023-26551
ICS-0135_keyence_kv-8000-plc-kv-7500_SBOM.json,ICS-0135,pkg:oss:treck-tcpip,Treck TCP/IP Stack,6.0.1.66,CVE-2020-11896;CVE-2020-11897;CVE-2020-11901
ICS-0135_keyence_kv-8000-plc-kv-7500_SBOM.json,ICS-0135,pkg:oss:wolfssl,wolfSSL,5.5.0,CVE-2022-42905;CVE-2023-3724
ICS-0135_keyence_kv-8000-plc-kv-7500_SBOM.json,ICS-0135,pkg:oss:lwip,lwIP,2.0.3,CVE-2020-22283;CVE-2020-22284;CVE-2020-22288
ICS-0136_fuji_micrex-sx-plc-np1pm-256e_SBOM.json,ICS-0136,pkg:oss:lwip,lwIP,2.1.2,CVE-2020-22283;CVE-2020-22285;CVE-2020-22286
ICS-0136_fuji_micrex-sx-plc-np1pm-256e_SBOM.json,ICS-0136,pkg:oss:treck-tcpip,Treck TCP/IP Stack,6.0.1.66,CVE-2020-11896;CVE-2020-11897;CVE-2020-11901
ICS-0136_fuji_micrex-sx-plc-np1pm-256e_SBOM.json,ICS-0136,pkg:oss:libmodbus,libmodbus,3.0.6,CVE-2019-14462;CVE-2019-14463
ICS-0136_fuji_micrex-sx-plc-np1pm-256e_SBOM.json,ICS-0136,pkg:oss:expat,Expat,2.2.10,CVE-2022-22822;CVE-2022-23852;CVE-2022-25235
ICS-0137_codesys_codesys-control-runtime-for-plcnext-sl_SBOM.json,ICS-0137,pkg:oss:net-snmp,Net-SNMP,5.8,CVE-2020-15861;CVE-2020-15862;CVE-2022-24805
ICS-0137_codesys_codesys-control-runtime-for-plcnext-sl_SBOM.json,ICS-0137,pkg:oss:ntp,NTP Daemon,4.2.8p10,CVE-2018-7182;CVE-2018-7183;CVE-2018-7184
ICS-0137_codesys_codesys-control-runtime-for-plcnext-sl_SBOM.json,ICS-0137,pkg:oss:codesys-rt,CODESYS Control Runtime System,3.5.18.20,CVE-2023-37559;CVE-2023-37560
ICS-0138_abb_rtu560-telecontrol-unit-560cmr01_SBOM.json,ICS-0138,pkg:oss:libxml2,libxml2,2.9.4,CVE-2016-9318;CVE-2017-5969;CVE-2018-14567
ICS-0138_abb_rtu560-telecontrol-unit-560cmr01_SBOM.json,ICS-0138,pkg:oss:linux-kernel,Linux Kernel,4.9.337,CVE-2019-11477;CVE-2021-33909;CVE-2022-0847
ICS-0138_abb_rtu560-telecontrol-unit-560cmr01_SBOM.json,ICS-0138,pkg:oss:mosquitto,Eclipse Mosquitto,1.5.8,CVE-2019-11779;CVE-2021-28166
ICS-0138_abb_rtu560-telecontrol-unit-560cmr01_SBOM.json,ICS-0138,pkg:oss:nginx,nginx,1.24.0,CVE-2023-44487
ICS-0138_abb_rtu560-telecontrol-unit-560cmr01_SBOM.json,ICS-0138,pkg:oss:sqlite,SQLite,3.41.2,CVE-2023-7104
ICS-0138_abb_rtu560-telecontrol-unit-560cmr01_SBOM.json,ICS-0138,pkg:oss:libcurl,libcurl,8.4.0,CVE-2023-46218;CVE-2024-2379
ICS-0138_abb_rtu560-telecontrol-unit-560cmr01_SBOM.json,ICS-0138,pkg:oss:busybox,BusyBox,1.35.0,CVE-2022-28391
ICS-0138_abb_rtu560-telecontrol-unit-560cmr01_SBOM.json,ICS-0138,pkg:oss:codesys-rt,CODESYS Control Runtime System,3.5.19.20,CVE-2023-3663;CVE-2023-3665
ICS-0139_schneider_scadapack-rtu-535e_SBOM.json,ICS-0139,pkg:oss:libcurl,libcurl,7.79.1,CVE-2022-22576;CVE-2022-27774;CVE-2022-32221
ICS-0139_schneider_scadapack-rtu-535e_SBOM.json,ICS-0139,pkg:oss:ntp,NTP Daemon,4.2.8p13,CVE-2019-8936;CVE-2020-11868
ICS-0139_schneider_scadapack-rtu-535e_SBOM.json,ICS-0139,pkg:oss:net-snmp,Net-SNMP,5.8,CVE-2020-15861;CVE-2020-15862;CVE-2022-24805
ICS-0139_schneider_scadapack-rtu-535e_SBOM.json,ICS-0139,pkg:oss:open62541,open62541 OPC UA Stack,1.2.2,CVE-2021-40206;CVE-2022-25761
ICS-0139_schneider_scadapack-rtu-535e_SBOM.json,ICS-0139,pkg:oss:codesys-rt,CODESYS Control Runtime System,3.5.17.0,CVE-2022-22515;CVE-2022-22517;CVE-2022-31802
ICS-0140_ge_d20-mx-substation-controller-d20eme_SBOM.json,ICS-0140,pkg:oss:dnsmasq,dnsmasq,2.82,CVE-2020-25681;CVE-2020-25684;CVE-2021-3448
ICS-0140_ge_d20-mx-substation-controller-d20eme_SBOM.json,ICS-0140,pkg:oss:musl,musl libc,1.1.24,CVE-2020-28928
ICS-0140_ge_d20-mx-substation-controller-d20eme_SBOM.json,ICS-0140,pkg:oss:open62541,open62541 OPC UA Stack,1.2.2,CVE-2021-40206;CVE-2022-25761
ICS-0141_siemens_sicam-a8000-rtu-cp-8031_SBOM.json,ICS-0141,pkg:oss:wpa-supplicant,wpa_supplicant,2.10,CVE-2023-52160
ICS-0141_siemens_sicam-a8000-rtu-cp-8031_SBOM.json,ICS-0141,pkg:oss:libssh2,libssh2,1.9.0,CVE-2019-17498;CVE-2020-22218
ICS-0141_siemens_sicam-a8000-rtu-cp-8031_SBOM.json,ICS-0141,pkg:oss:expat,Expat,2.2.0,CVE-2018-20843;CVE-2019-15903
ICS-0141_siemens_sicam-a8000-rtu-cp-8031_SBOM.json,ICS-0141,pkg:oss:libmodbus,libmodbus,3.1.4,CVE-2019-14462;CVE-2019-14463
ICS-0141_siemens_sicam-a8000-rtu-cp-8031_SBOM.json,ICS-0141,pkg:oss:libcurl,libcurl,8.4.0,CVE-2023-46218;CVE-2024-2379
ICS-0141_siemens_sicam-a8000-rtu-cp-8031_SBOM.json,ICS-0141,pkg:oss:lighttpd,lighttpd,1.4.55,CVE-2022-22707;CVE-2023-44487
ICS-0141_siemens_sicam-a8000-rtu-cp-8031_SBOM.json,ICS-0141,pkg:oss:dropbear,Dropbear SSH,2019.78,CVE-2018-15599;CVE-2020-36254
ICS-0142_hitachi-energy_rtu500-series-rtu520_SBOM.json,ICS-0142,pkg:oss:lwip,lwIP,2.1.2,CVE-2020-22283;CVE-2020-22285;CVE-2020-22286
ICS-0142_hitachi-energy_rtu500-series-rtu520_SBOM.json,ICS-0142,pkg:oss:zlib,zlib,1.2.11,CVE-2018-25032;CVE-2022-37434
ICS-0142_hitachi-energy_rtu500-series-rtu520_SBOM.json,ICS-0142,pkg:oss:openssl,OpenSSL,1.1.1k,CVE-2021-3711;CVE-2021-3712;CVE-2022-0778
ICS-0143_moxa_iopac-programmable-controller-8500-c-t_SBOM.json,ICS-0143,pkg:oss:openssl,OpenSSL,1.1.1k,CVE-2021-3711;CVE-2021-3712;CVE-2022-0778
ICS-0143_moxa_iopac-programmable-controller-8500-c-t_SBOM.json,ICS-0143,pkg:oss:libssh2,libssh2,1.9.0,CVE-2019-17498;CVE-2020-22218
ICS-0143_moxa_iopac-programmable-controller-8500-c-t_SBOM.json,ICS-0143,pkg:oss:net-snmp,Net-SNMP,5.7.3,CVE-2018-18065;CVE-2019-20892;CVE-2020-15862
ICS-0143_moxa_iopac-programmable-controller-8500-c-t_SBOM.json,ICS-0143,pkg:oss:nginx,nginx,1.24.0,CVE-2023-44487
ICS-0143_moxa_iopac-programmable-controller-8500-c-t_SBOM.json,ICS-0143,pkg:oss:codesys-rt,CODESYS Control Runtime System,3.5.17.0,CVE-2022-22515;CVE-2022-22517;CVE-2022-31802
ICS-0144_red-lion_data-station-plus-rtu-dspzr000_SBOM.json,ICS-0144,pkg:oss:libxml2,libxml2,2.9.4,CVE-2016-9318;CVE-2017-5969;CVE-2018-14567
ICS-0144_red-lion_data-station-plus-rtu-dspzr000_SBOM.json,ICS-0144,pkg:oss:openssl,OpenSSL,1.1.1k,CVE-2021-3711;CVE-2021-3712;CVE-2022-0778
ICS-0144_red-lion_data-station-plus-rtu-dspzr000_SBOM.json,ICS-0144,pkg:oss:openssh,OpenSSH,9.6p1,CVE-2024-6387
ICS-0144_red-lion_data-station-plus-rtu-dspzr000_SBOM.json,ICS-0144,pkg:oss:glibc,GNU C Library,2.35,CVE-2023-4911;CVE-2024-2961
ICS-0144_red-lion_data-station-plus-rtu-dspzr000_SBOM.json,ICS-0144,pkg:oss:dropbear,Dropbear SSH,2022.83,CVE-2023-48795
ICS-0144_red-lion_data-station-plus-rtu-dspzr000_SBOM.json,ICS-0144,pkg:oss:openvpn,OpenVPN,2.5.5,CVE-2022-0547;CVE-2023-46849;CVE-2023-46850
ICS-0144_red-lion_data-station-plus-rtu-dspzr000_SBOM.json,ICS-0144,pkg:oss:codesys-rt,CODESYS Control Runtime System,3.5.17.0,CVE-2022-22515;CVE-2022-22517;CVE-2022-31802
ICS-0145_sel_sel-451-protection-system-451-1_SBOM.json,ICS-0145,pkg:oss:wolfssl,wolfSSL,4.5.0,CVE-2021-3336;CVE-2021-24116
ICS-0145_sel_sel-451-protection-system-451-1_SBOM.json,ICS-0145,pkg:oss:mbedtls,Mbed TLS,2.16.3,CVE-2020-10932;CVE-2020-16150;CVE-2021-24119
ICS-0145_sel_sel-451-protection-system-451-1_SBOM.json,ICS-0145,pkg:oss:expat,Expat,2.2.0,CVE-2018-20843;CVE-2019-15903
ICS-0145_sel_sel-451-protection-system-451-1_SBOM.json,ICS-0145,pkg:oss:libmodbus,libmodbus,3.0.6,CVE-2019-14462;CVE-2019-14463
ICS-0145_sel_sel-451-protection-system-451-1_SBOM.json,ICS-0145,pkg:oss:lwip,lwIP,2.1.2,CVE-2020-22283;CVE-2020-22285;CVE-2020-22286
ICS-0146_sel_sel-3530-rtac-3530-4_SBOM.json,ICS-0146,pkg:oss:dropbear,Dropbear SSH,2022.83,CVE-2023-48795
ICS-0146_sel_sel-3530-rtac-3530-4_SBOM.json,ICS-0146,pkg:oss:mosquitto,Eclipse Mosquitto,2.0.15,CVE-2023-0809;CVE-2023-3592
ICS-0146_sel_sel-3530-rtac-3530-4_SBOM.json,ICS-0146,pkg:oss:libxml2,libxml2,2.9.10,CVE-2021-3517;CVE-2021-3518;CVE-2022-29824
ICS-0146_sel_sel-3530-rtac-3530-4_SBOM.json,ICS-0146,pkg:oss:wpa-supplicant,wpa_supplicant,2.10,CVE-2023-52160
ICS-0146_sel_sel-3530-rtac-3530-4_SBOM.json,ICS-0146,pkg:oss:linux-kernel,Linux Kernel,4.9.337,CVE-2019-11477;CVE-2021-33909;CVE-2022-0847
ICS-0147_hitachi-energy_ref615-feeder-protection-relay-ref620_SBOM.json,ICS-0147,pkg:oss:ntp,NTP Daemon,4.2.8p13,CVE-2019-8936;CVE-2020-11868
ICS-0147_hitachi-energy_ref615-feeder-protection-relay-ref620_SBOM.json,ICS-0147,pkg:oss:openssl,OpenSSL,1.0.2u,CVE-2021-23840;CVE-2021-3712
ICS-0147_hitachi-energy_ref615-feeder-protection-relay-ref620_SBOM.json,ICS-0147,pkg:oss:lwip,lwIP,2.1.2,CVE-2020-22283;CVE-2020-22285;CVE-2020-22286
ICS-0147_hitachi-energy_ref615-feeder-protection-relay-ref620_SBOM.json,ICS-0147,pkg:oss:treck-tcpip,Treck TCP/IP Stack,6.0.1.66,CVE-2020-11896;CVE-2020-11897;CVE-2020-11901
ICS-0147_hitachi-energy_ref615-feeder-protection-relay-ref620_SBOM.json,ICS-0147,pkg:oss:zlib,zlib,1.2.12,CVE-2022-37434
ICS-0147_hitachi-energy_ref615-feeder-protection-relay-ref620_SBOM.json,ICS-0147,pkg:oss:mbedtls,Mbed TLS,2.16.3,CVE-2020-10932;CVE-2020-16150;CVE-2021-24119
ICS-0148_siemens_siprotec-5-protection-relay-7sl86_SBOM.json,ICS-0148,pkg:oss:ntp,NTP Daemon,4.2.8p15,CVE-2023-26551
ICS-0148_siemens_siprotec-5-protection-relay-7sl86_SBOM.json,ICS-0148,pkg:oss:expat,Expat,2.2.10,CVE-2022-22822;CVE-2022-23852;CVE-2022-25235
ICS-0148_siemens_siprotec-5-protection-relay-7sl86_SBOM.json,ICS-0148,pkg:oss:treck-tcpip,Treck TCP/IP Stack,6.0.1.67,CVE-2020-11898;CVE-2020-11900
ICS-0149_ge_multilin-ur-relay-c60_SBOM.json,ICS-0149,pkg:oss:libmodbus,libmodbus,3.0.6,CVE-2019-14462;CVE-2019-14463
ICS-0149_ge_multilin-ur-relay-c60_SBOM.json,ICS-0149,pkg:oss:expat,Expat,2.4.1,CVE-2022-25236;CVE-2022-25315
ICS-0149_ge_multilin-ur-relay-c60_SBOM.json,ICS-0149,pkg:oss:lwip,lwIP,2.1.2,CVE-2020-22283;CVE-2020-22285;CVE-2020-22286
ICS-0149_ge_multilin-ur-relay-c60_SBOM.json,ICS-0149,pkg:oss:treck-tcpip,Treck TCP/IP Stack,6.0.1.67,CVE-2020-11898;CVE-2020-11900
ICS-0149_ge_multilin-ur-relay-c60_SBOM.json,ICS-0149,pkg:oss:wolfssl,wolfSSL,5.5.0,CVE-2022-42905;CVE-2023-3724
ICS-0149_ge_multilin-ur-relay-c60_SBOM.json,ICS-0149,pkg:oss:openssl,OpenSSL,1.1.1n,CVE-2022-1292;CVE-2022-2068;CVE-2022-4304
ICS-0150_schneider_easergy-p3-protection-relay-p3l30_SBOM.json,ICS-0150,pkg:oss:treck-tcpip,Treck TCP/IP Stack,6.0.1.67,CVE-2020-11898;CVE-2020-11900
ICS-0150_schneider_easergy-p3-protection-relay-p3l30_SBOM.json,ICS-0150,pkg:oss:zlib,zlib,1.2.11,CVE-2018-25032;CVE-2022-37434
ICS-0150_schneider_easergy-p3-protection-relay-p3l30_SBOM.json,ICS-0150,pkg:oss:expat,Expat,2.2.0,CVE-2018-20843;CVE-2019-15903
ICS-0150_schneider_easergy-p3-protection-relay-p3l30_SBOM.json,ICS-0150,pkg:oss:mbedtls,Mbed TLS,2.28.0,CVE-2022-35409;CVE-2023-43615
ICS-0150_schneider_easergy-p3-protection-relay-p3l30_SBOM.json,ICS-0150,pkg:oss:ntp,NTP Daemon,4.2.8p10,CVE-2018-7182;CVE-2018-7183;CVE-2018-7184
ICS-0151_nari_pcs-9611-feeder-protection-pcs-9705_SBOM.json,ICS-0151,pkg:oss:expat,Expat,2.2.10,CVE-2022-22822;CVE-2022-23852;CVE-2022-25235
ICS-0151_nari_pcs-9611-feeder-protection-pcs-9705_SBOM.json,ICS-0151,pkg:oss:mbedtls,Mbed TLS,3.4.0,CVE-2023-43615
ICS-0151_nari_pcs-9611-feeder-protection-pcs-9705_SBOM.json,ICS-0151,pkg:oss:openssl,OpenSSL,1.1.1g,CVE-2020-1971;CVE-2021-3450;CVE-2021-3711
ICS-0152_hd-hyundai_higen-protection-relay-hgr-200_SBOM.json,ICS-0152,pkg:oss:expat,Expat,2.2.10,CVE-2022-22822;CVE-2022-23852;CVE-2022-25235
ICS-0152_hd-hyundai_higen-protection-relay-hgr-200_SBOM.json,ICS-0152,pkg:oss:lwip,lwIP,2.0.3,CVE-2020-22283;CVE-2020-22284;CVE-2020-22288
ICS-0152_hd-hyundai_higen-protection-relay-hgr-200_SBOM.json,ICS-0152,pkg:oss:libmodbus,libmodbus,3.1.4,CVE-2019-14462;CVE-2019-14463
ICS-0152_hd-hyundai_higen-protection-relay-hgr-200_SBOM.json,ICS-0152,pkg:oss:treck-tcpip,Treck TCP/IP Stack,6.0.1.67,CVE-2020-11898;CVE-2020-11900
ICS-0153_siemens_simatic-hmi-comfort-panel-tp1500_SBOM.json,ICS-0153,pkg:oss:libxml2,libxml2,2.9.14,CVE-2022-40303;CVE-2022-40304;CVE-2023-28484
ICS-0153_siemens_simatic-hmi-comfort-panel-tp1500_SBOM.json,ICS-0153,pkg:oss:zlib,zlib,1.2.11,CVE-2018-25032;CVE-2022-37434
ICS-0153_siemens_simatic-hmi-comfort-panel-tp1500_SBOM.json,ICS-0153,pkg:oss:libcurl,libcurl,8.0.1,CVE-2023-27533;CVE-2023-27536;CVE-2023-38545
ICS-0153_siemens_simatic-hmi-comfort-panel-tp1500_SBOM.json,ICS-0153,pkg:oss:sqlserver-express,Microsoft SQL Server Express,2017 CU31,CVE-2022-29143;CVE-2023-21528
ICS-0153_siemens_simatic-hmi-comfort-panel-tp1500_SBOM.json,ICS-0153,pkg:oss:sqlite,SQLite,3.39.4,CVE-2022-46908;CVE-2023-7104
ICS-0154_rockwell_panelview-plus-terminal-7-performance-1500_SBOM.json,ICS-0154,pkg:oss:libxml2,libxml2,2.10.4,CVE-2023-45322
ICS-0154_rockwell_panelview-plus-terminal-7-performance-1500_SBOM.json,ICS-0154,pkg:oss:dotnet,Microsoft .NET Framework,4.6.2,CVE-2018-8421;CVE-2019-0545;CVE-2020-1147
ICS-0154_rockwell_panelview-plus-terminal-7-performance-1500_SBOM.json,ICS-0154,pkg:oss:sqlite,SQLite,3.31.1,CVE-2020-13434;CVE-2020-13630;CVE-2021-20227
ICS-0154_rockwell_panelview-plus-terminal-7-performance-1500_SBOM.json,ICS-0154,pkg:oss:libcurl,libcurl,7.64.0,CVE-2019-5481;CVE-2019-5482;CVE-2020-8177
ICS-0154_rockwell_panelview-plus-terminal-7-performance-1500_SBOM.json,ICS-0154,pkg:oss:openssl,OpenSSL,1.0.2k,CVE-2017-3731;CVE-2017-3732;CVE-2016-7055
ICS-0154_rockwell_panelview-plus-terminal-7-performance-1500_SBOM.json,ICS-0154,pkg:oss:expat,Expat,2.5.0,CVE-2023-52425
ICS-0155_schneider_magelis-gtu-hmi-hmidt551_SBOM.json,ICS-0155,pkg:oss:busybox,BusyBox,1.30.1,CVE-2021-42374;CVE-2021-42378;CVE-2021-42386
ICS-0155_schneider_magelis-gtu-hmi-hmidt551_SBOM.json,ICS-0155,pkg:oss:mosquitto,Eclipse Mosquitto,2.0.11,CVE-2021-34431;CVE-2021-41039;CVE-2023-0809
ICS-0155_schneider_magelis-gtu-hmi-hmidt551_SBOM.json,ICS-0155,pkg:oss:linux-kernel,Linux Kernel,5.10.220,CVE-2024-1086
ICS-0155_schneider_magelis-gtu-hmi-hmidt551_SBOM.json,ICS-0155,pkg:oss:openssl,OpenSSL,1.1.1k,CVE-2021-3711;CVE-2021-3712;CVE-2022-0778
ICS-0155_schneider_magelis-gtu-hmi-hmidt551_SBOM.json,ICS-0155,pkg:oss:libpcap,libpcap,1.8.1,CVE-2018-16301;CVE-2019-15165
ICS-0156_mitsubishi_got2000-graphic-terminal-gt2510-vtba_SBOM.json,ICS-0156,pkg:oss:lwip,lwIP,2.0.3,CVE-2020-22283;CVE-2020-22284;CVE-2020-22288
ICS-0156_mitsubishi_got2000-graphic-terminal-gt2510-vtba_SBOM.json,ICS-0156,pkg:oss:mbedtls,Mbed TLS,2.28.0,CVE-2022-35409;CVE-2023-43615
ICS-0156_mitsubishi_got2000-graphic-terminal-gt2510-vtba_SBOM.json,ICS-0156,pkg:oss:zlib,zlib,1.2.11,CVE-2018-25032;CVE-2022-37434
ICS-0156_mitsubishi_got2000-graphic-terminal-gt2510-vtba_SBOM.json,ICS-0156,pkg:oss:wolfssl,wolfSSL,4.5.0,CVE-2021-3336;CVE-2021-24116
ICS-0156_mitsubishi_got2000-graphic-terminal-gt2510-vtba_SBOM.json,ICS-0156,pkg:oss:ntp,NTP Daemon,4.2.8p15,CVE-2023-26551
ICS-0156_mitsubishi_got2000-graphic-terminal-gt2510-vtba_SBOM.json,ICS-0156,pkg:oss:openssl,OpenSSL,3.0.7,CVE-2023-0286;CVE-2023-0215;CVE-2022-4304
ICS-0156_mitsubishi_got2000-graphic-terminal-gt2510-vtba_SBOM.json,ICS-0156,pkg:oss:libmodbus,libmodbus,3.0.6,CVE-2019-14462;CVE-2019-14463
ICS-0156_mitsubishi_got2000-graphic-terminal-gt2510-vtba_SBOM.json,ICS-0156,pkg:oss:treck-tcpip,Treck TCP/IP Stack,6.0.1.66,CVE-2020-11896;CVE-2020-11897;CVE-2020-11901
ICS-0157_advantech_webop-operator-panel-wop-3070t_SBOM.json,ICS-0157,pkg:oss:expat,Expat,2.2.10,CVE-2022-22822;CVE-2022-23852;CVE-2022-25235
ICS-0157_advantech_webop-operator-panel-wop-3070t_SBOM.json,ICS-0157,pkg:oss:libpcap,libpcap,1.8.1,CVE-2018-16301;CVE-2019-15165
ICS-0157_advantech_webop-operator-panel-wop-3070t_SBOM.json,ICS-0157,pkg:oss:net-snmp,Net-SNMP,5.8,CVE-2020-15861;CVE-2020-15862;CVE-2022-24805
ICS-0157_advantech_webop-operator-panel-wop-3070t_SBOM.json,ICS-0157,pkg:oss:linux-kernel,Linux Kernel,3.10.108,CVE-2017-1000112;CVE-2018-5333;CVE-2019-11477
ICS-0157_advantech_webop-operator-panel-wop-3070t_SBOM.json,ICS-0157,pkg:oss:openssl,OpenSSL,1.1.1g,CVE-2020-1971;CVE-2021-3450;CVE-2021-3711
ICS-0157_advantech_webop-operator-panel-wop-3070t_SBOM.json,ICS-0157,pkg:oss:sqlite,SQLite,3.41.2,CVE-2023-7104
ICS-0157_advantech_webop-operator-panel-wop-3070t_SBOM.json,ICS-0157,pkg:oss:nginx,nginx,1.14.2,CVE-2019-9511;CVE-2019-9513;CVE-2019-20372
ICS-0158_delta_dop-100-hmi-dop-110cs_SBOM.json,ICS-0158,pkg:oss:libmodbus,libmodbus,3.0.6,CVE-2019-14462;CVE-2019-14463
ICS-0158_delta_dop-100-hmi-dop-110cs_SBOM.json,ICS-0158,pkg:oss:treck-tcpip,Treck TCP/IP Stack,6.0.1.67,CVE-2020-11898;CVE-2020-11900
ICS-0158_delta_dop-100-hmi-dop-110cs_SBOM.json,ICS-0158,pkg:oss:mbedtls,Mbed TLS,2.16.3,CVE-2020-10932;CVE-2020-16150;CVE-2021-24119
ICS-0158_delta_dop-100-hmi-dop-110cs_SBOM.json,ICS-0158,pkg:oss:ntp,NTP Daemon,4.2.8p13,CVE-2019-8936;CVE-2020-11868
ICS-0158_delta_dop-100-hmi-dop-110cs_SBOM.json,ICS-0158,pkg:oss:expat,Expat,2.4.1,CVE-2022-25236;CVE-2022-25315
ICS-0159_omron_na-series-hmi-na5-9w_SBOM.json,ICS-0159,pkg:oss:openssl,OpenSSL,1.1.1n,CVE-2022-1292;CVE-2022-2068;CVE-2022-4304
ICS-0159_omron_na-series-hmi-na5-9w_SBOM.json,ICS-0159,pkg:oss:expat,Expat,2.5.0,CVE-2023-52425
ICS-0159_omron_na-series-hmi-na5-9w_SBOM.json,ICS-0159,pkg:oss:libcurl,libcurl,7.29.0,CVE-2016-8615;CVE-2018-1000120;CVE-2019-5482
ICS-0159_omron_na-series-hmi-na5-9w_SBOM.json,ICS-0159,pkg:oss:sqlite,SQLite,3.31.1,CVE-2020-13434;CVE-2020-13630;CVE-2021-20227
ICS-0160_pilz_pmi-operator-terminal-pmi-v812_SBOM.json,ICS-0160,pkg:oss:libssh2,libssh2,1.8.0,CVE-2019-3855;CVE-2019-3856;CVE-2019-3858
ICS-0160_pilz_pmi-operator-terminal-pmi-v812_SBOM.json,ICS-0160,pkg:oss:nginx,nginx,1.24.0,CVE-2023-44487
ICS-0160_pilz_pmi-operator-terminal-pmi-v812_SBOM.json,ICS-0160,pkg:oss:openvpn,OpenVPN,2.4.7,CVE-2020-11810;CVE-2020-15078
ICS-0160_pilz_pmi-operator-terminal-pmi-v812_SBOM.json,ICS-0160,pkg:oss:openssh,OpenSSH,9.3p1,CVE-2023-38408;CVE-2023-48795;CVE-2024-6387
ICS-0160_pilz_pmi-operator-terminal-pmi-v812_SBOM.json,ICS-0160,pkg:oss:libmodbus,libmodbus,3.1.4,CVE-2019-14462;CVE-2019-14463
ICS-0160_pilz_pmi-operator-terminal-pmi-v812_SBOM.json,ICS-0160,pkg:oss:busybox,BusyBox,1.35.0,CVE-2022-28391
ICS-0160_pilz_pmi-operator-terminal-pmi-v812_SBOM.json,ICS-0160,pkg:oss:open62541,open62541 OPC UA Stack,1.2.2,CVE-2021-40206;CVE-2022-25761
ICS-0161_aveva_aveva-plant-scada-2023_SBOM.json,ICS-0161,pkg:oss:libcurl,libcurl,7.79.1,CVE-2022-22576;CVE-2022-27774;CVE-2022-32221
ICS-0161_aveva_aveva-plant-scada-2023_SBOM.json,ICS-0161,pkg:oss:sqlserver-express,Microsoft SQL Server Express,2017 CU31,CVE-2022-29143;CVE-2023-21528
ICS-0161_aveva_aveva-plant-scada-2023_SBOM.json,ICS-0161,pkg:oss:libxml2,libxml2,2.9.10,CVE-2021-3517;CVE-2021-3518;CVE-2022-29824
ICS-0162_inductive_ignition-scada-platform-8-1-edge_SBOM.json,ICS-0162,pkg:oss:tomcat,Apache Tomcat,8.5.63,CVE-2021-25122;CVE-2021-30640;CVE-2021-41079
ICS-0162_inductive_ignition-scada-platform-8-1-edge_SBOM.json,ICS-0162,pkg:oss:zlib,zlib,1.2.11,CVE-2018-25032;CVE-2022-37434
ICS-0162_inductive_ignition-scada-platform-8-1-edge_SBOM.json,ICS-0162,pkg:oss:spring,Spring Framework,5.3.25,CVE-2023-20860;CVE-2023-20861
ICS-0163_copadata_zenon-supervisor-11_SBOM.json,ICS-0163,pkg:oss:dotnet,Microsoft .NET Framework,4.7.2,CVE-2020-1147;CVE-2021-24112;CVE-2021-26701
ICS-0163_copadata_zenon-supervisor-11_SBOM.json,ICS-0163,pkg:oss:sqlserver-express,Microsoft SQL Server Express,2016 SP2,CVE-2019-1068;CVE-2020-0618
ICS-0163_copadata_zenon-supervisor-11_SBOM.json,ICS-0163,pkg:oss:openssl,OpenSSL,3.0.7,CVE-2023-0286;CVE-2023-0215;CVE-2022-4304
ICS-0163_copadata_zenon-supervisor-11_SBOM.json,ICS-0163,pkg:oss:libxml2,libxml2,2.9.14,CVE-2022-40303;CVE-2022-40304;CVE-2023-28484
ICS-0163_copadata_zenon-supervisor-11_SBOM.json,ICS-0163,pkg:oss:expat,Expat,2.5.0,CVE-2023-52425
ICS-0163_copadata_zenon-supervisor-11_SBOM.json,ICS-0163,pkg:oss:libcurl,libcurl,7.29.0,CVE-2016-8615;CVE-2018-1000120;CVE-2019-5482
ICS-0163_copadata_zenon-supervisor-11_SBOM.json,ICS-0163,pkg:oss:zlib,zlib,1.2.8,CVE-2016-9840;CVE-2016-9841;CVE-2018-25032
ICS-0164_siemens_simatic-wincc-v8-0_SBOM.json,ICS-0164,pkg:oss:expat,Expat,2.5.0,CVE-2023-52425
ICS-0164_siemens_simatic-wincc-v8-0_SBOM.json,ICS-0164,pkg:oss:dotnet,Microsoft .NET Framework,4.8,CVE-2021-26701;CVE-2023-21808
ICS-0164_siemens_simatic-wincc-v8-0_SBOM.json,ICS-0164,pkg:oss:sqlite,SQLite,3.41.2,CVE-2023-7104
ICS-0164_siemens_simatic-wincc-v8-0_SBOM.json,ICS-0164,pkg:oss:libxml2,libxml2,2.9.4,CVE-2016-9318;CVE-2017-5969;CVE-2018-14567
ICS-0165_ge_cimplicity-hmi-scada-2022_SBOM.json,ICS-0165,pkg:oss:sqlserver-express,Microsoft SQL Server Express,2017 CU31,CVE-2022-29143;CVE-2023-21528
ICS-0165_ge_cimplicity-hmi-scada-2022_SBOM.json,ICS-0165,pkg:oss:sqlite,SQLite,3.31.1,CVE-2020-13434;CVE-2020-13630;CVE-2021-20227
ICS-0165_ge_cimplicity-hmi-scada-2022_SBOM.json,ICS-0165,pkg:oss:openssl,OpenSSL,1.0.2u,CVE-2021-23840;CVE-2021-3712
ICS-0165_ge_cimplicity-hmi-scada-2022_SBOM.json,ICS-0165,pkg:oss:dotnet,Microsoft .NET Framework,4.6.2,CVE-2018-8421;CVE-2019-0545;CVE-2020-1147
ICS-0165_ge_cimplicity-hmi-scada-2022_SBOM.json,ICS-0165,pkg:oss:expat,Expat,2.2.0,CVE-2018-20843;CVE-2019-15903
ICS-0166_schneider_ecostruxure-geo-scada-expert-2022_SBOM.json,ICS-0166,pkg:oss:expat,Expat,2.2.10,CVE-2022-22822;CVE-2022-23852;CVE-2022-25235
ICS-0166_schneider_ecostruxure-geo-scada-expert-2022_SBOM.json,ICS-0166,pkg:oss:sqlserver-express,Microsoft SQL Server Express,2016 SP2,CVE-2019-1068;CVE-2020-0618
ICS-0166_schneider_ecostruxure-geo-scada-expert-2022_SBOM.json,ICS-0166,pkg:oss:libcurl,libcurl,7.29.0,CVE-2016-8615;CVE-2018-1000120;CVE-2019-5482
ICS-0166_schneider_ecostruxure-geo-scada-expert-2022_SBOM.json,ICS-0166,pkg:oss:libxml2,libxml2,2.9.14,CVE-2022-40303;CVE-2022-40304;CVE-2023-28484
ICS-0166_schneider_ecostruxure-geo-scada-expert-2022_SBOM.json,ICS-0166,pkg:oss:dotnet,Microsoft .NET Framework,4.8,CVE-2021-26701;CVE-2023-21808
ICS-0166_schneider_ecostruxure-geo-scada-expert-2022_SBOM.json,ICS-0166,pkg:oss:openssl,OpenSSL,1.0.2k,CVE-2017-3731;CVE-2017-3732;CVE-2016-7055
ICS-0167_rockwell_factorytalk-view-se-13-00_SBOM.json,ICS-0167,pkg:oss:libxml2,libxml2,2.9.10,CVE-2021-3517;CVE-2021-3518;CVE-2022-29824
ICS-0167_rockwell_factorytalk-view-se-13-00_SBOM.json,ICS-0167,pkg:oss:zlib,zlib,1.2.8,CVE-2016-9840;CVE-2016-9841;CVE-2018-25032
ICS-0167_rockwell_factorytalk-view-se-13-00_SBOM.json,ICS-0167,pkg:oss:sqlite,SQLite,3.22.0,CVE-2018-8740;CVE-2019-8457;CVE-2020-11655
ICS-0167_rockwell_factorytalk-view-se-13-00_SBOM.json,ICS-0167,pkg:oss:sqlserver-express,Microsoft SQL Server Express,2017 CU31,CVE-2022-29143;CVE-2023-21528
ICS-0168_aveva_aveva-historian-2023_SBOM.json,ICS-0168,pkg:oss:dotnet,Microsoft .NET Framework,4.7.2,CVE-2020-1147;CVE-2021-24112;CVE-2021-26701
ICS-0168_aveva_aveva-historian-2023_SBOM.json,ICS-0168,pkg:oss:libxml2,libxml2,2.9.10,CVE-2021-3517;CVE-2021-3518;CVE-2022-29824
ICS-0168_aveva_aveva-historian-2023_SBOM.json,ICS-0168,pkg:oss:openssl,OpenSSL,1.1.1k,CVE-2021-3711;CVE-2021-3712;CVE-2022-0778
ICS-0169_ge_proficy-historian-2023_SBOM.json,ICS-0169,pkg:oss:libcurl,libcurl,8.0.1,CVE-2023-27533;CVE-2023-27536;CVE-2023-38545
ICS-0169_ge_proficy-historian-2023_SBOM.json,ICS-0169,pkg:oss:libxml2,libxml2,2.10.4,CVE-2023-45322
ICS-0169_ge_proficy-historian-2023_SBOM.json,ICS-0169,pkg:oss:sqlserver-express,Microsoft SQL Server Express,2019 CU22,CVE-2023-21528
ICS-0169_ge_proficy-historian-2023_SBOM.json,ICS-0169,pkg:oss:sqlite,SQLite,3.31.1,CVE-2020-13434;CVE-2020-13630;CVE-2021-20227
ICS-0170_honeywell_uniformance-phd-historian-r400_SBOM.json,ICS-0170,pkg:oss:expat,Expat,2.5.0,CVE-2023-52425
ICS-0170_honeywell_uniformance-phd-historian-r400_SBOM.json,ICS-0170,pkg:oss:sqlite,SQLite,3.22.0,CVE-2018-8740;CVE-2019-8457;CVE-2020-11655
ICS-0170_honeywell_uniformance-phd-historian-r400_SBOM.json,ICS-0170,pkg:oss:sqlserver-express,Microsoft SQL Server Express,2019 CU22,CVE-2023-21528
ICS-0171_emerson_deltav-continuous-historian-14-lts_SBOM.json,ICS-0171,pkg:oss:sqlite,SQLite,3.22.0,CVE-2018-8740;CVE-2019-8457;CVE-2020-11655
ICS-0171_emerson_deltav-continuous-historian-14-lts_SBOM.json,ICS-0171,pkg:oss:zlib,zlib,1.2.11,CVE-2018-25032;CVE-2022-37434
ICS-0171_emerson_deltav-continuous-historian-14-lts_SBOM.json,ICS-0171,pkg:oss:expat,Expat,2.5.0,CVE-2023-52425
ICS-0171_emerson_deltav-continuous-historian-14-lts_SBOM.json,ICS-0171,pkg:oss:openssl,OpenSSL,1.0.2k,CVE-2017-3731;CVE-2017-3732;CVE-2016-7055
ICS-0172_yokogawa_exaquantum-plant-information-system-r3-15_SBOM.json,ICS-0172,pkg:oss:openssl,OpenSSL,1.0.2u,CVE-2021-23840;CVE-2021-3712
ICS-0172_yokogawa_exaquantum-plant-information-system-r3-15_SBOM.json,ICS-0172,pkg:oss:libxml2,libxml2,2.9.4,CVE-2016-9318;CVE-2017-5969;CVE-2018-14567
ICS-0172_yokogawa_exaquantum-plant-information-system-r3-15_SBOM.json,ICS-0172,pkg:oss:zlib,zlib,1.2.8,CVE-2016-9840;CVE-2016-9841;CVE-2018-25032
ICS-0172_yokogawa_exaquantum-plant-information-system-r3-15_SBOM.json,ICS-0172,pkg:oss:dotnet,Microsoft .NET Framework,4.6.2,CVE-2018-8421;CVE-2019-0545;CVE-2020-1147
ICS-0173_siemens_tia-portal-engineering-suite-v18_SBOM.json,ICS-0173,pkg:oss:sqlite,SQLite,3.39.4,CVE-2022-46908;CVE-2023-7104
ICS-0173_siemens_tia-portal-engineering-suite-v18_SBOM.json,ICS-0173,pkg:oss:libcurl,libcurl,7.79.1,CVE-2022-22576;CVE-2022-27774;CVE-2022-32221
ICS-0173_siemens_tia-portal-engineering-suite-v18_SBOM.json,ICS-0173,pkg:oss:sqlserver-express,Microsoft SQL Server Express,2019 CU22,CVE-2023-21528
ICS-0173_siemens_tia-portal-engineering-suite-v18_SBOM.json,ICS-0173,pkg:oss:libxml2,libxml2,2.10.4,CVE-2023-45322
ICS-0173_siemens_tia-portal-engineering-suite-v18_SBOM.json,ICS-0173,pkg:oss:openssl,OpenSSL,1.1.1g,CVE-2020-1971;CVE-2021-3450;CVE-2021-3711
ICS-0174_rockwell_studio-5000-logix-designer-33-00_SBOM.json,ICS-0174,pkg:oss:openssl,OpenSSL,1.1.1g,CVE-2020-1971;CVE-2021-3450;CVE-2021-3711
ICS-0174_rockwell_studio-5000-logix-designer-33-00_SBOM.json,ICS-0174,pkg:oss:libcurl,libcurl,8.0.1,CVE-2023-27533;CVE-2023-27536;CVE-2023-38545
ICS-0174_rockwell_studio-5000-logix-designer-33-00_SBOM.json,ICS-0174,pkg:oss:expat,Expat,2.4.1,CVE-2022-25236;CVE-2022-25315
ICS-0174_rockwell_studio-5000-logix-designer-33-00_SBOM.json,ICS-0174,pkg:oss:zlib,zlib,1.2.8,CVE-2016-9840;CVE-2016-9841;CVE-2018-25032
ICS-0175_schneider_ecostruxure-control-expert-v16-0_SBOM.json,ICS-0175,pkg:oss:openssl,OpenSSL,1.1.1k,CVE-2021-3711;CVE-2021-3712;CVE-2022-0778
ICS-0175_schneider_ecostruxure-control-expert-v16-0_SBOM.json,ICS-0175,pkg:oss:sqlite,SQLite,3.39.4,CVE-2022-46908;CVE-2023-7104
ICS-0175_schneider_ecostruxure-control-expert-v16-0_SBOM.json,ICS-0175,pkg:oss:dotnet,Microsoft .NET Framework,4.7.2,CVE-2020-1147;CVE-2021-24112;CVE-2021-26701
ICS-0175_schneider_ecostruxure-control-expert-v16-0_SBOM.json,ICS-0175,pkg:oss:sqlserver-express,Microsoft SQL Server Express,2016 SP2,CVE-2019-1068;CVE-2020-0618
ICS-0175_schneider_ecostruxure-control-expert-v16-0_SBOM.json,ICS-0175,pkg:oss:libcurl,libcurl,7.64.0,CVE-2019-5481;CVE-2019-5482;CVE-2020-8177
ICS-0175_schneider_ecostruxure-control-expert-v16-0_SBOM.json,ICS-0175,pkg:oss:expat,Expat,2.2.10,CVE-2022-22822;CVE-2022-23852;CVE-2022-25235
ICS-0175_schneider_ecostruxure-control-expert-v16-0_SBOM.json,ICS-0175,pkg:oss:codesys-rt,CODESYS Control Runtime System,3.5.18.20,CVE-2023-37559;CVE-2023-37560
ICS-0176_mitsubishi_gx-works3-engineering-tool-1-090u_SBOM.json,ICS-0176,pkg:oss:libcurl,libcurl,8.0.1,CVE-2023-27533;CVE-2023-27536;CVE-2023-38545
ICS-0176_mitsubishi_gx-works3-engineering-tool-1-090u_SBOM.json,ICS-0176,pkg:oss:libxml2,libxml2,2.10.4,CVE-2023-45322
ICS-0176_mitsubishi_gx-works3-engineering-tool-1-090u_SBOM.json,ICS-0176,pkg:oss:sqlserver-express,Microsoft SQL Server Express,2019 CU22,CVE-2023-21528
ICS-0176_mitsubishi_gx-works3-engineering-tool-1-090u_SBOM.json,ICS-0176,pkg:oss:zlib,zlib,1.2.12,CVE-2022-37434
ICS-0177_codesys_codesys-development-system-v3-5-sp18_SBOM.json,ICS-0177,pkg:oss:openssl,OpenSSL,1.1.1g,CVE-2020-1971;CVE-2021-3450;CVE-2021-3711
ICS-0177_codesys_codesys-development-system-v3-5-sp18_SBOM.json,ICS-0177,pkg:oss:zlib,zlib,1.2.8,CVE-2016-9840;CVE-2016-9841;CVE-2018-25032
ICS-0177_codesys_codesys-development-system-v3-5-sp18_SBOM.json,ICS-0177,pkg:oss:libxml2,libxml2,2.9.10,CVE-2021-3517;CVE-2021-3518;CVE-2022-29824
ICS-0177_codesys_codesys-development-system-v3-5-sp18_SBOM.json,ICS-0177,pkg:oss:dotnet,Microsoft .NET Framework,4.6.2,CVE-2018-8421;CVE-2019-0545;CVE-2020-1147
ICS-0177_codesys_codesys-development-system-v3-5-sp18_SBOM.json,ICS-0177,pkg:oss:sqlserver-express,Microsoft SQL Server Express,2019 CU22,CVE-2023-21528
ICS-0177_codesys_codesys-development-system-v3-5-sp18_SBOM.json,ICS-0177,pkg:oss:libcurl,libcurl,8.4.0,CVE-2023-46218;CVE-2024-2379
ICS-0177_codesys_codesys-development-system-v3-5-sp18_SBOM.json,ICS-0177,pkg:oss:expat,Expat,2.5.0,CVE-2023-52425
ICS-0177_codesys_codesys-development-system-v3-5-sp18_SBOM.json,ICS-0177,pkg:oss:codesys-rt,CODESYS Control Runtime System,3.5.18.20,CVE-2023-37559;CVE-2023-37560
ICS-0178_abb_automation-builder-2-6_SBOM.json,ICS-0178,pkg:oss:libcurl,libcurl,7.29.0,CVE-2016-8615;CVE-2018-1000120;CVE-2019-5482
ICS-0178_abb_automation-builder-2-6_SBOM.json,ICS-0178,pkg:oss:zlib,zlib,1.2.11,CVE-2018-25032;CVE-2022-37434
ICS-0178_abb_automation-builder-2-6_SBOM.json,ICS-0178,pkg:oss:sqlite,SQLite,3.39.4,CVE-2022-46908;CVE-2023-7104
ICS-0178_abb_automation-builder-2-6_SBOM.json,ICS-0178,pkg:oss:dotnet,Microsoft .NET Framework,4.6.2,CVE-2018-8421;CVE-2019-0545;CVE-2020-1147
ICS-0178_abb_automation-builder-2-6_SBOM.json,ICS-0178,pkg:oss:codesys-rt,CODESYS Control Runtime System,3.5.18.20,CVE-2023-37559;CVE-2023-37560
ICS-0179_emerson_deltav-md-plus-controller-sx_SBOM.json,ICS-0179,pkg:oss:openssl,OpenSSL,1.0.2u,CVE-2021-23840;CVE-2021-3712
ICS-0179_emerson_deltav-md-plus-controller-sx_SBOM.json,ICS-0179,pkg:oss:libxml2,libxml2,2.9.14,CVE-2022-40303;CVE-2022-40304;CVE-2023-28484
ICS-0179_emerson_deltav-md-plus-controller-sx_SBOM.json,ICS-0179,pkg:oss:sqlite,SQLite,3.41.2,CVE-2023-7104
ICS-0179_emerson_deltav-md-plus-controller-sx_SBOM.json,ICS-0179,pkg:oss:ipnet,Interpeak IPnet TCP/IP Stack,7.0,CVE-2019-12258;CVE-2019-12259;CVE-2019-12262
ICS-0179_emerson_deltav-md-plus-controller-sx_SBOM.json,ICS-0179,pkg:oss:net-snmp,Net-SNMP,5.7.3,CVE-2018-18065;CVE-2019-20892;CVE-2020-15862
ICS-0179_emerson_deltav-md-plus-controller-sx_SBOM.json,ICS-0179,pkg:oss:libcurl,libcurl,7.29.0,CVE-2016-8615;CVE-2018-1000120;CVE-2019-5482
ICS-0179_emerson_deltav-md-plus-controller-sx_SBOM.json,ICS-0179,pkg:oss:expat,Expat,2.2.10,CVE-2022-22822;CVE-2022-23852;CVE-2022-25235
ICS-0179_emerson_deltav-md-plus-controller-sx_SBOM.json,ICS-0179,pkg:oss:open62541,open62541 OPC UA Stack,1.3.6,CVE-2023-31048
ICS-0180_honeywell_experion-c300-controller-c200e_SBOM.json,ICS-0180,pkg:oss:libcurl,libcurl,7.64.0,CVE-2019-5481;CVE-2019-5482;CVE-2020-8177
ICS-0180_honeywell_experion-c300-controller-c200e_SBOM.json,ICS-0180,pkg:oss:sqlite,SQLite,3.22.0,CVE-2018-8740;CVE-2019-8457;CVE-2020-11655
ICS-0180_honeywell_experion-c300-controller-c200e_SBOM.json,ICS-0180,pkg:oss:expat,Expat,2.5.0,CVE-2023-52425
ICS-0180_honeywell_experion-c300-controller-c200e_SBOM.json,ICS-0180,pkg:oss:ntp,NTP Daemon,4.2.8p13,CVE-2019-8936;CVE-2020-11868
ICS-0180_honeywell_experion-c300-controller-c200e_SBOM.json,ICS-0180,pkg:oss:libxml2,libxml2,2.9.14,CVE-2022-40303;CVE-2022-40304;CVE-2023-28484
ICS-0180_honeywell_experion-c300-controller-c200e_SBOM.json,ICS-0180,pkg:oss:ipnet,Interpeak IPnet TCP/IP Stack,7.0,CVE-2019-12258;CVE-2019-12259;CVE-2019-12262
ICS-0180_honeywell_experion-c300-controller-c200e_SBOM.json,ICS-0180,pkg:oss:zlib,zlib,1.2.8,CVE-2016-9840;CVE-2016-9841;CVE-2018-25032
ICS-0181_yokogawa_centum-vp-field-control-station-afv10d_SBOM.json,ICS-0181,pkg:oss:zlib,zlib,1.2.11,CVE-2018-25032;CVE-2022-37434
ICS-0181_yokogawa_centum-vp-field-control-station-afv10d_SBOM.json,ICS-0181,pkg:oss:ntp,NTP Daemon,4.2.8p10,CVE-2018-7182;CVE-2018-7183;CVE-2018-7184
ICS-0181_yokogawa_centum-vp-field-control-station-afv10d_SBOM.json,ICS-0181,pkg:oss:lwip,lwIP,1.4.1,CVE-2014-1912;CVE-2020-22283;CVE-2020-22284
ICS-0181_yokogawa_centum-vp-field-control-station-afv10d_SBOM.json,ICS-0181,pkg:oss:treck-tcpip,Treck TCP/IP Stack,6.0.1.66,CVE-2020-11896;CVE-2020-11897;CVE-2020-11901
ICS-0182_abb_ac-800m-controller-pm891_SBOM.json,ICS-0182,pkg:oss:open62541,open62541 OPC UA Stack,1.3.6,CVE-2023-31048
ICS-0182_abb_ac-800m-controller-pm891_SBOM.json,ICS-0182,pkg:oss:sqlite,SQLite,3.39.4,CVE-2022-46908;CVE-2023-7104
ICS-0182_abb_ac-800m-controller-pm891_SBOM.json,ICS-0182,pkg:oss:ntp,NTP Daemon,4.2.8p13,CVE-2019-8936;CVE-2020-11868
ICS-0182_abb_ac-800m-controller-pm891_SBOM.json,ICS-0182,pkg:oss:ipnet,Interpeak IPnet TCP/IP Stack,7.0,CVE-2019-12258;CVE-2019-12259;CVE-2019-12262
ICS-0182_abb_ac-800m-controller-pm891_SBOM.json,ICS-0182,pkg:oss:libcurl,libcurl,7.29.0,CVE-2016-8615;CVE-2018-1000120;CVE-2019-5482
ICS-0182_abb_ac-800m-controller-pm891_SBOM.json,ICS-0182,pkg:oss:expat,Expat,2.2.10,CVE-2022-22822;CVE-2022-23852;CVE-2022-25235
ICS-0182_abb_ac-800m-controller-pm891_SBOM.json,ICS-0182,pkg:oss:libxml2,libxml2,2.9.14,CVE-2022-40303;CVE-2022-40304;CVE-2023-28484
ICS-0183_siemens_simatic-pcs-7-as-controller-as-417-4_SBOM.json,ICS-0183,pkg:oss:ntp,NTP Daemon,4.2.8p10,CVE-2018-7182;CVE-2018-7183;CVE-2018-7184
ICS-0183_siemens_simatic-pcs-7-as-controller-as-417-4_SBOM.json,ICS-0183,pkg:oss:openssl,OpenSSL,1.0.2k,CVE-2017-3731;CVE-2017-3732;CVE-2016-7055
ICS-0183_siemens_simatic-pcs-7-as-controller-as-417-4_SBOM.json,ICS-0183,pkg:oss:zlib,zlib,1.2.11,CVE-2018-25032;CVE-2022-37434
ICS-0183_siemens_simatic-pcs-7-as-controller-as-417-4_SBOM.json,ICS-0183,pkg:oss:lwip,lwIP,2.1.2,CVE-2020-22283;CVE-2020-22285;CVE-2020-22286
ICS-0184_hitachi-energy_symphony-plus-hpc800-brc410_SBOM.json,ICS-0184,pkg:oss:sqlite,SQLite,3.39.4,CVE-2022-46908;CVE-2023-7104
ICS-0184_hitachi-energy_symphony-plus-hpc800-brc410_SBOM.json,ICS-0184,pkg:oss:libmodbus,libmodbus,3.1.4,CVE-2019-14462;CVE-2019-14463
ICS-0184_hitachi-energy_symphony-plus-hpc800-brc410_SBOM.json,ICS-0184,pkg:oss:libxml2,libxml2,2.9.10,CVE-2021-3517;CVE-2021-3518;CVE-2022-29824
ICS-0184_hitachi-energy_symphony-plus-hpc800-brc410_SBOM.json,ICS-0184,pkg:oss:libcurl,libcurl,8.4.0,CVE-2023-46218;CVE-2024-2379
ICS-0184_hitachi-energy_symphony-plus-hpc800-brc410_SBOM.json,ICS-0184,pkg:oss:ntp,NTP Daemon,4.2.8p15,CVE-2023-26551
ICS-0184_hitachi-energy_symphony-plus-hpc800-brc410_SBOM.json,ICS-0184,pkg:oss:ipnet,Interpeak IPnet TCP/IP Stack,7.0,CVE-2019-12258;CVE-2019-12259;CVE-2019-12262
ICS-0185_schneider_triconex-tricon-cx-controller-trident-3_SBOM.json,ICS-0185,pkg:oss:expat,Expat,2.5.0,CVE-2023-52425
ICS-0185_schneider_triconex-tricon-cx-controller-trident-3_SBOM.json,ICS-0185,pkg:oss:libmodbus,libmodbus,3.1.4,CVE-2019-14462;CVE-2019-14463
ICS-0185_schneider_triconex-tricon-cx-controller-trident-3_SBOM.json,ICS-0185,pkg:oss:lwip,lwIP,2.1.2,CVE-2020-22283;CVE-2020-22285;CVE-2020-22286
ICS-0185_schneider_triconex-tricon-cx-controller-trident-3_SBOM.json,ICS-0185,pkg:oss:mbedtls,Mbed TLS,2.16.3,CVE-2020-10932;CVE-2020-16150;CVE-2021-24119
ICS-0185_schneider_triconex-tricon-cx-controller-trident-3_SBOM.json,ICS-0185,pkg:oss:ntp,NTP Daemon,4.2.8p15,CVE-2023-26551
ICS-0186_hima_himax-safety-controller-x-cpu-01_SBOM.json,ICS-0186,pkg:oss:libmodbus,libmodbus,3.1.4,CVE-2019-14462;CVE-2019-14463
ICS-0186_hima_himax-safety-controller-x-cpu-01_SBOM.json,ICS-0186,pkg:oss:lwip,lwIP,2.1.2,CVE-2020-22283;CVE-2020-22285;CVE-2020-22286
ICS-0186_hima_himax-safety-controller-x-cpu-01_SBOM.json,ICS-0186,pkg:oss:expat,Expat,2.2.10,CVE-2022-22822;CVE-2022-23852;CVE-2022-25235
ICS-0186_hima_himax-safety-controller-x-cpu-01_SBOM.json,ICS-0186,pkg:oss:treck-tcpip,Treck TCP/IP Stack,6.0.1.66,CVE-2020-11896;CVE-2020-11897;CVE-2020-11901
ICS-0187_pilz_pss-4000-safety-controller-pssu-h-fs_SBOM.json,ICS-0187,pkg:oss:openssl,OpenSSL,3.0.7,CVE-2023-0286;CVE-2023-0215;CVE-2022-4304
ICS-0187_pilz_pss-4000-safety-controller-pssu-h-fs_SBOM.json,ICS-0187,pkg:oss:lwip,lwIP,2.1.3,CVE-2023-5188
ICS-0187_pilz_pss-4000-safety-controller-pssu-h-fs_SBOM.json,ICS-0187,pkg:oss:expat,Expat,2.2.10,CVE-2022-22822;CVE-2022-23852;CVE-2022-25235
ICS-0187_pilz_pss-4000-safety-controller-pssu-h-fs_SBOM.json,ICS-0187,pkg:oss:ntp,NTP Daemon,4.2.8p10,CVE-2018-7182;CVE-2018-7183;CVE-2018-7184
ICS-0188_siemens_simatic-s7-1500f-safety-cpu-1516f-3-pn-dp_SBOM.json,ICS-0188,pkg:oss:treck-tcpip,Treck TCP/IP Stack,6.0.1.66,CVE-2020-11896;CVE-2020-11897;CVE-2020-11901
ICS-0188_siemens_simatic-s7-1500f-safety-cpu-1516f-3-pn-dp_SBOM.json,ICS-0188,pkg:oss:mbedtls,Mbed TLS,2.16.3,CVE-2020-10932;CVE-2020-16150;CVE-2021-24119
ICS-0188_siemens_simatic-s7-1500f-safety-cpu-1516f-3-pn-dp_SBOM.json,ICS-0188,pkg:oss:expat,Expat,2.2.10,CVE-2022-22822;CVE-2022-23852;CVE-2022-25235
ICS-0189_rockwell_guardlogix-safety-controller-1756-l83es_SBOM.json,ICS-0189,pkg:oss:sqlite,SQLite,3.41.2,CVE-2023-7104
ICS-0189_rockwell_guardlogix-safety-controller-1756-l83es_SBOM.json,ICS-0189,pkg:oss:libcurl,libcurl,8.4.0,CVE-2023-46218;CVE-2024-2379
ICS-0189_rockwell_guardlogix-safety-controller-1756-l83es_SBOM.json,ICS-0189,pkg:oss:open62541,open62541 OPC UA Stack,1.3.6,CVE-2023-31048
ICS-0189_rockwell_guardlogix-safety-controller-1756-l83es_SBOM.json,ICS-0189,pkg:oss:libxml2,libxml2,2.9.4,CVE-2016-9318;CVE-2017-5969;CVE-2018-14567
ICS-0190_moxa_mgate-protocol-gateway-5119_SBOM.json,ICS-0190,pkg:oss:openssl,OpenSSL,1.1.1k,CVE-2021-3711;CVE-2021-3712;CVE-2022-0778
ICS-0190_moxa_mgate-protocol-gateway-5119_SBOM.json,ICS-0190,pkg:oss:nginx,nginx,1.14.2,CVE-2019-9511;CVE-2019-9513;CVE-2019-20372
ICS-0190_moxa_mgate-protocol-gateway-5119_SBOM.json,ICS-0190,pkg:oss:musl,musl libc,1.1.24,CVE-2020-28928
ICS-0190_moxa_mgate-protocol-gateway-5119_SBOM.json,ICS-0190,pkg:oss:codesys-rt,CODESYS Control Runtime System,3.5.16.0,CVE-2021-30186;CVE-2021-30188;CVE-2021-30189
ICS-0191_softing_edgeaggregator-gateway-ea-300_SBOM.json,ICS-0191,pkg:oss:musl,musl libc,1.1.24,CVE-2020-28928
ICS-0191_softing_edgeaggregator-gateway-ea-300_SBOM.json,ICS-0191,pkg:oss:open62541,open62541 OPC UA Stack,1.2.2,CVE-2021-40206;CVE-2022-25761
ICS-0191_softing_edgeaggregator-gateway-ea-300_SBOM.json,ICS-0191,pkg:oss:net-snmp,Net-SNMP,5.9.1,CVE-2022-24805;CVE-2022-24809
ICS-0191_softing_edgeaggregator-gateway-ea-300_SBOM.json,ICS-0191,pkg:oss:linux-kernel,Linux Kernel,4.9.337,CVE-2019-11477;CVE-2021-33909;CVE-2022-0847
ICS-0191_softing_edgeaggregator-gateway-ea-300_SBOM.json,ICS-0191,pkg:oss:dropbear,Dropbear SSH,2016.74,CVE-2016-7406;CVE-2016-7407;CVE-2016-7408
ICS-0191_softing_edgeaggregator-gateway-ea-300_SBOM.json,ICS-0191,pkg:oss:libmodbus,libmodbus,3.1.4,CVE-2019-14462;CVE-2019-14463
ICS-0191_softing_edgeaggregator-gateway-ea-300_SBOM.json,ICS-0191,pkg:oss:busybox,BusyBox,1.33.1,CVE-2021-42379;CVE-2021-42380;CVE-2022-28391
ICS-0191_softing_edgeaggregator-gateway-ea-300_SBOM.json,ICS-0191,pkg:oss:lighttpd,lighttpd,1.4.55,CVE-2022-22707;CVE-2023-44487
ICS-0191_softing_edgeaggregator-gateway-ea-300_SBOM.json,ICS-0191,pkg:oss:wpa-supplicant,wpa_supplicant,2.9,CVE-2021-27803;CVE-2021-30004;CVE-2022-23303
ICS-0191_softing_edgeaggregator-gateway-ea-300_SBOM.json,ICS-0191,pkg:oss:goahead,GoAhead Embedded Web Server,3.6.5,CVE-2017-17562;CVE-2019-5096;CVE-2019-5097
ICS-0192_advantech_ecu-1251-edge-gateway-ecu-1051_SBOM.json,ICS-0192,pkg:oss:libmodbus,libmodbus,3.1.4,CVE-2019-14462;CVE-2019-14463
ICS-0193_phoenix_fl-mguard-security-appliance-rs2000_SBOM.json,ICS-0193,pkg:oss:libcurl,libcurl,7.79.1,CVE-2022-22576;CVE-2022-27774;CVE-2022-32221
ICS-0193_phoenix_fl-mguard-security-appliance-rs2000_SBOM.json,ICS-0193,pkg:oss:sqlite,SQLite,3.31.1,CVE-2020-13434;CVE-2020-13630;CVE-2021-20227
ICS-0193_phoenix_fl-mguard-security-appliance-rs2000_SBOM.json,ICS-0193,pkg:oss:dnsmasq,dnsmasq,2.78,CVE-2017-14491;CVE-2017-14492;CVE-2020-25681
ICS-0193_phoenix_fl-mguard-security-appliance-rs2000_SBOM.json,ICS-0193,pkg:oss:libssh2,libssh2,1.9.0,CVE-2019-17498;CVE-2020-22218
ICS-0193_phoenix_fl-mguard-security-appliance-rs2000_SBOM.json,ICS-0193,pkg:oss:musl,musl libc,1.1.24,CVE-2020-28928
ICS-0193_phoenix_fl-mguard-security-appliance-rs2000_SBOM.json,ICS-0193,pkg:oss:busybox,BusyBox,1.31.1,CVE-2021-42375;CVE-2021-42376;CVE-2022-28391
ICS-0194_belden_eagle40-industrial-firewall-eagle30_SBOM.json,ICS-0194,pkg:oss:libssh2,libssh2,1.9.0,CVE-2019-17498;CVE-2020-22218
ICS-0194_belden_eagle40-industrial-firewall-eagle30_SBOM.json,ICS-0194,pkg:oss:expat,Expat,2.5.0,CVE-2023-52425
ICS-0194_belden_eagle40-industrial-firewall-eagle30_SBOM.json,ICS-0194,pkg:oss:linux-kernel,Linux Kernel,4.9.337,CVE-2019-11477;CVE-2021-33909;CVE-2022-0847
ICS-0194_belden_eagle40-industrial-firewall-eagle30_SBOM.json,ICS-0194,pkg:oss:glibc,GNU C Library,2.28,CVE-2021-3999;CVE-2021-33574;CVE-2023-4911
ICS-0195_belden_rsp-managed-switch-rsp20_SBOM.json,ICS-0195,pkg:oss:ntp,NTP Daemon,4.2.8p13,CVE-2019-8936;CVE-2020-11868
ICS-0195_belden_rsp-managed-switch-rsp20_SBOM.json,ICS-0195,pkg:oss:libssh2,libssh2,1.9.0,CVE-2019-17498;CVE-2020-22218
ICS-0195_belden_rsp-managed-switch-rsp20_SBOM.json,ICS-0195,pkg:oss:dnsmasq,dnsmasq,2.78,CVE-2017-14491;CVE-2017-14492;CVE-2020-25681
ICS-0195_belden_rsp-managed-switch-rsp20_SBOM.json,ICS-0195,pkg:oss:openssl,OpenSSL,1.0.2u,CVE-2021-23840;CVE-2021-3712
ICS-0195_belden_rsp-managed-switch-rsp20_SBOM.json,ICS-0195,pkg:oss:expat,Expat,2.2.10,CVE-2022-22822;CVE-2022-23852;CVE-2022-25235
ICS-0196_westermo_lynx-dss-managed-switch-lynx-5612_SBOM.json,ICS-0196,pkg:oss:linux-kernel,Linux Kernel,4.9.337,CVE-2019-11477;CVE-2021-33909;CVE-2022-0847
ICS-0196_westermo_lynx-dss-managed-switch-lynx-5612_SBOM.json,ICS-0196,pkg:oss:wpa-supplicant,wpa_supplicant,2.10,CVE-2023-52160
ICS-0196_westermo_lynx-dss-managed-switch-lynx-5612_SBOM.json,ICS-0196,pkg:oss:openssh,OpenSSH,7.4p1,CVE-2018-15473;CVE-2019-6111;CVE-2016-10708
ICS-0196_westermo_lynx-dss-managed-switch-lynx-5612_SBOM.json,ICS-0196,pkg:oss:glibc,GNU C Library,2.35,CVE-2023-4911;CVE-2024-2961
ICS-0197_moxa_eds-managed-ethernet-switch-eds-508a_SBOM.json,ICS-0197,pkg:oss:openvpn,OpenVPN,2.5.5,CVE-2022-0547;CVE-2023-46849;CVE-2023-46850
ICS-0197_moxa_eds-managed-ethernet-switch-eds-508a_SBOM.json,ICS-0197,pkg:oss:linux-kernel,Linux Kernel,4.9.337,CVE-2019-11477;CVE-2021-33909;CVE-2022-0847
ICS-0197_moxa_eds-managed-ethernet-switch-eds-508a_SBOM.json,ICS-0197,pkg:oss:sqlite,SQLite,3.39.4,CVE-2022-46908;CVE-2023-7104
ICS-0197_moxa_eds-managed-ethernet-switch-eds-508a_SBOM.json,ICS-0197,pkg:oss:net-snmp,Net-SNMP,5.7.3,CVE-2018-18065;CVE-2019-20892;CVE-2020-15862
ICS-0197_moxa_eds-managed-ethernet-switch-eds-508a_SBOM.json,ICS-0197,pkg:oss:mosquitto,Eclipse Mosquitto,2.0.15,CVE-2023-0809;CVE-2023-3592
ICS-0197_moxa_eds-managed-ethernet-switch-eds-508a_SBOM.json,ICS-0197,pkg:oss:openssh,OpenSSH,9.3p1,CVE-2023-38408;CVE-2023-48795;CVE-2024-6387
ICS-0198_siemens_scalance-x-industrial-switch-x308-2_SBOM.json,ICS-0198,pkg:oss:libcurl,libcurl,8.4.0,CVE-2023-46218;CVE-2024-2379
ICS-0198_siemens_scalance-x-industrial-switch-x308-2_SBOM.json,ICS-0198,pkg:oss:sqlite,SQLite,3.22.0,CVE-2018-8740;CVE-2019-8457;CVE-2020-11655
ICS-0198_siemens_scalance-x-industrial-switch-x308-2_SBOM.json,ICS-0198,pkg:oss:open62541,open62541 OPC UA Stack,1.3.6,CVE-2023-31048
ICS-0198_siemens_scalance-x-industrial-switch-x308-2_SBOM.json,ICS-0198,pkg:oss:goahead,GoAhead Embedded Web Server,3.6.5,CVE-2017-17562;CVE-2019-5096;CVE-2019-5097
ICS-0198_siemens_scalance-x-industrial-switch-x308-2_SBOM.json,ICS-0198,pkg:oss:libssh2,libssh2,1.8.0,CVE-2019-3855;CVE-2019-3856;CVE-2019-3858
ICS-0198_siemens_scalance-x-industrial-switch-x308-2_SBOM.json,ICS-0198,pkg:oss:openssl,OpenSSL,1.1.1k,CVE-2021-3711;CVE-2021-3712;CVE-2022-0778
ICS-0198_siemens_scalance-x-industrial-switch-x308-2_SBOM.json,ICS-0198,pkg:oss:mosquitto,Eclipse Mosquitto,2.0.15,CVE-2023-0809;CVE-2023-3592
ICS-0198_siemens_scalance-x-industrial-switch-x308-2_SBOM.json,ICS-0198,pkg:oss:openssh,OpenSSH,7.4p1,CVE-2018-15473;CVE-2019-6111;CVE-2016-10708
ICS-0199_siemens_ruggedcom-rx1500-router-rx1400_SBOM.json,ICS-0199,pkg:oss:busybox,BusyBox,1.30.1,CVE-2021-42374;CVE-2021-42378;CVE-2021-42386
ICS-0199_siemens_ruggedcom-rx1500-router-rx1400_SBOM.json,ICS-0199,pkg:oss:libpcap,libpcap,1.9.1,CVE-2019-15165;CVE-2023-7256
ICS-0199_siemens_ruggedcom-rx1500-router-rx1400_SBOM.json,ICS-0199,pkg:oss:lighttpd,lighttpd,1.4.45,CVE-2018-19052;CVE-2019-11072
ICS-0199_siemens_ruggedcom-rx1500-router-rx1400_SBOM.json,ICS-0199,pkg:oss:expat,Expat,2.2.10,CVE-2022-22822;CVE-2022-23852;CVE-2022-25235
ICS-0199_siemens_ruggedcom-rx1500-router-rx1400_SBOM.json,ICS-0199,pkg:oss:nginx,nginx,1.18.0,CVE-2021-23017;CVE-2022-41741;CVE-2022-41742
ICS-0199_siemens_ruggedcom-rx1500-router-rx1400_SBOM.json,ICS-0199,pkg:oss:ntp,NTP Daemon,4.2.8p13,CVE-2019-8936;CVE-2020-11868
ICS-0199_siemens_ruggedcom-rx1500-router-rx1400_SBOM.json,ICS-0199,pkg:oss:openssh,OpenSSH,9.3p1,CVE-2023-38408;CVE-2023-48795;CVE-2024-6387
ICS-0200_abb_acs880-industrial-drive-acs880-07_SBOM.json,ICS-0200,pkg:oss:expat,Expat,2.2.10,CVE-2022-22822;CVE-2022-23852;CVE-2022-25235
ICS-0200_abb_acs880-industrial-drive-acs880-07_SBOM.json,ICS-0200,pkg:oss:mbedtls,Mbed TLS,3.4.0,CVE-2023-43615
ICS-0200_abb_acs880-industrial-drive-acs880-07_SBOM.json,ICS-0200,pkg:oss:openssl,OpenSSL,1.1.1k,CVE-2021-3711;CVE-2021-3712;CVE-2022-0778
ICS-0200_abb_acs880-industrial-drive-acs880-07_SBOM.json,ICS-0200,pkg:oss:wolfssl,wolfSSL,5.5.0,CVE-2022-42905;CVE-2023-3724
ICS-0200_abb_acs880-industrial-drive-acs880-07_SBOM.json,ICS-0200,pkg:oss:treck-tcpip,Treck TCP/IP Stack,6.0.1.67,CVE-2020-11898;CVE-2020-11900
ICS-0200_abb_acs880-industrial-drive-acs880-07_SBOM.json,ICS-0200,pkg:oss:libmodbus,libmodbus,3.1.4,CVE-2019-14462;CVE-2019-14463
ICS-0200_abb_acs880-industrial-drive-acs880-07_SBOM.json,ICS-0200,pkg:oss:ntp,NTP Daemon,4.2.8p13,CVE-2019-8936;CVE-2020-11868
ICS-0200_abb_acs880-industrial-drive-acs880-07_SBOM.json,ICS-0200,pkg:oss:zlib,zlib,1.2.11,CVE-2018-25032;CVE-2022-37434
ICS-0201_siemens_sinamics-s120-drive-cu310-2-pn_SBOM.json,ICS-0201,pkg:oss:expat,Expat,2.2.10,CVE-2022-22822;CVE-2022-23852;CVE-2022-25235
ICS-0201_siemens_sinamics-s120-drive-cu310-2-pn_SBOM.json,ICS-0201,pkg:oss:openssl,OpenSSL,1.0.2k,CVE-2017-3731;CVE-2017-3732;CVE-2016-7055
ICS-0201_siemens_sinamics-s120-drive-cu310-2-pn_SBOM.json,ICS-0201,pkg:oss:lwip,lwIP,2.1.2,CVE-2020-22283;CVE-2020-22285;CVE-2020-22286
ICS-0202_danfoss_vlt-automationdrive-fc-102_SBOM.json,ICS-0202,pkg:oss:expat,Expat,2.2.10,CVE-2022-22822;CVE-2022-23852;CVE-2022-25235
ICS-0202_danfoss_vlt-automationdrive-fc-102_SBOM.json,ICS-0202,pkg:oss:lwip,lwIP,2.1.3,CVE-2023-5188
ICS-0202_danfoss_vlt-automationdrive-fc-102_SBOM.json,ICS-0202,pkg:oss:openssl,OpenSSL,1.1.1k,CVE-2021-3711;CVE-2021-3712;CVE-2022-0778
ICS-0202_danfoss_vlt-automationdrive-fc-102_SBOM.json,ICS-0202,pkg:oss:mbedtls,Mbed TLS,2.28.0,CVE-2022-35409;CVE-2023-43615
ICS-0202_danfoss_vlt-automationdrive-fc-102_SBOM.json,ICS-0202,pkg:oss:treck-tcpip,Treck TCP/IP Stack,6.0.1.66,CVE-2020-11896;CVE-2020-11897;CVE-2020-11901
ICS-0202_danfoss_vlt-automationdrive-fc-102_SBOM.json,ICS-0202,pkg:oss:ntp,NTP Daemon,4.2.8p10,CVE-2018-7182;CVE-2018-7183;CVE-2018-7184
ICS-0203_rockwell_powerflex-755-drive-755t_SBOM.json,ICS-0203,pkg:oss:expat,Expat,2.5.0,CVE-2023-52425
ICS-0203_rockwell_powerflex-755-drive-755t_SBOM.json,ICS-0203,pkg:oss:ntp,NTP Daemon,4.2.8p13,CVE-2019-8936;CVE-2020-11868
ICS-0203_rockwell_powerflex-755-drive-755t_SBOM.json,ICS-0203,pkg:oss:openssl,OpenSSL,3.0.7,CVE-2023-0286;CVE-2023-0215;CVE-2022-4304
ICS-0203_rockwell_powerflex-755-drive-755t_SBOM.json,ICS-0203,pkg:oss:mbedtls,Mbed TLS,3.4.0,CVE-2023-43615
ICS-0203_rockwell_powerflex-755-drive-755t_SBOM.json,ICS-0203,pkg:oss:libmodbus,libmodbus,3.0.6,CVE-2019-14462;CVE-2019-14463
ICS-0203_rockwell_powerflex-755-drive-755t_SBOM.json,ICS-0203,pkg:oss:lwip,lwIP,2.1.3,CVE-2023-5188
ICS-0204_bosch-rexroth_indradrive-controller-hcs02_SBOM.json,ICS-0204,pkg:oss:wolfssl,wolfSSL,5.5.0,CVE-2022-42905;CVE-2023-3724
ICS-0204_bosch-rexroth_indradrive-controller-hcs02_SBOM.json,ICS-0204,pkg:oss:libmodbus,libmodbus,3.0.6,CVE-2019-14462;CVE-2019-14463
ICS-0204_bosch-rexroth_indradrive-controller-hcs02_SBOM.json,ICS-0204,pkg:oss:treck-tcpip,Treck TCP/IP Stack,6.0.1.66,CVE-2020-11896;CVE-2020-11897;CVE-2020-11901
ICS-0204_bosch-rexroth_indradrive-controller-hcs02_SBOM.json,ICS-0204,pkg:oss:lwip,lwIP,2.1.2,CVE-2020-22283;CVE-2020-22285;CVE-2020-22286
ICS-0204_bosch-rexroth_indradrive-controller-hcs02_SBOM.json,ICS-0204,pkg:oss:zlib,zlib,1.2.12,CVE-2022-37434
ICS-0204_bosch-rexroth_indradrive-controller-hcs02_SBOM.json,ICS-0204,pkg:oss:expat,Expat,2.5.0,CVE-2023-52425
ICS-0204_bosch-rexroth_indradrive-controller-hcs02_SBOM.json,ICS-0204,pkg:oss:codesys-rt,CODESYS Control Runtime System,3.5.18.20,CVE-2023-37559;CVE-2023-37560
ICS-0205_bosch-rexroth_indramotion-mlc-xm42_SBOM.json,ICS-0205,pkg:oss:zlib,zlib,1.2.12,CVE-2022-37434
ICS-0205_bosch-rexroth_indramotion-mlc-xm42_SBOM.json,ICS-0205,pkg:oss:glibc,GNU C Library,2.31,CVE-2021-35942;CVE-2023-4911
ICS-0205_bosch-rexroth_indramotion-mlc-xm42_SBOM.json,ICS-0205,pkg:oss:openvpn,OpenVPN,2.4.7,CVE-2020-11810;CVE-2020-15078
ICS-0205_bosch-rexroth_indramotion-mlc-xm42_SBOM.json,ICS-0205,pkg:oss:libpcap,libpcap,1.9.1,CVE-2019-15165;CVE-2023-7256
ICS-0205_bosch-rexroth_indramotion-mlc-xm42_SBOM.json,ICS-0205,pkg:oss:libxml2,libxml2,2.9.10,CVE-2021-3517;CVE-2021-3518;CVE-2022-29824
ICS-0205_bosch-rexroth_indramotion-mlc-xm42_SBOM.json,ICS-0205,pkg:oss:codesys-rt,CODESYS Control Runtime System,3.5.17.0,CVE-2022-22515;CVE-2022-22517;CVE-2022-31802
ICS-0206_fuji_frenic-ace-inverter-frn0012e2s_SBOM.json,ICS-0206,pkg:oss:lwip,lwIP,2.1.2,CVE-2020-22283;CVE-2020-22285;CVE-2020-22286
ICS-0206_fuji_frenic-ace-inverter-frn0012e2s_SBOM.json,ICS-0206,pkg:oss:libmodbus,libmodbus,3.0.6,CVE-2019-14462;CVE-2019-14463
ICS-0206_fuji_frenic-ace-inverter-frn0012e2s_SBOM.json,ICS-0206,pkg:oss:mbedtls,Mbed TLS,3.4.0,CVE-2023-43615
ICS-0206_fuji_frenic-ace-inverter-frn0012e2s_SBOM.json,ICS-0206,pkg:oss:treck-tcpip,Treck TCP/IP Stack,6.0.1.66,CVE-2020-11896;CVE-2020-11897;CVE-2020-11901
ICS-0207_mitsubishi_melfa-robot-controller-cr800-r_SBOM.json,ICS-0207,pkg:oss:zlib,zlib,1.2.11,CVE-2018-25032;CVE-2022-37434
ICS-0207_mitsubishi_melfa-robot-controller-cr800-r_SBOM.json,ICS-0207,pkg:oss:ntp,NTP Daemon,4.2.8p13,CVE-2019-8936;CVE-2020-11868
ICS-0207_mitsubishi_melfa-robot-controller-cr800-r_SBOM.json,ICS-0207,pkg:oss:wolfssl,wolfSSL,4.5.0,CVE-2021-3336;CVE-2021-24116
ICS-0207_mitsubishi_melfa-robot-controller-cr800-r_SBOM.json,ICS-0207,pkg:oss:lwip,lwIP,1.4.1,CVE-2014-1912;CVE-2020-22283;CVE-2020-22284
ICS-0207_mitsubishi_melfa-robot-controller-cr800-r_SBOM.json,ICS-0207,pkg:oss:mbedtls,Mbed TLS,3.4.0,CVE-2023-43615
ICS-0208_abb_irc5-robot-controller-irc5-single_SBOM.json,ICS-0208,pkg:oss:net-snmp,Net-SNMP,5.9.1,CVE-2022-24805;CVE-2022-24809
ICS-0208_abb_irc5-robot-controller-irc5-single_SBOM.json,ICS-0208,pkg:oss:ntp,NTP Daemon,4.2.8p10,CVE-2018-7182;CVE-2018-7183;CVE-2018-7184
ICS-0208_abb_irc5-robot-controller-irc5-single_SBOM.json,ICS-0208,pkg:oss:libcurl,libcurl,8.0.1,CVE-2023-27533;CVE-2023-27536;CVE-2023-38545
ICS-0208_abb_irc5-robot-controller-irc5-single_SBOM.json,ICS-0208,pkg:oss:libxml2,libxml2,2.10.4,CVE-2023-45322
ICS-0208_abb_irc5-robot-controller-irc5-single_SBOM.json,ICS-0208,pkg:oss:sqlite,SQLite,3.39.4,CVE-2022-46908;CVE-2023-7104
ICS-0208_abb_irc5-robot-controller-irc5-single_SBOM.json,ICS-0208,pkg:oss:expat,Expat,2.2.10,CVE-2022-22822;CVE-2022-23852;CVE-2022-25235
ICS-0208_abb_irc5-robot-controller-irc5-single_SBOM.json,ICS-0208,pkg:oss:ipnet,Interpeak IPnet TCP/IP Stack,6.9,CVE-2019-12255;CVE-2019-12256;CVE-2019-12257;CVE-2019-12260
ICS-0209_keyence_cnc-motion-unit-mc-2_SBOM.json,ICS-0209,pkg:oss:lwip,lwIP,2.1.2,CVE-2020-22283;CVE-2020-22285;CVE-2020-22286
ICS-0209_keyence_cnc-motion-unit-mc-2_SBOM.json,ICS-0209,pkg:oss:ntp,NTP Daemon,4.2.8p13,CVE-2019-8936;CVE-2020-11868
ICS-0209_keyence_cnc-motion-unit-mc-2_SBOM.json,ICS-0209,pkg:oss:zlib,zlib,1.2.11,CVE-2018-25032;CVE-2022-37434
ICS-0209_keyence_cnc-motion-unit-mc-2_SBOM.json,ICS-0209,pkg:oss:openssl,OpenSSL,1.1.1g,CVE-2020-1971;CVE-2021-3450;CVE-2021-3711
ICS-0209_keyence_cnc-motion-unit-mc-2_SBOM.json,ICS-0209,pkg:oss:treck-tcpip,Treck TCP/IP Stack,6.0.1.66,CVE-2020-11896;CVE-2020-11897;CVE-2020-11901
ICS-0209_keyence_cnc-motion-unit-mc-2_SBOM.json,ICS-0209,pkg:oss:wolfssl,wolfSSL,4.5.0,CVE-2021-3336;CVE-2021-24116
ICS-0210_mitsubishi_m800-cnc-controller-m850w_SBOM.json,ICS-0210,pkg:oss:mbedtls,Mbed TLS,2.16.3,CVE-2020-10932;CVE-2020-16150;CVE-2021-24119
ICS-0210_mitsubishi_m800-cnc-controller-m850w_SBOM.json,ICS-0210,pkg:oss:openssl,OpenSSL,1.1.1k,CVE-2021-3711;CVE-2021-3712;CVE-2022-0778
ICS-0210_mitsubishi_m800-cnc-controller-m850w_SBOM.json,ICS-0210,pkg:oss:lwip,lwIP,2.0.3,CVE-2020-22283;CVE-2020-22284;CVE-2020-22288
ICS-0210_mitsubishi_m800-cnc-controller-m850w_SBOM.json,ICS-0210,pkg:oss:ntp,NTP Daemon,4.2.8p10,CVE-2018-7182;CVE-2018-7183;CVE-2018-7184
ICS-0211_emerson_rosemount-3051s-transmitter-3051smv_SBOM.json,ICS-0211,pkg:oss:wolfssl,wolfSSL,4.5.0,CVE-2021-3336;CVE-2021-24116
ICS-0211_emerson_rosemount-3051s-transmitter-3051smv_SBOM.json,ICS-0211,pkg:oss:lwip,lwIP,2.1.2,CVE-2020-22283;CVE-2020-22285;CVE-2020-22286
ICS-0211_emerson_rosemount-3051s-transmitter-3051smv_SBOM.json,ICS-0211,pkg:oss:mbedtls,Mbed TLS,2.16.3,CVE-2020-10932;CVE-2020-16150;CVE-2021-24119
ICS-0211_emerson_rosemount-3051s-transmitter-3051smv_SBOM.json,ICS-0211,pkg:oss:treck-tcpip,Treck TCP/IP Stack,6.0.1.67,CVE-2020-11898;CVE-2020-11900
ICS-0212_yokogawa_eja-e-series-transmitter-eja430e_SBOM.json,ICS-0212,pkg:oss:treck-tcpip,Treck TCP/IP Stack,6.0.1.67,CVE-2020-11898;CVE-2020-11900
ICS-0212_yokogawa_eja-e-series-transmitter-eja430e_SBOM.json,ICS-0212,pkg:oss:mbedtls,Mbed TLS,2.16.3,CVE-2020-10932;CVE-2020-16150;CVE-2021-24119
ICS-0212_yokogawa_eja-e-series-transmitter-eja430e_SBOM.json,ICS-0212,pkg:oss:wolfssl,wolfSSL,5.5.0,CVE-2022-42905;CVE-2023-3724
ICS-0212_yokogawa_eja-e-series-transmitter-eja430e_SBOM.json,ICS-0212,pkg:oss:lwip,lwIP,2.1.3,CVE-2023-5188
ICS-0213_honeywell_smartline-st800-transmitter-st700_SBOM.json,ICS-0213,pkg:oss:mbedtls,Mbed TLS,3.4.0,CVE-2023-43615
ICS-0213_honeywell_smartline-st800-transmitter-st700_SBOM.json,ICS-0213,pkg:oss:wolfssl,wolfSSL,4.5.0,CVE-2021-3336;CVE-2021-24116
ICS-0213_honeywell_smartline-st800-transmitter-st700_SBOM.json,ICS-0213,pkg:oss:lwip,lwIP,2.1.3,CVE-2023-5188
ICS-0214_abb_merging-unit-sam600-sam600-ct_SBOM.json,ICS-0214,pkg:oss:treck-tcpip,Treck TCP/IP Stack,6.0.1.66,CVE-2020-11896;CVE-2020-11897;CVE-2020-11901
ICS-0214_abb_merging-unit-sam600-sam600-ct_SBOM.json,ICS-0214,pkg:oss:zlib,zlib,1.2.12,CVE-2022-37434
ICS-0214_abb_merging-unit-sam600-sam600-ct_SBOM.json,ICS-0214,pkg:oss:expat,Expat,2.2.10,CVE-2022-22822;CVE-2022-23852;CVE-2022-25235
ICS-0214_abb_merging-unit-sam600-sam600-ct_SBOM.json,ICS-0214,pkg:oss:mbedtls,Mbed TLS,2.28.0,CVE-2022-35409;CVE-2023-43615
ICS-0214_abb_merging-unit-sam600-sam600-ct_SBOM.json,ICS-0214,pkg:oss:lwip,lwIP,2.1.2,CVE-2020-22283;CVE-2020-22285;CVE-2020-22286
ICS-0215_schneider_powerlogic-ion9000-meter-ion7650_SBOM.json,ICS-0215,pkg:oss:ntp,NTP Daemon,4.2.8p15,CVE-2023-26551
ICS-0215_schneider_powerlogic-ion9000-meter-ion7650_SBOM.json,ICS-0215,pkg:oss:libxml2,libxml2,2.9.10,CVE-2021-3517;CVE-2021-3518;CVE-2022-29824
ICS-0215_schneider_powerlogic-ion9000-meter-ion7650_SBOM.json,ICS-0215,pkg:oss:open62541,open62541 OPC UA Stack,1.3.6,CVE-2023-31048
ICS-0215_schneider_powerlogic-ion9000-meter-ion7650_SBOM.json,ICS-0215,pkg:oss:lighttpd,lighttpd,1.4.45,CVE-2018-19052;CVE-2019-11072
ICS-0215_schneider_powerlogic-ion9000-meter-ion7650_SBOM.json,ICS-0215,pkg:oss:expat,Expat,2.5.0,CVE-2023-52425
ICS-0216_ge_epm-9900-power-meter-epm7000_SBOM.json,ICS-0216,pkg:oss:ntp,NTP Daemon,4.2.8p13,CVE-2019-8936;CVE-2020-11868
ICS-0216_ge_epm-9900-power-meter-epm7000_SBOM.json,ICS-0216,pkg:oss:openssl,OpenSSL,1.1.1g,CVE-2020-1971;CVE-2021-3450;CVE-2021-3711
ICS-0216_ge_epm-9900-power-meter-epm7000_SBOM.json,ICS-0216,pkg:oss:mbedtls,Mbed TLS,3.4.0,CVE-2023-43615
ICS-0216_ge_epm-9900-power-meter-epm7000_SBOM.json,ICS-0216,pkg:oss:expat,Expat,2.2.0,CVE-2018-20843;CVE-2019-15903
ICS-0217_ptc_kepserverex-connectivity-platform-6-13_SBOM.json,ICS-0217,pkg:oss:libcurl,libcurl,8.0.1,CVE-2023-27533;CVE-2023-27536;CVE-2023-38545
ICS-0217_ptc_kepserverex-connectivity-platform-6-13_SBOM.json,ICS-0217,pkg:oss:expat,Expat,2.5.0,CVE-2023-52425
ICS-0217_ptc_kepserverex-connectivity-platform-6-13_SBOM.json,ICS-0217,pkg:oss:sqlite,SQLite,3.22.0,CVE-2018-8740;CVE-2019-8457;CVE-2020-11655
ICS-0217_ptc_kepserverex-connectivity-platform-6-13_SBOM.json,ICS-0217,pkg:oss:libxml2,libxml2,2.9.10,CVE-2021-3517;CVE-2021-3518;CVE-2022-29824
ICS-0218_softing_datafeed-opc-suite-v5-22_SBOM.json,ICS-0218,pkg:oss:zlib,zlib,1.2.11,CVE-2018-25032;CVE-2022-37434
ICS-0218_softing_datafeed-opc-suite-v5-22_SBOM.json,ICS-0218,pkg:oss:dotnet,Microsoft .NET Framework,4.6.2,CVE-2018-8421;CVE-2019-0545;CVE-2020-1147
ICS-0218_softing_datafeed-opc-suite-v5-22_SBOM.json,ICS-0218,pkg:oss:openssl,OpenSSL,1.1.1n,CVE-2022-1292;CVE-2022-2068;CVE-2022-4304
ICS-0218_softing_datafeed-opc-suite-v5-22_SBOM.json,ICS-0218,pkg:oss:expat,Expat,2.2.10,CVE-2022-22822;CVE-2022-23852;CVE-2022-25235
ICS-0218_softing_datafeed-opc-suite-v5-22_SBOM.json,ICS-0218,pkg:oss:sqlite,SQLite,3.39.4,CVE-2022-46908;CVE-2023-7104
ICS-0219_aveva_aveva-opc-ua-server-2023_SBOM.json,ICS-0219,pkg:oss:openssl,OpenSSL,1.1.1n,CVE-2022-1292;CVE-2022-2068;CVE-2022-4304
ICS-0219_aveva_aveva-opc-ua-server-2023_SBOM.json,ICS-0219,pkg:oss:sqlite,SQLite,3.41.2,CVE-2023-7104
ICS-0219_aveva_aveva-opc-ua-server-2023_SBOM.json,ICS-0219,pkg:oss:expat,Expat,2.2.0,CVE-2018-20843;CVE-2019-15903
ICS-0220_honeywell_excel-web-ii-bacnet-controller-xl1000c1000_SBOM.json,ICS-0220,pkg:oss:ntp,NTP Daemon,4.2.8p15,CVE-2023-26551
ICS-0220_honeywell_excel-web-ii-bacnet-controller-xl1000c1000_SBOM.json,ICS-0220,pkg:oss:musl,musl libc,1.2.2,CVE-2020-28928
ICS-0220_honeywell_excel-web-ii-bacnet-controller-xl1000c1000_SBOM.json,ICS-0220,pkg:oss:mosquitto,Eclipse Mosquitto,2.0.11,CVE-2021-34431;CVE-2021-41039;CVE-2023-0809
ICS-0220_honeywell_excel-web-ii-bacnet-controller-xl1000c1000_SBOM.json,ICS-0220,pkg:oss:open62541,open62541 OPC UA Stack,1.2.2,CVE-2021-40206;CVE-2022-25761
ICS-0220_honeywell_excel-web-ii-bacnet-controller-xl1000c1000_SBOM.json,ICS-0220,pkg:oss:linux-kernel,Linux Kernel,4.9.337,CVE-2019-11477;CVE-2021-33909;CVE-2022-0847
ICS-0220_honeywell_excel-web-ii-bacnet-controller-xl1000c1000_SBOM.json,ICS-0220,pkg:oss:openvpn,OpenVPN,2.4.7,CVE-2020-11810;CVE-2020-15078
ICS-0220_honeywell_excel-web-ii-bacnet-controller-xl1000c1000_SBOM.json,ICS-0220,pkg:oss:libmodbus,libmodbus,3.0.6,CVE-2019-14462;CVE-2019-14463
ICS-0220_honeywell_excel-web-ii-bacnet-controller-xl1000c1000_SBOM.json,ICS-0220,pkg:oss:goahead,GoAhead Embedded Web Server,4.1.0,CVE-2021-42342
ICS-0220_honeywell_excel-web-ii-bacnet-controller-xl1000c1000_SBOM.json,ICS-0220,pkg:oss:u-boot,Das U-Boot,2020.04,CVE-2020-10648;CVE-2021-27097;CVE-2022-30767
ICS-0221_siemens_desigo-pxc-automation-station-pxc200-e-d_SBOM.json,ICS-0221,pkg:oss:openssl,OpenSSL,1.1.1n,CVE-2022-1292;CVE-2022-2068;CVE-2022-4304
ICS-0221_siemens_desigo-pxc-automation-station-pxc200-e-d_SBOM.json,ICS-0221,pkg:oss:lwip,lwIP,2.1.3,CVE-2023-5188
ICS-0221_siemens_desigo-pxc-automation-station-pxc200-e-d_SBOM.json,ICS-0221,pkg:oss:expat,Expat,2.5.0,CVE-2023-52425
ICS-0222_schneider_smartx-as-p-controller-as-b_SBOM.json,ICS-0222,pkg:oss:nginx,nginx,1.20.1,CVE-2022-41741;CVE-2022-41742
ICS-0222_schneider_smartx-as-p-controller-as-b_SBOM.json,ICS-0222,pkg:oss:musl,musl libc,1.1.24,CVE-2020-28928
ICS-0222_schneider_smartx-as-p-controller-as-b_SBOM.json,ICS-0222,pkg:oss:glibc,GNU C Library,2.28,CVE-2021-3999;CVE-2021-33574;CVE-2023-4911
ICS-0222_schneider_smartx-as-p-controller-as-b_SBOM.json,ICS-0222,pkg:oss:ntp,NTP Daemon,4.2.8p15,CVE-2023-26551
ICS-0223_delta_ez-building-controller-ezns-500_SBOM.json,ICS-0223,pkg:oss:expat,Expat,2.2.0,CVE-2018-20843;CVE-2019-15903
ICS-0223_delta_ez-building-controller-ezns-500_SBOM.json,ICS-0223,pkg:oss:ntp,NTP Daemon,4.2.8p10,CVE-2018-7182;CVE-2018-7183;CVE-2018-7184
ICS-0223_delta_ez-building-controller-ezns-500_SBOM.json,ICS-0223,pkg:oss:lighttpd,lighttpd,1.4.55,CVE-2022-22707;CVE-2023-44487
ICS-0224_phoenix_radioline-wireless-gateway-rad-900_SBOM.json,ICS-0224,pkg:oss:freertos,FreeRTOS Kernel,10.4.3,CVE-2021-32020;CVE-2021-43997
ICS-0224_phoenix_radioline-wireless-gateway-rad-900_SBOM.json,ICS-0224,pkg:oss:libmodbus,libmodbus,3.0.6,CVE-2019-14462;CVE-2019-14463
ICS-0224_phoenix_radioline-wireless-gateway-rad-900_SBOM.json,ICS-0224,pkg:oss:lwip,lwIP,2.1.3,CVE-2023-5188
ICS-0224_phoenix_radioline-wireless-gateway-rad-900_SBOM.json,ICS-0224,pkg:oss:mbedtls,Mbed TLS,2.28.0,CVE-2022-35409;CVE-2023-43615
ICS-0224_phoenix_radioline-wireless-gateway-rad-900_SBOM.json,ICS-0224,pkg:oss:expat,Expat,2.4.1,CVE-2022-25236;CVE-2022-25315
ICS-0225_moxa_awk-industrial-wireless-ap-awk-4131a_SBOM.json,ICS-0225,pkg:oss:mosquitto,Eclipse Mosquitto,1.5.8,CVE-2019-11779;CVE-2021-28166
ICS-0225_moxa_awk-industrial-wireless-ap-awk-4131a_SBOM.json,ICS-0225,pkg:oss:openvpn,OpenVPN,2.5.5,CVE-2022-0547;CVE-2023-46849;CVE-2023-46850
ICS-0225_moxa_awk-industrial-wireless-ap-awk-4131a_SBOM.json,ICS-0225,pkg:oss:ntp,NTP Daemon,4.2.8p10,CVE-2018-7182;CVE-2018-7183;CVE-2018-7184
ICS-0225_moxa_awk-industrial-wireless-ap-awk-4131a_SBOM.json,ICS-0225,pkg:oss:busybox,BusyBox,1.35.0,CVE-2022-28391
ICS-0225_moxa_awk-industrial-wireless-ap-awk-4131a_SBOM.json,ICS-0225,pkg:oss:net-snmp,Net-SNMP,5.9.1,CVE-2022-24805;CVE-2022-24809
ICS-0225_moxa_awk-industrial-wireless-ap-awk-4131a_SBOM.json,ICS-0225,pkg:oss:linux-kernel,Linux Kernel,4.14.336,CVE-2021-33909;CVE-2022-0847
ICS-0225_moxa_awk-industrial-wireless-ap-awk-4131a_SBOM.json,ICS-0225,pkg:oss:u-boot,Das U-Boot,2018.03,CVE-2019-11059;CVE-2019-13103;CVE-2019-13106
ICS-0225_moxa_awk-industrial-wireless-ap-awk-4131a_SBOM.json,ICS-0225,pkg:oss:sqlite,SQLite,3.39.4,CVE-2022-46908;CVE-2023-7104
ICS-0226_emerson_wireless-1420-gateway-1410s_SBOM.json,ICS-0226,pkg:oss:openssl,OpenSSL,3.0.7,CVE-2023-0286;CVE-2023-0215;CVE-2022-4304
ICS-0226_emerson_wireless-1420-gateway-1410s_SBOM.json,ICS-0226,pkg:oss:sqlite,SQLite,3.41.2,CVE-2023-7104
ICS-0226_emerson_wireless-1420-gateway-1410s_SBOM.json,ICS-0226,pkg:oss:linux-kernel,Linux Kernel,5.10.220,CVE-2024-1086
ICS-0226_emerson_wireless-1420-gateway-1410s_SBOM.json,ICS-0226,pkg:oss:dropbear,Dropbear SSH,2019.78,CVE-2018-15599;CVE-2020-36254
ICS-0226_emerson_wireless-1420-gateway-1410s_SBOM.json,ICS-0226,pkg:oss:openvpn,OpenVPN,2.5.5,CVE-2022-0547;CVE-2023-46849;CVE-2023-46850
ICS-0227_siemens_simatic-s7-1500-cpu-1516-3-pn-dp_SBOM.json,ICS-0227,pkg:oss:ntp,NTP Daemon,4.2.8p13,CVE-2019-8936;CVE-2020-11868
ICS-0227_siemens_simatic-s7-1500-cpu-1516-3-pn-dp_SBOM.json,ICS-0227,pkg:oss:libmodbus,libmodbus,3.0.6,CVE-2019-14462;CVE-2019-14463
ICS-0227_siemens_simatic-s7-1500-cpu-1516-3-pn-dp_SBOM.json,ICS-0227,pkg:oss:zlib,zlib,1.2.8,CVE-2016-9840;CVE-2016-9841;CVE-2018-25032
ICS-0227_siemens_simatic-s7-1500-cpu-1516-3-pn-dp_SBOM.json,ICS-0227,pkg:oss:mbedtls,Mbed TLS,2.16.3,CVE-2020-10932;CVE-2020-16150;CVE-2021-24119
ICS-0227_siemens_simatic-s7-1500-cpu-1516-3-pn-dp_SBOM.json,ICS-0227,pkg:oss:expat,Expat,2.2.0,CVE-2018-20843;CVE-2019-15903
ICS-0227_siemens_simatic-s7-1500-cpu-1516-3-pn-dp_SBOM.json,ICS-0227,pkg:oss:lwip,lwIP,2.0.3,CVE-2020-22283;CVE-2020-22284;CVE-2020-22288
ICS-0227_siemens_simatic-s7-1500-cpu-1516-3-pn-dp_SBOM.json,ICS-0227,pkg:oss:wolfssl,wolfSSL,5.5.0,CVE-2022-42905;CVE-2023-3724
ICS-0228_siemens_simatic-s7-1200-cpu-1215c_SBOM.json,ICS-0228,pkg:oss:wolfssl,wolfSSL,4.5.0,CVE-2021-3336;CVE-2021-24116
ICS-0228_siemens_simatic-s7-1200-cpu-1215c_SBOM.json,ICS-0228,pkg:oss:zlib,zlib,1.2.11,CVE-2018-25032;CVE-2022-37434
ICS-0228_siemens_simatic-s7-1200-cpu-1215c_SBOM.json,ICS-0228,pkg:oss:expat,Expat,2.5.0,CVE-2023-52425
ICS-0228_siemens_simatic-s7-1200-cpu-1215c_SBOM.json,ICS-0228,pkg:oss:ntp,NTP Daemon,4.2.8p15,CVE-2023-26551
ICS-0228_siemens_simatic-s7-1200-cpu-1215c_SBOM.json,ICS-0228,pkg:oss:mbedtls,Mbed TLS,2.16.3,CVE-2020-10932;CVE-2020-16150;CVE-2021-24119
ICS-0228_siemens_simatic-s7-1200-cpu-1215c_SBOM.json,ICS-0228,pkg:oss:openssl,OpenSSL,1.1.1g,CVE-2020-1971;CVE-2021-3450;CVE-2021-3711
ICS-0229_siemens_simatic-s7-400-cpu-417-4h_SBOM.json,ICS-0229,pkg:oss:ntp,NTP Daemon,4.2.8p13,CVE-2019-8936;CVE-2020-11868
ICS-0229_siemens_simatic-s7-400-cpu-417-4h_SBOM.json,ICS-0229,pkg:oss:zlib,zlib,1.2.11,CVE-2018-25032;CVE-2022-37434
ICS-0229_siemens_simatic-s7-400-cpu-417-4h_SBOM.json,ICS-0229,pkg:oss:lwip,lwIP,1.4.1,CVE-2014-1912;CVE-2020-22283;CVE-2020-22284
ICS-0229_siemens_simatic-s7-400-cpu-417-4h_SBOM.json,ICS-0229,pkg:oss:expat,Expat,2.5.0,CVE-2023-52425
ICS-0229_siemens_simatic-s7-400-cpu-417-4h_SBOM.json,ICS-0229,pkg:oss:wolfssl,wolfSSL,5.5.0,CVE-2022-42905;CVE-2023-3724
ICS-0230_rockwell_controllogix-controller-1756-l81e_SBOM.json,ICS-0230,pkg:oss:sqlite,SQLite,3.31.1,CVE-2020-13434;CVE-2020-13630;CVE-2021-20227
ICS-0230_rockwell_controllogix-controller-1756-l81e_SBOM.json,ICS-0230,pkg:oss:open62541,open62541 OPC UA Stack,1.2.2,CVE-2021-40206;CVE-2022-25761
ICS-0230_rockwell_controllogix-controller-1756-l81e_SBOM.json,ICS-0230,pkg:oss:zlib,zlib,1.2.8,CVE-2016-9840;CVE-2016-9841;CVE-2018-25032
ICS-0230_rockwell_controllogix-controller-1756-l81e_SBOM.json,ICS-0230,pkg:oss:ntp,NTP Daemon,4.2.8p10,CVE-2018-7182;CVE-2018-7183;CVE-2018-7184
ICS-0230_rockwell_controllogix-controller-1756-l81e_SBOM.json,ICS-0230,pkg:oss:libxml2,libxml2,2.10.4,CVE-2023-45322
ICS-0230_rockwell_controllogix-controller-1756-l81e_SBOM.json,ICS-0230,pkg:oss:libmodbus,libmodbus,3.0.6,CVE-2019-14462;CVE-2019-14463
ICS-0230_rockwell_controllogix-controller-1756-l81e_SBOM.json,ICS-0230,pkg:oss:libcurl,libcurl,8.4.0,CVE-2023-46218;CVE-2024-2379
ICS-0231_rockwell_compactlogix-controller-5370-l33er_SBOM.json,ICS-0231,pkg:oss:libcurl,libcurl,7.29.0,CVE-2016-8615;CVE-2018-1000120;CVE-2019-5482
ICS-0231_rockwell_compactlogix-controller-5370-l33er_SBOM.json,ICS-0231,pkg:oss:expat,Expat,2.4.1,CVE-2022-25236;CVE-2022-25315
ICS-0231_rockwell_compactlogix-controller-5370-l33er_SBOM.json,ICS-0231,pkg:oss:sqlite,SQLite,3.31.1,CVE-2020-13434;CVE-2020-13630;CVE-2021-20227
ICS-0231_rockwell_compactlogix-controller-5370-l33er_SBOM.json,ICS-0231,pkg:oss:net-snmp,Net-SNMP,5.7.3,CVE-2018-18065;CVE-2019-20892;CVE-2020-15862
ICS-0231_rockwell_compactlogix-controller-5370-l33er_SBOM.json,ICS-0231,pkg:oss:ipnet,Interpeak IPnet TCP/IP Stack,7.0,CVE-2019-12258;CVE-2019-12259;CVE-2019-12262
ICS-0231_rockwell_compactlogix-controller-5370-l33er_SBOM.json,ICS-0231,pkg:oss:open62541,open62541 OPC UA Stack,1.3.6,CVE-2023-31048
ICS-0231_rockwell_compactlogix-controller-5370-l33er_SBOM.json,ICS-0231,pkg:oss:libmodbus,libmodbus,3.0.6,CVE-2019-14462;CVE-2019-14463
ICS-0232_rockwell_micrologix-controller-1200-e_SBOM.json,ICS-0232,pkg:oss:expat,Expat,2.2.0,CVE-2018-20843;CVE-2019-15903
ICS-0232_rockwell_micrologix-controller-1200-e_SBOM.json,ICS-0232,pkg:oss:wolfssl,wolfSSL,4.5.0,CVE-2021-3336;CVE-2021-24116
ICS-0232_rockwell_micrologix-controller-1200-e_SBOM.json,ICS-0232,pkg:oss:mbedtls,Mbed TLS,3.4.0,CVE-2023-43615
ICS-0232_rockwell_micrologix-controller-1200-e_SBOM.json,ICS-0232,pkg:oss:treck-tcpip,Treck TCP/IP Stack,6.0.1.67,CVE-2020-11898;CVE-2020-11900
ICS-0232_rockwell_micrologix-controller-1200-e_SBOM.json,ICS-0232,pkg:oss:openssl,OpenSSL,1.0.2k,CVE-2017-3731;CVE-2017-3732;CVE-2016-7055
ICS-0233_schneider_modicon-m340-controller-bmxp342030_SBOM.json,ICS-0233,pkg:oss:ipnet,Interpeak IPnet TCP/IP Stack,6.9,CVE-2019-12255;CVE-2019-12256;CVE-2019-12257;CVE-2019-12260
ICS-0233_schneider_modicon-m340-controller-bmxp342030_SBOM.json,ICS-0233,pkg:oss:expat,Expat,2.2.10,CVE-2022-22822;CVE-2022-23852;CVE-2022-25235
ICS-0233_schneider_modicon-m340-controller-bmxp342030_SBOM.json,ICS-0233,pkg:oss:open62541,open62541 OPC UA Stack,1.3.6,CVE-2023-31048
ICS-0233_schneider_modicon-m340-controller-bmxp342030_SBOM.json,ICS-0233,pkg:oss:ntp,NTP Daemon,4.2.8p10,CVE-2018-7182;CVE-2018-7183;CVE-2018-7184
ICS-0233_schneider_modicon-m340-controller-bmxp342030_SBOM.json,ICS-0233,pkg:oss:libmodbus,libmodbus,3.1.4,CVE-2019-14462;CVE-2019-14463
ICS-0233_schneider_modicon-m340-controller-bmxp342030_SBOM.json,ICS-0233,pkg:oss:libcurl,libcurl,8.0.1,CVE-2023-27533;CVE-2023-27536;CVE-2023-38545
ICS-0233_schneider_modicon-m340-controller-bmxp342030_SBOM.json,ICS-0233,pkg:oss:sqlite,SQLite,3.31.1,CVE-2020-13434;CVE-2020-13630;CVE-2021-20227
ICS-0233_schneider_modicon-m340-controller-bmxp342030_SBOM.json,ICS-0233,pkg:oss:zlib,zlib,1.2.12,CVE-2022-37434
ICS-0233_schneider_modicon-m340-controller-bmxp342030_SBOM.json,ICS-0233,pkg:oss:openssl,OpenSSL,1.0.2k,CVE-2017-3731;CVE-2017-3732;CVE-2016-7055
ICS-0234_schneider_modicon-m580-epac-bmeh586040_SBOM.json,ICS-0234,pkg:oss:libxml2,libxml2,2.9.4,CVE-2016-9318;CVE-2017-5969;CVE-2018-14567
ICS-0234_schneider_modicon-m580-epac-bmeh586040_SBOM.json,ICS-0234,pkg:oss:mosquitto,Eclipse Mosquitto,2.0.11,CVE-2021-34431;CVE-2021-41039;CVE-2023-0809
ICS-0234_schneider_modicon-m580-epac-bmeh586040_SBOM.json,ICS-0234,pkg:oss:glibc,GNU C Library,2.35,CVE-2023-4911;CVE-2024-2961
ICS-0234_schneider_modicon-m580-epac-bmeh586040_SBOM.json,ICS-0234,pkg:oss:sqlite,SQLite,3.41.2,CVE-2023-7104
ICS-0234_schneider_modicon-m580-epac-bmeh586040_SBOM.json,ICS-0234,pkg:oss:ntp,NTP Daemon,4.2.8p13,CVE-2019-8936;CVE-2020-11868
ICS-0234_schneider_modicon-m580-epac-bmeh586040_SBOM.json,ICS-0234,pkg:oss:openssh,OpenSSH,9.6p1,CVE-2024-6387
ICS-0234_schneider_modicon-m580-epac-bmeh586040_SBOM.json,ICS-0234,pkg:oss:u-boot,Das U-Boot,2018.03,CVE-2019-11059;CVE-2019-13103;CVE-2019-13106
ICS-0234_schneider_modicon-m580-epac-bmeh586040_SBOM.json,ICS-0234,pkg:oss:codesys-rt,CODESYS Control Runtime System,3.5.17.0,CVE-2022-22515;CVE-2022-22517;CVE-2022-31802
ICS-0235_mitsubishi_melsec-iq-r-cpu-r16cpu_SBOM.json,ICS-0235,pkg:oss:openssl,OpenSSL,1.0.2k,CVE-2017-3731;CVE-2017-3732;CVE-2016-7055
ICS-0235_mitsubishi_melsec-iq-r-cpu-r16cpu_SBOM.json,ICS-0235,pkg:oss:treck-tcpip,Treck TCP/IP Stack,6.0.1.66,CVE-2020-11896;CVE-2020-11897;CVE-2020-11901
ICS-0235_mitsubishi_melsec-iq-r-cpu-r16cpu_SBOM.json,ICS-0235,pkg:oss:ntp,NTP Daemon,4.2.8p15,CVE-2023-26551
ICS-0235_mitsubishi_melsec-iq-r-cpu-r16cpu_SBOM.json,ICS-0235,pkg:oss:mbedtls,Mbed TLS,2.16.3,CVE-2020-10932;CVE-2020-16150;CVE-2021-24119
ICS-0235_mitsubishi_melsec-iq-r-cpu-r16cpu_SBOM.json,ICS-0235,pkg:oss:libmodbus,libmodbus,3.1.4,CVE-2019-14462;CVE-2019-14463
ICS-0235_mitsubishi_melsec-iq-r-cpu-r16cpu_SBOM.json,ICS-0235,pkg:oss:lwip,lwIP,2.0.3,CVE-2020-22283;CVE-2020-22284;CVE-2020-22288
ICS-0235_mitsubishi_melsec-iq-r-cpu-r16cpu_SBOM.json,ICS-0235,pkg:oss:expat,Expat,2.2.10,CVE-2022-22822;CVE-2022-23852;CVE-2022-25235
ICS-0235_mitsubishi_melsec-iq-r-cpu-r16cpu_SBOM.json,ICS-0235,pkg:oss:wolfssl,wolfSSL,4.5.0,CVE-2021-3336;CVE-2021-24116
ICS-0236_mitsubishi_melsec-q-series-cpu-q13udh_SBOM.json,ICS-0236,pkg:oss:expat,Expat,2.2.10,CVE-2022-22822;CVE-2022-23852;CVE-2022-25235
ICS-0236_mitsubishi_melsec-q-series-cpu-q13udh_SBOM.json,ICS-0236,pkg:oss:lwip,lwIP,2.1.2,CVE-2020-22283;CVE-2020-22285;CVE-2020-22286
ICS-0237_omron_sysmac-nj-machine-controller-nj501-1500_SBOM.json,ICS-0237,pkg:oss:mbedtls,Mbed TLS,2.28.0,CVE-2022-35409;CVE-2023-43615
ICS-0237_omron_sysmac-nj-machine-controller-nj501-1500_SBOM.json,ICS-0237,pkg:oss:openssl,OpenSSL,1.1.1n,CVE-2022-1292;CVE-2022-2068;CVE-2022-4304
ICS-0237_omron_sysmac-nj-machine-controller-nj501-1500_SBOM.json,ICS-0237,pkg:oss:treck-tcpip,Treck TCP/IP Stack,6.0.1.66,CVE-2020-11896;CVE-2020-11897;CVE-2020-11901
ICS-0237_omron_sysmac-nj-machine-controller-nj501-1500_SBOM.json,ICS-0237,pkg:oss:libmodbus,libmodbus,3.0.6,CVE-2019-14462;CVE-2019-14463
ICS-0237_omron_sysmac-nj-machine-controller-nj501-1500_SBOM.json,ICS-0237,pkg:oss:lwip,lwIP,2.1.2,CVE-2020-22283;CVE-2020-22285;CVE-2020-22286
ICS-0238_omron_sysmac-cj2-plc-cj2h-cpu68_SBOM.json,ICS-0238,pkg:oss:ntp,NTP Daemon,4.2.8p13,CVE-2019-8936;CVE-2020-11868
ICS-0238_omron_sysmac-cj2-plc-cj2h-cpu68_SBOM.json,ICS-0238,pkg:oss:lwip,lwIP,2.0.3,CVE-2020-22283;CVE-2020-22284;CVE-2020-22288
ICS-0238_omron_sysmac-cj2-plc-cj2h-cpu68_SBOM.json,ICS-0238,pkg:oss:openssl,OpenSSL,1.0.2u,CVE-2021-23840;CVE-2021-3712
ICS-0238_omron_sysmac-cj2-plc-cj2h-cpu68_SBOM.json,ICS-0238,pkg:oss:treck-tcpip,Treck TCP/IP Stack,6.0.1.67,CVE-2020-11898;CVE-2020-11900
ICS-0238_omron_sysmac-cj2-plc-cj2h-cpu68_SBOM.json,ICS-0238,pkg:oss:expat,Expat,2.4.1,CVE-2022-25236;CVE-2022-25315
ICS-0238_omron_sysmac-cj2-plc-cj2h-cpu68_SBOM.json,ICS-0238,pkg:oss:wolfssl,wolfSSL,5.5.0,CVE-2022-42905;CVE-2023-3724
ICS-0239_beckhoff_twincat-runtime-controller-cx2043_SBOM.json,ICS-0239,pkg:oss:sqlite,SQLite,3.39.4,CVE-2022-46908;CVE-2023-7104
ICS-0239_beckhoff_twincat-runtime-controller-cx2043_SBOM.json,ICS-0239,pkg:oss:libxml2,libxml2,2.9.10,CVE-2021-3517;CVE-2021-3518;CVE-2022-29824
ICS-0239_beckhoff_twincat-runtime-controller-cx2043_SBOM.json,ICS-0239,pkg:oss:sqlserver-express,Microsoft SQL Server Express,2019 CU22,CVE-2023-21528
ICS-0239_beckhoff_twincat-runtime-controller-cx2043_SBOM.json,ICS-0239,pkg:oss:zlib,zlib,1.2.11,CVE-2018-25032;CVE-2022-37434
ICS-0240_wago_pfc200-controller-750-8212_SBOM.json,ICS-0240,pkg:oss:busybox,BusyBox,1.20.2,CVE-2017-16544;CVE-2016-2147;CVE-2018-1000500
ICS-0240_wago_pfc200-controller-750-8212_SBOM.json,ICS-0240,pkg:oss:nginx,nginx,1.24.0,CVE-2023-44487
ICS-0240_wago_pfc200-controller-750-8212_SBOM.json,ICS-0240,pkg:oss:openssh,OpenSSH,7.4p1,CVE-2018-15473;CVE-2019-6111;CVE-2016-10708
ICS-0240_wago_pfc200-controller-750-8212_SBOM.json,ICS-0240,pkg:oss:dnsmasq,dnsmasq,2.82,CVE-2020-25681;CVE-2020-25684;CVE-2021-3448
ICS-0240_wago_pfc200-controller-750-8212_SBOM.json,ICS-0240,pkg:oss:musl,musl libc,1.1.24,CVE-2020-28928
ICS-0240_wago_pfc200-controller-750-8212_SBOM.json,ICS-0240,pkg:oss:openssl,OpenSSL,1.0.2u,CVE-2021-23840;CVE-2021-3712
ICS-0240_wago_pfc200-controller-750-8212_SBOM.json,ICS-0240,pkg:oss:openvpn,OpenVPN,2.4.7,CVE-2020-11810;CVE-2020-15078
ICS-0240_wago_pfc200-controller-750-8212_SBOM.json,ICS-0240,pkg:oss:expat,Expat,2.2.10,CVE-2022-22822;CVE-2022-23852;CVE-2022-25235
ICS-0241_phoenix_axc-f-2152-controller-axc-f-1152_SBOM.json,ICS-0241,pkg:oss:nginx,nginx,1.20.1,CVE-2022-41741;CVE-2022-41742
ICS-0241_phoenix_axc-f-2152-controller-axc-f-1152_SBOM.json,ICS-0241,pkg:oss:musl,musl libc,1.2.2,CVE-2020-28928
ICS-0241_phoenix_axc-f-2152-controller-axc-f-1152_SBOM.json,ICS-0241,pkg:oss:busybox,BusyBox,1.33.1,CVE-2021-42379;CVE-2021-42380;CVE-2022-28391
ICS-0241_phoenix_axc-f-2152-controller-axc-f-1152_SBOM.json,ICS-0241,pkg:oss:libssh2,libssh2,1.8.0,CVE-2019-3855;CVE-2019-3856;CVE-2019-3858
ICS-0241_phoenix_axc-f-2152-controller-axc-f-1152_SBOM.json,ICS-0241,pkg:oss:ntp,NTP Daemon,4.2.8p13,CVE-2019-8936;CVE-2020-11868
ICS-0241_phoenix_axc-f-2152-controller-axc-f-1152_SBOM.json,ICS-0241,pkg:oss:u-boot,Das U-Boot,2021.10,CVE-2022-30767;CVE-2022-33967
ICS-0242_br_x20-controller-x20cp0484_SBOM.json,ICS-0242,pkg:oss:expat,Expat,2.2.0,CVE-2018-20843;CVE-2019-15903
ICS-0242_br_x20-controller-x20cp0484_SBOM.json,ICS-0242,pkg:oss:wolfssl,wolfSSL,5.5.0,CVE-2022-42905;CVE-2023-3724
ICS-0242_br_x20-controller-x20cp0484_SBOM.json,ICS-0242,pkg:oss:treck-tcpip,Treck TCP/IP Stack,6.0.1.67,CVE-2020-11898;CVE-2020-11900
ICS-0242_br_x20-controller-x20cp0484_SBOM.json,ICS-0242,pkg:oss:lwip,lwIP,2.1.2,CVE-2020-22283;CVE-2020-22285;CVE-2020-22286
ICS-0242_br_x20-controller-x20cp0484_SBOM.json,ICS-0242,pkg:oss:libmodbus,libmodbus,3.0.6,CVE-2019-14462;CVE-2019-14463
ICS-0242_br_x20-controller-x20cp0484_SBOM.json,ICS-0242,pkg:oss:zlib,zlib,1.2.12,CVE-2022-37434
ICS-0243_ls-electric_xgt-plc-cpu-xgr-cpuh_SBOM.json,ICS-0243,pkg:oss:treck-tcpip,Treck TCP/IP Stack,6.0.1.66,CVE-2020-11896;CVE-2020-11897;CVE-2020-11901
ICS-0243_ls-electric_xgt-plc-cpu-xgr-cpuh_SBOM.json,ICS-0243,pkg:oss:lwip,lwIP,2.0.3,CVE-2020-22283;CVE-2020-22284;CVE-2020-22288
ICS-0243_ls-electric_xgt-plc-cpu-xgr-cpuh_SBOM.json,ICS-0243,pkg:oss:wolfssl,wolfSSL,5.5.0,CVE-2022-42905;CVE-2023-3724
ICS-0243_ls-electric_xgt-plc-cpu-xgr-cpuh_SBOM.json,ICS-0243,pkg:oss:expat,Expat,2.2.10,CVE-2022-22822;CVE-2022-23852;CVE-2022-25235
ICS-0243_ls-electric_xgt-plc-cpu-xgr-cpuh_SBOM.json,ICS-0243,pkg:oss:ntp,NTP Daemon,4.2.8p10,CVE-2018-7182;CVE-2018-7183;CVE-2018-7184
ICS-0244_delta_as-series-plc-as324mt-a_SBOM.json,ICS-0244,pkg:oss:lwip,lwIP,2.0.3,CVE-2020-22283;CVE-2020-22284;CVE-2020-22288
ICS-0244_delta_as-series-plc-as324mt-a_SBOM.json,ICS-0244,pkg:oss:ntp,NTP Daemon,4.2.8p13,CVE-2019-8936;CVE-2020-11868
ICS-0244_delta_as-series-plc-as324mt-a_SBOM.json,ICS-0244,pkg:oss:expat,Expat,2.2.10,CVE-2022-22822;CVE-2022-23852;CVE-2022-25235
ICS-0244_delta_as-series-plc-as324mt-a_SBOM.json,ICS-0244,pkg:oss:openssl,OpenSSL,1.0.2u,CVE-2021-23840;CVE-2021-3712
ICS-0245_unitronics_unistream-plc-usc-b10-t24_SBOM.json,ICS-0245,pkg:oss:lighttpd,lighttpd,1.4.45,CVE-2018-19052;CVE-2019-11072
ICS-0245_unitronics_unistream-plc-usc-b10-t24_SBOM.json,ICS-0245,pkg:oss:linux-kernel,Linux Kernel,5.10.220,CVE-2024-1086
ICS-0245_unitronics_unistream-plc-usc-b10-t24_SBOM.json,ICS-0245,pkg:oss:libcurl,libcurl,7.79.1,CVE-2022-22576;CVE-2022-27774;CVE-2022-32221
ICS-0245_unitronics_unistream-plc-usc-b10-t24_SBOM.json,ICS-0245,pkg:oss:musl,musl libc,1.1.24,CVE-2020-28928
ICS-0245_unitronics_unistream-plc-usc-b10-t24_SBOM.json,ICS-0245,pkg:oss:openssh,OpenSSH,9.6p1,CVE-2024-6387
ICS-0245_unitronics_unistream-plc-usc-b10-t24_SBOM.json,ICS-0245,pkg:oss:nginx,nginx,1.20.1,CVE-2022-41741;CVE-2022-41742
ICS-0246_idec_microsmart-fc6a-plc-fc6a-c24r2c_SBOM.json,ICS-0246,pkg:oss:wolfssl,wolfSSL,5.5.0,CVE-2022-42905;CVE-2023-3724
ICS-0246_idec_microsmart-fc6a-plc-fc6a-c24r2c_SBOM.json,ICS-0246,pkg:oss:openssl,OpenSSL,1.0.2k,CVE-2017-3731;CVE-2017-3732;CVE-2016-7055
ICS-0246_idec_microsmart-fc6a-plc-fc6a-c24r2c_SBOM.json,ICS-0246,pkg:oss:libmodbus,libmodbus,3.1.4,CVE-2019-14462;CVE-2019-14463
ICS-0246_idec_microsmart-fc6a-plc-fc6a-c24r2c_SBOM.json,ICS-0246,pkg:oss:mbedtls,Mbed TLS,2.28.0,CVE-2022-35409;CVE-2023-43615
ICS-0246_idec_microsmart-fc6a-plc-fc6a-c24r2c_SBOM.json,ICS-0246,pkg:oss:lwip,lwIP,2.1.3,CVE-2023-5188
ICS-0246_idec_microsmart-fc6a-plc-fc6a-c24r2c_SBOM.json,ICS-0246,pkg:oss:zlib,zlib,1.2.11,CVE-2018-25032;CVE-2022-37434
ICS-0247_panasonic_fp7-series-plc-afp7cps21_SBOM.json,ICS-0247,pkg:oss:zlib,zlib,1.2.12,CVE-2022-37434
ICS-0247_panasonic_fp7-series-plc-afp7cps21_SBOM.json,ICS-0247,pkg:oss:treck-tcpip,Treck TCP/IP Stack,6.0.1.67,CVE-2020-11898;CVE-2020-11900
ICS-0247_panasonic_fp7-series-plc-afp7cps21_SBOM.json,ICS-0247,pkg:oss:openssl,OpenSSL,1.0.2u,CVE-2021-23840;CVE-2021-3712
ICS-0247_panasonic_fp7-series-plc-afp7cps21_SBOM.json,ICS-0247,pkg:oss:lwip,lwIP,2.1.2,CVE-2020-22283;CVE-2020-22285;CVE-2020-22286
ICS-0248_keyence_kv-8000-plc-kv-5500_SBOM.json,ICS-0248,pkg:oss:mbedtls,Mbed TLS,2.28.0,CVE-2022-35409;CVE-2023-43615
ICS-0248_keyence_kv-8000-plc-kv-5500_SBOM.json,ICS-0248,pkg:oss:libmodbus,libmodbus,3.0.6,CVE-2019-14462;CVE-2019-14463
ICS-0248_keyence_kv-8000-plc-kv-5500_SBOM.json,ICS-0248,pkg:oss:zlib,zlib,1.2.11,CVE-2018-25032;CVE-2022-37434
ICS-0248_keyence_kv-8000-plc-kv-5500_SBOM.json,ICS-0248,pkg:oss:ntp,NTP Daemon,4.2.8p10,CVE-2018-7182;CVE-2018-7183;CVE-2018-7184
ICS-0249_fuji_micrex-sx-plc-np1ps-117r_SBOM.json,ICS-0249,pkg:oss:ntp,NTP Daemon,4.2.8p15,CVE-2023-26551
ICS-0249_fuji_micrex-sx-plc-np1ps-117r_SBOM.json,ICS-0249,pkg:oss:expat,Expat,2.5.0,CVE-2023-52425
ICS-0249_fuji_micrex-sx-plc-np1ps-117r_SBOM.json,ICS-0249,pkg:oss:treck-tcpip,Treck TCP/IP Stack,6.0.1.67,CVE-2020-11898;CVE-2020-11900
ICS-0249_fuji_micrex-sx-plc-np1ps-117r_SBOM.json,ICS-0249,pkg:oss:lwip,lwIP,2.0.3,CVE-2020-22283;CVE-2020-22284;CVE-2020-22288
ICS-0250_codesys_codesys-control-runtime-rte-v3_SBOM.json,ICS-0250,pkg:oss:openvpn,OpenVPN,2.4.7,CVE-2020-11810;CVE-2020-15078
ICS-0250_codesys_codesys-control-runtime-rte-v3_SBOM.json,ICS-0250,pkg:oss:mosquitto,Eclipse Mosquitto,2.0.11,CVE-2021-34431;CVE-2021-41039;CVE-2023-0809
ICS-0250_codesys_codesys-control-runtime-rte-v3_SBOM.json,ICS-0250,pkg:oss:glibc,GNU C Library,2.35,CVE-2023-4911;CVE-2024-2961
ICS-0250_codesys_codesys-control-runtime-rte-v3_SBOM.json,ICS-0250,pkg:oss:ntp,NTP Daemon,4.2.8p13,CVE-2019-8936;CVE-2020-11868
ICS-0250_codesys_codesys-control-runtime-rte-v3_SBOM.json,ICS-0250,pkg:oss:sqlite,SQLite,3.39.4,CVE-2022-46908;CVE-2023-7104
ICS-0250_codesys_codesys-control-runtime-rte-v3_SBOM.json,ICS-0250,pkg:oss:wpa-supplicant,wpa_supplicant,2.6,CVE-2017-13077;CVE-2017-13078;CVE-2018-14526
ICS-0250_codesys_codesys-control-runtime-rte-v3_SBOM.json,ICS-0250,pkg:oss:nginx,nginx,1.18.0,CVE-2021-23017;CVE-2022-41741;CVE-2022-41742
ICS-0250_codesys_codesys-control-runtime-rte-v3_SBOM.json,ICS-0250,pkg:oss:openssh,OpenSSH,8.2p1,CVE-2020-15778;CVE-2021-41617;CVE-2023-48795
ICS-0250_codesys_codesys-control-runtime-rte-v3_SBOM.json,ICS-0250,pkg:oss:linux-kernel,Linux Kernel,3.10.108,CVE-2017-1000112;CVE-2018-5333;CVE-2019-11477
ICS-0250_codesys_codesys-control-runtime-rte-v3_SBOM.json,ICS-0250,pkg:oss:codesys-rt,CODESYS Control Runtime System,3.5.16.0,CVE-2021-30186;CVE-2021-30188;CVE-2021-30189
ICS-0251_abb_rtu560-telecontrol-unit-560cig10_SBOM.json,ICS-0251,pkg:oss:open62541,open62541 OPC UA Stack,1.2.2,CVE-2021-40206;CVE-2022-25761
ICS-0251_abb_rtu560-telecontrol-unit-560cig10_SBOM.json,ICS-0251,pkg:oss:mosquitto,Eclipse Mosquitto,1.5.8,CVE-2019-11779;CVE-2021-28166
ICS-0251_abb_rtu560-telecontrol-unit-560cig10_SBOM.json,ICS-0251,pkg:oss:libmodbus,libmodbus,3.0.6,CVE-2019-14462;CVE-2019-14463
ICS-0251_abb_rtu560-telecontrol-unit-560cig10_SBOM.json,ICS-0251,pkg:oss:codesys-rt,CODESYS Control Runtime System,3.5.18.20,CVE-2023-37559;CVE-2023-37560
ICS-0252_schneider_scadapack-rtu-570_SBOM.json,ICS-0252,pkg:oss:libxml2,libxml2,2.9.10,CVE-2021-3517;CVE-2021-3518;CVE-2022-29824
ICS-0252_schneider_scadapack-rtu-570_SBOM.json,ICS-0252,pkg:oss:net-snmp,Net-SNMP,5.9.1,CVE-2022-24805;CVE-2022-24809
ICS-0252_schneider_scadapack-rtu-570_SBOM.json,ICS-0252,pkg:oss:zlib,zlib,1.2.11,CVE-2018-25032;CVE-2022-37434
ICS-0252_schneider_scadapack-rtu-570_SBOM.json,ICS-0252,pkg:oss:openssl,OpenSSL,3.0.7,CVE-2023-0286;CVE-2023-0215;CVE-2022-4304
ICS-0253_ge_d20-mx-substation-controller-d400_SBOM.json,ICS-0253,pkg:oss:libssh2,libssh2,1.9.0,CVE-2019-17498;CVE-2020-22218
ICS-0253_ge_d20-mx-substation-controller-d400_SBOM.json,ICS-0253,pkg:oss:libxml2,libxml2,2.10.4,CVE-2023-45322
ICS-0253_ge_d20-mx-substation-controller-d400_SBOM.json,ICS-0253,pkg:oss:openvpn,OpenVPN,2.5.5,CVE-2022-0547;CVE-2023-46849;CVE-2023-46850
ICS-0253_ge_d20-mx-substation-controller-d400_SBOM.json,ICS-0253,pkg:oss:glibc,GNU C Library,2.35,CVE-2023-4911;CVE-2024-2961
ICS-0253_ge_d20-mx-substation-controller-d400_SBOM.json,ICS-0253,pkg:oss:openssh,OpenSSH,9.6p1,CVE-2024-6387
ICS-0253_ge_d20-mx-substation-controller-d400_SBOM.json,ICS-0253,pkg:oss:expat,Expat,2.5.0,CVE-2023-52425
ICS-0253_ge_d20-mx-substation-controller-d400_SBOM.json,ICS-0253,pkg:oss:libpcap,libpcap,1.8.1,CVE-2018-16301;CVE-2019-15165
ICS-0253_ge_d20-mx-substation-controller-d400_SBOM.json,ICS-0253,pkg:oss:net-snmp,Net-SNMP,5.9.1,CVE-2022-24805;CVE-2022-24809
ICS-0253_ge_d20-mx-substation-controller-d400_SBOM.json,ICS-0253,pkg:oss:openssl,OpenSSL,1.1.1g,CVE-2020-1971;CVE-2021-3450;CVE-2021-3711
ICS-0253_ge_d20-mx-substation-controller-d400_SBOM.json,ICS-0253,pkg:oss:sqlite,SQLite,3.39.4,CVE-2022-46908;CVE-2023-7104
ICS-0254_siemens_sicam-a8000-rtu-cp-8000_SBOM.json,ICS-0254,pkg:oss:expat,Expat,2.4.1,CVE-2022-25236;CVE-2022-25315
ICS-0254_siemens_sicam-a8000-rtu-cp-8000_SBOM.json,ICS-0254,pkg:oss:sqlite,SQLite,3.41.2,CVE-2023-7104
ICS-0254_siemens_sicam-a8000-rtu-cp-8000_SBOM.json,ICS-0254,pkg:oss:zlib,zlib,1.2.12,CVE-2022-37434
ICS-0254_siemens_sicam-a8000-rtu-cp-8000_SBOM.json,ICS-0254,pkg:oss:nginx,nginx,1.18.0,CVE-2021-23017;CVE-2022-41741;CVE-2022-41742
ICS-0254_siemens_sicam-a8000-rtu-cp-8000_SBOM.json,ICS-0254,pkg:oss:linux-kernel,Linux Kernel,4.19.325,CVE-2022-0847;CVE-2023-32233
ICS-0254_siemens_sicam-a8000-rtu-cp-8000_SBOM.json,ICS-0254,pkg:oss:libcurl,libcurl,7.29.0,CVE-2016-8615;CVE-2018-1000120;CVE-2019-5482
ICS-0254_siemens_sicam-a8000-rtu-cp-8000_SBOM.json,ICS-0254,pkg:oss:libpcap,libpcap,1.9.1,CVE-2019-15165;CVE-2023-7256
ICS-0254_siemens_sicam-a8000-rtu-cp-8000_SBOM.json,ICS-0254,pkg:oss:dnsmasq,dnsmasq,2.78,CVE-2017-14491;CVE-2017-14492;CVE-2020-25681
ICS-0254_siemens_sicam-a8000-rtu-cp-8000_SBOM.json,ICS-0254,pkg:oss:busybox,BusyBox,1.20.2,CVE-2017-16544;CVE-2016-2147;CVE-2018-1000500
ICS-0255_hitachi-energy_rtu500-series-rtu540_SBOM.json,ICS-0255,pkg:oss:wolfssl,wolfSSL,4.5.0,CVE-2021-3336;CVE-2021-24116
ICS-0255_hitachi-energy_rtu500-series-rtu540_SBOM.json,ICS-0255,pkg:oss:ntp,NTP Daemon,4.2.8p10,CVE-2018-7182;CVE-2018-7183;CVE-2018-7184
ICS-0255_hitachi-energy_rtu500-series-rtu540_SBOM.json,ICS-0255,pkg:oss:expat,Expat,2.2.0,CVE-2018-20843;CVE-2019-15903
ICS-0255_hitachi-energy_rtu500-series-rtu540_SBOM.json,ICS-0255,pkg:oss:treck-tcpip,Treck TCP/IP Stack,6.0.1.66,CVE-2020-11896;CVE-2020-11897;CVE-2020-11901
ICS-0255_hitachi-energy_rtu500-series-rtu540_SBOM.json,ICS-0255,pkg:oss:mbedtls,Mbed TLS,3.4.0,CVE-2023-43615
ICS-0255_hitachi-energy_rtu500-series-rtu540_SBOM.json,ICS-0255,pkg:oss:openssl,OpenSSL,1.1.1g,CVE-2020-1971;CVE-2021-3450;CVE-2021-3711
ICS-0256_moxa_iopac-programmable-controller-5542-c-t_SBOM.json,ICS-0256,pkg:oss:lighttpd,lighttpd,1.4.64,CVE-2023-44487
ICS-0256_moxa_iopac-programmable-controller-5542-c-t_SBOM.json,ICS-0256,pkg:oss:glibc,GNU C Library,2.35,CVE-2023-4911;CVE-2024-2961
ICS-0256_moxa_iopac-programmable-controller-5542-c-t_SBOM.json,ICS-0256,pkg:oss:libpcap,libpcap,1.9.1,CVE-2019-15165;CVE-2023-7256
ICS-0256_moxa_iopac-programmable-controller-5542-c-t_SBOM.json,ICS-0256,pkg:oss:open62541,open62541 OPC UA Stack,1.3.6,CVE-2023-31048
ICS-0256_moxa_iopac-programmable-controller-5542-c-t_SBOM.json,ICS-0256,pkg:oss:dropbear,Dropbear SSH,2016.74,CVE-2016-7406;CVE-2016-7407;CVE-2016-7408
ICS-0256_moxa_iopac-programmable-controller-5542-c-t_SBOM.json,ICS-0256,pkg:oss:codesys-rt,CODESYS Control Runtime System,3.5.17.0,CVE-2022-22515;CVE-2022-22517;CVE-2022-31802
ICS-0257_red-lion_data-station-plus-rtu-dspgt000_SBOM.json,ICS-0257,pkg:oss:lighttpd,lighttpd,1.4.55,CVE-2022-22707;CVE-2023-44487
ICS-0257_red-lion_data-station-plus-rtu-dspgt000_SBOM.json,ICS-0257,pkg:oss:openssh,OpenSSH,7.4p1,CVE-2018-15473;CVE-2019-6111;CVE-2016-10708
ICS-0257_red-lion_data-station-plus-rtu-dspgt000_SBOM.json,ICS-0257,pkg:oss:ntp,NTP Daemon,4.2.8p13,CVE-2019-8936;CVE-2020-11868
ICS-0257_red-lion_data-station-plus-rtu-dspgt000_SBOM.json,ICS-0257,pkg:oss:libmodbus,libmodbus,3.1.4,CVE-2019-14462;CVE-2019-14463
ICS-0257_red-lion_data-station-plus-rtu-dspgt000_SBOM.json,ICS-0257,pkg:oss:libssh2,libssh2,1.8.0,CVE-2019-3855;CVE-2019-3856;CVE-2019-3858
ICS-0257_red-lion_data-station-plus-rtu-dspgt000_SBOM.json,ICS-0257,pkg:oss:wpa-supplicant,wpa_supplicant,2.6,CVE-2017-13077;CVE-2017-13078;CVE-2018-14526
ICS-0257_red-lion_data-station-plus-rtu-dspgt000_SBOM.json,ICS-0257,pkg:oss:sqlite,SQLite,3.31.1,CVE-2020-13434;CVE-2020-13630;CVE-2021-20227
ICS-0257_red-lion_data-station-plus-rtu-dspgt000_SBOM.json,ICS-0257,pkg:oss:codesys-rt,CODESYS Control Runtime System,3.5.17.0,CVE-2022-22515;CVE-2022-22517;CVE-2022-31802
ICS-0258_sel_sel-451-protection-system-487e_SBOM.json,ICS-0258,pkg:oss:treck-tcpip,Treck TCP/IP Stack,6.0.1.66,CVE-2020-11896;CVE-2020-11897;CVE-2020-11901
ICS-0258_sel_sel-451-protection-system-487e_SBOM.json,ICS-0258,pkg:oss:mbedtls,Mbed TLS,2.16.3,CVE-2020-10932;CVE-2020-16150;CVE-2021-24119
ICS-0258_sel_sel-451-protection-system-487e_SBOM.json,ICS-0258,pkg:oss:ntp,NTP Daemon,4.2.8p10,CVE-2018-7182;CVE-2018-7183;CVE-2018-7184
ICS-0258_sel_sel-451-protection-system-487e_SBOM.json,ICS-0258,pkg:oss:zlib,zlib,1.2.12,CVE-2022-37434
ICS-0258_sel_sel-451-protection-system-487e_SBOM.json,ICS-0258,pkg:oss:lwip,lwIP,2.1.3,CVE-2023-5188
ICS-0258_sel_sel-451-protection-system-487e_SBOM.json,ICS-0258,pkg:oss:openssl,OpenSSL,3.0.7,CVE-2023-0286;CVE-2023-0215;CVE-2022-4304
ICS-0259_sel_sel-3530-rtac-3555_SBOM.json,ICS-0259,pkg:oss:linux-kernel,Linux Kernel,5.10.220,CVE-2024-1086
ICS-0259_sel_sel-3530-rtac-3555_SBOM.json,ICS-0259,pkg:oss:libcurl,libcurl,7.64.0,CVE-2019-5481;CVE-2019-5482;CVE-2020-8177
ICS-0259_sel_sel-3530-rtac-3555_SBOM.json,ICS-0259,pkg:oss:expat,Expat,2.2.10,CVE-2022-22822;CVE-2022-23852;CVE-2022-25235
ICS-0260_hitachi-energy_ref615-feeder-protection-relay-red615_SBOM.json,ICS-0260,pkg:oss:ntp,NTP Daemon,4.2.8p10,CVE-2018-7182;CVE-2018-7183;CVE-2018-7184
ICS-0260_hitachi-energy_ref615-feeder-protection-relay-red615_SBOM.json,ICS-0260,pkg:oss:libmodbus,libmodbus,3.1.4,CVE-2019-14462;CVE-2019-14463
ICS-0260_hitachi-energy_ref615-feeder-protection-relay-red615_SBOM.json,ICS-0260,pkg:oss:zlib,zlib,1.2.11,CVE-2018-25032;CVE-2022-37434
ICS-0260_hitachi-energy_ref615-feeder-protection-relay-red615_SBOM.json,ICS-0260,pkg:oss:lwip,lwIP,2.0.3,CVE-2020-22283;CVE-2020-22284;CVE-2020-22288
ICS-0260_hitachi-energy_ref615-feeder-protection-relay-red615_SBOM.json,ICS-0260,pkg:oss:openssl,OpenSSL,3.0.7,CVE-2023-0286;CVE-2023-0215;CVE-2022-4304
ICS-0260_hitachi-energy_ref615-feeder-protection-relay-red615_SBOM.json,ICS-0260,pkg:oss:mbedtls,Mbed TLS,2.28.0,CVE-2022-35409;CVE-2023-43615
ICS-0260_hitachi-energy_ref615-feeder-protection-relay-red615_SBOM.json,ICS-0260,pkg:oss:wolfssl,wolfSSL,5.5.0,CVE-2022-42905;CVE-2023-3724
ICS-0261_siemens_siprotec-5-protection-relay-7ut85_SBOM.json,ICS-0261,pkg:oss:wolfssl,wolfSSL,5.5.0,CVE-2022-42905;CVE-2023-3724
ICS-0261_siemens_siprotec-5-protection-relay-7ut85_SBOM.json,ICS-0261,pkg:oss:mbedtls,Mbed TLS,2.16.3,CVE-2020-10932;CVE-2020-16150;CVE-2021-24119
ICS-0262_ge_multilin-ur-relay-l90_SBOM.json,ICS-0262,pkg:oss:mbedtls,Mbed TLS,2.16.3,CVE-2020-10932;CVE-2020-16150;CVE-2021-24119
ICS-0262_ge_multilin-ur-relay-l90_SBOM.json,ICS-0262,pkg:oss:ntp,NTP Daemon,4.2.8p15,CVE-2023-26551
ICS-0262_ge_multilin-ur-relay-l90_SBOM.json,ICS-0262,pkg:oss:wolfssl,wolfSSL,4.5.0,CVE-2021-3336;CVE-2021-24116
ICS-0263_schneider_easergy-p3-protection-relay-p3f30_SBOM.json,ICS-0263,pkg:oss:libmodbus,libmodbus,3.1.4,CVE-2019-14462;CVE-2019-14463
ICS-0263_schneider_easergy-p3-protection-relay-p3f30_SBOM.json,ICS-0263,pkg:oss:zlib,zlib,1.2.8,CVE-2016-9840;CVE-2016-9841;CVE-2018-25032
ICS-0263_schneider_easergy-p3-protection-relay-p3f30_SBOM.json,ICS-0263,pkg:oss:lwip,lwIP,1.4.1,CVE-2014-1912;CVE-2020-22283;CVE-2020-22284
ICS-0263_schneider_easergy-p3-protection-relay-p3f30_SBOM.json,ICS-0263,pkg:oss:ntp,NTP Daemon,4.2.8p13,CVE-2019-8936;CVE-2020-11868
ICS-0263_schneider_easergy-p3-protection-relay-p3f30_SBOM.json,ICS-0263,pkg:oss:treck-tcpip,Treck TCP/IP Stack,6.0.1.66,CVE-2020-11896;CVE-2020-11897;CVE-2020-11901
ICS-0264_nari_pcs-9611-feeder-protection-pcs-9671_SBOM.json,ICS-0264,pkg:oss:mbedtls,Mbed TLS,2.16.3,CVE-2020-10932;CVE-2020-16150;CVE-2021-24119
ICS-0264_nari_pcs-9611-feeder-protection-pcs-9671_SBOM.json,ICS-0264,pkg:oss:treck-tcpip,Treck TCP/IP Stack,6.0.1.67,CVE-2020-11898;CVE-2020-11900
ICS-0264_nari_pcs-9611-feeder-protection-pcs-9671_SBOM.json,ICS-0264,pkg:oss:ntp,NTP Daemon,4.2.8p10,CVE-2018-7182;CVE-2018-7183;CVE-2018-7184
ICS-0264_nari_pcs-9611-feeder-protection-pcs-9671_SBOM.json,ICS-0264,pkg:oss:libmodbus,libmodbus,3.0.6,CVE-2019-14462;CVE-2019-14463
ICS-0264_nari_pcs-9611-feeder-protection-pcs-9671_SBOM.json,ICS-0264,pkg:oss:expat,Expat,2.4.1,CVE-2022-25236;CVE-2022-25315
ICS-0265_hd-hyundai_higen-protection-relay-hgr-300_SBOM.json,ICS-0265,pkg:oss:treck-tcpip,Treck TCP/IP Stack,6.0.1.67,CVE-2020-11898;CVE-2020-11900
ICS-0265_hd-hyundai_higen-protection-relay-hgr-300_SBOM.json,ICS-0265,pkg:oss:ntp,NTP Daemon,4.2.8p13,CVE-2019-8936;CVE-2020-11868
ICS-0265_hd-hyundai_higen-protection-relay-hgr-300_SBOM.json,ICS-0265,pkg:oss:mbedtls,Mbed TLS,2.28.0,CVE-2022-35409;CVE-2023-43615
ICS-0265_hd-hyundai_higen-protection-relay-hgr-300_SBOM.json,ICS-0265,pkg:oss:wolfssl,wolfSSL,4.5.0,CVE-2021-3336;CVE-2021-24116
ICS-0266_siemens_simatic-hmi-comfort-panel-kp700_SBOM.json,ICS-0266,pkg:oss:libxml2,libxml2,2.9.10,CVE-2021-3517;CVE-2021-3518;CVE-2022-29824
ICS-0266_siemens_simatic-hmi-comfort-panel-kp700_SBOM.json,ICS-0266,pkg:oss:expat,Expat,2.2.10,CVE-2022-22822;CVE-2022-23852;CVE-2022-25235
ICS-0266_siemens_simatic-hmi-comfort-panel-kp700_SBOM.json,ICS-0266,pkg:oss:dotnet,Microsoft .NET Framework,4.6.2,CVE-2018-8421;CVE-2019-0545;CVE-2020-1147
ICS-0267_rockwell_panelview-plus-terminal-6-compact-600_SBOM.json,ICS-0267,pkg:oss:sqlite,SQLite,3.39.4,CVE-2022-46908;CVE-2023-7104
ICS-0267_rockwell_panelview-plus-terminal-6-compact-600_SBOM.json,ICS-0267,pkg:oss:openssl,OpenSSL,1.1.1k,CVE-2021-3711;CVE-2021-3712;CVE-2022-0778
ICS-0267_rockwell_panelview-plus-terminal-6-compact-600_SBOM.json,ICS-0267,pkg:oss:dotnet,Microsoft .NET Framework,4.7.2,CVE-2020-1147;CVE-2021-24112;CVE-2021-26701
ICS-0267_rockwell_panelview-plus-terminal-6-compact-600_SBOM.json,ICS-0267,pkg:oss:expat,Expat,2.4.1,CVE-2022-25236;CVE-2022-25315
ICS-0268_schneider_magelis-gtu-hmi-hmist6500_SBOM.json,ICS-0268,pkg:oss:libmodbus,libmodbus,3.1.4,CVE-2019-14462;CVE-2019-14463
ICS-0268_schneider_magelis-gtu-hmi-hmist6500_SBOM.json,ICS-0268,pkg:oss:zlib,zlib,1.2.12,CVE-2022-37434
ICS-0268_schneider_magelis-gtu-hmi-hmist6500_SBOM.json,ICS-0268,pkg:oss:glibc,GNU C Library,2.31,CVE-2021-35942;CVE-2023-4911
ICS-0268_schneider_magelis-gtu-hmi-hmist6500_SBOM.json,ICS-0268,pkg:oss:openssh,OpenSSH,9.6p1,CVE-2024-6387
ICS-0268_schneider_magelis-gtu-hmi-hmist6500_SBOM.json,ICS-0268,pkg:oss:libpcap,libpcap,1.9.1,CVE-2019-15165;CVE-2023-7256
ICS-0269_mitsubishi_got2000-graphic-terminal-gt2107-wtbd_SBOM.json,ICS-0269,pkg:oss:lwip,lwIP,2.0.3,CVE-2020-22283;CVE-2020-22284;CVE-2020-22288
ICS-0269_mitsubishi_got2000-graphic-terminal-gt2107-wtbd_SBOM.json,ICS-0269,pkg:oss:libmodbus,libmodbus,3.0.6,CVE-2019-14462;CVE-2019-14463
ICS-0269_mitsubishi_got2000-graphic-terminal-gt2107-wtbd_SBOM.json,ICS-0269,pkg:oss:openssl,OpenSSL,1.1.1k,CVE-2021-3711;CVE-2021-3712;CVE-2022-0778
ICS-0269_mitsubishi_got2000-graphic-terminal-gt2107-wtbd_SBOM.json,ICS-0269,pkg:oss:expat,Expat,2.4.1,CVE-2022-25236;CVE-2022-25315
ICS-0269_mitsubishi_got2000-graphic-terminal-gt2107-wtbd_SBOM.json,ICS-0269,pkg:oss:zlib,zlib,1.2.11,CVE-2018-25032;CVE-2022-37434
ICS-0269_mitsubishi_got2000-graphic-terminal-gt2107-wtbd_SBOM.json,ICS-0269,pkg:oss:ntp,NTP Daemon,4.2.8p15,CVE-2023-26551
ICS-0269_mitsubishi_got2000-graphic-terminal-gt2107-wtbd_SBOM.json,ICS-0269,pkg:oss:mbedtls,Mbed TLS,3.4.0,CVE-2023-43615
ICS-0270_advantech_webop-operator-panel-wop-2070t_SBOM.json,ICS-0270,pkg:oss:open62541,open62541 OPC UA Stack,1.3.6,CVE-2023-31048
ICS-0270_advantech_webop-operator-panel-wop-2070t_SBOM.json,ICS-0270,pkg:oss:sqlite,SQLite,3.22.0,CVE-2018-8740;CVE-2019-8457;CVE-2020-11655
ICS-0270_advantech_webop-operator-panel-wop-2070t_SBOM.json,ICS-0270,pkg:oss:libcurl,libcurl,7.64.0,CVE-2019-5481;CVE-2019-5482;CVE-2020-8177
ICS-0270_advantech_webop-operator-panel-wop-2070t_SBOM.json,ICS-0270,pkg:oss:musl,musl libc,1.2.2,CVE-2020-28928
ICS-0270_advantech_webop-operator-panel-wop-2070t_SBOM.json,ICS-0270,pkg:oss:net-snmp,Net-SNMP,5.8,CVE-2020-15861;CVE-2020-15862;CVE-2022-24805
ICS-0270_advantech_webop-operator-panel-wop-2070t_SBOM.json,ICS-0270,pkg:oss:lighttpd,lighttpd,1.4.55,CVE-2022-22707;CVE-2023-44487
ICS-0271_delta_dop-100-hmi-dop-103bq_SBOM.json,ICS-0271,pkg:oss:zlib,zlib,1.2.11,CVE-2018-25032;CVE-2022-37434
ICS-0271_delta_dop-100-hmi-dop-103bq_SBOM.json,ICS-0271,pkg:oss:mbedtls,Mbed TLS,3.4.0,CVE-2023-43615
ICS-0271_delta_dop-100-hmi-dop-103bq_SBOM.json,ICS-0271,pkg:oss:libmodbus,libmodbus,3.0.6,CVE-2019-14462;CVE-2019-14463
ICS-0271_delta_dop-100-hmi-dop-103bq_SBOM.json,ICS-0271,pkg:oss:expat,Expat,2.2.10,CVE-2022-22822;CVE-2022-23852;CVE-2022-25235
ICS-0271_delta_dop-100-hmi-dop-103bq_SBOM.json,ICS-0271,pkg:oss:ntp,NTP Daemon,4.2.8p10,CVE-2018-7182;CVE-2018-7183;CVE-2018-7184
ICS-0271_delta_dop-100-hmi-dop-103bq_SBOM.json,ICS-0271,pkg:oss:lwip,lwIP,2.1.2,CVE-2020-22283;CVE-2020-22285;CVE-2020-22286
ICS-0271_delta_dop-100-hmi-dop-103bq_SBOM.json,ICS-0271,pkg:oss:openssl,OpenSSL,1.1.1n,CVE-2022-1292;CVE-2022-2068;CVE-2022-4304
ICS-0271_delta_dop-100-hmi-dop-103bq_SBOM.json,ICS-0271,pkg:oss:treck-tcpip,Treck TCP/IP Stack,6.0.1.67,CVE-2020-11898;CVE-2020-11900
ICS-0272_omron_na-series-hmi-na5-15w_SBOM.json,ICS-0272,pkg:oss:sqlserver-express,Microsoft SQL Server Express,2016 SP2,CVE-2019-1068;CVE-2020-0618
ICS-0272_omron_na-series-hmi-na5-15w_SBOM.json,ICS-0272,pkg:oss:libcurl,libcurl,7.64.0,CVE-2019-5481;CVE-2019-5482;CVE-2020-8177
ICS-0272_omron_na-series-hmi-na5-15w_SBOM.json,ICS-0272,pkg:oss:libxml2,libxml2,2.9.10,CVE-2021-3517;CVE-2021-3518;CVE-2022-29824
ICS-0273_pilz_pmi-operator-terminal-pmi-5_SBOM.json,ICS-0273,pkg:oss:ntp,NTP Daemon,4.2.8p13,CVE-2019-8936;CVE-2020-11868
ICS-0273_pilz_pmi-operator-terminal-pmi-5_SBOM.json,ICS-0273,pkg:oss:libxml2,libxml2,2.9.4,CVE-2016-9318;CVE-2017-5969;CVE-2018-14567
ICS-0274_aveva_aveva-plant-scada-2023-r2_SBOM.json,ICS-0274,pkg:oss:libcurl,libcurl,8.4.0,CVE-2023-46218;CVE-2024-2379
ICS-0274_aveva_aveva-plant-scada-2023-r2_SBOM.json,ICS-0274,pkg:oss:sqlite,SQLite,3.41.2,CVE-2023-7104
ICS-0274_aveva_aveva-plant-scada-2023-r2_SBOM.json,ICS-0274,pkg:oss:libxml2,libxml2,2.9.10,CVE-2021-3517;CVE-2021-3518;CVE-2022-29824
ICS-0275_inductive_ignition-scada-platform-8-3_SBOM.json,ICS-0275,pkg:oss:jackson,Jackson Databind,2.12.3,CVE-2020-36518;CVE-2022-42003;CVE-2022-42004
ICS-0275_inductive_ignition-scada-platform-8-3_SBOM.json,ICS-0275,pkg:oss:zlib,zlib,1.2.8,CVE-2016-9840;CVE-2016-9841;CVE-2018-25032
ICS-0275_inductive_ignition-scada-platform-8-3_SBOM.json,ICS-0275,pkg:oss:spring,Spring Framework,5.3.17,CVE-2022-22965;CVE-2022-22968;CVE-2022-22970
ICS-0275_inductive_ignition-scada-platform-8-3_SBOM.json,ICS-0275,pkg:oss:sqlite,SQLite,3.41.2,CVE-2023-7104
ICS-0276_copadata_zenon-supervisor-12_SBOM.json,ICS-0276,pkg:oss:libcurl,libcurl,7.29.0,CVE-2016-8615;CVE-2018-1000120;CVE-2019-5482
ICS-0276_copadata_zenon-supervisor-12_SBOM.json,ICS-0276,pkg:oss:libxml2,libxml2,2.10.4,CVE-2023-45322
ICS-0276_copadata_zenon-supervisor-12_SBOM.json,ICS-0276,pkg:oss:expat,Expat,2.5.0,CVE-2023-52425
ICS-0276_copadata_zenon-supervisor-12_SBOM.json,ICS-0276,pkg:oss:zlib,zlib,1.2.11,CVE-2018-25032;CVE-2022-37434
ICS-0277_siemens_simatic-wincc-unified-v18_SBOM.json,ICS-0277,pkg:oss:dotnet,Microsoft .NET Framework,4.8,CVE-2021-26701;CVE-2023-21808
ICS-0277_siemens_simatic-wincc-unified-v18_SBOM.json,ICS-0277,pkg:oss:openssl,OpenSSL,1.1.1g,CVE-2020-1971;CVE-2021-3450;CVE-2021-3711
ICS-0277_siemens_simatic-wincc-unified-v18_SBOM.json,ICS-0277,pkg:oss:libcurl,libcurl,8.4.0,CVE-2023-46218;CVE-2024-2379
ICS-0277_siemens_simatic-wincc-unified-v18_SBOM.json,ICS-0277,pkg:oss:libxml2,libxml2,2.9.4,CVE-2016-9318;CVE-2017-5969;CVE-2018-14567
ICS-0277_siemens_simatic-wincc-unified-v18_SBOM.json,ICS-0277,pkg:oss:expat,Expat,2.4.1,CVE-2022-25236;CVE-2022-25315
ICS-0277_siemens_simatic-wincc-unified-v18_SBOM.json,ICS-0277,pkg:oss:sqlserver-express,Microsoft SQL Server Express,2016 SP2,CVE-2019-1068;CVE-2020-0618
ICS-0277_siemens_simatic-wincc-unified-v18_SBOM.json,ICS-0277,pkg:oss:zlib,zlib,1.2.11,CVE-2018-25032;CVE-2022-37434
ICS-0278_ge_cimplicity-hmi-scada-2023_SBOM.json,ICS-0278,pkg:oss:libxml2,libxml2,2.9.14,CVE-2022-40303;CVE-2022-40304;CVE-2023-28484
ICS-0278_ge_cimplicity-hmi-scada-2023_SBOM.json,ICS-0278,pkg:oss:dotnet,Microsoft .NET Framework,4.6.2,CVE-2018-8421;CVE-2019-0545;CVE-2020-1147
ICS-0278_ge_cimplicity-hmi-scada-2023_SBOM.json,ICS-0278,pkg:oss:sqlserver-express,Microsoft SQL Server Express,2019 CU22,CVE-2023-21528
ICS-0279_schneider_ecostruxure-geo-scada-expert-2023_SBOM.json,ICS-0279,pkg:oss:openssl,OpenSSL,1.0.2k,CVE-2017-3731;CVE-2017-3732;CVE-2016-7055
ICS-0279_schneider_ecostruxure-geo-scada-expert-2023_SBOM.json,ICS-0279,pkg:oss:libcurl,libcurl,7.79.1,CVE-2022-22576;CVE-2022-27774;CVE-2022-32221
ICS-0279_schneider_ecostruxure-geo-scada-expert-2023_SBOM.json,ICS-0279,pkg:oss:zlib,zlib,1.2.12,CVE-2022-37434
ICS-0279_schneider_ecostruxure-geo-scada-expert-2023_SBOM.json,ICS-0279,pkg:oss:dotnet,Microsoft .NET Framework,4.7.2,CVE-2020-1147;CVE-2021-24112;CVE-2021-26701
ICS-0279_schneider_ecostruxure-geo-scada-expert-2023_SBOM.json,ICS-0279,pkg:oss:sqlserver-express,Microsoft SQL Server Express,2017 CU31,CVE-2022-29143;CVE-2023-21528
ICS-0280_rockwell_factorytalk-view-se-14-00_SBOM.json,ICS-0280,pkg:oss:sqlserver-express,Microsoft SQL Server Express,2019 CU22,CVE-2023-21528
ICS-0280_rockwell_factorytalk-view-se-14-00_SBOM.json,ICS-0280,pkg:oss:libxml2,libxml2,2.10.4,CVE-2023-45322
ICS-0280_rockwell_factorytalk-view-se-14-00_SBOM.json,ICS-0280,pkg:oss:libcurl,libcurl,8.0.1,CVE-2023-27533;CVE-2023-27536;CVE-2023-38545
ICS-0280_rockwell_factorytalk-view-se-14-00_SBOM.json,ICS-0280,pkg:oss:zlib,zlib,1.2.12,CVE-2022-37434
ICS-0280_rockwell_factorytalk-view-se-14-00_SBOM.json,ICS-0280,pkg:oss:openssl,OpenSSL,1.1.1k,CVE-2021-3711;CVE-2021-3712;CVE-2022-0778
ICS-0281_aveva_aveva-historian-2023-r2_SBOM.json,ICS-0281,pkg:oss:libxml2,libxml2,2.9.14,CVE-2022-40303;CVE-2022-40304;CVE-2023-28484
ICS-0281_aveva_aveva-historian-2023-r2_SBOM.json,ICS-0281,pkg:oss:libcurl,libcurl,8.0.1,CVE-2023-27533;CVE-2023-27536;CVE-2023-38545
ICS-0281_aveva_aveva-historian-2023-r2_SBOM.json,ICS-0281,pkg:oss:openssl,OpenSSL,1.1.1k,CVE-2021-3711;CVE-2021-3712;CVE-2022-0778
ICS-0281_aveva_aveva-historian-2023-r2_SBOM.json,ICS-0281,pkg:oss:dotnet,Microsoft .NET Framework,4.8,CVE-2021-26701;CVE-2023-21808
ICS-0281_aveva_aveva-historian-2023-r2_SBOM.json,ICS-0281,pkg:oss:expat,Expat,2.2.0,CVE-2018-20843;CVE-2019-15903
ICS-0281_aveva_aveva-historian-2023-r2_SBOM.json,ICS-0281,pkg:oss:sqlserver-express,Microsoft SQL Server Express,2017 CU31,CVE-2022-29143;CVE-2023-21528
ICS-0282_ge_proficy-historian-9-1_SBOM.json,ICS-0282,pkg:oss:libxml2,libxml2,2.9.10,CVE-2021-3517;CVE-2021-3518;CVE-2022-29824
ICS-0282_ge_proficy-historian-9-1_SBOM.json,ICS-0282,pkg:oss:expat,Expat,2.2.10,CVE-2022-22822;CVE-2022-23852;CVE-2022-25235
ICS-0282_ge_proficy-historian-9-1_SBOM.json,ICS-0282,pkg:oss:sqlite,SQLite,3.31.1,CVE-2020-13434;CVE-2020-13630;CVE-2021-20227
ICS-0282_ge_proficy-historian-9-1_SBOM.json,ICS-0282,pkg:oss:libcurl,libcurl,7.79.1,CVE-2022-22576;CVE-2022-27774;CVE-2022-32221
ICS-0282_ge_proficy-historian-9-1_SBOM.json,ICS-0282,pkg:oss:dotnet,Microsoft .NET Framework,4.7.2,CVE-2020-1147;CVE-2021-24112;CVE-2021-26701
ICS-0283_honeywell_uniformance-phd-historian-r321_SBOM.json,ICS-0283,pkg:oss:openssl,OpenSSL,1.0.2u,CVE-2021-23840;CVE-2021-3712
ICS-0283_honeywell_uniformance-phd-historian-r321_SBOM.json,ICS-0283,pkg:oss:sqlserver-express,Microsoft SQL Server Express,2016 SP2,CVE-2019-1068;CVE-2020-0618
ICS-0283_honeywell_uniformance-phd-historian-r321_SBOM.json,ICS-0283,pkg:oss:sqlite,SQLite,3.22.0,CVE-2018-8740;CVE-2019-8457;CVE-2020-11655
ICS-0283_honeywell_uniformance-phd-historian-r321_SBOM.json,ICS-0283,pkg:oss:dotnet,Microsoft .NET Framework,4.7.2,CVE-2020-1147;CVE-2021-24112;CVE-2021-26701
ICS-0283_honeywell_uniformance-phd-historian-r321_SBOM.json,ICS-0283,pkg:oss:expat,Expat,2.4.1,CVE-2022-25236;CVE-2022-25315
ICS-0284_emerson_deltav-continuous-historian-15-lts_SBOM.json,ICS-0284,pkg:oss:sqlite,SQLite,3.31.1,CVE-2020-13434;CVE-2020-13630;CVE-2021-20227
ICS-0284_emerson_deltav-continuous-historian-15-lts_SBOM.json,ICS-0284,pkg:oss:zlib,zlib,1.2.8,CVE-2016-9840;CVE-2016-9841;CVE-2018-25032
ICS-0284_emerson_deltav-continuous-historian-15-lts_SBOM.json,ICS-0284,pkg:oss:libxml2,libxml2,2.9.4,CVE-2016-9318;CVE-2017-5969;CVE-2018-14567
ICS-0284_emerson_deltav-continuous-historian-15-lts_SBOM.json,ICS-0284,pkg:oss:openssl,OpenSSL,1.0.2k,CVE-2017-3731;CVE-2017-3732;CVE-2016-7055
ICS-0284_emerson_deltav-continuous-historian-15-lts_SBOM.json,ICS-0284,pkg:oss:sqlserver-express,Microsoft SQL Server Express,2019 CU22,CVE-2023-21528
ICS-0284_emerson_deltav-continuous-historian-15-lts_SBOM.json,ICS-0284,pkg:oss:libcurl,libcurl,7.64.0,CVE-2019-5481;CVE-2019-5482;CVE-2020-8177
ICS-0284_emerson_deltav-continuous-historian-15-lts_SBOM.json,ICS-0284,pkg:oss:dotnet,Microsoft .NET Framework,4.6.2,CVE-2018-8421;CVE-2019-0545;CVE-2020-1147
ICS-0285_yokogawa_exaquantum-plant-information-system-r3-30_SBOM.json,ICS-0285,pkg:oss:libcurl,libcurl,7.64.0,CVE-2019-5481;CVE-2019-5482;CVE-2020-8177
ICS-0285_yokogawa_exaquantum-plant-information-system-r3-30_SBOM.json,ICS-0285,pkg:oss:expat,Expat,2.2.10,CVE-2022-22822;CVE-2022-23852;CVE-2022-25235
ICS-0285_yokogawa_exaquantum-plant-information-system-r3-30_SBOM.json,ICS-0285,pkg:oss:sqlite,SQLite,3.31.1,CVE-2020-13434;CVE-2020-13630;CVE-2021-20227
ICS-0285_yokogawa_exaquantum-plant-information-system-r3-30_SBOM.json,ICS-0285,pkg:oss:sqlserver-express,Microsoft SQL Server Express,2017 CU31,CVE-2022-29143;CVE-2023-21528
ICS-0286_siemens_tia-portal-engineering-suite-v19_SBOM.json,ICS-0286,pkg:oss:sqlserver-express,Microsoft SQL Server Express,2019 CU22,CVE-2023-21528
ICS-0286_siemens_tia-portal-engineering-suite-v19_SBOM.json,ICS-0286,pkg:oss:dotnet,Microsoft .NET Framework,4.8,CVE-2021-26701;CVE-2023-21808
ICS-0286_siemens_tia-portal-engineering-suite-v19_SBOM.json,ICS-0286,pkg:oss:sqlite,SQLite,3.31.1,CVE-2020-13434;CVE-2020-13630;CVE-2021-20227
ICS-0287_rockwell_studio-5000-logix-designer-34-00_SBOM.json,ICS-0287,pkg:oss:libcurl,libcurl,7.79.1,CVE-2022-22576;CVE-2022-27774;CVE-2022-32221
ICS-0287_rockwell_studio-5000-logix-designer-34-00_SBOM.json,ICS-0287,pkg:oss:openssl,OpenSSL,1.1.1n,CVE-2022-1292;CVE-2022-2068;CVE-2022-4304
ICS-0287_rockwell_studio-5000-logix-designer-34-00_SBOM.json,ICS-0287,pkg:oss:sqlserver-express,Microsoft SQL Server Express,2017 CU31,CVE-2022-29143;CVE-2023-21528
ICS-0287_rockwell_studio-5000-logix-designer-34-00_SBOM.json,ICS-0287,pkg:oss:dotnet,Microsoft .NET Framework,4.8,CVE-2021-26701;CVE-2023-21808
ICS-0288_schneider_ecostruxure-control-expert-v16-1_SBOM.json,ICS-0288,pkg:oss:libxml2,libxml2,2.10.4,CVE-2023-45322
ICS-0288_schneider_ecostruxure-control-expert-v16-1_SBOM.json,ICS-0288,pkg:oss:libcurl,libcurl,7.79.1,CVE-2022-22576;CVE-2022-27774;CVE-2022-32221
ICS-0288_schneider_ecostruxure-control-expert-v16-1_SBOM.json,ICS-0288,pkg:oss:expat,Expat,2.2.0,CVE-2018-20843;CVE-2019-15903
ICS-0288_schneider_ecostruxure-control-expert-v16-1_SBOM.json,ICS-0288,pkg:oss:dotnet,Microsoft .NET Framework,4.8,CVE-2021-26701;CVE-2023-21808
ICS-0288_schneider_ecostruxure-control-expert-v16-1_SBOM.json,ICS-0288,pkg:oss:openssl,OpenSSL,1.1.1g,CVE-2020-1971;CVE-2021-3450;CVE-2021-3711
ICS-0288_schneider_ecostruxure-control-expert-v16-1_SBOM.json,ICS-0288,pkg:oss:codesys-rt,CODESYS Control Runtime System,3.5.17.0,CVE-2022-22515;CVE-2022-22517;CVE-2022-31802
ICS-0289_mitsubishi_gx-works3-engineering-tool-1-100e_SBOM.json,ICS-0289,pkg:oss:zlib,zlib,1.2.11,CVE-2018-25032;CVE-2022-37434
ICS-0289_mitsubishi_gx-works3-engineering-tool-1-100e_SBOM.json,ICS-0289,pkg:oss:sqlserver-express,Microsoft SQL Server Express,2016 SP2,CVE-2019-1068;CVE-2020-0618
ICS-0289_mitsubishi_gx-works3-engineering-tool-1-100e_SBOM.json,ICS-0289,pkg:oss:dotnet,Microsoft .NET Framework,4.6.2,CVE-2018-8421;CVE-2019-0545;CVE-2020-1147
ICS-0289_mitsubishi_gx-works3-engineering-tool-1-100e_SBOM.json,ICS-0289,pkg:oss:sqlite,SQLite,3.41.2,CVE-2023-7104
ICS-0289_mitsubishi_gx-works3-engineering-tool-1-100e_SBOM.json,ICS-0289,pkg:oss:expat,Expat,2.2.10,CVE-2022-22822;CVE-2022-23852;CVE-2022-25235
ICS-0290_codesys_codesys-development-system-v3-5-sp19_SBOM.json,ICS-0290,pkg:oss:expat,Expat,2.2.0,CVE-2018-20843;CVE-2019-15903
ICS-0290_codesys_codesys-development-system-v3-5-sp19_SBOM.json,ICS-0290,pkg:oss:dotnet,Microsoft .NET Framework,4.8,CVE-2021-26701;CVE-2023-21808
ICS-0290_codesys_codesys-development-system-v3-5-sp19_SBOM.json,ICS-0290,pkg:oss:sqlserver-express,Microsoft SQL Server Express,2016 SP2,CVE-2019-1068;CVE-2020-0618
ICS-0290_codesys_codesys-development-system-v3-5-sp19_SBOM.json,ICS-0290,pkg:oss:zlib,zlib,1.2.8,CVE-2016-9840;CVE-2016-9841;CVE-2018-25032
ICS-0290_codesys_codesys-development-system-v3-5-sp19_SBOM.json,ICS-0290,pkg:oss:sqlite,SQLite,3.22.0,CVE-2018-8740;CVE-2019-8457;CVE-2020-11655
ICS-0291_abb_automation-builder-2-7_SBOM.json,ICS-0291,pkg:oss:libcurl,libcurl,7.29.0,CVE-2016-8615;CVE-2018-1000120;CVE-2019-5482
ICS-0291_abb_automation-builder-2-7_SBOM.json,ICS-0291,pkg:oss:sqlite,SQLite,3.31.1,CVE-2020-13434;CVE-2020-13630;CVE-2021-20227
ICS-0291_abb_automation-builder-2-7_SBOM.json,ICS-0291,pkg:oss:sqlserver-express,Microsoft SQL Server Express,2016 SP2,CVE-2019-1068;CVE-2020-0618
ICS-0291_abb_automation-builder-2-7_SBOM.json,ICS-0291,pkg:oss:libxml2,libxml2,2.10.4,CVE-2023-45322
ICS-0291_abb_automation-builder-2-7_SBOM.json,ICS-0291,pkg:oss:zlib,zlib,1.2.11,CVE-2018-25032;CVE-2022-37434
ICS-0291_abb_automation-builder-2-7_SBOM.json,ICS-0291,pkg:oss:codesys-rt,CODESYS Control Runtime System,3.5.18.20,CVE-2023-37559;CVE-2023-37560
ICS-0292_emerson_deltav-md-plus-controller-pk_SBOM.json,ICS-0292,pkg:oss:expat,Expat,2.4.1,CVE-2022-25236;CVE-2022-25315
ICS-0292_emerson_deltav-md-plus-controller-pk_SBOM.json,ICS-0292,pkg:oss:libcurl,libcurl,7.29.0,CVE-2016-8615;CVE-2018-1000120;CVE-2019-5482
ICS-0292_emerson_deltav-md-plus-controller-pk_SBOM.json,ICS-0292,pkg:oss:net-snmp,Net-SNMP,5.8,CVE-2020-15861;CVE-2020-15862;CVE-2022-24805
ICS-0292_emerson_deltav-md-plus-controller-pk_SBOM.json,ICS-0292,pkg:oss:open62541,open62541 OPC UA Stack,1.2.2,CVE-2021-40206;CVE-2022-25761
ICS-0292_emerson_deltav-md-plus-controller-pk_SBOM.json,ICS-0292,pkg:oss:ipnet,Interpeak IPnet TCP/IP Stack,6.9,CVE-2019-12255;CVE-2019-12256;CVE-2019-12257;CVE-2019-12260
ICS-0292_emerson_deltav-md-plus-controller-pk_SBOM.json,ICS-0292,pkg:oss:libmodbus,libmodbus,3.1.4,CVE-2019-14462;CVE-2019-14463
ICS-0293_honeywell_experion-c300-controller-uoc_SBOM.json,ICS-0293,pkg:oss:sqlite,SQLite,3.22.0,CVE-2018-8740;CVE-2019-8457;CVE-2020-11655
ICS-0293_honeywell_experion-c300-controller-uoc_SBOM.json,ICS-0293,pkg:oss:libmodbus,libmodbus,3.1.4,CVE-2019-14462;CVE-2019-14463
ICS-0293_honeywell_experion-c300-controller-uoc_SBOM.json,ICS-0293,pkg:oss:net-snmp,Net-SNMP,5.7.3,CVE-2018-18065;CVE-2019-20892;CVE-2020-15862
ICS-0293_honeywell_experion-c300-controller-uoc_SBOM.json,ICS-0293,pkg:oss:ipnet,Interpeak IPnet TCP/IP Stack,6.9,CVE-2019-12255;CVE-2019-12256;CVE-2019-12257;CVE-2019-12260
ICS-0294_yokogawa_centum-vp-field-control-station-afv40s_SBOM.json,ICS-0294,pkg:oss:lwip,lwIP,2.1.3,CVE-2023-5188
ICS-0294_yokogawa_centum-vp-field-control-station-afv40s_SBOM.json,ICS-0294,pkg:oss:libmodbus,libmodbus,3.0.6,CVE-2019-14462;CVE-2019-14463
ICS-0294_yokogawa_centum-vp-field-control-station-afv40s_SBOM.json,ICS-0294,pkg:oss:ntp,NTP Daemon,4.2.8p15,CVE-2023-26551
ICS-0294_yokogawa_centum-vp-field-control-station-afv40s_SBOM.json,ICS-0294,pkg:oss:openssl,OpenSSL,1.1.1n,CVE-2022-1292;CVE-2022-2068;CVE-2022-4304
ICS-0294_yokogawa_centum-vp-field-control-station-afv40s_SBOM.json,ICS-0294,pkg:oss:zlib,zlib,1.2.8,CVE-2016-9840;CVE-2016-9841;CVE-2018-25032
ICS-0295_abb_ac-800m-controller-pm864a_SBOM.json,ICS-0295,pkg:oss:openssl,OpenSSL,1.1.1n,CVE-2022-1292;CVE-2022-2068;CVE-2022-4304
ICS-0295_abb_ac-800m-controller-pm864a_SBOM.json,ICS-0295,pkg:oss:libcurl,libcurl,8.4.0,CVE-2023-46218;CVE-2024-2379
ICS-0295_abb_ac-800m-controller-pm864a_SBOM.json,ICS-0295,pkg:oss:net-snmp,Net-SNMP,5.7.3,CVE-2018-18065;CVE-2019-20892;CVE-2020-15862
ICS-0295_abb_ac-800m-controller-pm864a_SBOM.json,ICS-0295,pkg:oss:ipnet,Interpeak IPnet TCP/IP Stack,6.9,CVE-2019-12255;CVE-2019-12256;CVE-2019-12257;CVE-2019-12260
ICS-0295_abb_ac-800m-controller-pm864a_SBOM.json,ICS-0295,pkg:oss:libmodbus,libmodbus,3.1.4,CVE-2019-14462;CVE-2019-14463
ICS-0295_abb_ac-800m-controller-pm864a_SBOM.json,ICS-0295,pkg:oss:sqlite,SQLite,3.41.2,CVE-2023-7104
ICS-0296_siemens_simatic-pcs-7-as-controller-as-416-3_SBOM.json,ICS-0296,pkg:oss:treck-tcpip,Treck TCP/IP Stack,6.0.1.66,CVE-2020-11896;CVE-2020-11897;CVE-2020-11901
ICS-0296_siemens_simatic-pcs-7-as-controller-as-416-3_SBOM.json,ICS-0296,pkg:oss:openssl,OpenSSL,1.1.1k,CVE-2021-3711;CVE-2021-3712;CVE-2022-0778
ICS-0296_siemens_simatic-pcs-7-as-controller-as-416-3_SBOM.json,ICS-0296,pkg:oss:expat,Expat,2.4.1,CVE-2022-25236;CVE-2022-25315
ICS-0296_siemens_simatic-pcs-7-as-controller-as-416-3_SBOM.json,ICS-0296,pkg:oss:ntp,NTP Daemon,4.2.8p10,CVE-2018-7182;CVE-2018-7183;CVE-2018-7184
ICS-0297_hitachi-energy_symphony-plus-hpc800-spc700_SBOM.json,ICS-0297,pkg:oss:net-snmp,Net-SNMP,5.8,CVE-2020-15861;CVE-2020-15862;CVE-2022-24805
ICS-0297_hitachi-energy_symphony-plus-hpc800-spc700_SBOM.json,ICS-0297,pkg:oss:libcurl,libcurl,8.0.1,CVE-2023-27533;CVE-2023-27536;CVE-2023-38545
ICS-0297_hitachi-energy_symphony-plus-hpc800-spc700_SBOM.json,ICS-0297,pkg:oss:zlib,zlib,1.2.8,CVE-2016-9840;CVE-2016-9841;CVE-2018-25032
ICS-0297_hitachi-energy_symphony-plus-hpc800-spc700_SBOM.json,ICS-0297,pkg:oss:sqlite,SQLite,3.39.4,CVE-2022-46908;CVE-2023-7104
ICS-0297_hitachi-energy_symphony-plus-hpc800-spc700_SBOM.json,ICS-0297,pkg:oss:expat,Expat,2.4.1,CVE-2022-25236;CVE-2022-25315
ICS-0297_hitachi-energy_symphony-plus-hpc800-spc700_SBOM.json,ICS-0297,pkg:oss:libmodbus,libmodbus,3.0.6,CVE-2019-14462;CVE-2019-14463
ICS-0298_schneider_triconex-tricon-cx-controller-tri-gp_SBOM.json,ICS-0298,pkg:oss:lwip,lwIP,2.0.3,CVE-2020-22283;CVE-2020-22284;CVE-2020-22288
ICS-0298_schneider_triconex-tricon-cx-controller-tri-gp_SBOM.json,ICS-0298,pkg:oss:zlib,zlib,1.2.8,CVE-2016-9840;CVE-2016-9841;CVE-2018-25032
ICS-0298_schneider_triconex-tricon-cx-controller-tri-gp_SBOM.json,ICS-0298,pkg:oss:mbedtls,Mbed TLS,2.28.0,CVE-2022-35409;CVE-2023-43615
ICS-0298_schneider_triconex-tricon-cx-controller-tri-gp_SBOM.json,ICS-0298,pkg:oss:wolfssl,wolfSSL,5.5.0,CVE-2022-42905;CVE-2023-3724
ICS-0298_schneider_triconex-tricon-cx-controller-tri-gp_SBOM.json,ICS-0298,pkg:oss:openssl,OpenSSL,3.0.7,CVE-2023-0286;CVE-2023-0215;CVE-2022-4304
ICS-0298_schneider_triconex-tricon-cx-controller-tri-gp_SBOM.json,ICS-0298,pkg:oss:ntp,NTP Daemon,4.2.8p10,CVE-2018-7182;CVE-2018-7183;CVE-2018-7184
ICS-0299_hima_himax-safety-controller-himatrix-f35_SBOM.json,ICS-0299,pkg:oss:lwip,lwIP,1.4.1,CVE-2014-1912;CVE-2020-22283;CVE-2020-22284
ICS-0299_hima_himax-safety-controller-himatrix-f35_SBOM.json,ICS-0299,pkg:oss:zlib,zlib,1.2.11,CVE-2018-25032;CVE-2022-37434
ICS-0299_hima_himax-safety-controller-himatrix-f35_SBOM.json,ICS-0299,pkg:oss:ntp,NTP Daemon,4.2.8p10,CVE-2018-7182;CVE-2018-7183;CVE-2018-7184
ICS-0299_hima_himax-safety-controller-himatrix-f35_SBOM.json,ICS-0299,pkg:oss:libmodbus,libmodbus,3.1.4,CVE-2019-14462;CVE-2019-14463
ICS-0299_hima_himax-safety-controller-himatrix-f35_SBOM.json,ICS-0299,pkg:oss:mbedtls,Mbed TLS,2.28.0,CVE-2022-35409;CVE-2023-43615
ICS-0300_pilz_pss-4000-safety-controller-pss-4000-r_SBOM.json,ICS-0300,pkg:oss:mbedtls,Mbed TLS,3.4.0,CVE-2023-43615
ICS-0300_pilz_pss-4000-safety-controller-pss-4000-r_SBOM.json,ICS-0300,pkg:oss:expat,Expat,2.2.0,CVE-2018-20843;CVE-2019-15903
ICS-0300_pilz_pss-4000-safety-controller-pss-4000-r_SBOM.json,ICS-0300,pkg:oss:treck-tcpip,Treck TCP/IP Stack,6.0.1.67,CVE-2020-11898;CVE-2020-11900
ICS-0300_pilz_pss-4000-safety-controller-pss-4000-r_SBOM.json,ICS-0300,pkg:oss:openssl,OpenSSL,3.0.7,CVE-2023-0286;CVE-2023-0215;CVE-2022-4304
ICS-0300_pilz_pss-4000-safety-controller-pss-4000-r_SBOM.json,ICS-0300,pkg:oss:zlib,zlib,1.2.11,CVE-2018-25032;CVE-2022-37434
ICS-0301_siemens_simatic-s7-1500f-safety-cpu-1518f-4-pn-dp_SBOM.json,ICS-0301,pkg:oss:lwip,lwIP,1.4.1,CVE-2014-1912;CVE-2020-22283;CVE-2020-22284
ICS-0301_siemens_simatic-s7-1500f-safety-cpu-1518f-4-pn-dp_SBOM.json,ICS-0301,pkg:oss:wolfssl,wolfSSL,4.5.0,CVE-2021-3336;CVE-2021-24116
ICS-0301_siemens_simatic-s7-1500f-safety-cpu-1518f-4-pn-dp_SBOM.json,ICS-0301,pkg:oss:ntp,NTP Daemon,4.2.8p15,CVE-2023-26551
ICS-0301_siemens_simatic-s7-1500f-safety-cpu-1518f-4-pn-dp_SBOM.json,ICS-0301,pkg:oss:expat,Expat,2.4.1,CVE-2022-25236;CVE-2022-25315
ICS-0302_rockwell_guardlogix-safety-controller-5069-l306ers2_SBOM.json,ICS-0302,pkg:oss:ntp,NTP Daemon,4.2.8p15,CVE-2023-26551
ICS-0302_rockwell_guardlogix-safety-controller-5069-l306ers2_SBOM.json,ICS-0302,pkg:oss:zlib,zlib,1.2.11,CVE-2018-25032;CVE-2022-37434
ICS-0302_rockwell_guardlogix-safety-controller-5069-l306ers2_SBOM.json,ICS-0302,pkg:oss:net-snmp,Net-SNMP,5.7.3,CVE-2018-18065;CVE-2019-20892;CVE-2020-15862
ICS-0302_rockwell_guardlogix-safety-controller-5069-l306ers2_SBOM.json,ICS-0302,pkg:oss:open62541,open62541 OPC UA Stack,1.3.6,CVE-2023-31048
ICS-0303_moxa_mgate-protocol-gateway-5217a_SBOM.json,ICS-0303,pkg:oss:open62541,open62541 OPC UA Stack,1.2.2,CVE-2021-40206;CVE-2022-25761
ICS-0303_moxa_mgate-protocol-gateway-5217a_SBOM.json,ICS-0303,pkg:oss:glibc,GNU C Library,2.35,CVE-2023-4911;CVE-2024-2961
ICS-0303_moxa_mgate-protocol-gateway-5217a_SBOM.json,ICS-0303,pkg:oss:sqlite,SQLite,3.41.2,CVE-2023-7104
ICS-0303_moxa_mgate-protocol-gateway-5217a_SBOM.json,ICS-0303,pkg:oss:dnsmasq,dnsmasq,2.82,CVE-2020-25681;CVE-2020-25684;CVE-2021-3448
ICS-0303_moxa_mgate-protocol-gateway-5217a_SBOM.json,ICS-0303,pkg:oss:linux-kernel,Linux Kernel,3.10.108,CVE-2017-1000112;CVE-2018-5333;CVE-2019-11477
ICS-0304_softing_edgeaggregator-gateway-uagate-si_SBOM.json,ICS-0304,pkg:oss:openvpn,OpenVPN,2.5.5,CVE-2022-0547;CVE-2023-46849;CVE-2023-46850
ICS-0304_softing_edgeaggregator-gateway-uagate-si_SBOM.json,ICS-0304,pkg:oss:dnsmasq,dnsmasq,2.86,CVE-2022-0934;CVE-2023-28450
ICS-0304_softing_edgeaggregator-gateway-uagate-si_SBOM.json,ICS-0304,pkg:oss:libxml2,libxml2,2.9.10,CVE-2021-3517;CVE-2021-3518;CVE-2022-29824
ICS-0304_softing_edgeaggregator-gateway-uagate-si_SBOM.json,ICS-0304,pkg:oss:linux-kernel,Linux Kernel,3.10.108,CVE-2017-1000112;CVE-2018-5333;CVE-2019-11477
ICS-0304_softing_edgeaggregator-gateway-uagate-si_SBOM.json,ICS-0304,pkg:oss:wpa-supplicant,wpa_supplicant,2.10,CVE-2023-52160
ICS-0304_softing_edgeaggregator-gateway-uagate-si_SBOM.json,ICS-0304,pkg:oss:glibc,GNU C Library,2.35,CVE-2023-4911;CVE-2024-2961
ICS-0304_softing_edgeaggregator-gateway-uagate-si_SBOM.json,ICS-0304,pkg:oss:goahead,GoAhead Embedded Web Server,4.1.0,CVE-2021-42342
ICS-0304_softing_edgeaggregator-gateway-uagate-si_SBOM.json,ICS-0304,pkg:oss:open62541,open62541 OPC UA Stack,1.2.2,CVE-2021-40206;CVE-2022-25761
ICS-0305_advantech_ecu-1251-edge-gateway-ecu-4784_SBOM.json,ICS-0305,pkg:oss:ntp,NTP Daemon,4.2.8p10,CVE-2018-7182;CVE-2018-7183;CVE-2018-7184
ICS-0305_advantech_ecu-1251-edge-gateway-ecu-4784_SBOM.json,ICS-0305,pkg:oss:libmodbus,libmodbus,3.1.4,CVE-2019-14462;CVE-2019-14463
ICS-0305_advantech_ecu-1251-edge-gateway-ecu-4784_SBOM.json,ICS-0305,pkg:oss:net-snmp,Net-SNMP,5.8,CVE-2020-15861;CVE-2020-15862;CVE-2022-24805
ICS-0305_advantech_ecu-1251-edge-gateway-ecu-4784_SBOM.json,ICS-0305,pkg:oss:openssh,OpenSSH,9.3p1,CVE-2023-38408;CVE-2023-48795;CVE-2024-6387
ICS-0305_advantech_ecu-1251-edge-gateway-ecu-4784_SBOM.json,ICS-0305,pkg:oss:open62541,open62541 OPC UA Stack,1.3.6,CVE-2023-31048
ICS-0305_advantech_ecu-1251-edge-gateway-ecu-4784_SBOM.json,ICS-0305,pkg:oss:glibc,GNU C Library,2.31,CVE-2021-35942;CVE-2023-4911
ICS-0305_advantech_ecu-1251-edge-gateway-ecu-4784_SBOM.json,ICS-0305,pkg:oss:expat,Expat,2.5.0,CVE-2023-52425
ICS-0305_advantech_ecu-1251-edge-gateway-ecu-4784_SBOM.json,ICS-0305,pkg:oss:goahead,GoAhead Embedded Web Server,3.6.5,CVE-2017-17562;CVE-2019-5096;CVE-2019-5097
ICS-0305_advantech_ecu-1251-edge-gateway-ecu-4784_SBOM.json,ICS-0305,pkg:oss:codesys-rt,CODESYS Control Runtime System,3.5.17.0,CVE-2022-22515;CVE-2022-22517;CVE-2022-31802
ICS-0306_phoenix_fl-mguard-security-appliance-centerport_SBOM.json,ICS-0306,pkg:oss:libpcap,libpcap,1.8.1,CVE-2018-16301;CVE-2019-15165
ICS-0306_phoenix_fl-mguard-security-appliance-centerport_SBOM.json,ICS-0306,pkg:oss:expat,Expat,2.2.0,CVE-2018-20843;CVE-2019-15903
ICS-0306_phoenix_fl-mguard-security-appliance-centerport_SBOM.json,ICS-0306,pkg:oss:libmodbus,libmodbus,3.1.4,CVE-2019-14462;CVE-2019-14463
ICS-0306_phoenix_fl-mguard-security-appliance-centerport_SBOM.json,ICS-0306,pkg:oss:busybox,BusyBox,1.33.1,CVE-2021-42379;CVE-2021-42380;CVE-2022-28391
ICS-0307_belden_eagle40-industrial-firewall-eagle20_SBOM.json,ICS-0307,pkg:oss:mosquitto,Eclipse Mosquitto,2.0.15,CVE-2023-0809;CVE-2023-3592
ICS-0307_belden_eagle40-industrial-firewall-eagle20_SBOM.json,ICS-0307,pkg:oss:musl,musl libc,1.2.2,CVE-2020-28928
ICS-0307_belden_eagle40-industrial-firewall-eagle20_SBOM.json,ICS-0307,pkg:oss:sqlite,SQLite,3.41.2,CVE-2023-7104
ICS-0307_belden_eagle40-industrial-firewall-eagle20_SBOM.json,ICS-0307,pkg:oss:libcurl,libcurl,7.64.0,CVE-2019-5481;CVE-2019-5482;CVE-2020-8177
ICS-0307_belden_eagle40-industrial-firewall-eagle20_SBOM.json,ICS-0307,pkg:oss:lighttpd,lighttpd,1.4.55,CVE-2022-22707;CVE-2023-44487
ICS-0307_belden_eagle40-industrial-firewall-eagle20_SBOM.json,ICS-0307,pkg:oss:libpcap,libpcap,1.9.1,CVE-2019-15165;CVE-2023-7256
ICS-0307_belden_eagle40-industrial-firewall-eagle20_SBOM.json,ICS-0307,pkg:oss:wpa-supplicant,wpa_supplicant,2.9,CVE-2021-27803;CVE-2021-30004;CVE-2022-23303
ICS-0307_belden_eagle40-industrial-firewall-eagle20_SBOM.json,ICS-0307,pkg:oss:linux-kernel,Linux Kernel,4.19.325,CVE-2022-0847;CVE-2023-32233
ICS-0308_belden_rsp-managed-switch-rspe37_SBOM.json,ICS-0308,pkg:oss:openssh,OpenSSH,9.6p1,CVE-2024-6387
ICS-0308_belden_rsp-managed-switch-rspe37_SBOM.json,ICS-0308,pkg:oss:expat,Expat,2.5.0,CVE-2023-52425
ICS-0308_belden_rsp-managed-switch-rspe37_SBOM.json,ICS-0308,pkg:oss:zlib,zlib,1.2.11,CVE-2018-25032;CVE-2022-37434
ICS-0308_belden_rsp-managed-switch-rspe37_SBOM.json,ICS-0308,pkg:oss:ntp,NTP Daemon,4.2.8p10,CVE-2018-7182;CVE-2018-7183;CVE-2018-7184
ICS-0308_belden_rsp-managed-switch-rspe37_SBOM.json,ICS-0308,pkg:oss:glibc,GNU C Library,2.35,CVE-2023-4911;CVE-2024-2961
ICS-0309_westermo_lynx-dss-managed-switch-redfox-5528_SBOM.json,ICS-0309,pkg:oss:libssh2,libssh2,1.9.0,CVE-2019-17498;CVE-2020-22218
ICS-0309_westermo_lynx-dss-managed-switch-redfox-5528_SBOM.json,ICS-0309,pkg:oss:dropbear,Dropbear SSH,2016.74,CVE-2016-7406;CVE-2016-7407;CVE-2016-7408
ICS-0309_westermo_lynx-dss-managed-switch-redfox-5528_SBOM.json,ICS-0309,pkg:oss:linux-kernel,Linux Kernel,4.14.336,CVE-2021-33909;CVE-2022-0847
ICS-0309_westermo_lynx-dss-managed-switch-redfox-5528_SBOM.json,ICS-0309,pkg:oss:mosquitto,Eclipse Mosquitto,1.5.8,CVE-2019-11779;CVE-2021-28166
ICS-0309_westermo_lynx-dss-managed-switch-redfox-5528_SBOM.json,ICS-0309,pkg:oss:dnsmasq,dnsmasq,2.86,CVE-2022-0934;CVE-2023-28450
ICS-0310_moxa_eds-managed-ethernet-switch-eds-g516e_SBOM.json,ICS-0310,pkg:oss:nginx,nginx,1.18.0,CVE-2021-23017;CVE-2022-41741;CVE-2022-41742
ICS-0310_moxa_eds-managed-ethernet-switch-eds-g516e_SBOM.json,ICS-0310,pkg:oss:openssl,OpenSSL,1.0.2u,CVE-2021-23840;CVE-2021-3712
ICS-0310_moxa_eds-managed-ethernet-switch-eds-g516e_SBOM.json,ICS-0310,pkg:oss:busybox,BusyBox,1.31.1,CVE-2021-42375;CVE-2021-42376;CVE-2022-28391
ICS-0310_moxa_eds-managed-ethernet-switch-eds-g516e_SBOM.json,ICS-0310,pkg:oss:wpa-supplicant,wpa_supplicant,2.9,CVE-2021-27803;CVE-2021-30004;CVE-2022-23303
ICS-0311_siemens_scalance-x-industrial-switch-xm416-4c_SBOM.json,ICS-0311,pkg:oss:expat,Expat,2.4.1,CVE-2022-25236;CVE-2022-25315
ICS-0311_siemens_scalance-x-industrial-switch-xm416-4c_SBOM.json,ICS-0311,pkg:oss:goahead,GoAhead Embedded Web Server,4.1.0,CVE-2021-42342
ICS-0311_siemens_scalance-x-industrial-switch-xm416-4c_SBOM.json,ICS-0311,pkg:oss:busybox,BusyBox,1.35.0,CVE-2022-28391
ICS-0311_siemens_scalance-x-industrial-switch-xm416-4c_SBOM.json,ICS-0311,pkg:oss:libcurl,libcurl,7.64.0,CVE-2019-5481;CVE-2019-5482;CVE-2020-8177
ICS-0311_siemens_scalance-x-industrial-switch-xm416-4c_SBOM.json,ICS-0311,pkg:oss:libmodbus,libmodbus,3.1.4,CVE-2019-14462;CVE-2019-14463
ICS-0311_siemens_scalance-x-industrial-switch-xm416-4c_SBOM.json,ICS-0311,pkg:oss:mosquitto,Eclipse Mosquitto,1.5.8,CVE-2019-11779;CVE-2021-28166
ICS-0311_siemens_scalance-x-industrial-switch-xm416-4c_SBOM.json,ICS-0311,pkg:oss:open62541,open62541 OPC UA Stack,1.2.2,CVE-2021-40206;CVE-2022-25761
ICS-0312_siemens_ruggedcom-rx1500-router-rx5000_SBOM.json,ICS-0312,pkg:oss:glibc,GNU C Library,2.28,CVE-2021-3999;CVE-2021-33574;CVE-2023-4911
ICS-0312_siemens_ruggedcom-rx1500-router-rx5000_SBOM.json,ICS-0312,pkg:oss:libcurl,libcurl,8.4.0,CVE-2023-46218;CVE-2024-2379
ICS-0312_siemens_ruggedcom-rx1500-router-rx5000_SBOM.json,ICS-0312,pkg:oss:open62541,open62541 OPC UA Stack,1.3.6,CVE-2023-31048
ICS-0312_siemens_ruggedcom-rx1500-router-rx5000_SBOM.json,ICS-0312,pkg:oss:dnsmasq,dnsmasq,2.78,CVE-2017-14491;CVE-2017-14492;CVE-2020-25681
ICS-0312_siemens_ruggedcom-rx1500-router-rx5000_SBOM.json,ICS-0312,pkg:oss:dropbear,Dropbear SSH,2020.81,CVE-2021-36369
ICS-0313_abb_acs880-industrial-drive-acs580-01_SBOM.json,ICS-0313,pkg:oss:expat,Expat,2.2.10,CVE-2022-22822;CVE-2022-23852;CVE-2022-25235
ICS-0313_abb_acs880-industrial-drive-acs580-01_SBOM.json,ICS-0313,pkg:oss:openssl,OpenSSL,1.1.1g,CVE-2020-1971;CVE-2021-3450;CVE-2021-3711
ICS-0313_abb_acs880-industrial-drive-acs580-01_SBOM.json,ICS-0313,pkg:oss:mbedtls,Mbed TLS,2.28.0,CVE-2022-35409;CVE-2023-43615
ICS-0313_abb_acs880-industrial-drive-acs580-01_SBOM.json,ICS-0313,pkg:oss:lwip,lwIP,2.1.3,CVE-2023-5188
ICS-0313_abb_acs880-industrial-drive-acs580-01_SBOM.json,ICS-0313,pkg:oss:libmodbus,libmodbus,3.0.6,CVE-2019-14462;CVE-2019-14463
ICS-0314_siemens_sinamics-s120-drive-s210_SBOM.json,ICS-0314,pkg:oss:mbedtls,Mbed TLS,3.4.0,CVE-2023-43615
ICS-0314_siemens_sinamics-s120-drive-s210_SBOM.json,ICS-0314,pkg:oss:ntp,NTP Daemon,4.2.8p13,CVE-2019-8936;CVE-2020-11868
ICS-0314_siemens_sinamics-s120-drive-s210_SBOM.json,ICS-0314,pkg:oss:lwip,lwIP,1.4.1,CVE-2014-1912;CVE-2020-22283;CVE-2020-22284
ICS-0314_siemens_sinamics-s120-drive-s210_SBOM.json,ICS-0314,pkg:oss:libmodbus,libmodbus,3.0.6,CVE-2019-14462;CVE-2019-14463
ICS-0314_siemens_sinamics-s120-drive-s210_SBOM.json,ICS-0314,pkg:oss:openssl,OpenSSL,3.0.7,CVE-2023-0286;CVE-2023-0215;CVE-2022-4304
ICS-0315_danfoss_vlt-automationdrive-fc-360_SBOM.json,ICS-0315,pkg:oss:lwip,lwIP,2.0.3,CVE-2020-22283;CVE-2020-22284;CVE-2020-22288
ICS-0315_danfoss_vlt-automationdrive-fc-360_SBOM.json,ICS-0315,pkg:oss:zlib,zlib,1.2.8,CVE-2016-9840;CVE-2016-9841;CVE-2018-25032
ICS-0315_danfoss_vlt-automationdrive-fc-360_SBOM.json,ICS-0315,pkg:oss:mbedtls,Mbed TLS,2.16.3,CVE-2020-10932;CVE-2020-16150;CVE-2021-24119
ICS-0316_rockwell_powerflex-755-drive-527_SBOM.json,ICS-0316,pkg:oss:wolfssl,wolfSSL,4.5.0,CVE-2021-3336;CVE-2021-24116
ICS-0316_rockwell_powerflex-755-drive-527_SBOM.json,ICS-0316,pkg:oss:openssl,OpenSSL,1.0.2k,CVE-2017-3731;CVE-2017-3732;CVE-2016-7055
ICS-0316_rockwell_powerflex-755-drive-527_SBOM.json,ICS-0316,pkg:oss:treck-tcpip,Treck TCP/IP Stack,6.0.1.67,CVE-2020-11898;CVE-2020-11900
ICS-0316_rockwell_powerflex-755-drive-527_SBOM.json,ICS-0316,pkg:oss:ntp,NTP Daemon,4.2.8p15,CVE-2023-26551
ICS-0317_bosch-rexroth_indradrive-controller-hms01_SBOM.json,ICS-0317,pkg:oss:zlib,zlib,1.2.11,CVE-2018-25032;CVE-2022-37434
ICS-0317_bosch-rexroth_indradrive-controller-hms01_SBOM.json,ICS-0317,pkg:oss:mbedtls,Mbed TLS,2.16.3,CVE-2020-10932;CVE-2020-16150;CVE-2021-24119
ICS-0317_bosch-rexroth_indradrive-controller-hms01_SBOM.json,ICS-0317,pkg:oss:lwip,lwIP,2.1.3,CVE-2023-5188
ICS-0317_bosch-rexroth_indradrive-controller-hms01_SBOM.json,ICS-0317,pkg:oss:wolfssl,wolfSSL,5.5.0,CVE-2022-42905;CVE-2023-3724
ICS-0317_bosch-rexroth_indradrive-controller-hms01_SBOM.json,ICS-0317,pkg:oss:codesys-rt,CODESYS Control Runtime System,3.5.19.20,CVE-2023-3663;CVE-2023-3665
ICS-0318_bosch-rexroth_indramotion-mlc-l75_SBOM.json,ICS-0318,pkg:oss:dropbear,Dropbear SSH,2020.81,CVE-2021-36369
ICS-0318_bosch-rexroth_indramotion-mlc-l75_SBOM.json,ICS-0318,pkg:oss:sqlite,SQLite,3.22.0,CVE-2018-8740;CVE-2019-8457;CVE-2020-11655
ICS-0318_bosch-rexroth_indramotion-mlc-l75_SBOM.json,ICS-0318,pkg:oss:ntp,NTP Daemon,4.2.8p15,CVE-2023-26551
ICS-0318_bosch-rexroth_indramotion-mlc-l75_SBOM.json,ICS-0318,pkg:oss:openssl,OpenSSL,1.0.2k,CVE-2017-3731;CVE-2017-3732;CVE-2016-7055
ICS-0318_bosch-rexroth_indramotion-mlc-l75_SBOM.json,ICS-0318,pkg:oss:codesys-rt,CODESYS Control Runtime System,3.5.18.20,CVE-2023-37559;CVE-2023-37560
ICS-0319_fuji_frenic-ace-inverter-frn0022e2s_SBOM.json,ICS-0319,pkg:oss:openssl,OpenSSL,1.0.2k,CVE-2017-3731;CVE-2017-3732;CVE-2016-7055
ICS-0319_fuji_frenic-ace-inverter-frn0022e2s_SBOM.json,ICS-0319,pkg:oss:libmodbus,libmodbus,3.1.4,CVE-2019-14462;CVE-2019-14463
ICS-0319_fuji_frenic-ace-inverter-frn0022e2s_SBOM.json,ICS-0319,pkg:oss:treck-tcpip,Treck TCP/IP Stack,6.0.1.66,CVE-2020-11896;CVE-2020-11897;CVE-2020-11901
ICS-0319_fuji_frenic-ace-inverter-frn0022e2s_SBOM.json,ICS-0319,pkg:oss:lwip,lwIP,1.4.1,CVE-2014-1912;CVE-2020-22283;CVE-2020-22284
ICS-0319_fuji_frenic-ace-inverter-frn0022e2s_SBOM.json,ICS-0319,pkg:oss:expat,Expat,2.4.1,CVE-2022-25236;CVE-2022-25315
ICS-0319_fuji_frenic-ace-inverter-frn0022e2s_SBOM.json,ICS-0319,pkg:oss:ntp,NTP Daemon,4.2.8p13,CVE-2019-8936;CVE-2020-11868
ICS-0319_fuji_frenic-ace-inverter-frn0022e2s_SBOM.json,ICS-0319,pkg:oss:mbedtls,Mbed TLS,3.4.0,CVE-2023-43615
ICS-0320_mitsubishi_melfa-robot-controller-cr750-q_SBOM.json,ICS-0320,pkg:oss:zlib,zlib,1.2.12,CVE-2022-37434
ICS-0320_mitsubishi_melfa-robot-controller-cr750-q_SBOM.json,ICS-0320,pkg:oss:mbedtls,Mbed TLS,3.4.0,CVE-2023-43615
ICS-0320_mitsubishi_melfa-robot-controller-cr750-q_SBOM.json,ICS-0320,pkg:oss:expat,Expat,2.5.0,CVE-2023-52425
ICS-0320_mitsubishi_melfa-robot-controller-cr750-q_SBOM.json,ICS-0320,pkg:oss:openssl,OpenSSL,1.1.1n,CVE-2022-1292;CVE-2022-2068;CVE-2022-4304
ICS-0320_mitsubishi_melfa-robot-controller-cr750-q_SBOM.json,ICS-0320,pkg:oss:treck-tcpip,Treck TCP/IP Stack,6.0.1.67,CVE-2020-11898;CVE-2020-11900
ICS-0320_mitsubishi_melfa-robot-controller-cr750-q_SBOM.json,ICS-0320,pkg:oss:wolfssl,wolfSSL,5.5.0,CVE-2022-42905;CVE-2023-3724
ICS-0321_abb_irc5-robot-controller-omnicore-c30_SBOM.json,ICS-0321,pkg:oss:openssl,OpenSSL,1.1.1k,CVE-2021-3711;CVE-2021-3712;CVE-2022-0778
ICS-0321_abb_irc5-robot-controller-omnicore-c30_SBOM.json,ICS-0321,pkg:oss:libmodbus,libmodbus,3.1.4,CVE-2019-14462;CVE-2019-14463
ICS-0321_abb_irc5-robot-controller-omnicore-c30_SBOM.json,ICS-0321,pkg:oss:ipnet,Interpeak IPnet TCP/IP Stack,7.0,CVE-2019-12258;CVE-2019-12259;CVE-2019-12262
ICS-0321_abb_irc5-robot-controller-omnicore-c30_SBOM.json,ICS-0321,pkg:oss:sqlite,SQLite,3.31.1,CVE-2020-13434;CVE-2020-13630;CVE-2021-20227
ICS-0321_abb_irc5-robot-controller-omnicore-c30_SBOM.json,ICS-0321,pkg:oss:expat,Expat,2.5.0,CVE-2023-52425
ICS-0321_abb_irc5-robot-controller-omnicore-c30_SBOM.json,ICS-0321,pkg:oss:libxml2,libxml2,2.9.4,CVE-2016-9318;CVE-2017-5969;CVE-2018-14567
ICS-0321_abb_irc5-robot-controller-omnicore-c30_SBOM.json,ICS-0321,pkg:oss:net-snmp,Net-SNMP,5.8,CVE-2020-15861;CVE-2020-15862;CVE-2022-24805
ICS-0321_abb_irc5-robot-controller-omnicore-c30_SBOM.json,ICS-0321,pkg:oss:ntp,NTP Daemon,4.2.8p10,CVE-2018-7182;CVE-2018-7183;CVE-2018-7184
ICS-0321_abb_irc5-robot-controller-omnicore-c30_SBOM.json,ICS-0321,pkg:oss:zlib,zlib,1.2.11,CVE-2018-25032;CVE-2022-37434
ICS-0322_keyence_cnc-motion-unit-mc-4_SBOM.json,ICS-0322,pkg:oss:lwip,lwIP,1.4.1,CVE-2014-1912;CVE-2020-22283;CVE-2020-22284
ICS-0322_keyence_cnc-motion-unit-mc-4_SBOM.json,ICS-0322,pkg:oss:expat,Expat,2.5.0,CVE-2023-52425
ICS-0322_keyence_cnc-motion-unit-mc-4_SBOM.json,ICS-0322,pkg:oss:treck-tcpip,Treck TCP/IP Stack,6.0.1.66,CVE-2020-11896;CVE-2020-11897;CVE-2020-11901
ICS-0322_keyence_cnc-motion-unit-mc-4_SBOM.json,ICS-0322,pkg:oss:libmodbus,libmodbus,3.1.4,CVE-2019-14462;CVE-2019-14463
ICS-0322_keyence_cnc-motion-unit-mc-4_SBOM.json,ICS-0322,pkg:oss:zlib,zlib,1.2.8,CVE-2016-9840;CVE-2016-9841;CVE-2018-25032
ICS-0322_keyence_cnc-motion-unit-mc-4_SBOM.json,ICS-0322,pkg:oss:wolfssl,wolfSSL,4.5.0,CVE-2021-3336;CVE-2021-24116
ICS-0323_mitsubishi_m800-cnc-controller-m80w_SBOM.json,ICS-0323,pkg:oss:wolfssl,wolfSSL,4.5.0,CVE-2021-3336;CVE-2021-24116
ICS-0323_mitsubishi_m800-cnc-controller-m80w_SBOM.json,ICS-0323,pkg:oss:zlib,zlib,1.2.8,CVE-2016-9840;CVE-2016-9841;CVE-2018-25032
ICS-0324_emerson_rosemount-3051s-transmitter-3051cd_SBOM.json,ICS-0324,pkg:oss:wolfssl,wolfSSL,5.5.0,CVE-2022-42905;CVE-2023-3724
ICS-0324_emerson_rosemount-3051s-transmitter-3051cd_SBOM.json,ICS-0324,pkg:oss:treck-tcpip,Treck TCP/IP Stack,6.0.1.66,CVE-2020-11896;CVE-2020-11897;CVE-2020-11901
ICS-0324_emerson_rosemount-3051s-transmitter-3051cd_SBOM.json,ICS-0324,pkg:oss:lwip,lwIP,2.1.2,CVE-2020-22283;CVE-2020-22285;CVE-2020-22286
ICS-0324_emerson_rosemount-3051s-transmitter-3051cd_SBOM.json,ICS-0324,pkg:oss:mbedtls,Mbed TLS,2.16.3,CVE-2020-10932;CVE-2020-16150;CVE-2021-24119
ICS-0325_yokogawa_eja-e-series-transmitter-ejx910a_SBOM.json,ICS-0325,pkg:oss:lwip,lwIP,2.1.2,CVE-2020-22283;CVE-2020-22285;CVE-2020-22286
ICS-0325_yokogawa_eja-e-series-transmitter-ejx910a_SBOM.json,ICS-0325,pkg:oss:mbedtls,Mbed TLS,3.4.0,CVE-2023-43615
ICS-0326_honeywell_smartline-st800-transmitter-stt850_SBOM.json,ICS-0326,pkg:oss:wolfssl,wolfSSL,4.5.0,CVE-2021-3336;CVE-2021-24116
ICS-0326_honeywell_smartline-st800-transmitter-stt850_SBOM.json,ICS-0326,pkg:oss:treck-tcpip,Treck TCP/IP Stack,6.0.1.67,CVE-2020-11898;CVE-2020-11900
ICS-0326_honeywell_smartline-st800-transmitter-stt850_SBOM.json,ICS-0326,pkg:oss:mbedtls,Mbed TLS,2.28.0,CVE-2022-35409;CVE-2023-43615
ICS-0327_abb_merging-unit-sam600-sam600-vt_SBOM.json,ICS-0327,pkg:oss:openssl,OpenSSL,3.0.7,CVE-2023-0286;CVE-2023-0215;CVE-2022-4304
ICS-0327_abb_merging-unit-sam600-sam600-vt_SBOM.json,ICS-0327,pkg:oss:treck-tcpip,Treck TCP/IP Stack,6.0.1.66,CVE-2020-11896;CVE-2020-11897;CVE-2020-11901
ICS-0327_abb_merging-unit-sam600-sam600-vt_SBOM.json,ICS-0327,pkg:oss:ntp,NTP Daemon,4.2.8p15,CVE-2023-26551
ICS-0327_abb_merging-unit-sam600-sam600-vt_SBOM.json,ICS-0327,pkg:oss:zlib,zlib,1.2.8,CVE-2016-9840;CVE-2016-9841;CVE-2018-25032
ICS-0327_abb_merging-unit-sam600-sam600-vt_SBOM.json,ICS-0327,pkg:oss:expat,Expat,2.2.10,CVE-2022-22822;CVE-2022-23852;CVE-2022-25235
ICS-0327_abb_merging-unit-sam600-sam600-vt_SBOM.json,ICS-0327,pkg:oss:mbedtls,Mbed TLS,2.16.3,CVE-2020-10932;CVE-2020-16150;CVE-2021-24119
ICS-0328_schneider_powerlogic-ion9000-meter-pm8000_SBOM.json,ICS-0328,pkg:oss:openssh,OpenSSH,7.4p1,CVE-2018-15473;CVE-2019-6111;CVE-2016-10708
ICS-0328_schneider_powerlogic-ion9000-meter-pm8000_SBOM.json,ICS-0328,pkg:oss:u-boot,Das U-Boot,2020.04,CVE-2020-10648;CVE-2021-27097;CVE-2022-30767
ICS-0328_schneider_powerlogic-ion9000-meter-pm8000_SBOM.json,ICS-0328,pkg:oss:dnsmasq,dnsmasq,2.78,CVE-2017-14491;CVE-2017-14492;CVE-2020-25681
ICS-0328_schneider_powerlogic-ion9000-meter-pm8000_SBOM.json,ICS-0328,pkg:oss:busybox,BusyBox,1.33.1,CVE-2021-42379;CVE-2021-42380;CVE-2022-28391
ICS-0328_schneider_powerlogic-ion9000-meter-pm8000_SBOM.json,ICS-0328,pkg:oss:net-snmp,Net-SNMP,5.9.1,CVE-2022-24805;CVE-2022-24809
ICS-0328_schneider_powerlogic-ion9000-meter-pm8000_SBOM.json,ICS-0328,pkg:oss:libssh2,libssh2,1.8.0,CVE-2019-3855;CVE-2019-3856;CVE-2019-3858
ICS-0328_schneider_powerlogic-ion9000-meter-pm8000_SBOM.json,ICS-0328,pkg:oss:open62541,open62541 OPC UA Stack,1.3.6,CVE-2023-31048
ICS-0329_ge_epm-9900-power-meter-epm6100_SBOM.json,ICS-0329,pkg:oss:lwip,lwIP,2.1.3,CVE-2023-5188
ICS-0329_ge_epm-9900-power-meter-epm6100_SBOM.json,ICS-0329,pkg:oss:wolfssl,wolfSSL,5.5.0,CVE-2022-42905;CVE-2023-3724
ICS-0329_ge_epm-9900-power-meter-epm6100_SBOM.json,ICS-0329,pkg:oss:treck-tcpip,Treck TCP/IP Stack,6.0.1.67,CVE-2020-11898;CVE-2020-11900
ICS-0329_ge_epm-9900-power-meter-epm6100_SBOM.json,ICS-0329,pkg:oss:zlib,zlib,1.2.8,CVE-2016-9840;CVE-2016-9841;CVE-2018-25032
ICS-0329_ge_epm-9900-power-meter-epm6100_SBOM.json,ICS-0329,pkg:oss:openssl,OpenSSL,1.1.1g,CVE-2020-1971;CVE-2021-3450;CVE-2021-3711
ICS-0330_ptc_kepserverex-connectivity-platform-6-15_SBOM.json,ICS-0330,pkg:oss:expat,Expat,2.5.0,CVE-2023-52425
ICS-0330_ptc_kepserverex-connectivity-platform-6-15_SBOM.json,ICS-0330,pkg:oss:dotnet,Microsoft .NET Framework,4.7.2,CVE-2020-1147;CVE-2021-24112;CVE-2021-26701
ICS-0330_ptc_kepserverex-connectivity-platform-6-15_SBOM.json,ICS-0330,pkg:oss:sqlite,SQLite,3.31.1,CVE-2020-13434;CVE-2020-13630;CVE-2021-20227
ICS-0330_ptc_kepserverex-connectivity-platform-6-15_SBOM.json,ICS-0330,pkg:oss:openssl,OpenSSL,1.0.2k,CVE-2017-3731;CVE-2017-3732;CVE-2016-7055
ICS-0330_ptc_kepserverex-connectivity-platform-6-15_SBOM.json,ICS-0330,pkg:oss:sqlserver-express,Microsoft SQL Server Express,2019 CU22,CVE-2023-21528
ICS-0330_ptc_kepserverex-connectivity-platform-6-15_SBOM.json,ICS-0330,pkg:oss:libcurl,libcurl,7.79.1,CVE-2022-22576;CVE-2022-27774;CVE-2022-32221
ICS-0330_ptc_kepserverex-connectivity-platform-6-15_SBOM.json,ICS-0330,pkg:oss:libxml2,libxml2,2.10.4,CVE-2023-45322
ICS-0331_softing_datafeed-opc-suite-v5-30_SBOM.json,ICS-0331,pkg:oss:libxml2,libxml2,2.9.10,CVE-2021-3517;CVE-2021-3518;CVE-2022-29824
ICS-0331_softing_datafeed-opc-suite-v5-30_SBOM.json,ICS-0331,pkg:oss:sqlserver-express,Microsoft SQL Server Express,2017 CU31,CVE-2022-29143;CVE-2023-21528
ICS-0331_softing_datafeed-opc-suite-v5-30_SBOM.json,ICS-0331,pkg:oss:dotnet,Microsoft .NET Framework,4.7.2,CVE-2020-1147;CVE-2021-24112;CVE-2021-26701
ICS-0332_aveva_aveva-opc-ua-server-2023-r2_SBOM.json,ICS-0332,pkg:oss:sqlserver-express,Microsoft SQL Server Express,2019 CU22,CVE-2023-21528
ICS-0332_aveva_aveva-opc-ua-server-2023-r2_SBOM.json,ICS-0332,pkg:oss:libcurl,libcurl,7.64.0,CVE-2019-5481;CVE-2019-5482;CVE-2020-8177
ICS-0332_aveva_aveva-opc-ua-server-2023-r2_SBOM.json,ICS-0332,pkg:oss:libxml2,libxml2,2.9.14,CVE-2022-40303;CVE-2022-40304;CVE-2023-28484
ICS-0333_honeywell_excel-web-ii-bacnet-controller-ciper-50_SBOM.json,ICS-0333,pkg:oss:libmodbus,libmodbus,3.1.4,CVE-2019-14462;CVE-2019-14463
ICS-0333_honeywell_excel-web-ii-bacnet-controller-ciper-50_SBOM.json,ICS-0333,pkg:oss:sqlite,SQLite,3.22.0,CVE-2018-8740;CVE-2019-8457;CVE-2020-11655
ICS-0333_honeywell_excel-web-ii-bacnet-controller-ciper-50_SBOM.json,ICS-0333,pkg:oss:glibc,GNU C Library,2.17,CVE-2015-7547;CVE-2018-11236;CVE-2021-3999
ICS-0333_honeywell_excel-web-ii-bacnet-controller-ciper-50_SBOM.json,ICS-0333,pkg:oss:u-boot,Das U-Boot,2018.03,CVE-2019-11059;CVE-2019-13103;CVE-2019-13106
ICS-0333_honeywell_excel-web-ii-bacnet-controller-ciper-50_SBOM.json,ICS-0333,pkg:oss:dnsmasq,dnsmasq,2.86,CVE-2022-0934;CVE-2023-28450
ICS-0333_honeywell_excel-web-ii-bacnet-controller-ciper-50_SBOM.json,ICS-0333,pkg:oss:expat,Expat,2.4.1,CVE-2022-25236;CVE-2022-25315
ICS-0333_honeywell_excel-web-ii-bacnet-controller-ciper-50_SBOM.json,ICS-0333,pkg:oss:openssl,OpenSSL,3.0.7,CVE-2023-0286;CVE-2023-0215;CVE-2022-4304
ICS-0333_honeywell_excel-web-ii-bacnet-controller-ciper-50_SBOM.json,ICS-0333,pkg:oss:net-snmp,Net-SNMP,5.7.3,CVE-2018-18065;CVE-2019-20892;CVE-2020-15862
ICS-0333_honeywell_excel-web-ii-bacnet-controller-ciper-50_SBOM.json,ICS-0333,pkg:oss:openvpn,OpenVPN,2.5.5,CVE-2022-0547;CVE-2023-46849;CVE-2023-46850
ICS-0333_honeywell_excel-web-ii-bacnet-controller-ciper-50_SBOM.json,ICS-0333,pkg:oss:linux-kernel,Linux Kernel,4.19.325,CVE-2022-0847;CVE-2023-32233
ICS-0334_siemens_desigo-pxc-automation-station-pxc7-modular_SBOM.json,ICS-0334,pkg:oss:zlib,zlib,1.2.12,CVE-2022-37434
ICS-0334_siemens_desigo-pxc-automation-station-pxc7-modular_SBOM.json,ICS-0334,pkg:oss:lwip,lwIP,2.1.2,CVE-2020-22283;CVE-2020-22285;CVE-2020-22286
ICS-0335_schneider_smartx-as-p-controller-rp-c_SBOM.json,ICS-0335,pkg:oss:mosquitto,Eclipse Mosquitto,2.0.11,CVE-2021-34431;CVE-2021-41039;CVE-2023-0809
ICS-0335_schneider_smartx-as-p-controller-rp-c_SBOM.json,ICS-0335,pkg:oss:libssh2,libssh2,1.8.0,CVE-2019-3855;CVE-2019-3856;CVE-2019-3858
ICS-0335_schneider_smartx-as-p-controller-rp-c_SBOM.json,ICS-0335,pkg:oss:openssl,OpenSSL,1.0.2u,CVE-2021-23840;CVE-2021-3712
ICS-0335_schneider_smartx-as-p-controller-rp-c_SBOM.json,ICS-0335,pkg:oss:wpa-supplicant,wpa_supplicant,2.6,CVE-2017-13077;CVE-2017-13078;CVE-2018-14526
ICS-0335_schneider_smartx-as-p-controller-rp-c_SBOM.json,ICS-0335,pkg:oss:ntp,NTP Daemon,4.2.8p13,CVE-2019-8936;CVE-2020-11868
ICS-0335_schneider_smartx-as-p-controller-rp-c_SBOM.json,ICS-0335,pkg:oss:busybox,BusyBox,1.31.1,CVE-2021-42375;CVE-2021-42376;CVE-2022-28391
ICS-0336_delta_ez-building-controller-dac-633_SBOM.json,ICS-0336,pkg:oss:libcurl,libcurl,7.64.0,CVE-2019-5481;CVE-2019-5482;CVE-2020-8177
ICS-0336_delta_ez-building-controller-dac-633_SBOM.json,ICS-0336,pkg:oss:expat,Expat,2.4.1,CVE-2022-25236;CVE-2022-25315
ICS-0336_delta_ez-building-controller-dac-633_SBOM.json,ICS-0336,pkg:oss:sqlite,SQLite,3.41.2,CVE-2023-7104
ICS-0336_delta_ez-building-controller-dac-633_SBOM.json,ICS-0336,pkg:oss:nginx,nginx,1.14.2,CVE-2019-9511;CVE-2019-9513;CVE-2019-20372
ICS-0336_delta_ez-building-controller-dac-633_SBOM.json,ICS-0336,pkg:oss:libxml2,libxml2,2.9.14,CVE-2022-40303;CVE-2022-40304;CVE-2023-28484
ICS-0336_delta_ez-building-controller-dac-633_SBOM.json,ICS-0336,pkg:oss:goahead,GoAhead Embedded Web Server,4.1.0,CVE-2021-42342
ICS-0336_delta_ez-building-controller-dac-633_SBOM.json,ICS-0336,pkg:oss:open62541,open62541 OPC UA Stack,1.3.6,CVE-2023-31048
ICS-0336_delta_ez-building-controller-dac-633_SBOM.json,ICS-0336,pkg:oss:libpcap,libpcap,1.8.1,CVE-2018-16301;CVE-2019-15165
ICS-0337_phoenix_radioline-wireless-gateway-rad-868_SBOM.json,ICS-0337,pkg:oss:mbedtls,Mbed TLS,3.4.0,CVE-2023-43615
ICS-0337_phoenix_radioline-wireless-gateway-rad-868_SBOM.json,ICS-0337,pkg:oss:expat,Expat,2.5.0,CVE-2023-52425
ICS-0337_phoenix_radioline-wireless-gateway-rad-868_SBOM.json,ICS-0337,pkg:oss:lwip,lwIP,2.0.3,CVE-2020-22283;CVE-2020-22284;CVE-2020-22288
ICS-0338_moxa_awk-industrial-wireless-ap-awk-1137c_SBOM.json,ICS-0338,pkg:oss:expat,Expat,2.2.0,CVE-2018-20843;CVE-2019-15903
ICS-0338_moxa_awk-industrial-wireless-ap-awk-1137c_SBOM.json,ICS-0338,pkg:oss:linux-kernel,Linux Kernel,3.10.108,CVE-2017-1000112;CVE-2018-5333;CVE-2019-11477
ICS-0338_moxa_awk-industrial-wireless-ap-awk-1137c_SBOM.json,ICS-0338,pkg:oss:openssh,OpenSSH,8.2p1,CVE-2020-15778;CVE-2021-41617;CVE-2023-48795
ICS-0338_moxa_awk-industrial-wireless-ap-awk-1137c_SBOM.json,ICS-0338,pkg:oss:wpa-supplicant,wpa_supplicant,2.9,CVE-2021-27803;CVE-2021-30004;CVE-2022-23303
ICS-0338_moxa_awk-industrial-wireless-ap-awk-1137c_SBOM.json,ICS-0338,pkg:oss:net-snmp,Net-SNMP,5.8,CVE-2020-15861;CVE-2020-15862;CVE-2022-24805
ICS-0338_moxa_awk-industrial-wireless-ap-awk-1137c_SBOM.json,ICS-0338,pkg:oss:libssh2,libssh2,1.9.0,CVE-2019-17498;CVE-2020-22218
ICS-0339_emerson_wireless-1420-gateway-1552wu_SBOM.json,ICS-0339,pkg:oss:dnsmasq,dnsmasq,2.78,CVE-2017-14491;CVE-2017-14492;CVE-2020-25681
ICS-0339_emerson_wireless-1420-gateway-1552wu_SBOM.json,ICS-0339,pkg:oss:dropbear,Dropbear SSH,2019.78,CVE-2018-15599;CVE-2020-36254
ICS-0339_emerson_wireless-1420-gateway-1552wu_SBOM.json,ICS-0339,pkg:oss:musl,musl libc,1.2.2,CVE-2020-28928
ICS-0339_emerson_wireless-1420-gateway-1552wu_SBOM.json,ICS-0339,pkg:oss:glibc,GNU C Library,2.28,CVE-2021-3999;CVE-2021-33574;CVE-2023-4911
ICS-0340_siemens_simatic-s7-1500-cpu-1518-4-pn-dp_SBOM.json,ICS-0340,pkg:oss:openssl,OpenSSL,1.1.1g,CVE-2020-1971;CVE-2021-3450;CVE-2021-3711
ICS-0340_siemens_simatic-s7-1500-cpu-1518-4-pn-dp_SBOM.json,ICS-0340,pkg:oss:lwip,lwIP,1.4.1,CVE-2014-1912;CVE-2020-22283;CVE-2020-22284
ICS-0340_siemens_simatic-s7-1500-cpu-1518-4-pn-dp_SBOM.json,ICS-0340,pkg:oss:treck-tcpip,Treck TCP/IP Stack,6.0.1.66,CVE-2020-11896;CVE-2020-11897;CVE-2020-11901
ICS-0340_siemens_simatic-s7-1500-cpu-1518-4-pn-dp_SBOM.json,ICS-0340,pkg:oss:wolfssl,wolfSSL,5.5.0,CVE-2022-42905;CVE-2023-3724
ICS-0340_siemens_simatic-s7-1500-cpu-1518-4-pn-dp_SBOM.json,ICS-0340,pkg:oss:expat,Expat,2.5.0,CVE-2023-52425
ICS-0341_siemens_simatic-s7-1200-cpu-1217c_SBOM.json,ICS-0341,pkg:oss:expat,Expat,2.2.10,CVE-2022-22822;CVE-2022-23852;CVE-2022-25235
ICS-0341_siemens_simatic-s7-1200-cpu-1217c_SBOM.json,ICS-0341,pkg:oss:wolfssl,wolfSSL,5.5.0,CVE-2022-42905;CVE-2023-3724
ICS-0341_siemens_simatic-s7-1200-cpu-1217c_SBOM.json,ICS-0341,pkg:oss:libmodbus,libmodbus,3.0.6,CVE-2019-14462;CVE-2019-14463
ICS-0341_siemens_simatic-s7-1200-cpu-1217c_SBOM.json,ICS-0341,pkg:oss:mbedtls,Mbed TLS,3.4.0,CVE-2023-43615
ICS-0341_siemens_simatic-s7-1200-cpu-1217c_SBOM.json,ICS-0341,pkg:oss:lwip,lwIP,2.0.3,CVE-2020-22283;CVE-2020-22284;CVE-2020-22288
ICS-0341_siemens_simatic-s7-1200-cpu-1217c_SBOM.json,ICS-0341,pkg:oss:treck-tcpip,Treck TCP/IP Stack,6.0.1.66,CVE-2020-11896;CVE-2020-11897;CVE-2020-11901
ICS-0341_siemens_simatic-s7-1200-cpu-1217c_SBOM.json,ICS-0341,pkg:oss:ntp,NTP Daemon,4.2.8p13,CVE-2019-8936;CVE-2020-11868
ICS-0342_siemens_simatic-s7-400-cpu-414-3_SBOM.json,ICS-0342,pkg:oss:treck-tcpip,Treck TCP/IP Stack,6.0.1.66,CVE-2020-11896;CVE-2020-11897;CVE-2020-11901
ICS-0342_siemens_simatic-s7-400-cpu-414-3_SBOM.json,ICS-0342,pkg:oss:lwip,lwIP,2.0.3,CVE-2020-22283;CVE-2020-22284;CVE-2020-22288
ICS-0342_siemens_simatic-s7-400-cpu-414-3_SBOM.json,ICS-0342,pkg:oss:mbedtls,Mbed TLS,2.16.3,CVE-2020-10932;CVE-2020-16150;CVE-2021-24119
ICS-0343_rockwell_controllogix-controller-1756-l83e_SBOM.json,ICS-0343,pkg:oss:expat,Expat,2.4.1,CVE-2022-25236;CVE-2022-25315
ICS-0343_rockwell_controllogix-controller-1756-l83e_SBOM.json,ICS-0343,pkg:oss:libcurl,libcurl,7.64.0,CVE-2019-5481;CVE-2019-5482;CVE-2020-8177
ICS-0343_rockwell_controllogix-controller-1756-l83e_SBOM.json,ICS-0343,pkg:oss:ipnet,Interpeak IPnet TCP/IP Stack,7.0,CVE-2019-12258;CVE-2019-12259;CVE-2019-12262
ICS-0343_rockwell_controllogix-controller-1756-l83e_SBOM.json,ICS-0343,pkg:oss:sqlite,SQLite,3.39.4,CVE-2022-46908;CVE-2023-7104
ICS-0344_rockwell_compactlogix-controller-5069-l306er_SBOM.json,ICS-0344,pkg:oss:openssl,OpenSSL,1.0.2u,CVE-2021-23840;CVE-2021-3712
ICS-0344_rockwell_compactlogix-controller-5069-l306er_SBOM.json,ICS-0344,pkg:oss:ipnet,Interpeak IPnet TCP/IP Stack,6.9,CVE-2019-12255;CVE-2019-12256;CVE-2019-12257;CVE-2019-12260
ICS-0344_rockwell_compactlogix-controller-5069-l306er_SBOM.json,ICS-0344,pkg:oss:libxml2,libxml2,2.10.4,CVE-2023-45322
ICS-0344_rockwell_compactlogix-controller-5069-l306er_SBOM.json,ICS-0344,pkg:oss:libcurl,libcurl,8.0.1,CVE-2023-27533;CVE-2023-27536;CVE-2023-38545
ICS-0344_rockwell_compactlogix-controller-5069-l306er_SBOM.json,ICS-0344,pkg:oss:sqlite,SQLite,3.22.0,CVE-2018-8740;CVE-2019-8457;CVE-2020-11655
ICS-0345_rockwell_micrologix-controller-1400-b_SBOM.json,ICS-0345,pkg:oss:zlib,zlib,1.2.8,CVE-2016-9840;CVE-2016-9841;CVE-2018-25032
ICS-0345_rockwell_micrologix-controller-1400-b_SBOM.json,ICS-0345,pkg:oss:expat,Expat,2.4.1,CVE-2022-25236;CVE-2022-25315
ICS-0345_rockwell_micrologix-controller-1400-b_SBOM.json,ICS-0345,pkg:oss:treck-tcpip,Treck TCP/IP Stack,6.0.1.67,CVE-2020-11898;CVE-2020-11900
ICS-0345_rockwell_micrologix-controller-1400-b_SBOM.json,ICS-0345,pkg:oss:openssl,OpenSSL,1.1.1n,CVE-2022-1292;CVE-2022-2068;CVE-2022-4304
ICS-0346_schneider_modicon-m340-controller-bmxp342020_SBOM.json,ICS-0346,pkg:oss:ntp,NTP Daemon,4.2.8p10,CVE-2018-7182;CVE-2018-7183;CVE-2018-7184
ICS-0346_schneider_modicon-m340-controller-bmxp342020_SBOM.json,ICS-0346,pkg:oss:net-snmp,Net-SNMP,5.7.3,CVE-2018-18065;CVE-2019-20892;CVE-2020-15862
ICS-0346_schneider_modicon-m340-controller-bmxp342020_SBOM.json,ICS-0346,pkg:oss:libxml2,libxml2,2.9.10,CVE-2021-3517;CVE-2021-3518;CVE-2022-29824
ICS-0346_schneider_modicon-m340-controller-bmxp342020_SBOM.json,ICS-0346,pkg:oss:ipnet,Interpeak IPnet TCP/IP Stack,7.0,CVE-2019-12258;CVE-2019-12259;CVE-2019-12262
ICS-0346_schneider_modicon-m340-controller-bmxp342020_SBOM.json,ICS-0346,pkg:oss:codesys-rt,CODESYS Control Runtime System,3.5.17.0,CVE-2022-22515;CVE-2022-22517;CVE-2022-31802
ICS-0347_schneider_modicon-m580-epac-bmep582040_SBOM.json,ICS-0347,pkg:oss:zlib,zlib,1.2.12,CVE-2022-37434
ICS-0347_schneider_modicon-m580-epac-bmep582040_SBOM.json,ICS-0347,pkg:oss:musl,musl libc,1.2.2,CVE-2020-28928
ICS-0347_schneider_modicon-m580-epac-bmep582040_SBOM.json,ICS-0347,pkg:oss:lighttpd,lighttpd,1.4.64,CVE-2023-44487
ICS-0347_schneider_modicon-m580-epac-bmep582040_SBOM.json,ICS-0347,pkg:oss:glibc,GNU C Library,2.35,CVE-2023-4911;CVE-2024-2961
ICS-0347_schneider_modicon-m580-epac-bmep582040_SBOM.json,ICS-0347,pkg:oss:openvpn,OpenVPN,2.5.5,CVE-2022-0547;CVE-2023-46849;CVE-2023-46850
ICS-0347_schneider_modicon-m580-epac-bmep582040_SBOM.json,ICS-0347,pkg:oss:libcurl,libcurl,8.0.1,CVE-2023-27533;CVE-2023-27536;CVE-2023-38545
ICS-0347_schneider_modicon-m580-epac-bmep582040_SBOM.json,ICS-0347,pkg:oss:net-snmp,Net-SNMP,5.8,CVE-2020-15861;CVE-2020-15862;CVE-2022-24805
ICS-0347_schneider_modicon-m580-epac-bmep582040_SBOM.json,ICS-0347,pkg:oss:dropbear,Dropbear SSH,2022.83,CVE-2023-48795
ICS-0347_schneider_modicon-m580-epac-bmep582040_SBOM.json,ICS-0347,pkg:oss:codesys-rt,CODESYS Control Runtime System,3.5.16.0,CVE-2021-30186;CVE-2021-30188;CVE-2021-30189
ICS-0348_mitsubishi_melsec-iq-r-cpu-r32cpu_SBOM.json,ICS-0348,pkg:oss:treck-tcpip,Treck TCP/IP Stack,6.0.1.67,CVE-2020-11898;CVE-2020-11900
ICS-0348_mitsubishi_melsec-iq-r-cpu-r32cpu_SBOM.json,ICS-0348,pkg:oss:ntp,NTP Daemon,4.2.8p10,CVE-2018-7182;CVE-2018-7183;CVE-2018-7184
ICS-0348_mitsubishi_melsec-iq-r-cpu-r32cpu_SBOM.json,ICS-0348,pkg:oss:expat,Expat,2.4.1,CVE-2022-25236;CVE-2022-25315
ICS-0348_mitsubishi_melsec-iq-r-cpu-r32cpu_SBOM.json,ICS-0348,pkg:oss:lwip,lwIP,2.1.3,CVE-2023-5188
ICS-0348_mitsubishi_melsec-iq-r-cpu-r32cpu_SBOM.json,ICS-0348,pkg:oss:wolfssl,wolfSSL,4.5.0,CVE-2021-3336;CVE-2021-24116
ICS-0348_mitsubishi_melsec-iq-r-cpu-r32cpu_SBOM.json,ICS-0348,pkg:oss:mbedtls,Mbed TLS,2.28.0,CVE-2022-35409;CVE-2023-43615
ICS-0348_mitsubishi_melsec-iq-r-cpu-r32cpu_SBOM.json,ICS-0348,pkg:oss:openssl,OpenSSL,3.0.7,CVE-2023-0286;CVE-2023-0215;CVE-2022-4304
ICS-0348_mitsubishi_melsec-iq-r-cpu-r32cpu_SBOM.json,ICS-0348,pkg:oss:libmodbus,libmodbus,3.1.4,CVE-2019-14462;CVE-2019-14463
ICS-0349_mitsubishi_melsec-q-series-cpu-q03ude_SBOM.json,ICS-0349,pkg:oss:zlib,zlib,1.2.11,CVE-2018-25032;CVE-2022-37434
ICS-0349_mitsubishi_melsec-q-series-cpu-q03ude_SBOM.json,ICS-0349,pkg:oss:mbedtls,Mbed TLS,2.16.3,CVE-2020-10932;CVE-2020-16150;CVE-2021-24119
ICS-0349_mitsubishi_melsec-q-series-cpu-q03ude_SBOM.json,ICS-0349,pkg:oss:lwip,lwIP,1.4.1,CVE-2014-1912;CVE-2020-22283;CVE-2020-22284
ICS-0349_mitsubishi_melsec-q-series-cpu-q03ude_SBOM.json,ICS-0349,pkg:oss:ntp,NTP Daemon,4.2.8p10,CVE-2018-7182;CVE-2018-7183;CVE-2018-7184
ICS-0349_mitsubishi_melsec-q-series-cpu-q03ude_SBOM.json,ICS-0349,pkg:oss:openssl,OpenSSL,1.0.2k,CVE-2017-3731;CVE-2017-3732;CVE-2016-7055
ICS-0350_omron_sysmac-nj-machine-controller-nj101-1000_SBOM.json,ICS-0350,pkg:oss:mbedtls,Mbed TLS,3.4.0,CVE-2023-43615
ICS-0350_omron_sysmac-nj-machine-controller-nj101-1000_SBOM.json,ICS-0350,pkg:oss:wolfssl,wolfSSL,5.5.0,CVE-2022-42905;CVE-2023-3724
ICS-0350_omron_sysmac-nj-machine-controller-nj101-1000_SBOM.json,ICS-0350,pkg:oss:treck-tcpip,Treck TCP/IP Stack,6.0.1.66,CVE-2020-11896;CVE-2020-11897;CVE-2020-11901
ICS-0350_omron_sysmac-nj-machine-controller-nj101-1000_SBOM.json,ICS-0350,pkg:oss:openssl,OpenSSL,3.0.7,CVE-2023-0286;CVE-2023-0215;CVE-2022-4304
ICS-0351_omron_sysmac-cj2-plc-cj2m-cpu31_SBOM.json,ICS-0351,pkg:oss:zlib,zlib,1.2.12,CVE-2022-37434
ICS-0351_omron_sysmac-cj2-plc-cj2m-cpu31_SBOM.json,ICS-0351,pkg:oss:openssl,OpenSSL,1.0.2u,CVE-2021-23840;CVE-2021-3712
ICS-0351_omron_sysmac-cj2-plc-cj2m-cpu31_SBOM.json,ICS-0351,pkg:oss:treck-tcpip,Treck TCP/IP Stack,6.0.1.67,CVE-2020-11898;CVE-2020-11900
ICS-0351_omron_sysmac-cj2-plc-cj2m-cpu31_SBOM.json,ICS-0351,pkg:oss:lwip,lwIP,2.1.3,CVE-2023-5188
ICS-0352_beckhoff_twincat-runtime-controller-cx5140_SBOM.json,ICS-0352,pkg:oss:sqlserver-express,Microsoft SQL Server Express,2016 SP2,CVE-2019-1068;CVE-2020-0618
ICS-0352_beckhoff_twincat-runtime-controller-cx5140_SBOM.json,ICS-0352,pkg:oss:sqlite,SQLite,3.31.1,CVE-2020-13434;CVE-2020-13630;CVE-2021-20227
ICS-0352_beckhoff_twincat-runtime-controller-cx5140_SBOM.json,ICS-0352,pkg:oss:libcurl,libcurl,7.29.0,CVE-2016-8615;CVE-2018-1000120;CVE-2019-5482
ICS-0352_beckhoff_twincat-runtime-controller-cx5140_SBOM.json,ICS-0352,pkg:oss:expat,Expat,2.5.0,CVE-2023-52425
ICS-0352_beckhoff_twincat-runtime-controller-cx5140_SBOM.json,ICS-0352,pkg:oss:zlib,zlib,1.2.8,CVE-2016-9840;CVE-2016-9841;CVE-2018-25032
ICS-0353_wago_pfc200-controller-750-8202_SBOM.json,ICS-0353,pkg:oss:libpcap,libpcap,1.8.1,CVE-2018-16301;CVE-2019-15165
ICS-0353_wago_pfc200-controller-750-8202_SBOM.json,ICS-0353,pkg:oss:libxml2,libxml2,2.9.14,CVE-2022-40303;CVE-2022-40304;CVE-2023-28484
ICS-0353_wago_pfc200-controller-750-8202_SBOM.json,ICS-0353,pkg:oss:zlib,zlib,1.2.8,CVE-2016-9840;CVE-2016-9841;CVE-2018-25032
ICS-0353_wago_pfc200-controller-750-8202_SBOM.json,ICS-0353,pkg:oss:libcurl,libcurl,7.64.0,CVE-2019-5481;CVE-2019-5482;CVE-2020-8177
ICS-0353_wago_pfc200-controller-750-8202_SBOM.json,ICS-0353,pkg:oss:codesys-rt,CODESYS Control Runtime System,3.5.16.0,CVE-2021-30186;CVE-2021-30188;CVE-2021-30189
ICS-0354_phoenix_axc-f-2152-controller-axc-f-2152_SBOM.json,ICS-0354,pkg:oss:dropbear,Dropbear SSH,2016.74,CVE-2016-7406;CVE-2016-7407;CVE-2016-7408
ICS-0354_phoenix_axc-f-2152-controller-axc-f-2152_SBOM.json,ICS-0354,pkg:oss:net-snmp,Net-SNMP,5.9.1,CVE-2022-24805;CVE-2022-24809
ICS-0354_phoenix_axc-f-2152-controller-axc-f-2152_SBOM.json,ICS-0354,pkg:oss:libxml2,libxml2,2.9.4,CVE-2016-9318;CVE-2017-5969;CVE-2018-14567
ICS-0354_phoenix_axc-f-2152-controller-axc-f-2152_SBOM.json,ICS-0354,pkg:oss:openssh,OpenSSH,8.2p1,CVE-2020-15778;CVE-2021-41617;CVE-2023-48795
ICS-0354_phoenix_axc-f-2152-controller-axc-f-2152_SBOM.json,ICS-0354,pkg:oss:nginx,nginx,1.24.0,CVE-2023-44487
ICS-0354_phoenix_axc-f-2152-controller-axc-f-2152_SBOM.json,ICS-0354,pkg:oss:dnsmasq,dnsmasq,2.82,CVE-2020-25681;CVE-2020-25684;CVE-2021-3448
ICS-0354_phoenix_axc-f-2152-controller-axc-f-2152_SBOM.json,ICS-0354,pkg:oss:zlib,zlib,1.2.12,CVE-2022-37434
ICS-0354_phoenix_axc-f-2152-controller-axc-f-2152_SBOM.json,ICS-0354,pkg:oss:linux-kernel,Linux Kernel,3.10.108,CVE-2017-1000112;CVE-2018-5333;CVE-2019-11477
ICS-0355_br_x20-controller-x20cp1586_SBOM.json,ICS-0355,pkg:oss:libmodbus,libmodbus,3.0.6,CVE-2019-14462;CVE-2019-14463
ICS-0355_br_x20-controller-x20cp1586_SBOM.json,ICS-0355,pkg:oss:expat,Expat,2.2.0,CVE-2018-20843;CVE-2019-15903
ICS-0356_ls-electric_xgt-plc-cpu-xgk-cpuh_SBOM.json,ICS-0356,pkg:oss:treck-tcpip,Treck TCP/IP Stack,6.0.1.66,CVE-2020-11896;CVE-2020-11897;CVE-2020-11901
ICS-0356_ls-electric_xgt-plc-cpu-xgk-cpuh_SBOM.json,ICS-0356,pkg:oss:ntp,NTP Daemon,4.2.8p13,CVE-2019-8936;CVE-2020-11868
ICS-0356_ls-electric_xgt-plc-cpu-xgk-cpuh_SBOM.json,ICS-0356,pkg:oss:expat,Expat,2.5.0,CVE-2023-52425
ICS-0356_ls-electric_xgt-plc-cpu-xgk-cpuh_SBOM.json,ICS-0356,pkg:oss:mbedtls,Mbed TLS,2.16.3,CVE-2020-10932;CVE-2020-16150;CVE-2021-24119
ICS-0356_ls-electric_xgt-plc-cpu-xgk-cpuh_SBOM.json,ICS-0356,pkg:oss:libmodbus,libmodbus,3.0.6,CVE-2019-14462;CVE-2019-14463
ICS-0357_delta_as-series-plc-as228t-a_SBOM.json,ICS-0357,pkg:oss:openssl,OpenSSL,1.1.1g,CVE-2020-1971;CVE-2021-3450;CVE-2021-3711
ICS-0357_delta_as-series-plc-as228t-a_SBOM.json,ICS-0357,pkg:oss:mbedtls,Mbed TLS,2.28.0,CVE-2022-35409;CVE-2023-43615
ICS-0357_delta_as-series-plc-as228t-a_SBOM.json,ICS-0357,pkg:oss:lwip,lwIP,1.4.1,CVE-2014-1912;CVE-2020-22283;CVE-2020-22284
ICS-0357_delta_as-series-plc-as228t-a_SBOM.json,ICS-0357,pkg:oss:libmodbus,libmodbus,3.0.6,CVE-2019-14462;CVE-2019-14463
ICS-0358_unitronics_unistream-plc-usp-070-b10_SBOM.json,ICS-0358,pkg:oss:musl,musl libc,1.1.24,CVE-2020-28928
ICS-0358_unitronics_unistream-plc-usp-070-b10_SBOM.json,ICS-0358,pkg:oss:openssl,OpenSSL,1.1.1k,CVE-2021-3711;CVE-2021-3712;CVE-2022-0778
ICS-0358_unitronics_unistream-plc-usp-070-b10_SBOM.json,ICS-0358,pkg:oss:libpcap,libpcap,1.8.1,CVE-2018-16301;CVE-2019-15165
ICS-0358_unitronics_unistream-plc-usp-070-b10_SBOM.json,ICS-0358,pkg:oss:openssh,OpenSSH,7.4p1,CVE-2018-15473;CVE-2019-6111;CVE-2016-10708
ICS-0358_unitronics_unistream-plc-usp-070-b10_SBOM.json,ICS-0358,pkg:oss:busybox,BusyBox,1.31.1,CVE-2021-42375;CVE-2021-42376;CVE-2022-28391
ICS-0358_unitronics_unistream-plc-usp-070-b10_SBOM.json,ICS-0358,pkg:oss:glibc,GNU C Library,2.31,CVE-2021-35942;CVE-2023-4911
ICS-0358_unitronics_unistream-plc-usp-070-b10_SBOM.json,ICS-0358,pkg:oss:u-boot,Das U-Boot,2021.10,CVE-2022-30767;CVE-2022-33967
ICS-0359_idec_microsmart-fc6a-plc-fc6a-c40r1ae_SBOM.json,ICS-0359,pkg:oss:mbedtls,Mbed TLS,2.16.3,CVE-2020-10932;CVE-2020-16150;CVE-2021-24119
ICS-0359_idec_microsmart-fc6a-plc-fc6a-c40r1ae_SBOM.json,ICS-0359,pkg:oss:openssl,OpenSSL,1.0.2k,CVE-2017-3731;CVE-2017-3732;CVE-2016-7055
ICS-0359_idec_microsmart-fc6a-plc-fc6a-c40r1ae_SBOM.json,ICS-0359,pkg:oss:expat,Expat,2.4.1,CVE-2022-25236;CVE-2022-25315
ICS-0359_idec_microsmart-fc6a-plc-fc6a-c40r1ae_SBOM.json,ICS-0359,pkg:oss:lwip,lwIP,2.1.3,CVE-2023-5188
ICS-0359_idec_microsmart-fc6a-plc-fc6a-c40r1ae_SBOM.json,ICS-0359,pkg:oss:zlib,zlib,1.2.8,CVE-2016-9840;CVE-2016-9841;CVE-2018-25032
ICS-0360_panasonic_fp7-series-plc-afp7cps41_SBOM.json,ICS-0360,pkg:oss:libmodbus,libmodbus,3.1.4,CVE-2019-14462;CVE-2019-14463
ICS-0360_panasonic_fp7-series-plc-afp7cps41_SBOM.json,ICS-0360,pkg:oss:zlib,zlib,1.2.11,CVE-2018-25032;CVE-2022-37434
ICS-0360_panasonic_fp7-series-plc-afp7cps41_SBOM.json,ICS-0360,pkg:oss:ntp,NTP Daemon,4.2.8p13,CVE-2019-8936;CVE-2020-11868
ICS-0360_panasonic_fp7-series-plc-afp7cps41_SBOM.json,ICS-0360,pkg:oss:lwip,lwIP,2.0.3,CVE-2020-22283;CVE-2020-22284;CVE-2020-22288
ICS-0360_panasonic_fp7-series-plc-afp7cps41_SBOM.json,ICS-0360,pkg:oss:treck-tcpip,Treck TCP/IP Stack,6.0.1.66,CVE-2020-11896;CVE-2020-11897;CVE-2020-11901
ICS-0360_panasonic_fp7-series-plc-afp7cps41_SBOM.json,ICS-0360,pkg:oss:wolfssl,wolfSSL,5.5.0,CVE-2022-42905;CVE-2023-3724
ICS-0361_keyence_kv-8000-plc-kv-8000_SBOM.json,ICS-0361,pkg:oss:zlib,zlib,1.2.8,CVE-2016-9840;CVE-2016-9841;CVE-2018-25032
ICS-0361_keyence_kv-8000-plc-kv-8000_SBOM.json,ICS-0361,pkg:oss:openssl,OpenSSL,1.1.1n,CVE-2022-1292;CVE-2022-2068;CVE-2022-4304
ICS-0361_keyence_kv-8000-plc-kv-8000_SBOM.json,ICS-0361,pkg:oss:expat,Expat,2.2.10,CVE-2022-22822;CVE-2022-23852;CVE-2022-25235
ICS-0361_keyence_kv-8000-plc-kv-8000_SBOM.json,ICS-0361,pkg:oss:mbedtls,Mbed TLS,2.28.0,CVE-2022-35409;CVE-2023-43615
ICS-0362_fuji_micrex-sx-plc-np1ps-245r_SBOM.json,ICS-0362,pkg:oss:mbedtls,Mbed TLS,2.16.3,CVE-2020-10932;CVE-2020-16150;CVE-2021-24119
ICS-0362_fuji_micrex-sx-plc-np1ps-245r_SBOM.json,ICS-0362,pkg:oss:ntp,NTP Daemon,4.2.8p10,CVE-2018-7182;CVE-2018-7183;CVE-2018-7184
ICS-0362_fuji_micrex-sx-plc-np1ps-245r_SBOM.json,ICS-0362,pkg:oss:zlib,zlib,1.2.12,CVE-2022-37434
ICS-0362_fuji_micrex-sx-plc-np1ps-245r_SBOM.json,ICS-0362,pkg:oss:libmodbus,libmodbus,3.1.4,CVE-2019-14462;CVE-2019-14463
ICS-0362_fuji_micrex-sx-plc-np1ps-245r_SBOM.json,ICS-0362,pkg:oss:wolfssl,wolfSSL,4.5.0,CVE-2021-3336;CVE-2021-24116
ICS-0363_codesys_codesys-control-runtime-for-beaglebone-sl_SBOM.json,ICS-0363,pkg:oss:mosquitto,Eclipse Mosquitto,2.0.11,CVE-2021-34431;CVE-2021-41039;CVE-2023-0809
ICS-0363_codesys_codesys-control-runtime-for-beaglebone-sl_SBOM.json,ICS-0363,pkg:oss:wpa-supplicant,wpa_supplicant,2.9,CVE-2021-27803;CVE-2021-30004;CVE-2022-23303
ICS-0363_codesys_codesys-control-runtime-for-beaglebone-sl_SBOM.json,ICS-0363,pkg:oss:libmodbus,libmodbus,3.0.6,CVE-2019-14462;CVE-2019-14463
ICS-0363_codesys_codesys-control-runtime-for-beaglebone-sl_SBOM.json,ICS-0363,pkg:oss:lighttpd,lighttpd,1.4.45,CVE-2018-19052;CVE-2019-11072
ICS-0363_codesys_codesys-control-runtime-for-beaglebone-sl_SBOM.json,ICS-0363,pkg:oss:u-boot,Das U-Boot,2021.10,CVE-2022-30767;CVE-2022-33967
ICS-0363_codesys_codesys-control-runtime-for-beaglebone-sl_SBOM.json,ICS-0363,pkg:oss:libcurl,libcurl,7.64.0,CVE-2019-5481;CVE-2019-5482;CVE-2020-8177
ICS-0363_codesys_codesys-control-runtime-for-beaglebone-sl_SBOM.json,ICS-0363,pkg:oss:net-snmp,Net-SNMP,5.8,CVE-2020-15861;CVE-2020-15862;CVE-2022-24805
ICS-0363_codesys_codesys-control-runtime-for-beaglebone-sl_SBOM.json,ICS-0363,pkg:oss:codesys-rt,CODESYS Control Runtime System,3.5.16.0,CVE-2021-30186;CVE-2021-30188;CVE-2021-30189
ICS-0364_abb_rtu560-telecontrol-unit-560cmu05_SBOM.json,ICS-0364,pkg:oss:mosquitto,Eclipse Mosquitto,2.0.15,CVE-2023-0809;CVE-2023-3592
ICS-0364_abb_rtu560-telecontrol-unit-560cmu05_SBOM.json,ICS-0364,pkg:oss:openssl,OpenSSL,3.0.7,CVE-2023-0286;CVE-2023-0215;CVE-2022-4304
ICS-0364_abb_rtu560-telecontrol-unit-560cmu05_SBOM.json,ICS-0364,pkg:oss:wpa-supplicant,wpa_supplicant,2.6,CVE-2017-13077;CVE-2017-13078;CVE-2018-14526
ICS-0364_abb_rtu560-telecontrol-unit-560cmu05_SBOM.json,ICS-0364,pkg:oss:u-boot,Das U-Boot,2018.03,CVE-2019-11059;CVE-2019-13103;CVE-2019-13106
ICS-0364_abb_rtu560-telecontrol-unit-560cmu05_SBOM.json,ICS-0364,pkg:oss:dropbear,Dropbear SSH,2019.78,CVE-2018-15599;CVE-2020-36254
ICS-0364_abb_rtu560-telecontrol-unit-560cmu05_SBOM.json,ICS-0364,pkg:oss:ntp,NTP Daemon,4.2.8p15,CVE-2023-26551
ICS-0364_abb_rtu560-telecontrol-unit-560cmu05_SBOM.json,ICS-0364,pkg:oss:libcurl,libcurl,8.4.0,CVE-2023-46218;CVE-2024-2379
ICS-0365_schneider_scadapack-rtu-x70_SBOM.json,ICS-0365,pkg:oss:sqlite,SQLite,3.31.1,CVE-2020-13434;CVE-2020-13630;CVE-2021-20227
ICS-0365_schneider_scadapack-rtu-x70_SBOM.json,ICS-0365,pkg:oss:expat,Expat,2.2.10,CVE-2022-22822;CVE-2022-23852;CVE-2022-25235
ICS-0365_schneider_scadapack-rtu-x70_SBOM.json,ICS-0365,pkg:oss:libcurl,libcurl,7.64.0,CVE-2019-5481;CVE-2019-5482;CVE-2020-8177
ICS-0365_schneider_scadapack-rtu-x70_SBOM.json,ICS-0365,pkg:oss:ipnet,Interpeak IPnet TCP/IP Stack,7.0,CVE-2019-12258;CVE-2019-12259;CVE-2019-12262
ICS-0365_schneider_scadapack-rtu-x70_SBOM.json,ICS-0365,pkg:oss:zlib,zlib,1.2.11,CVE-2018-25032;CVE-2022-37434
ICS-0365_schneider_scadapack-rtu-x70_SBOM.json,ICS-0365,pkg:oss:libxml2,libxml2,2.9.4,CVE-2016-9318;CVE-2017-5969;CVE-2018-14567
ICS-0365_schneider_scadapack-rtu-x70_SBOM.json,ICS-0365,pkg:oss:ntp,NTP Daemon,4.2.8p13,CVE-2019-8936;CVE-2020-11868
ICS-0366_ge_d20-mx-substation-controller-d20mx_SBOM.json,ICS-0366,pkg:oss:sqlite,SQLite,3.22.0,CVE-2018-8740;CVE-2019-8457;CVE-2020-11655
ICS-0366_ge_d20-mx-substation-controller-d20mx_SBOM.json,ICS-0366,pkg:oss:musl,musl libc,1.1.24,CVE-2020-28928
ICS-0366_ge_d20-mx-substation-controller-d20mx_SBOM.json,ICS-0366,pkg:oss:expat,Expat,2.2.10,CVE-2022-22822;CVE-2022-23852;CVE-2022-25235
ICS-0366_ge_d20-mx-substation-controller-d20mx_SBOM.json,ICS-0366,pkg:oss:dnsmasq,dnsmasq,2.78,CVE-2017-14491;CVE-2017-14492;CVE-2020-25681
ICS-0367_siemens_sicam-a8000-rtu-cp-8050_SBOM.json,ICS-0367,pkg:oss:dnsmasq,dnsmasq,2.86,CVE-2022-0934;CVE-2023-28450
ICS-0367_siemens_sicam-a8000-rtu-cp-8050_SBOM.json,ICS-0367,pkg:oss:linux-kernel,Linux Kernel,5.10.220,CVE-2024-1086
ICS-0367_siemens_sicam-a8000-rtu-cp-8050_SBOM.json,ICS-0367,pkg:oss:libcurl,libcurl,8.4.0,CVE-2023-46218;CVE-2024-2379
ICS-0367_siemens_sicam-a8000-rtu-cp-8050_SBOM.json,ICS-0367,pkg:oss:sqlite,SQLite,3.39.4,CVE-2022-46908;CVE-2023-7104
ICS-0367_siemens_sicam-a8000-rtu-cp-8050_SBOM.json,ICS-0367,pkg:oss:openssh,OpenSSH,8.2p1,CVE-2020-15778;CVE-2021-41617;CVE-2023-48795
ICS-0367_siemens_sicam-a8000-rtu-cp-8050_SBOM.json,ICS-0367,pkg:oss:net-snmp,Net-SNMP,5.9.1,CVE-2022-24805;CVE-2022-24809
ICS-0367_siemens_sicam-a8000-rtu-cp-8050_SBOM.json,ICS-0367,pkg:oss:dropbear,Dropbear SSH,2020.81,CVE-2021-36369
ICS-0368_hitachi-energy_rtu500-series-560cmu80_SBOM.json,ICS-0368,pkg:oss:expat,Expat,2.2.10,CVE-2022-22822;CVE-2022-23852;CVE-2022-25235
ICS-0368_hitachi-energy_rtu500-series-560cmu80_SBOM.json,ICS-0368,pkg:oss:wolfssl,wolfSSL,5.5.0,CVE-2022-42905;CVE-2023-3724
ICS-0368_hitachi-energy_rtu500-series-560cmu80_SBOM.json,ICS-0368,pkg:oss:openssl,OpenSSL,1.0.2k,CVE-2017-3731;CVE-2017-3732;CVE-2016-7055
ICS-0368_hitachi-energy_rtu500-series-560cmu80_SBOM.json,ICS-0368,pkg:oss:ntp,NTP Daemon,4.2.8p13,CVE-2019-8936;CVE-2020-11868
ICS-0368_hitachi-energy_rtu500-series-560cmu80_SBOM.json,ICS-0368,pkg:oss:lwip,lwIP,2.1.3,CVE-2023-5188
ICS-0369_moxa_iopac-programmable-controller-8600-cpu30_SBOM.json,ICS-0369,pkg:oss:libcurl,libcurl,8.0.1,CVE-2023-27533;CVE-2023-27536;CVE-2023-38545
ICS-0369_moxa_iopac-programmable-controller-8600-cpu30_SBOM.json,ICS-0369,pkg:oss:libpcap,libpcap,1.9.1,CVE-2019-15165;CVE-2023-7256
ICS-0369_moxa_iopac-programmable-controller-8600-cpu30_SBOM.json,ICS-0369,pkg:oss:expat,Expat,2.2.0,CVE-2018-20843;CVE-2019-15903
ICS-0369_moxa_iopac-programmable-controller-8600-cpu30_SBOM.json,ICS-0369,pkg:oss:glibc,GNU C Library,2.35,CVE-2023-4911;CVE-2024-2961
ICS-0369_moxa_iopac-programmable-controller-8600-cpu30_SBOM.json,ICS-0369,pkg:oss:libxml2,libxml2,2.10.4,CVE-2023-45322
ICS-0369_moxa_iopac-programmable-controller-8600-cpu30_SBOM.json,ICS-0369,pkg:oss:dnsmasq,dnsmasq,2.86,CVE-2022-0934;CVE-2023-28450
ICS-0369_moxa_iopac-programmable-controller-8600-cpu30_SBOM.json,ICS-0369,pkg:oss:wpa-supplicant,wpa_supplicant,2.10,CVE-2023-52160
ICS-0369_moxa_iopac-programmable-controller-8600-cpu30_SBOM.json,ICS-0369,pkg:oss:openssh,OpenSSH,9.3p1,CVE-2023-38408;CVE-2023-48795;CVE-2024-6387
ICS-0369_moxa_iopac-programmable-controller-8600-cpu30_SBOM.json,ICS-0369,pkg:oss:openssl,OpenSSL,1.0.2u,CVE-2021-23840;CVE-2021-3712
ICS-0369_moxa_iopac-programmable-controller-8600-cpu30_SBOM.json,ICS-0369,pkg:oss:codesys-rt,CODESYS Control Runtime System,3.5.16.0,CVE-2021-30186;CVE-2021-30188;CVE-2021-30189
ICS-0370_red-lion_data-station-plus-rtu-dspsx000_SBOM.json,ICS-0370,pkg:oss:linux-kernel,Linux Kernel,4.9.337,CVE-2019-11477;CVE-2021-33909;CVE-2022-0847
ICS-0370_red-lion_data-station-plus-rtu-dspsx000_SBOM.json,ICS-0370,pkg:oss:glibc,GNU C Library,2.31,CVE-2021-35942;CVE-2023-4911
ICS-0370_red-lion_data-station-plus-rtu-dspsx000_SBOM.json,ICS-0370,pkg:oss:mosquitto,Eclipse Mosquitto,1.5.8,CVE-2019-11779;CVE-2021-28166
ICS-0370_red-lion_data-station-plus-rtu-dspsx000_SBOM.json,ICS-0370,pkg:oss:codesys-rt,CODESYS Control Runtime System,3.5.17.0,CVE-2022-22515;CVE-2022-22517;CVE-2022-31802
ICS-0371_sel_sel-451-protection-system-421_SBOM.json,ICS-0371,pkg:oss:ntp,NTP Daemon,4.2.8p15,CVE-2023-26551
ICS-0371_sel_sel-451-protection-system-421_SBOM.json,ICS-0371,pkg:oss:expat,Expat,2.2.10,CVE-2022-22822;CVE-2022-23852;CVE-2022-25235
ICS-0371_sel_sel-451-protection-system-421_SBOM.json,ICS-0371,pkg:oss:mbedtls,Mbed TLS,2.16.3,CVE-2020-10932;CVE-2020-16150;CVE-2021-24119
ICS-0371_sel_sel-451-protection-system-421_SBOM.json,ICS-0371,pkg:oss:wolfssl,wolfSSL,4.5.0,CVE-2021-3336;CVE-2021-24116
ICS-0371_sel_sel-451-protection-system-421_SBOM.json,ICS-0371,pkg:oss:libmodbus,libmodbus,3.1.4,CVE-2019-14462;CVE-2019-14463
ICS-0371_sel_sel-451-protection-system-421_SBOM.json,ICS-0371,pkg:oss:openssl,OpenSSL,1.1.1g,CVE-2020-1971;CVE-2021-3450;CVE-2021-3711
ICS-0371_sel_sel-451-protection-system-421_SBOM.json,ICS-0371,pkg:oss:lwip,lwIP,1.4.1,CVE-2014-1912;CVE-2020-22283;CVE-2020-22284
ICS-0372_sel_sel-3530-rtac-3530_SBOM.json,ICS-0372,pkg:oss:glibc,GNU C Library,2.28,CVE-2021-3999;CVE-2021-33574;CVE-2023-4911
ICS-0372_sel_sel-3530-rtac-3530_SBOM.json,ICS-0372,pkg:oss:libcurl,libcurl,7.79.1,CVE-2022-22576;CVE-2022-27774;CVE-2022-32221
ICS-0372_sel_sel-3530-rtac-3530_SBOM.json,ICS-0372,pkg:oss:lighttpd,lighttpd,1.4.64,CVE-2023-44487
ICS-0372_sel_sel-3530-rtac-3530_SBOM.json,ICS-0372,pkg:oss:goahead,GoAhead Embedded Web Server,3.6.5,CVE-2017-17562;CVE-2019-5096;CVE-2019-5097
ICS-0373_hitachi-energy_ref615-feeder-protection-relay-reu615_SBOM.json,ICS-0373,pkg:oss:expat,Expat,2.4.1,CVE-2022-25236;CVE-2022-25315
ICS-0373_hitachi-energy_ref615-feeder-protection-relay-reu615_SBOM.json,ICS-0373,pkg:oss:libmodbus,libmodbus,3.0.6,CVE-2019-14462;CVE-2019-14463
ICS-0373_hitachi-energy_ref615-feeder-protection-relay-reu615_SBOM.json,ICS-0373,pkg:oss:treck-tcpip,Treck TCP/IP Stack,6.0.1.67,CVE-2020-11898;CVE-2020-11900
ICS-0373_hitachi-energy_ref615-feeder-protection-relay-reu615_SBOM.json,ICS-0373,pkg:oss:zlib,zlib,1.2.8,CVE-2016-9840;CVE-2016-9841;CVE-2018-25032
ICS-0373_hitachi-energy_ref615-feeder-protection-relay-reu615_SBOM.json,ICS-0373,pkg:oss:openssl,OpenSSL,3.0.7,CVE-2023-0286;CVE-2023-0215;CVE-2022-4304
ICS-0373_hitachi-energy_ref615-feeder-protection-relay-reu615_SBOM.json,ICS-0373,pkg:oss:mbedtls,Mbed TLS,3.4.0,CVE-2023-43615
ICS-0374_siemens_siprotec-5-protection-relay-7sa86_SBOM.json,ICS-0374,pkg:oss:ntp,NTP Daemon,4.2.8p13,CVE-2019-8936;CVE-2020-11868
ICS-0374_siemens_siprotec-5-protection-relay-7sa86_SBOM.json,ICS-0374,pkg:oss:wolfssl,wolfSSL,5.5.0,CVE-2022-42905;CVE-2023-3724
ICS-0374_siemens_siprotec-5-protection-relay-7sa86_SBOM.json,ICS-0374,pkg:oss:mbedtls,Mbed TLS,2.28.0,CVE-2022-35409;CVE-2023-43615
ICS-0374_siemens_siprotec-5-protection-relay-7sa86_SBOM.json,ICS-0374,pkg:oss:libmodbus,libmodbus,3.1.4,CVE-2019-14462;CVE-2019-14463
ICS-0374_siemens_siprotec-5-protection-relay-7sa86_SBOM.json,ICS-0374,pkg:oss:treck-tcpip,Treck TCP/IP Stack,6.0.1.66,CVE-2020-11896;CVE-2020-11897;CVE-2020-11901
ICS-0374_siemens_siprotec-5-protection-relay-7sa86_SBOM.json,ICS-0374,pkg:oss:expat,Expat,2.2.10,CVE-2022-22822;CVE-2022-23852;CVE-2022-25235
ICS-0375_ge_multilin-ur-relay-t35_SBOM.json,ICS-0375,pkg:oss:treck-tcpip,Treck TCP/IP Stack,6.0.1.67,CVE-2020-11898;CVE-2020-11900
ICS-0375_ge_multilin-ur-relay-t35_SBOM.json,ICS-0375,pkg:oss:expat,Expat,2.5.0,CVE-2023-52425
ICS-0375_ge_multilin-ur-relay-t35_SBOM.json,ICS-0375,pkg:oss:zlib,zlib,1.2.8,CVE-2016-9840;CVE-2016-9841;CVE-2018-25032
ICS-0375_ge_multilin-ur-relay-t35_SBOM.json,ICS-0375,pkg:oss:lwip,lwIP,1.4.1,CVE-2014-1912;CVE-2020-22283;CVE-2020-22284
ICS-0376_schneider_easergy-p3-protection-relay-p3u30_SBOM.json,ICS-0376,pkg:oss:openssl,OpenSSL,1.1.1n,CVE-2022-1292;CVE-2022-2068;CVE-2022-4304
ICS-0376_schneider_easergy-p3-protection-relay-p3u30_SBOM.json,ICS-0376,pkg:oss:lwip,lwIP,2.0.3,CVE-2020-22283;CVE-2020-22284;CVE-2020-22288
ICS-0376_schneider_easergy-p3-protection-relay-p3u30_SBOM.json,ICS-0376,pkg:oss:ntp,NTP Daemon,4.2.8p13,CVE-2019-8936;CVE-2020-11868
ICS-0377_nari_pcs-9611-feeder-protection-pcs-9611_SBOM.json,ICS-0377,pkg:oss:zlib,zlib,1.2.8,CVE-2016-9840;CVE-2016-9841;CVE-2018-25032
ICS-0377_nari_pcs-9611-feeder-protection-pcs-9611_SBOM.json,ICS-0377,pkg:oss:wolfssl,wolfSSL,5.5.0,CVE-2022-42905;CVE-2023-3724
ICS-0377_nari_pcs-9611-feeder-protection-pcs-9611_SBOM.json,ICS-0377,pkg:oss:ntp,NTP Daemon,4.2.8p13,CVE-2019-8936;CVE-2020-11868
ICS-0377_nari_pcs-9611-feeder-protection-pcs-9611_SBOM.json,ICS-0377,pkg:oss:openssl,OpenSSL,3.0.7,CVE-2023-0286;CVE-2023-0215;CVE-2022-4304
ICS-0377_nari_pcs-9611-feeder-protection-pcs-9611_SBOM.json,ICS-0377,pkg:oss:treck-tcpip,Treck TCP/IP Stack,6.0.1.67,CVE-2020-11898;CVE-2020-11900
ICS-0378_hd-hyundai_higen-protection-relay-hgr-100_SBOM.json,ICS-0378,pkg:oss:expat,Expat,2.2.0,CVE-2018-20843;CVE-2019-15903
ICS-0378_hd-hyundai_higen-protection-relay-hgr-100_SBOM.json,ICS-0378,pkg:oss:ntp,NTP Daemon,4.2.8p10,CVE-2018-7182;CVE-2018-7183;CVE-2018-7184
ICS-0378_hd-hyundai_higen-protection-relay-hgr-100_SBOM.json,ICS-0378,pkg:oss:wolfssl,wolfSSL,5.5.0,CVE-2022-42905;CVE-2023-3724
ICS-0378_hd-hyundai_higen-protection-relay-hgr-100_SBOM.json,ICS-0378,pkg:oss:mbedtls,Mbed TLS,2.16.3,CVE-2020-10932;CVE-2020-16150;CVE-2021-24119
ICS-0379_siemens_simatic-hmi-comfort-panel-tp2200_SBOM.json,ICS-0379,pkg:oss:libcurl,libcurl,7.29.0,CVE-2016-8615;CVE-2018-1000120;CVE-2019-5482
ICS-0379_siemens_simatic-hmi-comfort-panel-tp2200_SBOM.json,ICS-0379,pkg:oss:libxml2,libxml2,2.9.4,CVE-2016-9318;CVE-2017-5969;CVE-2018-14567
ICS-0379_siemens_simatic-hmi-comfort-panel-tp2200_SBOM.json,ICS-0379,pkg:oss:expat,Expat,2.5.0,CVE-2023-52425
ICS-0380_rockwell_panelview-plus-terminal-7-standard-1000_SBOM.json,ICS-0380,pkg:oss:sqlserver-express,Microsoft SQL Server Express,2019 CU22,CVE-2023-21528
ICS-0380_rockwell_panelview-plus-terminal-7-standard-1000_SBOM.json,ICS-0380,pkg:oss:libcurl,libcurl,8.0.1,CVE-2023-27533;CVE-2023-27536;CVE-2023-38545
ICS-0380_rockwell_panelview-plus-terminal-7-standard-1000_SBOM.json,ICS-0380,pkg:oss:openssl,OpenSSL,1.0.2k,CVE-2017-3731;CVE-2017-3732;CVE-2016-7055
ICS-0380_rockwell_panelview-plus-terminal-7-standard-1000_SBOM.json,ICS-0380,pkg:oss:dotnet,Microsoft .NET Framework,4.8,CVE-2021-26701;CVE-2023-21808
ICS-0380_rockwell_panelview-plus-terminal-7-standard-1000_SBOM.json,ICS-0380,pkg:oss:sqlite,SQLite,3.31.1,CVE-2020-13434;CVE-2020-13630;CVE-2021-20227
ICS-0380_rockwell_panelview-plus-terminal-7-standard-1000_SBOM.json,ICS-0380,pkg:oss:libxml2,libxml2,2.10.4,CVE-2023-45322
ICS-0381_schneider_magelis-gtu-hmi-hmigtu655_SBOM.json,ICS-0381,pkg:oss:libxml2,libxml2,2.10.4,CVE-2023-45322
ICS-0381_schneider_magelis-gtu-hmi-hmigtu655_SBOM.json,ICS-0381,pkg:oss:u-boot,Das U-Boot,2020.04,CVE-2020-10648;CVE-2021-27097;CVE-2022-30767
ICS-0381_schneider_magelis-gtu-hmi-hmigtu655_SBOM.json,ICS-0381,pkg:oss:lighttpd,lighttpd,1.4.45,CVE-2018-19052;CVE-2019-11072
ICS-0382_mitsubishi_got2000-graphic-terminal-gt2712-stba_SBOM.json,ICS-0382,pkg:oss:lwip,lwIP,1.4.1,CVE-2014-1912;CVE-2020-22283;CVE-2020-22284
ICS-0382_mitsubishi_got2000-graphic-terminal-gt2712-stba_SBOM.json,ICS-0382,pkg:oss:openssl,OpenSSL,3.0.7,CVE-2023-0286;CVE-2023-0215;CVE-2022-4304
ICS-0382_mitsubishi_got2000-graphic-terminal-gt2712-stba_SBOM.json,ICS-0382,pkg:oss:ntp,NTP Daemon,4.2.8p10,CVE-2018-7182;CVE-2018-7183;CVE-2018-7184
ICS-0382_mitsubishi_got2000-graphic-terminal-gt2712-stba_SBOM.json,ICS-0382,pkg:oss:wolfssl,wolfSSL,4.5.0,CVE-2021-3336;CVE-2021-24116
ICS-0382_mitsubishi_got2000-graphic-terminal-gt2712-stba_SBOM.json,ICS-0382,pkg:oss:mbedtls,Mbed TLS,3.4.0,CVE-2023-43615
ICS-0383_advantech_webop-operator-panel-wop-2100t_SBOM.json,ICS-0383,pkg:oss:zlib,zlib,1.2.11,CVE-2018-25032;CVE-2022-37434
ICS-0383_advantech_webop-operator-panel-wop-2100t_SBOM.json,ICS-0383,pkg:oss:musl,musl libc,1.1.24,CVE-2020-28928
ICS-0383_advantech_webop-operator-panel-wop-2100t_SBOM.json,ICS-0383,pkg:oss:dnsmasq,dnsmasq,2.86,CVE-2022-0934;CVE-2023-28450
ICS-0383_advantech_webop-operator-panel-wop-2100t_SBOM.json,ICS-0383,pkg:oss:libmodbus,libmodbus,3.0.6,CVE-2019-14462;CVE-2019-14463
ICS-0383_advantech_webop-operator-panel-wop-2100t_SBOM.json,ICS-0383,pkg:oss:goahead,GoAhead Embedded Web Server,3.6.5,CVE-2017-17562;CVE-2019-5096;CVE-2019-5097
ICS-0383_advantech_webop-operator-panel-wop-2100t_SBOM.json,ICS-0383,pkg:oss:dropbear,Dropbear SSH,2020.81,CVE-2021-36369
ICS-0383_advantech_webop-operator-panel-wop-2100t_SBOM.json,ICS-0383,pkg:oss:libpcap,libpcap,1.9.1,CVE-2019-15165;CVE-2023-7256
ICS-0384_delta_dop-100-hmi-dop-107bv_SBOM.json,ICS-0384,pkg:oss:zlib,zlib,1.2.8,CVE-2016-9840;CVE-2016-9841;CVE-2018-25032
ICS-0384_delta_dop-100-hmi-dop-107bv_SBOM.json,ICS-0384,pkg:oss:libmodbus,libmodbus,3.1.4,CVE-2019-14462;CVE-2019-14463
ICS-0384_delta_dop-100-hmi-dop-107bv_SBOM.json,ICS-0384,pkg:oss:treck-tcpip,Treck TCP/IP Stack,6.0.1.66,CVE-2020-11896;CVE-2020-11897;CVE-2020-11901
ICS-0384_delta_dop-100-hmi-dop-107bv_SBOM.json,ICS-0384,pkg:oss:mbedtls,Mbed TLS,2.28.0,CVE-2022-35409;CVE-2023-43615
ICS-0384_delta_dop-100-hmi-dop-107bv_SBOM.json,ICS-0384,pkg:oss:expat,Expat,2.4.1,CVE-2022-25236;CVE-2022-25315
ICS-0385_omron_na-series-hmi-na5-12w_SBOM.json,ICS-0385,pkg:oss:openssl,OpenSSL,3.0.7,CVE-2023-0286;CVE-2023-0215;CVE-2022-4304
ICS-0385_omron_na-series-hmi-na5-12w_SBOM.json,ICS-0385,pkg:oss:sqlserver-express,Microsoft SQL Server Express,2017 CU31,CVE-2022-29143;CVE-2023-21528
ICS-0385_omron_na-series-hmi-na5-12w_SBOM.json,ICS-0385,pkg:oss:dotnet,Microsoft .NET Framework,4.6.2,CVE-2018-8421;CVE-2019-0545;CVE-2020-1147
ICS-0385_omron_na-series-hmi-na5-12w_SBOM.json,ICS-0385,pkg:oss:sqlite,SQLite,3.22.0,CVE-2018-8740;CVE-2019-8457;CVE-2020-11655
ICS-0386_pilz_pmi-operator-terminal-pmi-6-primo_SBOM.json,ICS-0386,pkg:oss:dropbear,Dropbear SSH,2020.81,CVE-2021-36369
ICS-0386_pilz_pmi-operator-terminal-pmi-6-primo_SBOM.json,ICS-0386,pkg:oss:openssl,OpenSSL,3.0.7,CVE-2023-0286;CVE-2023-0215;CVE-2022-4304
ICS-0386_pilz_pmi-operator-terminal-pmi-6-primo_SBOM.json,ICS-0386,pkg:oss:libmodbus,libmodbus,3.1.4,CVE-2019-14462;CVE-2019-14463
ICS-0386_pilz_pmi-operator-terminal-pmi-6-primo_SBOM.json,ICS-0386,pkg:oss:expat,Expat,2.5.0,CVE-2023-52425
ICS-0386_pilz_pmi-operator-terminal-pmi-6-primo_SBOM.json,ICS-0386,pkg:oss:lighttpd,lighttpd,1.4.64,CVE-2023-44487
ICS-0387_aveva_aveva-plant-scada-2020-r2_SBOM.json,ICS-0387,pkg:oss:libcurl,libcurl,8.0.1,CVE-2023-27533;CVE-2023-27536;CVE-2023-38545
ICS-0387_aveva_aveva-plant-scada-2020-r2_SBOM.json,ICS-0387,pkg:oss:sqlite,SQLite,3.41.2,CVE-2023-7104
ICS-0387_aveva_aveva-plant-scada-2020-r2_SBOM.json,ICS-0387,pkg:oss:sqlserver-express,Microsoft SQL Server Express,2017 CU31,CVE-2022-29143;CVE-2023-21528
ICS-0387_aveva_aveva-plant-scada-2020-r2_SBOM.json,ICS-0387,pkg:oss:expat,Expat,2.2.10,CVE-2022-22822;CVE-2022-23852;CVE-2022-25235
ICS-0387_aveva_aveva-plant-scada-2020-r2_SBOM.json,ICS-0387,pkg:oss:dotnet,Microsoft .NET Framework,4.6.2,CVE-2018-8421;CVE-2019-0545;CVE-2020-1147
ICS-0388_inductive_ignition-scada-platform-8-1_SBOM.json,ICS-0388,pkg:oss:spring,Spring Framework,5.3.17,CVE-2022-22965;CVE-2022-22968;CVE-2022-22970
ICS-0388_inductive_ignition-scada-platform-8-1_SBOM.json,ICS-0388,pkg:oss:tomcat,Apache Tomcat,9.0.63,CVE-2022-42252;CVE-2023-28708;CVE-2023-44487
ICS-0388_inductive_ignition-scada-platform-8-1_SBOM.json,ICS-0388,pkg:oss:sqlite,SQLite,3.41.2,CVE-2023-7104
ICS-0388_inductive_ignition-scada-platform-8-1_SBOM.json,ICS-0388,pkg:oss:jackson,Jackson Databind,2.12.3,CVE-2020-36518;CVE-2022-42003;CVE-2022-42004
ICS-0388_inductive_ignition-scada-platform-8-1_SBOM.json,ICS-0388,pkg:oss:zlib,zlib,1.2.12,CVE-2022-37434
ICS-0389_copadata_zenon-supervisor-10_SBOM.json,ICS-0389,pkg:oss:zlib,zlib,1.2.12,CVE-2022-37434
ICS-0389_copadata_zenon-supervisor-10_SBOM.json,ICS-0389,pkg:oss:openssl,OpenSSL,1.1.1n,CVE-2022-1292;CVE-2022-2068;CVE-2022-4304
ICS-0389_copadata_zenon-supervisor-10_SBOM.json,ICS-0389,pkg:oss:libcurl,libcurl,8.4.0,CVE-2023-46218;CVE-2024-2379
ICS-0389_copadata_zenon-supervisor-10_SBOM.json,ICS-0389,pkg:oss:dotnet,Microsoft .NET Framework,4.7.2,CVE-2020-1147;CVE-2021-24112;CVE-2021-26701
ICS-0389_copadata_zenon-supervisor-10_SBOM.json,ICS-0389,pkg:oss:sqlserver-express,Microsoft SQL Server Express,2017 CU31,CVE-2022-29143;CVE-2023-21528
ICS-0389_copadata_zenon-supervisor-10_SBOM.json,ICS-0389,pkg:oss:sqlite,SQLite,3.41.2,CVE-2023-7104
ICS-0389_copadata_zenon-supervisor-10_SBOM.json,ICS-0389,pkg:oss:expat,Expat,2.4.1,CVE-2022-25236;CVE-2022-25315
ICS-0390_siemens_simatic-wincc-v7-5_SBOM.json,ICS-0390,pkg:oss:libcurl,libcurl,7.79.1,CVE-2022-22576;CVE-2022-27774;CVE-2022-32221
ICS-0390_siemens_simatic-wincc-v7-5_SBOM.json,ICS-0390,pkg:oss:openssl,OpenSSL,1.1.1n,CVE-2022-1292;CVE-2022-2068;CVE-2022-4304
ICS-0390_siemens_simatic-wincc-v7-5_SBOM.json,ICS-0390,pkg:oss:sqlite,SQLite,3.22.0,CVE-2018-8740;CVE-2019-8457;CVE-2020-11655
ICS-0390_siemens_simatic-wincc-v7-5_SBOM.json,ICS-0390,pkg:oss:zlib,zlib,1.2.11,CVE-2018-25032;CVE-2022-37434
ICS-0391_ge_cimplicity-hmi-scada-11-1_SBOM.json,ICS-0391,pkg:oss:libcurl,libcurl,7.29.0,CVE-2016-8615;CVE-2018-1000120;CVE-2019-5482
ICS-0391_ge_cimplicity-hmi-scada-11-1_SBOM.json,ICS-0391,pkg:oss:sqlserver-express,Microsoft SQL Server Express,2016 SP2,CVE-2019-1068;CVE-2020-0618
ICS-0391_ge_cimplicity-hmi-scada-11-1_SBOM.json,ICS-0391,pkg:oss:sqlite,SQLite,3.39.4,CVE-2022-46908;CVE-2023-7104
ICS-0391_ge_cimplicity-hmi-scada-11-1_SBOM.json,ICS-0391,pkg:oss:libxml2,libxml2,2.10.4,CVE-2023-45322
ICS-0391_ge_cimplicity-hmi-scada-11-1_SBOM.json,ICS-0391,pkg:oss:expat,Expat,2.2.10,CVE-2022-22822;CVE-2022-23852;CVE-2022-25235
ICS-0391_ge_cimplicity-hmi-scada-11-1_SBOM.json,ICS-0391,pkg:oss:openssl,OpenSSL,3.0.7,CVE-2023-0286;CVE-2023-0215;CVE-2022-4304
ICS-0391_ge_cimplicity-hmi-scada-11-1_SBOM.json,ICS-0391,pkg:oss:zlib,zlib,1.2.8,CVE-2016-9840;CVE-2016-9841;CVE-2018-25032
ICS-0391_ge_cimplicity-hmi-scada-11-1_SBOM.json,ICS-0391,pkg:oss:dotnet,Microsoft .NET Framework,4.6.2,CVE-2018-8421;CVE-2019-0545;CVE-2020-1147
ICS-0392_schneider_ecostruxure-geo-scada-expert-2021_SBOM.json,ICS-0392,pkg:oss:libcurl,libcurl,7.29.0,CVE-2016-8615;CVE-2018-1000120;CVE-2019-5482
ICS-0392_schneider_ecostruxure-geo-scada-expert-2021_SBOM.json,ICS-0392,pkg:oss:sqlserver-express,Microsoft SQL Server Express,2016 SP2,CVE-2019-1068;CVE-2020-0618
ICS-0392_schneider_ecostruxure-geo-scada-expert-2021_SBOM.json,ICS-0392,pkg:oss:libxml2,libxml2,2.10.4,CVE-2023-45322
ICS-0392_schneider_ecostruxure-geo-scada-expert-2021_SBOM.json,ICS-0392,pkg:oss:expat,Expat,2.5.0,CVE-2023-52425
ICS-0392_schneider_ecostruxure-geo-scada-expert-2021_SBOM.json,ICS-0392,pkg:oss:sqlite,SQLite,3.41.2,CVE-2023-7104
ICS-0393_rockwell_factorytalk-view-se-12-00_SBOM.json,ICS-0393,pkg:oss:dotnet,Microsoft .NET Framework,4.7.2,CVE-2020-1147;CVE-2021-24112;CVE-2021-26701
ICS-0393_rockwell_factorytalk-view-se-12-00_SBOM.json,ICS-0393,pkg:oss:sqlserver-express,Microsoft SQL Server Express,2019 CU22,CVE-2023-21528
ICS-0393_rockwell_factorytalk-view-se-12-00_SBOM.json,ICS-0393,pkg:oss:libxml2,libxml2,2.10.4,CVE-2023-45322
ICS-0394_aveva_aveva-historian-2020-r2_SBOM.json,ICS-0394,pkg:oss:dotnet,Microsoft .NET Framework,4.7.2,CVE-2020-1147;CVE-2021-24112;CVE-2021-26701
ICS-0394_aveva_aveva-historian-2020-r2_SBOM.json,ICS-0394,pkg:oss:libcurl,libcurl,7.64.0,CVE-2019-5481;CVE-2019-5482;CVE-2020-8177
ICS-0394_aveva_aveva-historian-2020-r2_SBOM.json,ICS-0394,pkg:oss:expat,Expat,2.5.0,CVE-2023-52425
ICS-0394_aveva_aveva-historian-2020-r2_SBOM.json,ICS-0394,pkg:oss:libxml2,libxml2,2.10.4,CVE-2023-45322
ICS-0395_ge_proficy-historian-2022_SBOM.json,ICS-0395,pkg:oss:dotnet,Microsoft .NET Framework,4.7.2,CVE-2020-1147;CVE-2021-24112;CVE-2021-26701
ICS-0395_ge_proficy-historian-2022_SBOM.json,ICS-0395,pkg:oss:sqlserver-express,Microsoft SQL Server Express,2017 CU31,CVE-2022-29143;CVE-2023-21528
ICS-0395_ge_proficy-historian-2022_SBOM.json,ICS-0395,pkg:oss:sqlite,SQLite,3.31.1,CVE-2020-13434;CVE-2020-13630;CVE-2021-20227
ICS-0396_honeywell_uniformance-phd-historian-r500_SBOM.json,ICS-0396,pkg:oss:dotnet,Microsoft .NET Framework,4.6.2,CVE-2018-8421;CVE-2019-0545;CVE-2020-1147
ICS-0396_honeywell_uniformance-phd-historian-r500_SBOM.json,ICS-0396,pkg:oss:openssl,OpenSSL,1.1.1n,CVE-2022-1292;CVE-2022-2068;CVE-2022-4304
ICS-0396_honeywell_uniformance-phd-historian-r500_SBOM.json,ICS-0396,pkg:oss:sqlserver-express,Microsoft SQL Server Express,2016 SP2,CVE-2019-1068;CVE-2020-0618
ICS-0396_honeywell_uniformance-phd-historian-r500_SBOM.json,ICS-0396,pkg:oss:libcurl,libcurl,8.4.0,CVE-2023-46218;CVE-2024-2379
ICS-0396_honeywell_uniformance-phd-historian-r500_SBOM.json,ICS-0396,pkg:oss:sqlite,SQLite,3.41.2,CVE-2023-7104
ICS-0397_emerson_deltav-continuous-historian-14-3_SBOM.json,ICS-0397,pkg:oss:dotnet,Microsoft .NET Framework,4.7.2,CVE-2020-1147;CVE-2021-24112;CVE-2021-26701
ICS-0397_emerson_deltav-continuous-historian-14-3_SBOM.json,ICS-0397,pkg:oss:libcurl,libcurl,7.29.0,CVE-2016-8615;CVE-2018-1000120;CVE-2019-5482
ICS-0397_emerson_deltav-continuous-historian-14-3_SBOM.json,ICS-0397,pkg:oss:openssl,OpenSSL,1.1.1k,CVE-2021-3711;CVE-2021-3712;CVE-2022-0778
ICS-0397_emerson_deltav-continuous-historian-14-3_SBOM.json,ICS-0397,pkg:oss:sqlserver-express,Microsoft SQL Server Express,2019 CU22,CVE-2023-21528
ICS-0398_yokogawa_exaquantum-plant-information-system-r3-20_SBOM.json,ICS-0398,pkg:oss:sqlserver-express,Microsoft SQL Server Express,2016 SP2,CVE-2019-1068;CVE-2020-0618
ICS-0398_yokogawa_exaquantum-plant-information-system-r3-20_SBOM.json,ICS-0398,pkg:oss:expat,Expat,2.2.10,CVE-2022-22822;CVE-2022-23852;CVE-2022-25235
ICS-0398_yokogawa_exaquantum-plant-information-system-r3-20_SBOM.json,ICS-0398,pkg:oss:dotnet,Microsoft .NET Framework,4.7.2,CVE-2020-1147;CVE-2021-24112;CVE-2021-26701
ICS-0399_siemens_tia-portal-engineering-suite-v17_SBOM.json,ICS-0399,pkg:oss:zlib,zlib,1.2.12,CVE-2022-37434
ICS-0399_siemens_tia-portal-engineering-suite-v17_SBOM.json,ICS-0399,pkg:oss:sqlserver-express,Microsoft SQL Server Express,2016 SP2,CVE-2019-1068;CVE-2020-0618
ICS-0399_siemens_tia-portal-engineering-suite-v17_SBOM.json,ICS-0399,pkg:oss:expat,Expat,2.2.10,CVE-2022-22822;CVE-2022-23852;CVE-2022-25235
ICS-0399_siemens_tia-portal-engineering-suite-v17_SBOM.json,ICS-0399,pkg:oss:openssl,OpenSSL,1.0.2u,CVE-2021-23840;CVE-2021-3712
ICS-0400_rockwell_studio-5000-logix-designer-35-00_SBOM.json,ICS-0400,pkg:oss:sqlserver-express,Microsoft SQL Server Express,2019 CU22,CVE-2023-21528
ICS-0400_rockwell_studio-5000-logix-designer-35-00_SBOM.json,ICS-0400,pkg:oss:sqlite,SQLite,3.31.1,CVE-2020-13434;CVE-2020-13630;CVE-2021-20227
ICS-0401_schneider_ecostruxure-control-expert-v15-1_SBOM.json,ICS-0401,pkg:oss:expat,Expat,2.5.0,CVE-2023-52425
ICS-0401_schneider_ecostruxure-control-expert-v15-1_SBOM.json,ICS-0401,pkg:oss:dotnet,Microsoft .NET Framework,4.7.2,CVE-2020-1147;CVE-2021-24112;CVE-2021-26701
ICS-0401_schneider_ecostruxure-control-expert-v15-1_SBOM.json,ICS-0401,pkg:oss:sqlite,SQLite,3.22.0,CVE-2018-8740;CVE-2019-8457;CVE-2020-11655
ICS-0401_schneider_ecostruxure-control-expert-v15-1_SBOM.json,ICS-0401,pkg:oss:sqlserver-express,Microsoft SQL Server Express,2017 CU31,CVE-2022-29143;CVE-2023-21528
ICS-0401_schneider_ecostruxure-control-expert-v15-1_SBOM.json,ICS-0401,pkg:oss:codesys-rt,CODESYS Control Runtime System,3.5.17.0,CVE-2022-22515;CVE-2022-22517;CVE-2022-31802
ICS-0402_mitsubishi_gx-works3-engineering-tool-1-080j_SBOM.json,ICS-0402,pkg:oss:libxml2,libxml2,2.9.14,CVE-2022-40303;CVE-2022-40304;CVE-2023-28484
ICS-0402_mitsubishi_gx-works3-engineering-tool-1-080j_SBOM.json,ICS-0402,pkg:oss:expat,Expat,2.2.10,CVE-2022-22822;CVE-2022-23852;CVE-2022-25235
ICS-0403_codesys_codesys-development-system-v3-5-sp17_SBOM.json,ICS-0403,pkg:oss:sqlserver-express,Microsoft SQL Server Express,2017 CU31,CVE-2022-29143;CVE-2023-21528
ICS-0403_codesys_codesys-development-system-v3-5-sp17_SBOM.json,ICS-0403,pkg:oss:sqlite,SQLite,3.39.4,CVE-2022-46908;CVE-2023-7104
ICS-0403_codesys_codesys-development-system-v3-5-sp17_SBOM.json,ICS-0403,pkg:oss:dotnet,Microsoft .NET Framework,4.6.2,CVE-2018-8421;CVE-2019-0545;CVE-2020-1147
ICS-0403_codesys_codesys-development-system-v3-5-sp17_SBOM.json,ICS-0403,pkg:oss:codesys-rt,CODESYS Control Runtime System,3.5.19.20,CVE-2023-3663;CVE-2023-3665
ICS-0404_abb_automation-builder-2-5_SBOM.json,ICS-0404,pkg:oss:expat,Expat,2.2.10,CVE-2022-22822;CVE-2022-23852;CVE-2022-25235
ICS-0404_abb_automation-builder-2-5_SBOM.json,ICS-0404,pkg:oss:sqlserver-express,Microsoft SQL Server Express,2019 CU22,CVE-2023-21528
ICS-0404_abb_automation-builder-2-5_SBOM.json,ICS-0404,pkg:oss:sqlite,SQLite,3.41.2,CVE-2023-7104
ICS-0404_abb_automation-builder-2-5_SBOM.json,ICS-0404,pkg:oss:dotnet,Microsoft .NET Framework,4.7.2,CVE-2020-1147;CVE-2021-24112;CVE-2021-26701
ICS-0404_abb_automation-builder-2-5_SBOM.json,ICS-0404,pkg:oss:openssl,OpenSSL,1.0.2k,CVE-2017-3731;CVE-2017-3732;CVE-2016-7055
ICS-0404_abb_automation-builder-2-5_SBOM.json,ICS-0404,pkg:oss:codesys-rt,CODESYS Control Runtime System,3.5.18.20,CVE-2023-37559;CVE-2023-37560
ICS-0405_emerson_deltav-md-plus-controller-md-plus_SBOM.json,ICS-0405,pkg:oss:open62541,open62541 OPC UA Stack,1.3.6,CVE-2023-31048
ICS-0405_emerson_deltav-md-plus-controller-md-plus_SBOM.json,ICS-0405,pkg:oss:ntp,NTP Daemon,4.2.8p13,CVE-2019-8936;CVE-2020-11868
ICS-0405_emerson_deltav-md-plus-controller-md-plus_SBOM.json,ICS-0405,pkg:oss:openssl,OpenSSL,1.0.2k,CVE-2017-3731;CVE-2017-3732;CVE-2016-7055
ICS-0405_emerson_deltav-md-plus-controller-md-plus_SBOM.json,ICS-0405,pkg:oss:net-snmp,Net-SNMP,5.7.3,CVE-2018-18065;CVE-2019-20892;CVE-2020-15862
ICS-0405_emerson_deltav-md-plus-controller-md-plus_SBOM.json,ICS-0405,pkg:oss:libcurl,libcurl,7.79.1,CVE-2022-22576;CVE-2022-27774;CVE-2022-32221
ICS-0405_emerson_deltav-md-plus-controller-md-plus_SBOM.json,ICS-0405,pkg:oss:ipnet,Interpeak IPnet TCP/IP Stack,7.0,CVE-2019-12258;CVE-2019-12259;CVE-2019-12262
ICS-0406_honeywell_experion-c300-controller-c300_SBOM.json,ICS-0406,pkg:oss:libxml2,libxml2,2.10.4,CVE-2023-45322
ICS-0406_honeywell_experion-c300-controller-c300_SBOM.json,ICS-0406,pkg:oss:sqlite,SQLite,3.31.1,CVE-2020-13434;CVE-2020-13630;CVE-2021-20227
ICS-0406_honeywell_experion-c300-controller-c300_SBOM.json,ICS-0406,pkg:oss:ntp,NTP Daemon,4.2.8p13,CVE-2019-8936;CVE-2020-11868
ICS-0406_honeywell_experion-c300-controller-c300_SBOM.json,ICS-0406,pkg:oss:open62541,open62541 OPC UA Stack,1.2.2,CVE-2021-40206;CVE-2022-25761
ICS-0406_honeywell_experion-c300-controller-c300_SBOM.json,ICS-0406,pkg:oss:net-snmp,Net-SNMP,5.9.1,CVE-2022-24805;CVE-2022-24809
ICS-0406_honeywell_experion-c300-controller-c300_SBOM.json,ICS-0406,pkg:oss:libcurl,libcurl,7.29.0,CVE-2016-8615;CVE-2018-1000120;CVE-2019-5482
ICS-0407_yokogawa_centum-vp-field-control-station-afv30d_SBOM.json,ICS-0407,pkg:oss:ntp,NTP Daemon,4.2.8p15,CVE-2023-26551
ICS-0407_yokogawa_centum-vp-field-control-station-afv30d_SBOM.json,ICS-0407,pkg:oss:treck-tcpip,Treck TCP/IP Stack,6.0.1.67,CVE-2020-11898;CVE-2020-11900
ICS-0407_yokogawa_centum-vp-field-control-station-afv30d_SBOM.json,ICS-0407,pkg:oss:mbedtls,Mbed TLS,2.16.3,CVE-2020-10932;CVE-2020-16150;CVE-2021-24119
ICS-0408_abb_ac-800m-controller-pm866_SBOM.json,ICS-0408,pkg:oss:open62541,open62541 OPC UA Stack,1.2.2,CVE-2021-40206;CVE-2022-25761
ICS-0408_abb_ac-800m-controller-pm866_SBOM.json,ICS-0408,pkg:oss:expat,Expat,2.2.0,CVE-2018-20843;CVE-2019-15903
ICS-0409_siemens_simatic-pcs-7-as-controller-as-410-5h_SBOM.json,ICS-0409,pkg:oss:lwip,lwIP,2.1.3,CVE-2023-5188
ICS-0409_siemens_simatic-pcs-7-as-controller-as-410-5h_SBOM.json,ICS-0409,pkg:oss:treck-tcpip,Treck TCP/IP Stack,6.0.1.66,CVE-2020-11896;CVE-2020-11897;CVE-2020-11901
ICS-0410_hitachi-energy_symphony-plus-hpc800-hpc800_SBOM.json,ICS-0410,pkg:oss:ntp,NTP Daemon,4.2.8p13,CVE-2019-8936;CVE-2020-11868
ICS-0410_hitachi-energy_symphony-plus-hpc800-hpc800_SBOM.json,ICS-0410,pkg:oss:libxml2,libxml2,2.9.14,CVE-2022-40303;CVE-2022-40304;CVE-2023-28484
ICS-0410_hitachi-energy_symphony-plus-hpc800-hpc800_SBOM.json,ICS-0410,pkg:oss:libcurl,libcurl,8.4.0,CVE-2023-46218;CVE-2024-2379
ICS-0410_hitachi-energy_symphony-plus-hpc800-hpc800_SBOM.json,ICS-0410,pkg:oss:net-snmp,Net-SNMP,5.7.3,CVE-2018-18065;CVE-2019-20892;CVE-2020-15862
ICS-0410_hitachi-energy_symphony-plus-hpc800-hpc800_SBOM.json,ICS-0410,pkg:oss:ipnet,Interpeak IPnet TCP/IP Stack,6.9,CVE-2019-12255;CVE-2019-12256;CVE-2019-12257;CVE-2019-12260
ICS-0410_hitachi-energy_symphony-plus-hpc800-hpc800_SBOM.json,ICS-0410,pkg:oss:open62541,open62541 OPC UA Stack,1.2.2,CVE-2021-40206;CVE-2022-25761
ICS-0410_hitachi-energy_symphony-plus-hpc800-hpc800_SBOM.json,ICS-0410,pkg:oss:sqlite,SQLite,3.31.1,CVE-2020-13434;CVE-2020-13630;CVE-2021-20227
ICS-0410_hitachi-energy_symphony-plus-hpc800-hpc800_SBOM.json,ICS-0410,pkg:oss:openssl,OpenSSL,1.1.1g,CVE-2020-1971;CVE-2021-3450;CVE-2021-3711
ICS-0411_schneider_triconex-tricon-cx-controller-tricon-cx_SBOM.json,ICS-0411,pkg:oss:lwip,lwIP,1.4.1,CVE-2014-1912;CVE-2020-22283;CVE-2020-22284
ICS-0411_schneider_triconex-tricon-cx-controller-tricon-cx_SBOM.json,ICS-0411,pkg:oss:wolfssl,wolfSSL,4.5.0,CVE-2021-3336;CVE-2021-24116
ICS-0411_schneider_triconex-tricon-cx-controller-tricon-cx_SBOM.json,ICS-0411,pkg:oss:expat,Expat,2.2.0,CVE-2018-20843;CVE-2019-15903
ICS-0411_schneider_triconex-tricon-cx-controller-tricon-cx_SBOM.json,ICS-0411,pkg:oss:mbedtls,Mbed TLS,2.28.0,CVE-2022-35409;CVE-2023-43615
ICS-0411_schneider_triconex-tricon-cx-controller-tricon-cx_SBOM.json,ICS-0411,pkg:oss:ntp,NTP Daemon,4.2.8p13,CVE-2019-8936;CVE-2020-11868
ICS-0411_schneider_triconex-tricon-cx-controller-tricon-cx_SBOM.json,ICS-0411,pkg:oss:openssl,OpenSSL,1.0.2k,CVE-2017-3731;CVE-2017-3732;CVE-2016-7055
ICS-0412_hima_himax-safety-controller-x-cpu-31_SBOM.json,ICS-0412,pkg:oss:openssl,OpenSSL,1.0.2u,CVE-2021-23840;CVE-2021-3712
ICS-0412_hima_himax-safety-controller-x-cpu-31_SBOM.json,ICS-0412,pkg:oss:ntp,NTP Daemon,4.2.8p15,CVE-2023-26551
ICS-0412_hima_himax-safety-controller-x-cpu-31_SBOM.json,ICS-0412,pkg:oss:libmodbus,libmodbus,3.0.6,CVE-2019-14462;CVE-2019-14463
ICS-0412_hima_himax-safety-controller-x-cpu-31_SBOM.json,ICS-0412,pkg:oss:lwip,lwIP,2.1.2,CVE-2020-22283;CVE-2020-22285;CVE-2020-22286
ICS-0412_hima_himax-safety-controller-x-cpu-31_SBOM.json,ICS-0412,pkg:oss:zlib,zlib,1.2.11,CVE-2018-25032;CVE-2022-37434
ICS-0412_hima_himax-safety-controller-x-cpu-31_SBOM.json,ICS-0412,pkg:oss:mbedtls,Mbed TLS,2.28.0,CVE-2022-35409;CVE-2023-43615
ICS-0413_pilz_pss-4000-safety-controller-pssu-h-plc1_SBOM.json,ICS-0413,pkg:oss:ntp,NTP Daemon,4.2.8p10,CVE-2018-7182;CVE-2018-7183;CVE-2018-7184
ICS-0413_pilz_pss-4000-safety-controller-pssu-h-plc1_SBOM.json,ICS-0413,pkg:oss:mbedtls,Mbed TLS,2.16.3,CVE-2020-10932;CVE-2020-16150;CVE-2021-24119
ICS-0413_pilz_pss-4000-safety-controller-pssu-h-plc1_SBOM.json,ICS-0413,pkg:oss:zlib,zlib,1.2.8,CVE-2016-9840;CVE-2016-9841;CVE-2018-25032
ICS-0414_siemens_simatic-s7-1500f-safety-cpu-1511f-1-pn_SBOM.json,ICS-0414,pkg:oss:treck-tcpip,Treck TCP/IP Stack,6.0.1.67,CVE-2020-11898;CVE-2020-11900
ICS-0414_siemens_simatic-s7-1500f-safety-cpu-1511f-1-pn_SBOM.json,ICS-0414,pkg:oss:wolfssl,wolfSSL,4.5.0,CVE-2021-3336;CVE-2021-24116
ICS-0414_siemens_simatic-s7-1500f-safety-cpu-1511f-1-pn_SBOM.json,ICS-0414,pkg:oss:libmodbus,libmodbus,3.0.6,CVE-2019-14462;CVE-2019-14463
ICS-0414_siemens_simatic-s7-1500f-safety-cpu-1511f-1-pn_SBOM.json,ICS-0414,pkg:oss:ntp,NTP Daemon,4.2.8p10,CVE-2018-7182;CVE-2018-7183;CVE-2018-7184
ICS-0415_rockwell_guardlogix-safety-controller-1756-l81es_SBOM.json,ICS-0415,pkg:oss:zlib,zlib,1.2.12,CVE-2022-37434
ICS-0415_rockwell_guardlogix-safety-controller-1756-l81es_SBOM.json,ICS-0415,pkg:oss:libxml2,libxml2,2.9.4,CVE-2016-9318;CVE-2017-5969;CVE-2018-14567
ICS-0415_rockwell_guardlogix-safety-controller-1756-l81es_SBOM.json,ICS-0415,pkg:oss:sqlite,SQLite,3.31.1,CVE-2020-13434;CVE-2020-13630;CVE-2021-20227
ICS-0415_rockwell_guardlogix-safety-controller-1756-l81es_SBOM.json,ICS-0415,pkg:oss:libmodbus,libmodbus,3.1.4,CVE-2019-14462;CVE-2019-14463
ICS-0416_moxa_mgate-protocol-gateway-eip3170i_SBOM.json,ICS-0416,pkg:oss:dropbear,Dropbear SSH,2016.74,CVE-2016-7406;CVE-2016-7407;CVE-2016-7408
ICS-0416_moxa_mgate-protocol-gateway-eip3170i_SBOM.json,ICS-0416,pkg:oss:lighttpd,lighttpd,1.4.45,CVE-2018-19052;CVE-2019-11072
ICS-0416_moxa_mgate-protocol-gateway-eip3170i_SBOM.json,ICS-0416,pkg:oss:u-boot,Das U-Boot,2018.03,CVE-2019-11059;CVE-2019-13103;CVE-2019-13106
ICS-0416_moxa_mgate-protocol-gateway-eip3170i_SBOM.json,ICS-0416,pkg:oss:linux-kernel,Linux Kernel,3.10.108,CVE-2017-1000112;CVE-2018-5333;CVE-2019-11477
ICS-0416_moxa_mgate-protocol-gateway-eip3170i_SBOM.json,ICS-0416,pkg:oss:libssh2,libssh2,1.9.0,CVE-2019-17498;CVE-2020-22218
ICS-0416_moxa_mgate-protocol-gateway-eip3170i_SBOM.json,ICS-0416,pkg:oss:openssh,OpenSSH,8.2p1,CVE-2020-15778;CVE-2021-41617;CVE-2023-48795
ICS-0416_moxa_mgate-protocol-gateway-eip3170i_SBOM.json,ICS-0416,pkg:oss:libcurl,libcurl,7.29.0,CVE-2016-8615;CVE-2018-1000120;CVE-2019-5482
ICS-0416_moxa_mgate-protocol-gateway-eip3170i_SBOM.json,ICS-0416,pkg:oss:codesys-rt,CODESYS Control Runtime System,3.5.18.20,CVE-2023-37559;CVE-2023-37560
ICS-0417_softing_edgeaggregator-gateway-ea-500_SBOM.json,ICS-0417,pkg:oss:mosquitto,Eclipse Mosquitto,2.0.15,CVE-2023-0809;CVE-2023-3592
ICS-0417_softing_edgeaggregator-gateway-ea-500_SBOM.json,ICS-0417,pkg:oss:dropbear,Dropbear SSH,2016.74,CVE-2016-7406;CVE-2016-7407;CVE-2016-7408
ICS-0417_softing_edgeaggregator-gateway-ea-500_SBOM.json,ICS-0417,pkg:oss:linux-kernel,Linux Kernel,4.14.336,CVE-2021-33909;CVE-2022-0847
ICS-0417_softing_edgeaggregator-gateway-ea-500_SBOM.json,ICS-0417,pkg:oss:u-boot,Das U-Boot,2020.04,CVE-2020-10648;CVE-2021-27097;CVE-2022-30767
ICS-0417_softing_edgeaggregator-gateway-ea-500_SBOM.json,ICS-0417,pkg:oss:libpcap,libpcap,1.8.1,CVE-2018-16301;CVE-2019-15165
ICS-0418_advantech_ecu-1251-edge-gateway-ecu-1251_SBOM.json,ICS-0418,pkg:oss:open62541,open62541 OPC UA Stack,1.2.2,CVE-2021-40206;CVE-2022-25761
ICS-0418_advantech_ecu-1251-edge-gateway-ecu-1251_SBOM.json,ICS-0418,pkg:oss:busybox,BusyBox,1.30.1,CVE-2021-42374;CVE-2021-42378;CVE-2021-42386
ICS-0418_advantech_ecu-1251-edge-gateway-ecu-1251_SBOM.json,ICS-0418,pkg:oss:goahead,GoAhead Embedded Web Server,4.1.0,CVE-2021-42342
ICS-0418_advantech_ecu-1251-edge-gateway-ecu-1251_SBOM.json,ICS-0418,pkg:oss:mosquitto,Eclipse Mosquitto,2.0.15,CVE-2023-0809;CVE-2023-3592
ICS-0418_advantech_ecu-1251-edge-gateway-ecu-1251_SBOM.json,ICS-0418,pkg:oss:dropbear,Dropbear SSH,2019.78,CVE-2018-15599;CVE-2020-36254
ICS-0418_advantech_ecu-1251-edge-gateway-ecu-1251_SBOM.json,ICS-0418,pkg:oss:codesys-rt,CODESYS Control Runtime System,3.5.16.0,CVE-2021-30186;CVE-2021-30188;CVE-2021-30189
ICS-0419_phoenix_fl-mguard-security-appliance-rs4000_SBOM.json,ICS-0419,pkg:oss:goahead,GoAhead Embedded Web Server,3.6.5,CVE-2017-17562;CVE-2019-5096;CVE-2019-5097
ICS-0419_phoenix_fl-mguard-security-appliance-rs4000_SBOM.json,ICS-0419,pkg:oss:zlib,zlib,1.2.12,CVE-2022-37434
ICS-0419_phoenix_fl-mguard-security-appliance-rs4000_SBOM.json,ICS-0419,pkg:oss:net-snmp,Net-SNMP,5.9.1,CVE-2022-24805;CVE-2022-24809
ICS-0419_phoenix_fl-mguard-security-appliance-rs4000_SBOM.json,ICS-0419,pkg:oss:libssh2,libssh2,1.8.0,CVE-2019-3855;CVE-2019-3856;CVE-2019-3858
ICS-0420_belden_eagle40-industrial-firewall-eagle40-4d_SBOM.json,ICS-0420,pkg:oss:sqlite,SQLite,3.41.2,CVE-2023-7104
ICS-0420_belden_eagle40-industrial-firewall-eagle40-4d_SBOM.json,ICS-0420,pkg:oss:libcurl,libcurl,8.0.1,CVE-2023-27533;CVE-2023-27536;CVE-2023-38545
ICS-0420_belden_eagle40-industrial-firewall-eagle40-4d_SBOM.json,ICS-0420,pkg:oss:mosquitto,Eclipse Mosquitto,2.0.11,CVE-2021-34431;CVE-2021-41039;CVE-2023-0809
ICS-0420_belden_eagle40-industrial-firewall-eagle40-4d_SBOM.json,ICS-0420,pkg:oss:libpcap,libpcap,1.8.1,CVE-2018-16301;CVE-2019-15165
ICS-0420_belden_eagle40-industrial-firewall-eagle40-4d_SBOM.json,ICS-0420,pkg:oss:linux-kernel,Linux Kernel,4.19.325,CVE-2022-0847;CVE-2023-32233
ICS-0420_belden_eagle40-industrial-firewall-eagle40-4d_SBOM.json,ICS-0420,pkg:oss:u-boot,Das U-Boot,2021.10,CVE-2022-30767;CVE-2022-33967
ICS-0420_belden_eagle40-industrial-firewall-eagle40-4d_SBOM.json,ICS-0420,pkg:oss:zlib,zlib,1.2.8,CVE-2016-9840;CVE-2016-9841;CVE-2018-25032
ICS-0420_belden_eagle40-industrial-firewall-eagle40-4d_SBOM.json,ICS-0420,pkg:oss:openvpn,OpenVPN,2.4.7,CVE-2020-11810;CVE-2020-15078
ICS-0421_belden_rsp-managed-switch-rsp35_SBOM.json,ICS-0421,pkg:oss:libpcap,libpcap,1.8.1,CVE-2018-16301;CVE-2019-15165
ICS-0421_belden_rsp-managed-switch-rsp35_SBOM.json,ICS-0421,pkg:oss:expat,Expat,2.2.0,CVE-2018-20843;CVE-2019-15903
ICS-0421_belden_rsp-managed-switch-rsp35_SBOM.json,ICS-0421,pkg:oss:mosquitto,Eclipse Mosquitto,2.0.11,CVE-2021-34431;CVE-2021-41039;CVE-2023-0809
ICS-0421_belden_rsp-managed-switch-rsp35_SBOM.json,ICS-0421,pkg:oss:libssh2,libssh2,1.8.0,CVE-2019-3855;CVE-2019-3856;CVE-2019-3858
ICS-0422_westermo_lynx-dss-managed-switch-lynx-3510_SBOM.json,ICS-0422,pkg:oss:glibc,GNU C Library,2.17,CVE-2015-7547;CVE-2018-11236;CVE-2021-3999
ICS-0422_westermo_lynx-dss-managed-switch-lynx-3510_SBOM.json,ICS-0422,pkg:oss:expat,Expat,2.4.1,CVE-2022-25236;CVE-2022-25315
ICS-0422_westermo_lynx-dss-managed-switch-lynx-3510_SBOM.json,ICS-0422,pkg:oss:ntp,NTP Daemon,4.2.8p13,CVE-2019-8936;CVE-2020-11868
ICS-0422_westermo_lynx-dss-managed-switch-lynx-3510_SBOM.json,ICS-0422,pkg:oss:openssl,OpenSSL,1.1.1k,CVE-2021-3711;CVE-2021-3712;CVE-2022-0778
ICS-0422_westermo_lynx-dss-managed-switch-lynx-3510_SBOM.json,ICS-0422,pkg:oss:nginx,nginx,1.20.1,CVE-2022-41741;CVE-2022-41742
ICS-0423_moxa_eds-managed-ethernet-switch-eds-4012_SBOM.json,ICS-0423,pkg:oss:open62541,open62541 OPC UA Stack,1.3.6,CVE-2023-31048
ICS-0423_moxa_eds-managed-ethernet-switch-eds-4012_SBOM.json,ICS-0423,pkg:oss:dropbear,Dropbear SSH,2020.81,CVE-2021-36369
ICS-0423_moxa_eds-managed-ethernet-switch-eds-4012_SBOM.json,ICS-0423,pkg:oss:musl,musl libc,1.2.2,CVE-2020-28928
ICS-0423_moxa_eds-managed-ethernet-switch-eds-4012_SBOM.json,ICS-0423,pkg:oss:nginx,nginx,1.20.1,CVE-2022-41741;CVE-2022-41742
ICS-0423_moxa_eds-managed-ethernet-switch-eds-4012_SBOM.json,ICS-0423,pkg:oss:busybox,BusyBox,1.35.0,CVE-2022-28391
ICS-0424_siemens_scalance-x-industrial-switch-xc216-4c_SBOM.json,ICS-0424,pkg:oss:openvpn,OpenVPN,2.5.5,CVE-2022-0547;CVE-2023-46849;CVE-2023-46850
ICS-0424_siemens_scalance-x-industrial-switch-xc216-4c_SBOM.json,ICS-0424,pkg:oss:glibc,GNU C Library,2.35,CVE-2023-4911;CVE-2024-2961
ICS-0424_siemens_scalance-x-industrial-switch-xc216-4c_SBOM.json,ICS-0424,pkg:oss:openssh,OpenSSH,7.4p1,CVE-2018-15473;CVE-2019-6111;CVE-2016-10708
ICS-0425_siemens_ruggedcom-rx1500-router-rx1500_SBOM.json,ICS-0425,pkg:oss:musl,musl libc,1.2.2,CVE-2020-28928
ICS-0425_siemens_ruggedcom-rx1500-router-rx1500_SBOM.json,ICS-0425,pkg:oss:openssh,OpenSSH,8.2p1,CVE-2020-15778;CVE-2021-41617;CVE-2023-48795
ICS-0425_siemens_ruggedcom-rx1500-router-rx1500_SBOM.json,ICS-0425,pkg:oss:libssh2,libssh2,1.8.0,CVE-2019-3855;CVE-2019-3856;CVE-2019-3858
ICS-0425_siemens_ruggedcom-rx1500-router-rx1500_SBOM.json,ICS-0425,pkg:oss:wpa-supplicant,wpa_supplicant,2.9,CVE-2021-27803;CVE-2021-30004;CVE-2022-23303
ICS-0425_siemens_ruggedcom-rx1500-router-rx1500_SBOM.json,ICS-0425,pkg:oss:openvpn,OpenVPN,2.5.5,CVE-2022-0547;CVE-2023-46849;CVE-2023-46850
ICS-0425_siemens_ruggedcom-rx1500-router-rx1500_SBOM.json,ICS-0425,pkg:oss:dnsmasq,dnsmasq,2.82,CVE-2020-25681;CVE-2020-25684;CVE-2021-3448
ICS-0425_siemens_ruggedcom-rx1500-router-rx1500_SBOM.json,ICS-0425,pkg:oss:dropbear,Dropbear SSH,2016.74,CVE-2016-7406;CVE-2016-7407;CVE-2016-7408
ICS-0425_siemens_ruggedcom-rx1500-router-rx1500_SBOM.json,ICS-0425,pkg:oss:mosquitto,Eclipse Mosquitto,2.0.11,CVE-2021-34431;CVE-2021-41039;CVE-2023-0809
ICS-0425_siemens_ruggedcom-rx1500-router-rx1500_SBOM.json,ICS-0425,pkg:oss:glibc,GNU C Library,2.31,CVE-2021-35942;CVE-2023-4911
ICS-0425_siemens_ruggedcom-rx1500-router-rx1500_SBOM.json,ICS-0425,pkg:oss:libxml2,libxml2,2.9.14,CVE-2022-40303;CVE-2022-40304;CVE-2023-28484
ICS-0426_abb_acs880-industrial-drive-acs880-01_SBOM.json,ICS-0426,pkg:oss:mbedtls,Mbed TLS,3.4.0,CVE-2023-43615
ICS-0426_abb_acs880-industrial-drive-acs880-01_SBOM.json,ICS-0426,pkg:oss:expat,Expat,2.2.0,CVE-2018-20843;CVE-2019-15903
ICS-0426_abb_acs880-industrial-drive-acs880-01_SBOM.json,ICS-0426,pkg:oss:zlib,zlib,1.2.8,CVE-2016-9840;CVE-2016-9841;CVE-2018-25032
ICS-0426_abb_acs880-industrial-drive-acs880-01_SBOM.json,ICS-0426,pkg:oss:libmodbus,libmodbus,3.1.4,CVE-2019-14462;CVE-2019-14463
ICS-0427_siemens_sinamics-s120-drive-cu320-2-pn_SBOM.json,ICS-0427,pkg:oss:expat,Expat,2.2.0,CVE-2018-20843;CVE-2019-15903
ICS-0427_siemens_sinamics-s120-drive-cu320-2-pn_SBOM.json,ICS-0427,pkg:oss:ntp,NTP Daemon,4.2.8p10,CVE-2018-7182;CVE-2018-7183;CVE-2018-7184
ICS-0427_siemens_sinamics-s120-drive-cu320-2-pn_SBOM.json,ICS-0427,pkg:oss:openssl,OpenSSL,1.1.1k,CVE-2021-3711;CVE-2021-3712;CVE-2022-0778
ICS-0427_siemens_sinamics-s120-drive-cu320-2-pn_SBOM.json,ICS-0427,pkg:oss:zlib,zlib,1.2.11,CVE-2018-25032;CVE-2022-37434
ICS-0428_danfoss_vlt-automationdrive-fc-302_SBOM.json,ICS-0428,pkg:oss:wolfssl,wolfSSL,4.5.0,CVE-2021-3336;CVE-2021-24116
ICS-0428_danfoss_vlt-automationdrive-fc-302_SBOM.json,ICS-0428,pkg:oss:expat,Expat,2.4.1,CVE-2022-25236;CVE-2022-25315
ICS-0428_danfoss_vlt-automationdrive-fc-302_SBOM.json,ICS-0428,pkg:oss:libmodbus,libmodbus,3.1.4,CVE-2019-14462;CVE-2019-14463
ICS-0428_danfoss_vlt-automationdrive-fc-302_SBOM.json,ICS-0428,pkg:oss:treck-tcpip,Treck TCP/IP Stack,6.0.1.67,CVE-2020-11898;CVE-2020-11900
ICS-0428_danfoss_vlt-automationdrive-fc-302_SBOM.json,ICS-0428,pkg:oss:mbedtls,Mbed TLS,2.28.0,CVE-2022-35409;CVE-2023-43615
ICS-0428_danfoss_vlt-automationdrive-fc-302_SBOM.json,ICS-0428,pkg:oss:openssl,OpenSSL,1.1.1n,CVE-2022-1292;CVE-2022-2068;CVE-2022-4304
ICS-0429_rockwell_powerflex-755-drive-755_SBOM.json,ICS-0429,pkg:oss:zlib,zlib,1.2.12,CVE-2022-37434
ICS-0429_rockwell_powerflex-755-drive-755_SBOM.json,ICS-0429,pkg:oss:wolfssl,wolfSSL,4.5.0,CVE-2021-3336;CVE-2021-24116
ICS-0429_rockwell_powerflex-755-drive-755_SBOM.json,ICS-0429,pkg:oss:ntp,NTP Daemon,4.2.8p13,CVE-2019-8936;CVE-2020-11868
ICS-0430_bosch-rexroth_indradrive-controller-hcs01_SBOM.json,ICS-0430,pkg:oss:openssl,OpenSSL,1.1.1k,CVE-2021-3711;CVE-2021-3712;CVE-2022-0778
ICS-0430_bosch-rexroth_indradrive-controller-hcs01_SBOM.json,ICS-0430,pkg:oss:lwip,lwIP,2.1.2,CVE-2020-22283;CVE-2020-22285;CVE-2020-22286
ICS-0430_bosch-rexroth_indradrive-controller-hcs01_SBOM.json,ICS-0430,pkg:oss:mbedtls,Mbed TLS,3.4.0,CVE-2023-43615
ICS-0430_bosch-rexroth_indradrive-controller-hcs01_SBOM.json,ICS-0430,pkg:oss:ntp,NTP Daemon,4.2.8p10,CVE-2018-7182;CVE-2018-7183;CVE-2018-7184
ICS-0430_bosch-rexroth_indradrive-controller-hcs01_SBOM.json,ICS-0430,pkg:oss:codesys-rt,CODESYS Control Runtime System,3.5.19.20,CVE-2023-3663;CVE-2023-3665
ICS-0431_bosch-rexroth_indramotion-mlc-xm22_SBOM.json,ICS-0431,pkg:oss:linux-kernel,Linux Kernel,4.14.336,CVE-2021-33909;CVE-2022-0847
ICS-0431_bosch-rexroth_indramotion-mlc-xm22_SBOM.json,ICS-0431,pkg:oss:libcurl,libcurl,8.4.0,CVE-2023-46218;CVE-2024-2379
ICS-0431_bosch-rexroth_indramotion-mlc-xm22_SBOM.json,ICS-0431,pkg:oss:libssh2,libssh2,1.8.0,CVE-2019-3855;CVE-2019-3856;CVE-2019-3858
ICS-0431_bosch-rexroth_indramotion-mlc-xm22_SBOM.json,ICS-0431,pkg:oss:busybox,BusyBox,1.31.1,CVE-2021-42375;CVE-2021-42376;CVE-2022-28391
ICS-0431_bosch-rexroth_indramotion-mlc-xm22_SBOM.json,ICS-0431,pkg:oss:musl,musl libc,1.1.24,CVE-2020-28928
ICS-0431_bosch-rexroth_indramotion-mlc-xm22_SBOM.json,ICS-0431,pkg:oss:codesys-rt,CODESYS Control Runtime System,3.5.18.20,CVE-2023-37559;CVE-2023-37560
ICS-0432_fuji_frenic-ace-inverter-frn0006e2s_SBOM.json,ICS-0432,pkg:oss:lwip,lwIP,2.1.2,CVE-2020-22283;CVE-2020-22285;CVE-2020-22286
ICS-0432_fuji_frenic-ace-inverter-frn0006e2s_SBOM.json,ICS-0432,pkg:oss:openssl,OpenSSL,1.1.1n,CVE-2022-1292;CVE-2022-2068;CVE-2022-4304
ICS-0432_fuji_frenic-ace-inverter-frn0006e2s_SBOM.json,ICS-0432,pkg:oss:expat,Expat,2.2.0,CVE-2018-20843;CVE-2019-15903
ICS-0432_fuji_frenic-ace-inverter-frn0006e2s_SBOM.json,ICS-0432,pkg:oss:zlib,zlib,1.2.11,CVE-2018-25032;CVE-2022-37434
ICS-0432_fuji_frenic-ace-inverter-frn0006e2s_SBOM.json,ICS-0432,pkg:oss:libmodbus,libmodbus,3.0.6,CVE-2019-14462;CVE-2019-14463
ICS-0432_fuji_frenic-ace-inverter-frn0006e2s_SBOM.json,ICS-0432,pkg:oss:ntp,NTP Daemon,4.2.8p15,CVE-2023-26551
ICS-0432_fuji_frenic-ace-inverter-frn0006e2s_SBOM.json,ICS-0432,pkg:oss:wolfssl,wolfSSL,4.5.0,CVE-2021-3336;CVE-2021-24116
ICS-0433_mitsubishi_melfa-robot-controller-cr800-d_SBOM.json,ICS-0433,pkg:oss:lwip,lwIP,2.1.3,CVE-2023-5188
ICS-0433_mitsubishi_melfa-robot-controller-cr800-d_SBOM.json,ICS-0433,pkg:oss:openssl,OpenSSL,1.1.1k,CVE-2021-3711;CVE-2021-3712;CVE-2022-0778
ICS-0433_mitsubishi_melfa-robot-controller-cr800-d_SBOM.json,ICS-0433,pkg:oss:zlib,zlib,1.2.8,CVE-2016-9840;CVE-2016-9841;CVE-2018-25032
ICS-0433_mitsubishi_melfa-robot-controller-cr800-d_SBOM.json,ICS-0433,pkg:oss:ntp,NTP Daemon,4.2.8p13,CVE-2019-8936;CVE-2020-11868
ICS-0434_abb_irc5-robot-controller-irc5-compact_SBOM.json,ICS-0434,pkg:oss:expat,Expat,2.5.0,CVE-2023-52425
ICS-0434_abb_irc5-robot-controller-irc5-compact_SBOM.json,ICS-0434,pkg:oss:net-snmp,Net-SNMP,5.7.3,CVE-2018-18065;CVE-2019-20892;CVE-2020-15862
ICS-0434_abb_irc5-robot-controller-irc5-compact_SBOM.json,ICS-0434,pkg:oss:openssl,OpenSSL,1.0.2k,CVE-2017-3731;CVE-2017-3732;CVE-2016-7055
ICS-0434_abb_irc5-robot-controller-irc5-compact_SBOM.json,ICS-0434,pkg:oss:zlib,zlib,1.2.11,CVE-2018-25032;CVE-2022-37434
ICS-0434_abb_irc5-robot-controller-irc5-compact_SBOM.json,ICS-0434,pkg:oss:ipnet,Interpeak IPnet TCP/IP Stack,7.0,CVE-2019-12258;CVE-2019-12259;CVE-2019-12262
ICS-0434_abb_irc5-robot-controller-irc5-compact_SBOM.json,ICS-0434,pkg:oss:sqlite,SQLite,3.31.1,CVE-2020-13434;CVE-2020-13630;CVE-2021-20227
ICS-0435_keyence_cnc-motion-unit-mc-1_SBOM.json,ICS-0435,pkg:oss:zlib,zlib,1.2.11,CVE-2018-25032;CVE-2022-37434
ICS-0435_keyence_cnc-motion-unit-mc-1_SBOM.json,ICS-0435,pkg:oss:ntp,NTP Daemon,4.2.8p10,CVE-2018-7182;CVE-2018-7183;CVE-2018-7184
ICS-0435_keyence_cnc-motion-unit-mc-1_SBOM.json,ICS-0435,pkg:oss:libmodbus,libmodbus,3.1.4,CVE-2019-14462;CVE-2019-14463
ICS-0435_keyence_cnc-motion-unit-mc-1_SBOM.json,ICS-0435,pkg:oss:treck-tcpip,Treck TCP/IP Stack,6.0.1.66,CVE-2020-11896;CVE-2020-11897;CVE-2020-11901
ICS-0435_keyence_cnc-motion-unit-mc-1_SBOM.json,ICS-0435,pkg:oss:lwip,lwIP,2.1.3,CVE-2023-5188
ICS-0435_keyence_cnc-motion-unit-mc-1_SBOM.json,ICS-0435,pkg:oss:wolfssl,wolfSSL,4.5.0,CVE-2021-3336;CVE-2021-24116
ICS-0436_mitsubishi_m800-cnc-controller-m830w_SBOM.json,ICS-0436,pkg:oss:treck-tcpip,Treck TCP/IP Stack,6.0.1.66,CVE-2020-11896;CVE-2020-11897;CVE-2020-11901
ICS-0436_mitsubishi_m800-cnc-controller-m830w_SBOM.json,ICS-0436,pkg:oss:ntp,NTP Daemon,4.2.8p15,CVE-2023-26551
ICS-0436_mitsubishi_m800-cnc-controller-m830w_SBOM.json,ICS-0436,pkg:oss:libmodbus,libmodbus,3.0.6,CVE-2019-14462;CVE-2019-14463
ICS-0437_emerson_rosemount-3051s-transmitter-3051s_SBOM.json,ICS-0437,pkg:oss:lwip,lwIP,2.0.3,CVE-2020-22283;CVE-2020-22284;CVE-2020-22288
ICS-0437_emerson_rosemount-3051s-transmitter-3051s_SBOM.json,ICS-0437,pkg:oss:wolfssl,wolfSSL,4.5.0,CVE-2021-3336;CVE-2021-24116
ICS-0438_yokogawa_eja-e-series-transmitter-eja110e_SBOM.json,ICS-0438,pkg:oss:wolfssl,wolfSSL,4.5.0,CVE-2021-3336;CVE-2021-24116
ICS-0438_yokogawa_eja-e-series-transmitter-eja110e_SBOM.json,ICS-0438,pkg:oss:lwip,lwIP,2.1.3,CVE-2023-5188
ICS-0438_yokogawa_eja-e-series-transmitter-eja110e_SBOM.json,ICS-0438,pkg:oss:treck-tcpip,Treck TCP/IP Stack,6.0.1.66,CVE-2020-11896;CVE-2020-11897;CVE-2020-11901
ICS-0438_yokogawa_eja-e-series-transmitter-eja110e_SBOM.json,ICS-0438,pkg:oss:mbedtls,Mbed TLS,2.28.0,CVE-2022-35409;CVE-2023-43615
ICS-0439_honeywell_smartline-st800-transmitter-st800_SBOM.json,ICS-0439,pkg:oss:lwip,lwIP,2.0.3,CVE-2020-22283;CVE-2020-22284;CVE-2020-22288
ICS-0439_honeywell_smartline-st800-transmitter-st800_SBOM.json,ICS-0439,pkg:oss:mbedtls,Mbed TLS,2.16.3,CVE-2020-10932;CVE-2020-16150;CVE-2021-24119
ICS-0440_abb_merging-unit-sam600-sam600-io_SBOM.json,ICS-0440,pkg:oss:treck-tcpip,Treck TCP/IP Stack,6.0.1.66,CVE-2020-11896;CVE-2020-11897;CVE-2020-11901
ICS-0440_abb_merging-unit-sam600-sam600-io_SBOM.json,ICS-0440,pkg:oss:libmodbus,libmodbus,3.1.4,CVE-2019-14462;CVE-2019-14463
ICS-0440_abb_merging-unit-sam600-sam600-io_SBOM.json,ICS-0440,pkg:oss:openssl,OpenSSL,1.1.1k,CVE-2021-3711;CVE-2021-3712;CVE-2022-0778
ICS-0440_abb_merging-unit-sam600-sam600-io_SBOM.json,ICS-0440,pkg:oss:zlib,zlib,1.2.11,CVE-2018-25032;CVE-2022-37434
ICS-0441_schneider_powerlogic-ion9000-meter-ion9000_SBOM.json,ICS-0441,pkg:oss:expat,Expat,2.5.0,CVE-2023-52425
ICS-0441_schneider_powerlogic-ion9000-meter-ion9000_SBOM.json,ICS-0441,pkg:oss:libpcap,libpcap,1.9.1,CVE-2019-15165;CVE-2023-7256
ICS-0441_schneider_powerlogic-ion9000-meter-ion9000_SBOM.json,ICS-0441,pkg:oss:zlib,zlib,1.2.12,CVE-2022-37434
ICS-0441_schneider_powerlogic-ion9000-meter-ion9000_SBOM.json,ICS-0441,pkg:oss:dnsmasq,dnsmasq,2.86,CVE-2022-0934;CVE-2023-28450
ICS-0441_schneider_powerlogic-ion9000-meter-ion9000_SBOM.json,ICS-0441,pkg:oss:libssh2,libssh2,1.9.0,CVE-2019-17498;CVE-2020-22218
ICS-0441_schneider_powerlogic-ion9000-meter-ion9000_SBOM.json,ICS-0441,pkg:oss:openssl,OpenSSL,3.0.7,CVE-2023-0286;CVE-2023-0215;CVE-2022-4304
ICS-0441_schneider_powerlogic-ion9000-meter-ion9000_SBOM.json,ICS-0441,pkg:oss:mosquitto,Eclipse Mosquitto,2.0.11,CVE-2021-34431;CVE-2021-41039;CVE-2023-0809
ICS-0441_schneider_powerlogic-ion9000-meter-ion9000_SBOM.json,ICS-0441,pkg:oss:nginx,nginx,1.14.2,CVE-2019-9511;CVE-2019-9513;CVE-2019-20372
ICS-0441_schneider_powerlogic-ion9000-meter-ion9000_SBOM.json,ICS-0441,pkg:oss:ntp,NTP Daemon,4.2.8p13,CVE-2019-8936;CVE-2020-11868
ICS-0441_schneider_powerlogic-ion9000-meter-ion9000_SBOM.json,ICS-0441,pkg:oss:wpa-supplicant,wpa_supplicant,2.6,CVE-2017-13077;CVE-2017-13078;CVE-2018-14526
ICS-0442_ge_epm-9900-power-meter-epm9900_SBOM.json,ICS-0442,pkg:oss:mbedtls,Mbed TLS,2.28.0,CVE-2022-35409;CVE-2023-43615
ICS-0442_ge_epm-9900-power-meter-epm9900_SBOM.json,ICS-0442,pkg:oss:ntp,NTP Daemon,4.2.8p15,CVE-2023-26551
ICS-0442_ge_epm-9900-power-meter-epm9900_SBOM.json,ICS-0442,pkg:oss:wolfssl,wolfSSL,5.5.0,CVE-2022-42905;CVE-2023-3724
ICS-0442_ge_epm-9900-power-meter-epm9900_SBOM.json,ICS-0442,pkg:oss:libmodbus,libmodbus,3.1.4,CVE-2019-14462;CVE-2019-14463
ICS-0442_ge_epm-9900-power-meter-epm9900_SBOM.json,ICS-0442,pkg:oss:expat,Expat,2.5.0,CVE-2023-52425
ICS-0442_ge_epm-9900-power-meter-epm9900_SBOM.json,ICS-0442,pkg:oss:lwip,lwIP,2.1.3,CVE-2023-5188
ICS-0443_ptc_kepserverex-connectivity-platform-6-11_SBOM.json,ICS-0443,pkg:oss:expat,Expat,2.4.1,CVE-2022-25236;CVE-2022-25315
ICS-0443_ptc_kepserverex-connectivity-platform-6-11_SBOM.json,ICS-0443,pkg:oss:sqlserver-express,Microsoft SQL Server Express,2016 SP2,CVE-2019-1068;CVE-2020-0618
ICS-0443_ptc_kepserverex-connectivity-platform-6-11_SBOM.json,ICS-0443,pkg:oss:libxml2,libxml2,2.10.4,CVE-2023-45322
ICS-0443_ptc_kepserverex-connectivity-platform-6-11_SBOM.json,ICS-0443,pkg:oss:sqlite,SQLite,3.39.4,CVE-2022-46908;CVE-2023-7104
ICS-0443_ptc_kepserverex-connectivity-platform-6-11_SBOM.json,ICS-0443,pkg:oss:libcurl,libcurl,8.0.1,CVE-2023-27533;CVE-2023-27536;CVE-2023-38545
ICS-0444_softing_datafeed-opc-suite-v5-20_SBOM.json,ICS-0444,pkg:oss:sqlite,SQLite,3.22.0,CVE-2018-8740;CVE-2019-8457;CVE-2020-11655
ICS-0444_softing_datafeed-opc-suite-v5-20_SBOM.json,ICS-0444,pkg:oss:sqlserver-express,Microsoft SQL Server Express,2016 SP2,CVE-2019-1068;CVE-2020-0618
ICS-0444_softing_datafeed-opc-suite-v5-20_SBOM.json,ICS-0444,pkg:oss:libcurl,libcurl,8.4.0,CVE-2023-46218;CVE-2024-2379
ICS-0444_softing_datafeed-opc-suite-v5-20_SBOM.json,ICS-0444,pkg:oss:libxml2,libxml2,2.9.4,CVE-2016-9318;CVE-2017-5969;CVE-2018-14567
ICS-0445_aveva_aveva-opc-ua-server-2020_SBOM.json,ICS-0445,pkg:oss:sqlite,SQLite,3.31.1,CVE-2020-13434;CVE-2020-13630;CVE-2021-20227
ICS-0445_aveva_aveva-opc-ua-server-2020_SBOM.json,ICS-0445,pkg:oss:zlib,zlib,1.2.11,CVE-2018-25032;CVE-2022-37434
ICS-0445_aveva_aveva-opc-ua-server-2020_SBOM.json,ICS-0445,pkg:oss:libcurl,libcurl,7.64.0,CVE-2019-5481;CVE-2019-5482;CVE-2020-8177
ICS-0445_aveva_aveva-opc-ua-server-2020_SBOM.json,ICS-0445,pkg:oss:dotnet,Microsoft .NET Framework,4.6.2,CVE-2018-8421;CVE-2019-0545;CVE-2020-1147
ICS-0445_aveva_aveva-opc-ua-server-2020_SBOM.json,ICS-0445,pkg:oss:sqlserver-express,Microsoft SQL Server Express,2019 CU22,CVE-2023-21528
ICS-0445_aveva_aveva-opc-ua-server-2020_SBOM.json,ICS-0445,pkg:oss:libxml2,libxml2,2.10.4,CVE-2023-45322
ICS-0445_aveva_aveva-opc-ua-server-2020_SBOM.json,ICS-0445,pkg:oss:expat,Expat,2.5.0,CVE-2023-52425
ICS-0446_honeywell_excel-web-ii-bacnet-controller-xl1000c50_SBOM.json,ICS-0446,pkg:oss:open62541,open62541 OPC UA Stack,1.3.6,CVE-2023-31048
ICS-0446_honeywell_excel-web-ii-bacnet-controller-xl1000c50_SBOM.json,ICS-0446,pkg:oss:musl,musl libc,1.2.2,CVE-2020-28928
ICS-0446_honeywell_excel-web-ii-bacnet-controller-xl1000c50_SBOM.json,ICS-0446,pkg:oss:ntp,NTP Daemon,4.2.8p10,CVE-2018-7182;CVE-2018-7183;CVE-2018-7184
ICS-0446_honeywell_excel-web-ii-bacnet-controller-xl1000c50_SBOM.json,ICS-0446,pkg:oss:libxml2,libxml2,2.9.4,CVE-2016-9318;CVE-2017-5969;CVE-2018-14567
ICS-0446_honeywell_excel-web-ii-bacnet-controller-xl1000c50_SBOM.json,ICS-0446,pkg:oss:openvpn,OpenVPN,2.4.7,CVE-2020-11810;CVE-2020-15078
ICS-0446_honeywell_excel-web-ii-bacnet-controller-xl1000c50_SBOM.json,ICS-0446,pkg:oss:goahead,GoAhead Embedded Web Server,4.1.0,CVE-2021-42342
ICS-0447_siemens_desigo-pxc-automation-station-pxc100-e-d_SBOM.json,ICS-0447,pkg:oss:expat,Expat,2.5.0,CVE-2023-52425
ICS-0447_siemens_desigo-pxc-automation-station-pxc100-e-d_SBOM.json,ICS-0447,pkg:oss:lwip,lwIP,1.4.1,CVE-2014-1912;CVE-2020-22283;CVE-2020-22284
ICS-0447_siemens_desigo-pxc-automation-station-pxc100-e-d_SBOM.json,ICS-0447,pkg:oss:ntp,NTP Daemon,4.2.8p15,CVE-2023-26551
ICS-0447_siemens_desigo-pxc-automation-station-pxc100-e-d_SBOM.json,ICS-0447,pkg:oss:wolfssl,wolfSSL,5.5.0,CVE-2022-42905;CVE-2023-3724
ICS-0447_siemens_desigo-pxc-automation-station-pxc100-e-d_SBOM.json,ICS-0447,pkg:oss:openssl,OpenSSL,3.0.7,CVE-2023-0286;CVE-2023-0215;CVE-2022-4304
ICS-0447_siemens_desigo-pxc-automation-station-pxc100-e-d_SBOM.json,ICS-0447,pkg:oss:zlib,zlib,1.2.12,CVE-2022-37434
ICS-0447_siemens_desigo-pxc-automation-station-pxc100-e-d_SBOM.json,ICS-0447,pkg:oss:libmodbus,libmodbus,3.1.4,CVE-2019-14462;CVE-2019-14463
ICS-0448_schneider_smartx-as-p-controller-as-p_SBOM.json,ICS-0448,pkg:oss:dropbear,Dropbear SSH,2022.83,CVE-2023-48795
ICS-0448_schneider_smartx-as-p-controller-as-p_SBOM.json,ICS-0448,pkg:oss:mosquitto,Eclipse Mosquitto,2.0.11,CVE-2021-34431;CVE-2021-41039;CVE-2023-0809
ICS-0448_schneider_smartx-as-p-controller-as-p_SBOM.json,ICS-0448,pkg:oss:nginx,nginx,1.20.1,CVE-2022-41741;CVE-2022-41742
ICS-0448_schneider_smartx-as-p-controller-as-p_SBOM.json,ICS-0448,pkg:oss:zlib,zlib,1.2.11,CVE-2018-25032;CVE-2022-37434
ICS-0448_schneider_smartx-as-p-controller-as-p_SBOM.json,ICS-0448,pkg:oss:musl,musl libc,1.1.24,CVE-2020-28928
ICS-0448_schneider_smartx-as-p-controller-as-p_SBOM.json,ICS-0448,pkg:oss:u-boot,Das U-Boot,2020.04,CVE-2020-10648;CVE-2021-27097;CVE-2022-30767
ICS-0448_schneider_smartx-as-p-controller-as-p_SBOM.json,ICS-0448,pkg:oss:glibc,GNU C Library,2.31,CVE-2021-35942;CVE-2023-4911
ICS-0449_delta_ez-building-controller-ezns-1000_SBOM.json,ICS-0449,pkg:oss:musl,musl libc,1.1.24,CVE-2020-28928
ICS-0449_delta_ez-building-controller-ezns-1000_SBOM.json,ICS-0449,pkg:oss:libpcap,libpcap,1.9.1,CVE-2019-15165;CVE-2023-7256
ICS-0449_delta_ez-building-controller-ezns-1000_SBOM.json,ICS-0449,pkg:oss:libxml2,libxml2,2.9.14,CVE-2022-40303;CVE-2022-40304;CVE-2023-28484
ICS-0449_delta_ez-building-controller-ezns-1000_SBOM.json,ICS-0449,pkg:oss:openvpn,OpenVPN,2.5.5,CVE-2022-0547;CVE-2023-46849;CVE-2023-46850
ICS-0449_delta_ez-building-controller-ezns-1000_SBOM.json,ICS-0449,pkg:oss:openssh,OpenSSH,8.2p1,CVE-2020-15778;CVE-2021-41617;CVE-2023-48795
ICS-0450_phoenix_radioline-wireless-gateway-rad-2400_SBOM.json,ICS-0450,pkg:oss:wolfssl,wolfSSL,5.5.0,CVE-2022-42905;CVE-2023-3724
ICS-0450_phoenix_radioline-wireless-gateway-rad-2400_SBOM.json,ICS-0450,pkg:oss:lwip,lwIP,2.0.3,CVE-2020-22283;CVE-2020-22284;CVE-2020-22288
ICS-0450_phoenix_radioline-wireless-gateway-rad-2400_SBOM.json,ICS-0450,pkg:oss:freertos,FreeRTOS Kernel,10.2.1,CVE-2021-31571;CVE-2021-31572
ICS-0450_phoenix_radioline-wireless-gateway-rad-2400_SBOM.json,ICS-0450,pkg:oss:expat,Expat,2.5.0,CVE-2023-52425
ICS-0451_moxa_awk-industrial-wireless-ap-awk-3131a_SBOM.json,ICS-0451,pkg:oss:libssh2,libssh2,1.9.0,CVE-2019-17498;CVE-2020-22218
ICS-0451_moxa_awk-industrial-wireless-ap-awk-3131a_SBOM.json,ICS-0451,pkg:oss:expat,Expat,2.2.0,CVE-2018-20843;CVE-2019-15903
ICS-0451_moxa_awk-industrial-wireless-ap-awk-3131a_SBOM.json,ICS-0451,pkg:oss:nginx,nginx,1.14.2,CVE-2019-9511;CVE-2019-9513;CVE-2019-20372
ICS-0451_moxa_awk-industrial-wireless-ap-awk-3131a_SBOM.json,ICS-0451,pkg:oss:zlib,zlib,1.2.11,CVE-2018-25032;CVE-2022-37434
ICS-0451_moxa_awk-industrial-wireless-ap-awk-3131a_SBOM.json,ICS-0451,pkg:oss:open62541,open62541 OPC UA Stack,1.2.2,CVE-2021-40206;CVE-2022-25761
ICS-0451_moxa_awk-industrial-wireless-ap-awk-3131a_SBOM.json,ICS-0451,pkg:oss:mosquitto,Eclipse Mosquitto,2.0.15,CVE-2023-0809;CVE-2023-3592
ICS-0451_moxa_awk-industrial-wireless-ap-awk-3131a_SBOM.json,ICS-0451,pkg:oss:libcurl,libcurl,8.0.1,CVE-2023-27533;CVE-2023-27536;CVE-2023-38545
ICS-0451_moxa_awk-industrial-wireless-ap-awk-3131a_SBOM.json,ICS-0451,pkg:oss:linux-kernel,Linux Kernel,4.19.325,CVE-2022-0847;CVE-2023-32233
ICS-0452_emerson_wireless-1420-gateway-1420_SBOM.json,ICS-0452,pkg:oss:u-boot,Das U-Boot,2020.04,CVE-2020-10648;CVE-2021-27097;CVE-2022-30767
ICS-0452_emerson_wireless-1420-gateway-1420_SBOM.json,ICS-0452,pkg:oss:mosquitto,Eclipse Mosquitto,2.0.15,CVE-2023-0809;CVE-2023-3592
ICS-0452_emerson_wireless-1420-gateway-1420_SBOM.json,ICS-0452,pkg:oss:wpa-supplicant,wpa_supplicant,2.9,CVE-2021-27803;CVE-2021-30004;CVE-2022-23303
ICS-0452_emerson_wireless-1420-gateway-1420_SBOM.json,ICS-0452,pkg:oss:libmodbus,libmodbus,3.0.6,CVE-2019-14462;CVE-2019-14463
ICS-0452_emerson_wireless-1420-gateway-1420_SBOM.json,ICS-0452,pkg:oss:linux-kernel,Linux Kernel,3.10.108,CVE-2017-1000112;CVE-2018-5333;CVE-2019-11477
ICS-0453_siemens_simatic-s7-1500-cpu-1511-1-pn_SBOM.json,ICS-0453,pkg:oss:mbedtls,Mbed TLS,3.4.0,CVE-2023-43615
ICS-0453_siemens_simatic-s7-1500-cpu-1511-1-pn_SBOM.json,ICS-0453,pkg:oss:lwip,lwIP,2.1.3,CVE-2023-5188
ICS-0453_siemens_simatic-s7-1500-cpu-1511-1-pn_SBOM.json,ICS-0453,pkg:oss:ntp,NTP Daemon,4.2.8p10,CVE-2018-7182;CVE-2018-7183;CVE-2018-7184
ICS-0453_siemens_simatic-s7-1500-cpu-1511-1-pn_SBOM.json,ICS-0453,pkg:oss:expat,Expat,2.4.1,CVE-2022-25236;CVE-2022-25315
ICS-0453_siemens_simatic-s7-1500-cpu-1511-1-pn_SBOM.json,ICS-0453,pkg:oss:zlib,zlib,1.2.12,CVE-2022-37434
ICS-0453_siemens_simatic-s7-1500-cpu-1511-1-pn_SBOM.json,ICS-0453,pkg:oss:wolfssl,wolfSSL,4.5.0,CVE-2021-3336;CVE-2021-24116
ICS-0454_siemens_simatic-s7-1200-cpu-1212c_SBOM.json,ICS-0454,pkg:oss:lwip,lwIP,2.1.3,CVE-2023-5188
ICS-0454_siemens_simatic-s7-1200-cpu-1212c_SBOM.json,ICS-0454,pkg:oss:openssl,OpenSSL,1.0.2k,CVE-2017-3731;CVE-2017-3732;CVE-2016-7055
ICS-0454_siemens_simatic-s7-1200-cpu-1212c_SBOM.json,ICS-0454,pkg:oss:zlib,zlib,1.2.11,CVE-2018-25032;CVE-2022-37434
ICS-0454_siemens_simatic-s7-1200-cpu-1212c_SBOM.json,ICS-0454,pkg:oss:expat,Expat,2.5.0,CVE-2023-52425
ICS-0455_siemens_simatic-s7-400-cpu-416-3_SBOM.json,ICS-0455,pkg:oss:expat,Expat,2.2.0,CVE-2018-20843;CVE-2019-15903
ICS-0455_siemens_simatic-s7-400-cpu-416-3_SBOM.json,ICS-0455,pkg:oss:lwip,lwIP,2.1.2,CVE-2020-22283;CVE-2020-22285;CVE-2020-22286
ICS-0455_siemens_simatic-s7-400-cpu-416-3_SBOM.json,ICS-0455,pkg:oss:mbedtls,Mbed TLS,3.4.0,CVE-2023-43615
ICS-0455_siemens_simatic-s7-400-cpu-416-3_SBOM.json,ICS-0455,pkg:oss:zlib,zlib,1.2.12,CVE-2022-37434
ICS-0455_siemens_simatic-s7-400-cpu-416-3_SBOM.json,ICS-0455,pkg:oss:wolfssl,wolfSSL,5.5.0,CVE-2022-42905;CVE-2023-3724
ICS-0456_rockwell_controllogix-controller-1756-l71_SBOM.json,ICS-0456,pkg:oss:ntp,NTP Daemon,4.2.8p15,CVE-2023-26551
ICS-0456_rockwell_controllogix-controller-1756-l71_SBOM.json,ICS-0456,pkg:oss:open62541,open62541 OPC UA Stack,1.3.6,CVE-2023-31048
ICS-0456_rockwell_controllogix-controller-1756-l71_SBOM.json,ICS-0456,pkg:oss:libmodbus,libmodbus,3.1.4,CVE-2019-14462;CVE-2019-14463
ICS-0456_rockwell_controllogix-controller-1756-l71_SBOM.json,ICS-0456,pkg:oss:zlib,zlib,1.2.11,CVE-2018-25032;CVE-2022-37434
ICS-0456_rockwell_controllogix-controller-1756-l71_SBOM.json,ICS-0456,pkg:oss:net-snmp,Net-SNMP,5.7.3,CVE-2018-18065;CVE-2019-20892;CVE-2020-15862
ICS-0456_rockwell_controllogix-controller-1756-l71_SBOM.json,ICS-0456,pkg:oss:ipnet,Interpeak IPnet TCP/IP Stack,6.9,CVE-2019-12255;CVE-2019-12256;CVE-2019-12257;CVE-2019-12260
ICS-0456_rockwell_controllogix-controller-1756-l71_SBOM.json,ICS-0456,pkg:oss:openssl,OpenSSL,3.0.7,CVE-2023-0286;CVE-2023-0215;CVE-2022-4304
ICS-0457_rockwell_compactlogix-controller-5069-l320er_SBOM.json,ICS-0457,pkg:oss:ipnet,Interpeak IPnet TCP/IP Stack,7.0,CVE-2019-12258;CVE-2019-12259;CVE-2019-12262
ICS-0457_rockwell_compactlogix-controller-5069-l320er_SBOM.json,ICS-0457,pkg:oss:sqlite,SQLite,3.41.2,CVE-2023-7104
ICS-0457_rockwell_compactlogix-controller-5069-l320er_SBOM.json,ICS-0457,pkg:oss:libxml2,libxml2,2.9.4,CVE-2016-9318;CVE-2017-5969;CVE-2018-14567
ICS-0458_rockwell_micrologix-controller-1100-c_SBOM.json,ICS-0458,pkg:oss:lwip,lwIP,2.0.3,CVE-2020-22283;CVE-2020-22284;CVE-2020-22288
ICS-0458_rockwell_micrologix-controller-1100-c_SBOM.json,ICS-0458,pkg:oss:ntp,NTP Daemon,4.2.8p13,CVE-2019-8936;CVE-2020-11868
ICS-0458_rockwell_micrologix-controller-1100-c_SBOM.json,ICS-0458,pkg:oss:openssl,OpenSSL,1.0.2k,CVE-2017-3731;CVE-2017-3732;CVE-2016-7055
ICS-0459_schneider_modicon-m340-controller-bmxp341000_SBOM.json,ICS-0459,pkg:oss:ipnet,Interpeak IPnet TCP/IP Stack,6.9,CVE-2019-12255;CVE-2019-12256;CVE-2019-12257;CVE-2019-12260
ICS-0459_schneider_modicon-m340-controller-bmxp341000_SBOM.json,ICS-0459,pkg:oss:libxml2,libxml2,2.10.4,CVE-2023-45322
ICS-0459_schneider_modicon-m340-controller-bmxp341000_SBOM.json,ICS-0459,pkg:oss:libcurl,libcurl,7.79.1,CVE-2022-22576;CVE-2022-27774;CVE-2022-32221
ICS-0459_schneider_modicon-m340-controller-bmxp341000_SBOM.json,ICS-0459,pkg:oss:open62541,open62541 OPC UA Stack,1.2.2,CVE-2021-40206;CVE-2022-25761
ICS-0459_schneider_modicon-m340-controller-bmxp341000_SBOM.json,ICS-0459,pkg:oss:codesys-rt,CODESYS Control Runtime System,3.5.18.20,CVE-2023-37559;CVE-2023-37560
ICS-0460_schneider_modicon-m580-epac-bmep584040_SBOM.json,ICS-0460,pkg:oss:sqlite,SQLite,3.41.2,CVE-2023-7104
ICS-0460_schneider_modicon-m580-epac-bmep584040_SBOM.json,ICS-0460,pkg:oss:dnsmasq,dnsmasq,2.78,CVE-2017-14491;CVE-2017-14492;CVE-2020-25681
ICS-0460_schneider_modicon-m580-epac-bmep584040_SBOM.json,ICS-0460,pkg:oss:libssh2,libssh2,1.9.0,CVE-2019-17498;CVE-2020-22218
ICS-0460_schneider_modicon-m580-epac-bmep584040_SBOM.json,ICS-0460,pkg:oss:mosquitto,Eclipse Mosquitto,1.5.8,CVE-2019-11779;CVE-2021-28166
ICS-0460_schneider_modicon-m580-epac-bmep584040_SBOM.json,ICS-0460,pkg:oss:lighttpd,lighttpd,1.4.45,CVE-2018-19052;CVE-2019-11072
ICS-0460_schneider_modicon-m580-epac-bmep584040_SBOM.json,ICS-0460,pkg:oss:openssh,OpenSSH,7.4p1,CVE-2018-15473;CVE-2019-6111;CVE-2016-10708
ICS-0460_schneider_modicon-m580-epac-bmep584040_SBOM.json,ICS-0460,pkg:oss:codesys-rt,CODESYS Control Runtime System,3.5.19.20,CVE-2023-3663;CVE-2023-3665
ICS-0461_mitsubishi_melsec-iq-r-cpu-r04cpu_SBOM.json,ICS-0461,pkg:oss:ntp,NTP Daemon,4.2.8p10,CVE-2018-7182;CVE-2018-7183;CVE-2018-7184
ICS-0461_mitsubishi_melsec-iq-r-cpu-r04cpu_SBOM.json,ICS-0461,pkg:oss:wolfssl,wolfSSL,4.5.0,CVE-2021-3336;CVE-2021-24116
ICS-0461_mitsubishi_melsec-iq-r-cpu-r04cpu_SBOM.json,ICS-0461,pkg:oss:mbedtls,Mbed TLS,3.4.0,CVE-2023-43615
ICS-0461_mitsubishi_melsec-iq-r-cpu-r04cpu_SBOM.json,ICS-0461,pkg:oss:expat,Expat,2.2.10,CVE-2022-22822;CVE-2022-23852;CVE-2022-25235
ICS-0461_mitsubishi_melsec-iq-r-cpu-r04cpu_SBOM.json,ICS-0461,pkg:oss:treck-tcpip,Treck TCP/IP Stack,6.0.1.67,CVE-2020-11898;CVE-2020-11900
ICS-0462_mitsubishi_melsec-q-series-cpu-q06ude_SBOM.json,ICS-0462,pkg:oss:zlib,zlib,1.2.11,CVE-2018-25032;CVE-2022-37434
ICS-0462_mitsubishi_melsec-q-series-cpu-q06ude_SBOM.json,ICS-0462,pkg:oss:ntp,NTP Daemon,4.2.8p13,CVE-2019-8936;CVE-2020-11868
ICS-0462_mitsubishi_melsec-q-series-cpu-q06ude_SBOM.json,ICS-0462,pkg:oss:mbedtls,Mbed TLS,2.16.3,CVE-2020-10932;CVE-2020-16150;CVE-2021-24119
ICS-0462_mitsubishi_melsec-q-series-cpu-q06ude_SBOM.json,ICS-0462,pkg:oss:wolfssl,wolfSSL,4.5.0,CVE-2021-3336;CVE-2021-24116
ICS-0462_mitsubishi_melsec-q-series-cpu-q06ude_SBOM.json,ICS-0462,pkg:oss:treck-tcpip,Treck TCP/IP Stack,6.0.1.66,CVE-2020-11896;CVE-2020-11897;CVE-2020-11901
ICS-0462_mitsubishi_melsec-q-series-cpu-q06ude_SBOM.json,ICS-0462,pkg:oss:openssl,OpenSSL,1.0.2u,CVE-2021-23840;CVE-2021-3712
ICS-0462_mitsubishi_melsec-q-series-cpu-q06ude_SBOM.json,ICS-0462,pkg:oss:expat,Expat,2.4.1,CVE-2022-25236;CVE-2022-25315
ICS-0462_mitsubishi_melsec-q-series-cpu-q06ude_SBOM.json,ICS-0462,pkg:oss:lwip,lwIP,2.0.3,CVE-2020-22283;CVE-2020-22284;CVE-2020-22288
ICS-0463_omron_sysmac-nj-machine-controller-nj301-1200_SBOM.json,ICS-0463,pkg:oss:openssl,OpenSSL,1.1.1g,CVE-2020-1971;CVE-2021-3450;CVE-2021-3711
ICS-0463_omron_sysmac-nj-machine-controller-nj301-1200_SBOM.json,ICS-0463,pkg:oss:expat,Expat,2.5.0,CVE-2023-52425
ICS-0463_omron_sysmac-nj-machine-controller-nj301-1200_SBOM.json,ICS-0463,pkg:oss:zlib,zlib,1.2.8,CVE-2016-9840;CVE-2016-9841;CVE-2018-25032
ICS-0464_omron_sysmac-cj2-plc-cj2h-cpu64_SBOM.json,ICS-0464,pkg:oss:mbedtls,Mbed TLS,3.4.0,CVE-2023-43615
ICS-0464_omron_sysmac-cj2-plc-cj2h-cpu64_SBOM.json,ICS-0464,pkg:oss:treck-tcpip,Treck TCP/IP Stack,6.0.1.66,CVE-2020-11896;CVE-2020-11897;CVE-2020-11901
ICS-0464_omron_sysmac-cj2-plc-cj2h-cpu64_SBOM.json,ICS-0464,pkg:oss:expat,Expat,2.2.10,CVE-2022-22822;CVE-2022-23852;CVE-2022-25235
ICS-0464_omron_sysmac-cj2-plc-cj2h-cpu64_SBOM.json,ICS-0464,pkg:oss:lwip,lwIP,2.0.3,CVE-2020-22283;CVE-2020-22284;CVE-2020-22288
ICS-0464_omron_sysmac-cj2-plc-cj2h-cpu64_SBOM.json,ICS-0464,pkg:oss:zlib,zlib,1.2.8,CVE-2016-9840;CVE-2016-9841;CVE-2018-25032
ICS-0465_beckhoff_twincat-runtime-controller-cx8190_SBOM.json,ICS-0465,pkg:oss:sqlserver-express,Microsoft SQL Server Express,2019 CU22,CVE-2023-21528
ICS-0465_beckhoff_twincat-runtime-controller-cx8190_SBOM.json,ICS-0465,pkg:oss:libxml2,libxml2,2.9.4,CVE-2016-9318;CVE-2017-5969;CVE-2018-14567
ICS-0465_beckhoff_twincat-runtime-controller-cx8190_SBOM.json,ICS-0465,pkg:oss:sqlite,SQLite,3.41.2,CVE-2023-7104
ICS-0466_wago_pfc200-controller-750-8206_SBOM.json,ICS-0466,pkg:oss:dnsmasq,dnsmasq,2.82,CVE-2020-25681;CVE-2020-25684;CVE-2021-3448
ICS-0466_wago_pfc200-controller-750-8206_SBOM.json,ICS-0466,pkg:oss:libcurl,libcurl,7.79.1,CVE-2022-22576;CVE-2022-27774;CVE-2022-32221
ICS-0466_wago_pfc200-controller-750-8206_SBOM.json,ICS-0466,pkg:oss:sqlite,SQLite,3.41.2,CVE-2023-7104
ICS-0466_wago_pfc200-controller-750-8206_SBOM.json,ICS-0466,pkg:oss:nginx,nginx,1.24.0,CVE-2023-44487
ICS-0466_wago_pfc200-controller-750-8206_SBOM.json,ICS-0466,pkg:oss:goahead,GoAhead Embedded Web Server,4.1.0,CVE-2021-42342
ICS-0466_wago_pfc200-controller-750-8206_SBOM.json,ICS-0466,pkg:oss:net-snmp,Net-SNMP,5.7.3,CVE-2018-18065;CVE-2019-20892;CVE-2020-15862
ICS-0466_wago_pfc200-controller-750-8206_SBOM.json,ICS-0466,pkg:oss:codesys-rt,CODESYS Control Runtime System,3.5.19.20,CVE-2023-3663;CVE-2023-3665
ICS-0467_phoenix_axc-f-2152-controller-axc-f-3152_SBOM.json,ICS-0467,pkg:oss:dnsmasq,dnsmasq,2.78,CVE-2017-14491;CVE-2017-14492;CVE-2020-25681
ICS-0467_phoenix_axc-f-2152-controller-axc-f-3152_SBOM.json,ICS-0467,pkg:oss:linux-kernel,Linux Kernel,5.4.278,CVE-2023-32233;CVE-2024-1086
ICS-0467_phoenix_axc-f-2152-controller-axc-f-3152_SBOM.json,ICS-0467,pkg:oss:openvpn,OpenVPN,2.4.7,CVE-2020-11810;CVE-2020-15078
ICS-0467_phoenix_axc-f-2152-controller-axc-f-3152_SBOM.json,ICS-0467,pkg:oss:ntp,NTP Daemon,4.2.8p13,CVE-2019-8936;CVE-2020-11868
ICS-0467_phoenix_axc-f-2152-controller-axc-f-3152_SBOM.json,ICS-0467,pkg:oss:lighttpd,lighttpd,1.4.55,CVE-2022-22707;CVE-2023-44487
ICS-0468_br_x20-controller-x20cp3586_SBOM.json,ICS-0468,pkg:oss:expat,Expat,2.2.0,CVE-2018-20843;CVE-2019-15903
ICS-0468_br_x20-controller-x20cp3586_SBOM.json,ICS-0468,pkg:oss:mbedtls,Mbed TLS,2.16.3,CVE-2020-10932;CVE-2020-16150;CVE-2021-24119
ICS-0468_br_x20-controller-x20cp3586_SBOM.json,ICS-0468,pkg:oss:lwip,lwIP,2.1.3,CVE-2023-5188
ICS-0469_ls-electric_xgt-plc-cpu-xgi-cpuu_SBOM.json,ICS-0469,pkg:oss:wolfssl,wolfSSL,4.5.0,CVE-2021-3336;CVE-2021-24116
ICS-0469_ls-electric_xgt-plc-cpu-xgi-cpuu_SBOM.json,ICS-0469,pkg:oss:lwip,lwIP,2.1.3,CVE-2023-5188
ICS-0469_ls-electric_xgt-plc-cpu-xgi-cpuu_SBOM.json,ICS-0469,pkg:oss:openssl,OpenSSL,1.1.1n,CVE-2022-1292;CVE-2022-2068;CVE-2022-4304
ICS-0469_ls-electric_xgt-plc-cpu-xgi-cpuu_SBOM.json,ICS-0469,pkg:oss:ntp,NTP Daemon,4.2.8p13,CVE-2019-8936;CVE-2020-11868
ICS-0469_ls-electric_xgt-plc-cpu-xgi-cpuu_SBOM.json,ICS-0469,pkg:oss:libmodbus,libmodbus,3.0.6,CVE-2019-14462;CVE-2019-14463
ICS-0470_delta_as-series-plc-as332t-a_SBOM.json,ICS-0470,pkg:oss:ntp,NTP Daemon,4.2.8p13,CVE-2019-8936;CVE-2020-11868
ICS-0470_delta_as-series-plc-as332t-a_SBOM.json,ICS-0470,pkg:oss:wolfssl,wolfSSL,4.5.0,CVE-2021-3336;CVE-2021-24116
ICS-0470_delta_as-series-plc-as332t-a_SBOM.json,ICS-0470,pkg:oss:expat,Expat,2.4.1,CVE-2022-25236;CVE-2022-25315
ICS-0470_delta_as-series-plc-as332t-a_SBOM.json,ICS-0470,pkg:oss:libmodbus,libmodbus,3.1.4,CVE-2019-14462;CVE-2019-14463
ICS-0470_delta_as-series-plc-as332t-a_SBOM.json,ICS-0470,pkg:oss:lwip,lwIP,1.4.1,CVE-2014-1912;CVE-2020-22283;CVE-2020-22284
ICS-0471_unitronics_unistream-plc-usp-104-b10_SBOM.json,ICS-0471,pkg:oss:mosquitto,Eclipse Mosquitto,2.0.11,CVE-2021-34431;CVE-2021-41039;CVE-2023-0809
ICS-0471_unitronics_unistream-plc-usp-104-b10_SBOM.json,ICS-0471,pkg:oss:u-boot,Das U-Boot,2020.04,CVE-2020-10648;CVE-2021-27097;CVE-2022-30767
ICS-0471_unitronics_unistream-plc-usp-104-b10_SBOM.json,ICS-0471,pkg:oss:linux-kernel,Linux Kernel,5.10.220,CVE-2024-1086
ICS-0471_unitronics_unistream-plc-usp-104-b10_SBOM.json,ICS-0471,pkg:oss:nginx,nginx,1.20.1,CVE-2022-41741;CVE-2022-41742
ICS-0471_unitronics_unistream-plc-usp-104-b10_SBOM.json,ICS-0471,pkg:oss:sqlite,SQLite,3.41.2,CVE-2023-7104
ICS-0471_unitronics_unistream-plc-usp-104-b10_SBOM.json,ICS-0471,pkg:oss:dropbear,Dropbear SSH,2020.81,CVE-2021-36369
ICS-0471_unitronics_unistream-plc-usp-104-b10_SBOM.json,ICS-0471,pkg:oss:openssh,OpenSSH,9.3p1,CVE-2023-38408;CVE-2023-48795;CVE-2024-6387
ICS-0471_unitronics_unistream-plc-usp-104-b10_SBOM.json,ICS-0471,pkg:oss:busybox,BusyBox,1.31.1,CVE-2021-42375;CVE-2021-42376;CVE-2022-28391
ICS-0471_unitronics_unistream-plc-usp-104-b10_SBOM.json,ICS-0471,pkg:oss:libpcap,libpcap,1.9.1,CVE-2019-15165;CVE-2023-7256
ICS-0471_unitronics_unistream-plc-usp-104-b10_SBOM.json,ICS-0471,pkg:oss:glibc,GNU C Library,2.31,CVE-2021-35942;CVE-2023-4911
ICS-0471_unitronics_unistream-plc-usp-104-b10_SBOM.json,ICS-0471,pkg:oss:ntp,NTP Daemon,4.2.8p15,CVE-2023-26551
ICS-0472_idec_microsmart-fc6a-plc-fc6a-d32k3_SBOM.json,ICS-0472,pkg:oss:ntp,NTP Daemon,4.2.8p10,CVE-2018-7182;CVE-2018-7183;CVE-2018-7184
ICS-0472_idec_microsmart-fc6a-plc-fc6a-d32k3_SBOM.json,ICS-0472,pkg:oss:openssl,OpenSSL,1.0.2u,CVE-2021-23840;CVE-2021-3712
ICS-0472_idec_microsmart-fc6a-plc-fc6a-d32k3_SBOM.json,ICS-0472,pkg:oss:expat,Expat,2.2.0,CVE-2018-20843;CVE-2019-15903
ICS-0472_idec_microsmart-fc6a-plc-fc6a-d32k3_SBOM.json,ICS-0472,pkg:oss:wolfssl,wolfSSL,4.5.0,CVE-2021-3336;CVE-2021-24116
ICS-0472_idec_microsmart-fc6a-plc-fc6a-d32k3_SBOM.json,ICS-0472,pkg:oss:lwip,lwIP,2.1.3,CVE-2023-5188
ICS-0472_idec_microsmart-fc6a-plc-fc6a-d32k3_SBOM.json,ICS-0472,pkg:oss:mbedtls,Mbed TLS,2.28.0,CVE-2022-35409;CVE-2023-43615
ICS-0472_idec_microsmart-fc6a-plc-fc6a-d32k3_SBOM.json,ICS-0472,pkg:oss:treck-tcpip,Treck TCP/IP Stack,6.0.1.67,CVE-2020-11898;CVE-2020-11900
ICS-0473_panasonic_fp7-series-plc-afp7cps31_SBOM.json,ICS-0473,pkg:oss:expat,Expat,2.2.10,CVE-2022-22822;CVE-2022-23852;CVE-2022-25235
ICS-0473_panasonic_fp7-series-plc-afp7cps31_SBOM.json,ICS-0473,pkg:oss:lwip,lwIP,2.1.2,CVE-2020-22283;CVE-2020-22285;CVE-2020-22286
ICS-0473_panasonic_fp7-series-plc-afp7cps31_SBOM.json,ICS-0473,pkg:oss:mbedtls,Mbed TLS,2.28.0,CVE-2022-35409;CVE-2023-43615
ICS-0473_panasonic_fp7-series-plc-afp7cps31_SBOM.json,ICS-0473,pkg:oss:libmodbus,libmodbus,3.0.6,CVE-2019-14462;CVE-2019-14463
ICS-0473_panasonic_fp7-series-plc-afp7cps31_SBOM.json,ICS-0473,pkg:oss:openssl,OpenSSL,1.0.2u,CVE-2021-23840;CVE-2021-3712
ICS-0474_keyence_kv-8000-plc-kv-7500_SBOM.json,ICS-0474,pkg:oss:expat,Expat,2.5.0,CVE-2023-52425
ICS-0474_keyence_kv-8000-plc-kv-7500_SBOM.json,ICS-0474,pkg:oss:lwip,lwIP,1.4.1,CVE-2014-1912;CVE-2020-22283;CVE-2020-22284
ICS-0474_keyence_kv-8000-plc-kv-7500_SBOM.json,ICS-0474,pkg:oss:libmodbus,libmodbus,3.1.4,CVE-2019-14462;CVE-2019-14463
ICS-0475_fuji_micrex-sx-plc-np1pm-256e_SBOM.json,ICS-0475,pkg:oss:mbedtls,Mbed TLS,2.28.0,CVE-2022-35409;CVE-2023-43615
ICS-0475_fuji_micrex-sx-plc-np1pm-256e_SBOM.json,ICS-0475,pkg:oss:lwip,lwIP,1.4.1,CVE-2014-1912;CVE-2020-22283;CVE-2020-22284
ICS-0475_fuji_micrex-sx-plc-np1pm-256e_SBOM.json,ICS-0475,pkg:oss:zlib,zlib,1.2.8,CVE-2016-9840;CVE-2016-9841;CVE-2018-25032
ICS-0475_fuji_micrex-sx-plc-np1pm-256e_SBOM.json,ICS-0475,pkg:oss:wolfssl,wolfSSL,4.5.0,CVE-2021-3336;CVE-2021-24116
ICS-0476_codesys_codesys-control-runtime-for-linux-sl_SBOM.json,ICS-0476,pkg:oss:dnsmasq,dnsmasq,2.78,CVE-2017-14491;CVE-2017-14492;CVE-2020-25681
ICS-0476_codesys_codesys-control-runtime-for-linux-sl_SBOM.json,ICS-0476,pkg:oss:openssh,OpenSSH,9.6p1,CVE-2024-6387
ICS-0476_codesys_codesys-control-runtime-for-linux-sl_SBOM.json,ICS-0476,pkg:oss:wpa-supplicant,wpa_supplicant,2.10,CVE-2023-52160
ICS-0476_codesys_codesys-control-runtime-for-linux-sl_SBOM.json,ICS-0476,pkg:oss:zlib,zlib,1.2.11,CVE-2018-25032;CVE-2022-37434
ICS-0476_codesys_codesys-control-runtime-for-linux-sl_SBOM.json,ICS-0476,pkg:oss:nginx,nginx,1.24.0,CVE-2023-44487
ICS-0476_codesys_codesys-control-runtime-for-linux-sl_SBOM.json,ICS-0476,pkg:oss:codesys-rt,CODESYS Control Runtime System,3.5.16.0,CVE-2021-30186;CVE-2021-30188;CVE-2021-30189
ICS-0477_abb_rtu560-telecontrol-unit-560cmr01_SBOM.json,ICS-0477,pkg:oss:zlib,zlib,1.2.12,CVE-2022-37434
ICS-0477_abb_rtu560-telecontrol-unit-560cmr01_SBOM.json,ICS-0477,pkg:oss:net-snmp,Net-SNMP,5.8,CVE-2020-15861;CVE-2020-15862;CVE-2022-24805
ICS-0477_abb_rtu560-telecontrol-unit-560cmr01_SBOM.json,ICS-0477,pkg:oss:sqlite,SQLite,3.22.0,CVE-2018-8740;CVE-2019-8457;CVE-2020-11655
ICS-0477_abb_rtu560-telecontrol-unit-560cmr01_SBOM.json,ICS-0477,pkg:oss:dropbear,Dropbear SSH,2020.81,CVE-2021-36369
ICS-0477_abb_rtu560-telecontrol-unit-560cmr01_SBOM.json,ICS-0477,pkg:oss:libpcap,libpcap,1.9.1,CVE-2019-15165;CVE-2023-7256
ICS-0477_abb_rtu560-telecontrol-unit-560cmr01_SBOM.json,ICS-0477,pkg:oss:expat,Expat,2.4.1,CVE-2022-25236;CVE-2022-25315
ICS-0477_abb_rtu560-telecontrol-unit-560cmr01_SBOM.json,ICS-0477,pkg:oss:linux-kernel,Linux Kernel,4.19.325,CVE-2022-0847;CVE-2023-32233
ICS-0477_abb_rtu560-telecontrol-unit-560cmr01_SBOM.json,ICS-0477,pkg:oss:goahead,GoAhead Embedded Web Server,4.1.0,CVE-2021-42342
ICS-0477_abb_rtu560-telecontrol-unit-560cmr01_SBOM.json,ICS-0477,pkg:oss:mosquitto,Eclipse Mosquitto,1.5.8,CVE-2019-11779;CVE-2021-28166
ICS-0477_abb_rtu560-telecontrol-unit-560cmr01_SBOM.json,ICS-0477,pkg:oss:libxml2,libxml2,2.10.4,CVE-2023-45322
ICS-0477_abb_rtu560-telecontrol-unit-560cmr01_SBOM.json,ICS-0477,pkg:oss:codesys-rt,CODESYS Control Runtime System,3.5.16.0,CVE-2021-30186;CVE-2021-30188;CVE-2021-30189
ICS-0478_schneider_scadapack-rtu-474i_SBOM.json,ICS-0478,pkg:oss:libxml2,libxml2,2.10.4,CVE-2023-45322
ICS-0478_schneider_scadapack-rtu-474i_SBOM.json,ICS-0478,pkg:oss:ntp,NTP Daemon,4.2.8p10,CVE-2018-7182;CVE-2018-7183;CVE-2018-7184
ICS-0478_schneider_scadapack-rtu-474i_SBOM.json,ICS-0478,pkg:oss:expat,Expat,2.2.10,CVE-2022-22822;CVE-2022-23852;CVE-2022-25235
ICS-0478_schneider_scadapack-rtu-474i_SBOM.json,ICS-0478,pkg:oss:net-snmp,Net-SNMP,5.7.3,CVE-2018-18065;CVE-2019-20892;CVE-2020-15862
ICS-0479_ge_d20-mx-substation-controller-d20eme_SBOM.json,ICS-0479,pkg:oss:sqlite,SQLite,3.22.0,CVE-2018-8740;CVE-2019-8457;CVE-2020-11655
ICS-0479_ge_d20-mx-substation-controller-d20eme_SBOM.json,ICS-0479,pkg:oss:mosquitto,Eclipse Mosquitto,1.5.8,CVE-2019-11779;CVE-2021-28166
ICS-0479_ge_d20-mx-substation-controller-d20eme_SBOM.json,ICS-0479,pkg:oss:wpa-supplicant,wpa_supplicant,2.10,CVE-2023-52160
ICS-0479_ge_d20-mx-substation-controller-d20eme_SBOM.json,ICS-0479,pkg:oss:openssh,OpenSSH,9.3p1,CVE-2023-38408;CVE-2023-48795;CVE-2024-6387
ICS-0479_ge_d20-mx-substation-controller-d20eme_SBOM.json,ICS-0479,pkg:oss:musl,musl libc,1.2.2,CVE-2020-28928
ICS-0480_siemens_sicam-a8000-rtu-cp-8031_SBOM.json,ICS-0480,pkg:oss:mosquitto,Eclipse Mosquitto,2.0.15,CVE-2023-0809;CVE-2023-3592
ICS-0480_siemens_sicam-a8000-rtu-cp-8031_SBOM.json,ICS-0480,pkg:oss:lighttpd,lighttpd,1.4.45,CVE-2018-19052;CVE-2019-11072
ICS-0480_siemens_sicam-a8000-rtu-cp-8031_SBOM.json,ICS-0480,pkg:oss:libcurl,libcurl,7.29.0,CVE-2016-8615;CVE-2018-1000120;CVE-2019-5482
ICS-0480_siemens_sicam-a8000-rtu-cp-8031_SBOM.json,ICS-0480,pkg:oss:wpa-supplicant,wpa_supplicant,2.10,CVE-2023-52160
ICS-0481_hitachi-energy_rtu500-series-rtu520_SBOM.json,ICS-0481,pkg:oss:openssl,OpenSSL,3.0.7,CVE-2023-0286;CVE-2023-0215;CVE-2022-4304
ICS-0481_hitachi-energy_rtu500-series-rtu520_SBOM.json,ICS-0481,pkg:oss:mbedtls,Mbed TLS,2.16.3,CVE-2020-10932;CVE-2020-16150;CVE-2021-24119
ICS-0481_hitachi-energy_rtu500-series-rtu520_SBOM.json,ICS-0481,pkg:oss:libmodbus,libmodbus,3.0.6,CVE-2019-14462;CVE-2019-14463
ICS-0481_hitachi-energy_rtu500-series-rtu520_SBOM.json,ICS-0481,pkg:oss:lwip,lwIP,2.0.3,CVE-2020-22283;CVE-2020-22284;CVE-2020-22288
ICS-0481_hitachi-energy_rtu500-series-rtu520_SBOM.json,ICS-0481,pkg:oss:treck-tcpip,Treck TCP/IP Stack,6.0.1.66,CVE-2020-11896;CVE-2020-11897;CVE-2020-11901
ICS-0481_hitachi-energy_rtu500-series-rtu520_SBOM.json,ICS-0481,pkg:oss:zlib,zlib,1.2.8,CVE-2016-9840;CVE-2016-9841;CVE-2018-25032
ICS-0482_moxa_iopac-programmable-controller-8500-c-t_SBOM.json,ICS-0482,pkg:oss:glibc,GNU C Library,2.17,CVE-2015-7547;CVE-2018-11236;CVE-2021-3999
ICS-0482_moxa_iopac-programmable-controller-8500-c-t_SBOM.json,ICS-0482,pkg:oss:openssh,OpenSSH,9.6p1,CVE-2024-6387
ICS-0482_moxa_iopac-programmable-controller-8500-c-t_SBOM.json,ICS-0482,pkg:oss:musl,musl libc,1.1.24,CVE-2020-28928
ICS-0482_moxa_iopac-programmable-controller-8500-c-t_SBOM.json,ICS-0482,pkg:oss:libcurl,libcurl,7.79.1,CVE-2022-22576;CVE-2022-27774;CVE-2022-32221
ICS-0482_moxa_iopac-programmable-controller-8500-c-t_SBOM.json,ICS-0482,pkg:oss:busybox,BusyBox,1.30.1,CVE-2021-42374;CVE-2021-42378;CVE-2021-42386
ICS-0482_moxa_iopac-programmable-controller-8500-c-t_SBOM.json,ICS-0482,pkg:oss:codesys-rt,CODESYS Control Runtime System,3.5.18.20,CVE-2023-37559;CVE-2023-37560
ICS-0483_red-lion_data-station-plus-rtu-dspzr000_SBOM.json,ICS-0483,pkg:oss:dnsmasq,dnsmasq,2.78,CVE-2017-14491;CVE-2017-14492;CVE-2020-25681
ICS-0483_red-lion_data-station-plus-rtu-dspzr000_SBOM.json,ICS-0483,pkg:oss:libmodbus,libmodbus,3.1.4,CVE-2019-14462;CVE-2019-14463
ICS-0483_red-lion_data-station-plus-rtu-dspzr000_SBOM.json,ICS-0483,pkg:oss:goahead,GoAhead Embedded Web Server,4.1.0,CVE-2021-42342
ICS-0483_red-lion_data-station-plus-rtu-dspzr000_SBOM.json,ICS-0483,pkg:oss:libcurl,libcurl,7.79.1,CVE-2022-22576;CVE-2022-27774;CVE-2022-32221
ICS-0483_red-lion_data-station-plus-rtu-dspzr000_SBOM.json,ICS-0483,pkg:oss:libpcap,libpcap,1.9.1,CVE-2019-15165;CVE-2023-7256
ICS-0483_red-lion_data-station-plus-rtu-dspzr000_SBOM.json,ICS-0483,pkg:oss:nginx,nginx,1.18.0,CVE-2021-23017;CVE-2022-41741;CVE-2022-41742
ICS-0483_red-lion_data-station-plus-rtu-dspzr000_SBOM.json,ICS-0483,pkg:oss:linux-kernel,Linux Kernel,4.9.337,CVE-2019-11477;CVE-2021-33909;CVE-2022-0847
ICS-0483_red-lion_data-station-plus-rtu-dspzr000_SBOM.json,ICS-0483,pkg:oss:openvpn,OpenVPN,2.4.7,CVE-2020-11810;CVE-2020-15078
ICS-0483_red-lion_data-station-plus-rtu-dspzr000_SBOM.json,ICS-0483,pkg:oss:openssh,OpenSSH,9.6p1,CVE-2024-6387
ICS-0483_red-lion_data-station-plus-rtu-dspzr000_SBOM.json,ICS-0483,pkg:oss:codesys-rt,CODESYS Control Runtime System,3.5.16.0,CVE-2021-30186;CVE-2021-30188;CVE-2021-30189
ICS-0484_sel_sel-451-protection-system-451-5_SBOM.json,ICS-0484,pkg:oss:lwip,lwIP,2.0.3,CVE-2020-22283;CVE-2020-22284;CVE-2020-22288
ICS-0484_sel_sel-451-protection-system-451-5_SBOM.json,ICS-0484,pkg:oss:openssl,OpenSSL,1.1.1n,CVE-2022-1292;CVE-2022-2068;CVE-2022-4304
ICS-0485_sel_sel-3530-rtac-3530-4_SBOM.json,ICS-0485,pkg:oss:libmodbus,libmodbus,3.1.4,CVE-2019-14462;CVE-2019-14463
ICS-0485_sel_sel-3530-rtac-3530-4_SBOM.json,ICS-0485,pkg:oss:u-boot,Das U-Boot,2018.03,CVE-2019-11059;CVE-2019-13103;CVE-2019-13106
ICS-0485_sel_sel-3530-rtac-3530-4_SBOM.json,ICS-0485,pkg:oss:linux-kernel,Linux Kernel,4.19.325,CVE-2022-0847;CVE-2023-32233
ICS-0486_hitachi-energy_ref615-feeder-protection-relay-ref615_SBOM.json,ICS-0486,pkg:oss:openssl,OpenSSL,1.0.2u,CVE-2021-23840;CVE-2021-3712
ICS-0486_hitachi-energy_ref615-feeder-protection-relay-ref615_SBOM.json,ICS-0486,pkg:oss:treck-tcpip,Treck TCP/IP Stack,6.0.1.66,CVE-2020-11896;CVE-2020-11897;CVE-2020-11901
ICS-0486_hitachi-energy_ref615-feeder-protection-relay-ref615_SBOM.json,ICS-0486,pkg:oss:lwip,lwIP,1.4.1,CVE-2014-1912;CVE-2020-22283;CVE-2020-22284
ICS-0486_hitachi-energy_ref615-feeder-protection-relay-ref615_SBOM.json,ICS-0486,pkg:oss:ntp,NTP Daemon,4.2.8p15,CVE-2023-26551
ICS-0486_hitachi-energy_ref615-feeder-protection-relay-ref615_SBOM.json,ICS-0486,pkg:oss:expat,Expat,2.2.0,CVE-2018-20843;CVE-2019-15903
ICS-0487_siemens_siprotec-5-protection-relay-7sj85_SBOM.json,ICS-0487,pkg:oss:lwip,lwIP,2.0.3,CVE-2020-22283;CVE-2020-22284;CVE-2020-22288
ICS-0487_siemens_siprotec-5-protection-relay-7sj85_SBOM.json,ICS-0487,pkg:oss:mbedtls,Mbed TLS,2.16.3,CVE-2020-10932;CVE-2020-16150;CVE-2021-24119
ICS-0487_siemens_siprotec-5-protection-relay-7sj85_SBOM.json,ICS-0487,pkg:oss:wolfssl,wolfSSL,4.5.0,CVE-2021-3336;CVE-2021-24116
ICS-0487_siemens_siprotec-5-protection-relay-7sj85_SBOM.json,ICS-0487,pkg:oss:expat,Expat,2.2.0,CVE-2018-20843;CVE-2019-15903
ICS-0488_ge_multilin-ur-relay-b30_SBOM.json,ICS-0488,pkg:oss:expat,Expat,2.2.10,CVE-2022-22822;CVE-2022-23852;CVE-2022-25235
ICS-0488_ge_multilin-ur-relay-b30_SBOM.json,ICS-0488,pkg:oss:libmodbus,libmodbus,3.0.6,CVE-2019-14462;CVE-2019-14463
ICS-0488_ge_multilin-ur-relay-b30_SBOM.json,ICS-0488,pkg:oss:zlib,zlib,1.2.11,CVE-2018-25032;CVE-2022-37434
ICS-0488_ge_multilin-ur-relay-b30_SBOM.json,ICS-0488,pkg:oss:openssl,OpenSSL,1.1.1k,CVE-2021-3711;CVE-2021-3712;CVE-2022-0778
ICS-0488_ge_multilin-ur-relay-b30_SBOM.json,ICS-0488,pkg:oss:mbedtls,Mbed TLS,3.4.0,CVE-2023-43615
ICS-0488_ge_multilin-ur-relay-b30_SBOM.json,ICS-0488,pkg:oss:treck-tcpip,Treck TCP/IP Stack,6.0.1.66,CVE-2020-11896;CVE-2020-11897;CVE-2020-11901
ICS-0488_ge_multilin-ur-relay-b30_SBOM.json,ICS-0488,pkg:oss:ntp,NTP Daemon,4.2.8p13,CVE-2019-8936;CVE-2020-11868
ICS-0488_ge_multilin-ur-relay-b30_SBOM.json,ICS-0488,pkg:oss:lwip,lwIP,2.0.3,CVE-2020-22283;CVE-2020-22284;CVE-2020-22288
ICS-0489_schneider_easergy-p3-protection-relay-p3l30_SBOM.json,ICS-0489,pkg:oss:treck-tcpip,Treck TCP/IP Stack,6.0.1.66,CVE-2020-11896;CVE-2020-11897;CVE-2020-11901
ICS-0489_schneider_easergy-p3-protection-relay-p3l30_SBOM.json,ICS-0489,pkg:oss:wolfssl,wolfSSL,4.5.0,CVE-2021-3336;CVE-2021-24116
ICS-0489_schneider_easergy-p3-protection-relay-p3l30_SBOM.json,ICS-0489,pkg:oss:libmodbus,libmodbus,3.1.4,CVE-2019-14462;CVE-2019-14463
ICS-0489_schneider_easergy-p3-protection-relay-p3l30_SBOM.json,ICS-0489,pkg:oss:mbedtls,Mbed TLS,2.28.0,CVE-2022-35409;CVE-2023-43615
ICS-0489_schneider_easergy-p3-protection-relay-p3l30_SBOM.json,ICS-0489,pkg:oss:openssl,OpenSSL,1.1.1g,CVE-2020-1971;CVE-2021-3450;CVE-2021-3711
ICS-0489_schneider_easergy-p3-protection-relay-p3l30_SBOM.json,ICS-0489,pkg:oss:expat,Expat,2.2.0,CVE-2018-20843;CVE-2019-15903
ICS-0489_schneider_easergy-p3-protection-relay-p3l30_SBOM.json,ICS-0489,pkg:oss:zlib,zlib,1.2.8,CVE-2016-9840;CVE-2016-9841;CVE-2018-25032
ICS-0489_schneider_easergy-p3-protection-relay-p3l30_SBOM.json,ICS-0489,pkg:oss:ntp,NTP Daemon,4.2.8p15,CVE-2023-26551
ICS-0489_schneider_easergy-p3-protection-relay-p3l30_SBOM.json,ICS-0489,pkg:oss:lwip,lwIP,2.1.2,CVE-2020-22283;CVE-2020-22285;CVE-2020-22286
ICS-0490_nari_pcs-9611-feeder-protection-pcs-9705_SBOM.json,ICS-0490,pkg:oss:expat,Expat,2.5.0,CVE-2023-52425
ICS-0490_nari_pcs-9611-feeder-protection-pcs-9705_SBOM.json,ICS-0490,pkg:oss:libmodbus,libmodbus,3.1.4,CVE-2019-14462;CVE-2019-14463
ICS-0490_nari_pcs-9611-feeder-protection-pcs-9705_SBOM.json,ICS-0490,pkg:oss:lwip,lwIP,2.1.2,CVE-2020-22283;CVE-2020-22285;CVE-2020-22286
ICS-0490_nari_pcs-9611-feeder-protection-pcs-9705_SBOM.json,ICS-0490,pkg:oss:zlib,zlib,1.2.12,CVE-2022-37434
ICS-0490_nari_pcs-9611-feeder-protection-pcs-9705_SBOM.json,ICS-0490,pkg:oss:wolfssl,wolfSSL,4.5.0,CVE-2021-3336;CVE-2021-24116
ICS-0490_nari_pcs-9611-feeder-protection-pcs-9705_SBOM.json,ICS-0490,pkg:oss:mbedtls,Mbed TLS,3.4.0,CVE-2023-43615
ICS-0491_hd-hyundai_higen-protection-relay-hgr-200_SBOM.json,ICS-0491,pkg:oss:openssl,OpenSSL,3.0.7,CVE-2023-0286;CVE-2023-0215;CVE-2022-4304
ICS-0491_hd-hyundai_higen-protection-relay-hgr-200_SBOM.json,ICS-0491,pkg:oss:mbedtls,Mbed TLS,3.4.0,CVE-2023-43615
ICS-0491_hd-hyundai_higen-protection-relay-hgr-200_SBOM.json,ICS-0491,pkg:oss:libmodbus,libmodbus,3.1.4,CVE-2019-14462;CVE-2019-14463
ICS-0491_hd-hyundai_higen-protection-relay-hgr-200_SBOM.json,ICS-0491,pkg:oss:treck-tcpip,Treck TCP/IP Stack,6.0.1.66,CVE-2020-11896;CVE-2020-11897;CVE-2020-11901
ICS-0491_hd-hyundai_higen-protection-relay-hgr-200_SBOM.json,ICS-0491,pkg:oss:expat,Expat,2.4.1,CVE-2022-25236;CVE-2022-25315
ICS-0492_siemens_simatic-hmi-comfort-panel-tp1200_SBOM.json,ICS-0492,pkg:oss:expat,Expat,2.4.1,CVE-2022-25236;CVE-2022-25315
ICS-0492_siemens_simatic-hmi-comfort-panel-tp1200_SBOM.json,ICS-0492,pkg:oss:dotnet,Microsoft .NET Framework,4.6.2,CVE-2018-8421;CVE-2019-0545;CVE-2020-1147
ICS-0492_siemens_simatic-hmi-comfort-panel-tp1200_SBOM.json,ICS-0492,pkg:oss:libcurl,libcurl,7.29.0,CVE-2016-8615;CVE-2018-1000120;CVE-2019-5482
ICS-0493_rockwell_panelview-plus-terminal-7-performance-1500_SBOM.json,ICS-0493,pkg:oss:zlib,zlib,1.2.11,CVE-2018-25032;CVE-2022-37434
ICS-0493_rockwell_panelview-plus-terminal-7-performance-1500_SBOM.json,ICS-0493,pkg:oss:expat,Expat,2.5.0,CVE-2023-52425
ICS-0493_rockwell_panelview-plus-terminal-7-performance-1500_SBOM.json,ICS-0493,pkg:oss:sqlserver-express,Microsoft SQL Server Express,2017 CU31,CVE-2022-29143;CVE-2023-21528
ICS-0493_rockwell_panelview-plus-terminal-7-performance-1500_SBOM.json,ICS-0493,pkg:oss:openssl,OpenSSL,3.0.7,CVE-2023-0286;CVE-2023-0215;CVE-2022-4304
ICS-0493_rockwell_panelview-plus-terminal-7-performance-1500_SBOM.json,ICS-0493,pkg:oss:libcurl,libcurl,7.79.1,CVE-2022-22576;CVE-2022-27774;CVE-2022-32221
ICS-0493_rockwell_panelview-plus-terminal-7-performance-1500_SBOM.json,ICS-0493,pkg:oss:dotnet,Microsoft .NET Framework,4.7.2,CVE-2020-1147;CVE-2021-24112;CVE-2021-26701
ICS-0494_schneider_magelis-gtu-hmi-hmidt551_SBOM.json,ICS-0494,pkg:oss:mosquitto,Eclipse Mosquitto,2.0.15,CVE-2023-0809;CVE-2023-3592
ICS-0494_schneider_magelis-gtu-hmi-hmidt551_SBOM.json,ICS-0494,pkg:oss:openssh,OpenSSH,8.2p1,CVE-2020-15778;CVE-2021-41617;CVE-2023-48795
ICS-0494_schneider_magelis-gtu-hmi-hmidt551_SBOM.json,ICS-0494,pkg:oss:nginx,nginx,1.24.0,CVE-2023-44487
ICS-0494_schneider_magelis-gtu-hmi-hmidt551_SBOM.json,ICS-0494,pkg:oss:ntp,NTP Daemon,4.2.8p13,CVE-2019-8936;CVE-2020-11868
ICS-0494_schneider_magelis-gtu-hmi-hmidt551_SBOM.json,ICS-0494,pkg:oss:openssl,OpenSSL,1.0.2u,CVE-2021-23840;CVE-2021-3712
ICS-0494_schneider_magelis-gtu-hmi-hmidt551_SBOM.json,ICS-0494,pkg:oss:expat,Expat,2.4.1,CVE-2022-25236;CVE-2022-25315
ICS-0494_schneider_magelis-gtu-hmi-hmidt551_SBOM.json,ICS-0494,pkg:oss:sqlite,SQLite,3.39.4,CVE-2022-46908;CVE-2023-7104
ICS-0495_mitsubishi_got2000-graphic-terminal-gt2510-vtba_SBOM.json,ICS-0495,pkg:oss:treck-tcpip,Treck TCP/IP Stack,6.0.1.67,CVE-2020-11898;CVE-2020-11900
ICS-0495_mitsubishi_got2000-graphic-terminal-gt2510-vtba_SBOM.json,ICS-0495,pkg:oss:zlib,zlib,1.2.11,CVE-2018-25032;CVE-2022-37434
ICS-0495_mitsubishi_got2000-graphic-terminal-gt2510-vtba_SBOM.json,ICS-0495,pkg:oss:lwip,lwIP,2.1.3,CVE-2023-5188
ICS-0495_mitsubishi_got2000-graphic-terminal-gt2510-vtba_SBOM.json,ICS-0495,pkg:oss:wolfssl,wolfSSL,5.5.0,CVE-2022-42905;CVE-2023-3724
ICS-0495_mitsubishi_got2000-graphic-terminal-gt2510-vtba_SBOM.json,ICS-0495,pkg:oss:libmodbus,libmodbus,3.0.6,CVE-2019-14462;CVE-2019-14463
ICS-0495_mitsubishi_got2000-graphic-terminal-gt2510-vtba_SBOM.json,ICS-0495,pkg:oss:ntp,NTP Daemon,4.2.8p10,CVE-2018-7182;CVE-2018-7183;CVE-2018-7184
ICS-0495_mitsubishi_got2000-graphic-terminal-gt2510-vtba_SBOM.json,ICS-0495,pkg:oss:expat,Expat,2.4.1,CVE-2022-25236;CVE-2022-25315
ICS-0495_mitsubishi_got2000-graphic-terminal-gt2510-vtba_SBOM.json,ICS-0495,pkg:oss:openssl,OpenSSL,1.0.2k,CVE-2017-3731;CVE-2017-3732;CVE-2016-7055
ICS-0496_advantech_webop-operator-panel-wop-3070t_SBOM.json,ICS-0496,pkg:oss:openssh,OpenSSH,9.3p1,CVE-2023-38408;CVE-2023-48795;CVE-2024-6387
ICS-0496_advantech_webop-operator-panel-wop-3070t_SBOM.json,ICS-0496,pkg:oss:sqlite,SQLite,3.41.2,CVE-2023-7104
ICS-0496_advantech_webop-operator-panel-wop-3070t_SBOM.json,ICS-0496,pkg:oss:wpa-supplicant,wpa_supplicant,2.9,CVE-2021-27803;CVE-2021-30004;CVE-2022-23303
ICS-0496_advantech_webop-operator-panel-wop-3070t_SBOM.json,ICS-0496,pkg:oss:goahead,GoAhead Embedded Web Server,4.1.0,CVE-2021-42342
ICS-0497_delta_dop-100-hmi-dop-110cs_SBOM.json,ICS-0497,pkg:oss:expat,Expat,2.2.0,CVE-2018-20843;CVE-2019-15903
ICS-0497_delta_dop-100-hmi-dop-110cs_SBOM.json,ICS-0497,pkg:oss:openssl,OpenSSL,1.1.1k,CVE-2021-3711;CVE-2021-3712;CVE-2022-0778
ICS-0497_delta_dop-100-hmi-dop-110cs_SBOM.json,ICS-0497,pkg:oss:lwip,lwIP,1.4.1,CVE-2014-1912;CVE-2020-22283;CVE-2020-22284
ICS-0498_omron_na-series-hmi-na5-9w_SBOM.json,ICS-0498,pkg:oss:sqlite,SQLite,3.22.0,CVE-2018-8740;CVE-2019-8457;CVE-2020-11655
ICS-0498_omron_na-series-hmi-na5-9w_SBOM.json,ICS-0498,pkg:oss:zlib,zlib,1.2.12,CVE-2022-37434
ICS-0498_omron_na-series-hmi-na5-9w_SBOM.json,ICS-0498,pkg:oss:dotnet,Microsoft .NET Framework,4.8,CVE-2021-26701;CVE-2023-21808
ICS-0498_omron_na-series-hmi-na5-9w_SBOM.json,ICS-0498,pkg:oss:libcurl,libcurl,8.4.0,CVE-2023-46218;CVE-2024-2379
ICS-0498_omron_na-series-hmi-na5-9w_SBOM.json,ICS-0498,pkg:oss:libxml2,libxml2,2.9.14,CVE-2022-40303;CVE-2022-40304;CVE-2023-28484
ICS-0499_pilz_pmi-operator-terminal-pmi-v812_SBOM.json,ICS-0499,pkg:oss:wpa-supplicant,wpa_supplicant,2.6,CVE-2017-13077;CVE-2017-13078;CVE-2018-14526
ICS-0499_pilz_pmi-operator-terminal-pmi-v812_SBOM.json,ICS-0499,pkg:oss:open62541,open62541 OPC UA Stack,1.3.6,CVE-2023-31048
ICS-0499_pilz_pmi-operator-terminal-pmi-v812_SBOM.json,ICS-0499,pkg:oss:busybox,BusyBox,1.31.1,CVE-2021-42375;CVE-2021-42376;CVE-2022-28391
ICS-0499_pilz_pmi-operator-terminal-pmi-v812_SBOM.json,ICS-0499,pkg:oss:goahead,GoAhead Embedded Web Server,4.1.0,CVE-2021-42342
ICS-0499_pilz_pmi-operator-terminal-pmi-v812_SBOM.json,ICS-0499,pkg:oss:openvpn,OpenVPN,2.4.7,CVE-2020-11810;CVE-2020-15078
ICS-0499_pilz_pmi-operator-terminal-pmi-v812_SBOM.json,ICS-0499,pkg:oss:expat,Expat,2.2.0,CVE-2018-20843;CVE-2019-15903
ICS-0499_pilz_pmi-operator-terminal-pmi-v812_SBOM.json,ICS-0499,pkg:oss:ntp,NTP Daemon,4.2.8p15,CVE-2023-26551
ICS-0499_pilz_pmi-operator-terminal-pmi-v812_SBOM.json,ICS-0499,pkg:oss:dnsmasq,dnsmasq,2.78,CVE-2017-14491;CVE-2017-14492;CVE-2020-25681
ICS-0500_aveva_aveva-plant-scada-2023_SBOM.json,ICS-0500,pkg:oss:zlib,zlib,1.2.12,CVE-2022-37434
ICS-0500_aveva_aveva-plant-scada-2023_SBOM.json,ICS-0500,pkg:oss:libxml2,libxml2,2.10.4,CVE-2023-45322
ICS-0500_aveva_aveva-plant-scada-2023_SBOM.json,ICS-0500,pkg:oss:sqlserver-express,Microsoft SQL Server Express,2016 SP2,CVE-2019-1068;CVE-2020-0618
ICS-0500_aveva_aveva-plant-scada-2023_SBOM.json,ICS-0500,pkg:oss:dotnet,Microsoft .NET Framework,4.7.2,CVE-2020-1147;CVE-2021-24112;CVE-2021-26701
ICS-0500_aveva_aveva-plant-scada-2023_SBOM.json,ICS-0500,pkg:oss:sqlite,SQLite,3.31.1,CVE-2020-13434;CVE-2020-13630;CVE-2021-20227
ICS-0501_inductive_ignition-scada-platform-8-1-edge_SBOM.json,ICS-0501,pkg:oss:sqlite,SQLite,3.41.2,CVE-2023-7104
ICS-0501_inductive_ignition-scada-platform-8-1-edge_SBOM.json,ICS-0501,pkg:oss:spring,Spring Framework,5.3.25,CVE-2023-20860;CVE-2023-20861
ICS-0501_inductive_ignition-scada-platform-8-1-edge_SBOM.json,ICS-0501,pkg:oss:openjdk,OpenJDK Runtime,11.0.14,CVE-2022-21426;CVE-2022-21449;CVE-2022-21496
ICS-0501_inductive_ignition-scada-platform-8-1-edge_SBOM.json,ICS-0501,pkg:oss:openssl,OpenSSL,1.1.1g,CVE-2020-1971;CVE-2021-3450;CVE-2021-3711
ICS-0501_inductive_ignition-scada-platform-8-1-edge_SBOM.json,ICS-0501,pkg:oss:log4j,Apache Log4j,2.14.1,CVE-2021-44228;CVE-2021-45046;CVE-2021-45105
ICS-0502_copadata_zenon-supervisor-11_SBOM.json,ICS-0502,pkg:oss:libcurl,libcurl,7.64.0,CVE-2019-5481;CVE-2019-5482;CVE-2020-8177
ICS-0502_copadata_zenon-supervisor-11_SBOM.json,ICS-0502,pkg:oss:openssl,OpenSSL,1.1.1k,CVE-2021-3711;CVE-2021-3712;CVE-2022-0778
ICS-0502_copadata_zenon-supervisor-11_SBOM.json,ICS-0502,pkg:oss:expat,Expat,2.2.0,CVE-2018-20843;CVE-2019-15903
ICS-0502_copadata_zenon-supervisor-11_SBOM.json,ICS-0502,pkg:oss:sqlite,SQLite,3.31.1,CVE-2020-13434;CVE-2020-13630;CVE-2021-20227
ICS-0502_copadata_zenon-supervisor-11_SBOM.json,ICS-0502,pkg:oss:sqlserver-express,Microsoft SQL Server Express,2019 CU22,CVE-2023-21528
ICS-0503_siemens_simatic-wincc-v8-0_SBOM.json,ICS-0503,pkg:oss:dotnet,Microsoft .NET Framework,4.6.2,CVE-2018-8421;CVE-2019-0545;CVE-2020-1147
ICS-0503_siemens_simatic-wincc-v8-0_SBOM.json,ICS-0503,pkg:oss:sqlite,SQLite,3.31.1,CVE-2020-13434;CVE-2020-13630;CVE-2021-20227
ICS-0503_siemens_simatic-wincc-v8-0_SBOM.json,ICS-0503,pkg:oss:zlib,zlib,1.2.8,CVE-2016-9840;CVE-2016-9841;CVE-2018-25032
ICS-0503_siemens_simatic-wincc-v8-0_SBOM.json,ICS-0503,pkg:oss:expat,Expat,2.2.0,CVE-2018-20843;CVE-2019-15903
ICS-0504_ge_cimplicity-hmi-scada-2022_SBOM.json,ICS-0504,pkg:oss:zlib,zlib,1.2.8,CVE-2016-9840;CVE-2016-9841;CVE-2018-25032
ICS-0504_ge_cimplicity-hmi-scada-2022_SBOM.json,ICS-0504,pkg:oss:expat,Expat,2.2.10,CVE-2022-22822;CVE-2022-23852;CVE-2022-25235
ICS-0504_ge_cimplicity-hmi-scada-2022_SBOM.json,ICS-0504,pkg:oss:libcurl,libcurl,8.0.1,CVE-2023-27533;CVE-2023-27536;CVE-2023-38545
ICS-0505_schneider_ecostruxure-geo-scada-expert-2022_SBOM.json,ICS-0505,pkg:oss:sqlite,SQLite,3.41.2,CVE-2023-7104
ICS-0505_schneider_ecostruxure-geo-scada-expert-2022_SBOM.json,ICS-0505,pkg:oss:libxml2,libxml2,2.9.4,CVE-2016-9318;CVE-2017-5969;CVE-2018-14567
ICS-0506_rockwell_factorytalk-view-se-13-00_SBOM.json,ICS-0506,pkg:oss:libcurl,libcurl,7.79.1,CVE-2022-22576;CVE-2022-27774;CVE-2022-32221
ICS-0506_rockwell_factorytalk-view-se-13-00_SBOM.json,ICS-0506,pkg:oss:dotnet,Microsoft .NET Framework,4.6.2,CVE-2018-8421;CVE-2019-0545;CVE-2020-1147
ICS-0506_rockwell_factorytalk-view-se-13-00_SBOM.json,ICS-0506,pkg:oss:libxml2,libxml2,2.9.14,CVE-2022-40303;CVE-2022-40304;CVE-2023-28484
ICS-0506_rockwell_factorytalk-view-se-13-00_SBOM.json,ICS-0506,pkg:oss:expat,Expat,2.2.10,CVE-2022-22822;CVE-2022-23852;CVE-2022-25235
ICS-0506_rockwell_factorytalk-view-se-13-00_SBOM.json,ICS-0506,pkg:oss:sqlserver-express,Microsoft SQL Server Express,2017 CU31,CVE-2022-29143;CVE-2023-21528
ICS-0506_rockwell_factorytalk-view-se-13-00_SBOM.json,ICS-0506,pkg:oss:zlib,zlib,1.2.12,CVE-2022-37434
ICS-0507_aveva_aveva-historian-2023_SBOM.json,ICS-0507,pkg:oss:sqlserver-express,Microsoft SQL Server Express,2017 CU31,CVE-2022-29143;CVE-2023-21528
ICS-0507_aveva_aveva-historian-2023_SBOM.json,ICS-0507,pkg:oss:libxml2,libxml2,2.10.4,CVE-2023-45322
ICS-0507_aveva_aveva-historian-2023_SBOM.json,ICS-0507,pkg:oss:sqlite,SQLite,3.22.0,CVE-2018-8740;CVE-2019-8457;CVE-2020-11655
ICS-0508_ge_proficy-historian-2023_SBOM.json,ICS-0508,pkg:oss:sqlite,SQLite,3.41.2,CVE-2023-7104
ICS-0508_ge_proficy-historian-2023_SBOM.json,ICS-0508,pkg:oss:openssl,OpenSSL,1.1.1n,CVE-2022-1292;CVE-2022-2068;CVE-2022-4304
ICS-0508_ge_proficy-historian-2023_SBOM.json,ICS-0508,pkg:oss:libcurl,libcurl,7.64.0,CVE-2019-5481;CVE-2019-5482;CVE-2020-8177
ICS-0509_honeywell_uniformance-phd-historian-r400_SBOM.json,ICS-0509,pkg:oss:openssl,OpenSSL,1.0.2u,CVE-2021-23840;CVE-2021-3712
ICS-0509_honeywell_uniformance-phd-historian-r400_SBOM.json,ICS-0509,pkg:oss:libcurl,libcurl,8.4.0,CVE-2023-46218;CVE-2024-2379
ICS-0509_honeywell_uniformance-phd-historian-r400_SBOM.json,ICS-0509,pkg:oss:sqlserver-express,Microsoft SQL Server Express,2016 SP2,CVE-2019-1068;CVE-2020-0618
ICS-0509_honeywell_uniformance-phd-historian-r400_SBOM.json,ICS-0509,pkg:oss:zlib,zlib,1.2.12,CVE-2022-37434
ICS-0509_honeywell_uniformance-phd-historian-r400_SBOM.json,ICS-0509,pkg:oss:dotnet,Microsoft .NET Framework,4.7.2,CVE-2020-1147;CVE-2021-24112;CVE-2021-26701
ICS-0510_emerson_deltav-continuous-historian-14-lts_SBOM.json,ICS-0510,pkg:oss:sqlserver-express,Microsoft SQL Server Express,2017 CU31,CVE-2022-29143;CVE-2023-21528
ICS-0510_emerson_deltav-continuous-historian-14-lts_SBOM.json,ICS-0510,pkg:oss:sqlite,SQLite,3.31.1,CVE-2020-13434;CVE-2020-13630;CVE-2021-20227
ICS-0510_emerson_deltav-continuous-historian-14-lts_SBOM.json,ICS-0510,pkg:oss:zlib,zlib,1.2.8,CVE-2016-9840;CVE-2016-9841;CVE-2018-25032
ICS-0510_emerson_deltav-continuous-historian-14-lts_SBOM.json,ICS-0510,pkg:oss:libcurl,libcurl,7.64.0,CVE-2019-5481;CVE-2019-5482;CVE-2020-8177
ICS-0511_yokogawa_exaquantum-plant-information-system-r3-15_SBOM.json,ICS-0511,pkg:oss:libcurl,libcurl,7.79.1,CVE-2022-22576;CVE-2022-27774;CVE-2022-32221
ICS-0511_yokogawa_exaquantum-plant-information-system-r3-15_SBOM.json,ICS-0511,pkg:oss:libxml2,libxml2,2.10.4,CVE-2023-45322
ICS-0511_yokogawa_exaquantum-plant-information-system-r3-15_SBOM.json,ICS-0511,pkg:oss:expat,Expat,2.2.0,CVE-2018-20843;CVE-2019-15903
ICS-0511_yokogawa_exaquantum-plant-information-system-r3-15_SBOM.json,ICS-0511,pkg:oss:sqlite,SQLite,3.41.2,CVE-2023-7104
ICS-0512_siemens_tia-portal-engineering-suite-v18_SBOM.json,ICS-0512,pkg:oss:libcurl,libcurl,7.64.0,CVE-2019-5481;CVE-2019-5482;CVE-2020-8177
ICS-0512_siemens_tia-portal-engineering-suite-v18_SBOM.json,ICS-0512,pkg:oss:zlib,zlib,1.2.12,CVE-2022-37434
ICS-0512_siemens_tia-portal-engineering-suite-v18_SBOM.json,ICS-0512,pkg:oss:sqlserver-express,Microsoft SQL Server Express,2016 SP2,CVE-2019-1068;CVE-2020-0618
ICS-0512_siemens_tia-portal-engineering-suite-v18_SBOM.json,ICS-0512,pkg:oss:libxml2,libxml2,2.10.4,CVE-2023-45322
ICS-0513_rockwell_studio-5000-logix-designer-32-00_SBOM.json,ICS-0513,pkg:oss:libxml2,libxml2,2.9.10,CVE-2021-3517;CVE-2021-3518;CVE-2022-29824
ICS-0513_rockwell_studio-5000-logix-designer-32-00_SBOM.json,ICS-0513,pkg:oss:dotnet,Microsoft .NET Framework,4.6.2,CVE-2018-8421;CVE-2019-0545;CVE-2020-1147
ICS-0514_schneider_ecostruxure-control-expert-v16-0_SBOM.json,ICS-0514,pkg:oss:libcurl,libcurl,7.64.0,CVE-2019-5481;CVE-2019-5482;CVE-2020-8177
ICS-0514_schneider_ecostruxure-control-expert-v16-0_SBOM.json,ICS-0514,pkg:oss:expat,Expat,2.2.0,CVE-2018-20843;CVE-2019-15903
ICS-0514_schneider_ecostruxure-control-expert-v16-0_SBOM.json,ICS-0514,pkg:oss:codesys-rt,CODESYS Control Runtime System,3.5.18.20,CVE-2023-37559;CVE-2023-37560
ICS-0515_mitsubishi_gx-works3-engineering-tool-1-090u_SBOM.json,ICS-0515,pkg:oss:libcurl,libcurl,8.4.0,CVE-2023-46218;CVE-2024-2379
ICS-0515_mitsubishi_gx-works3-engineering-tool-1-090u_SBOM.json,ICS-0515,pkg:oss:openssl,OpenSSL,1.1.1k,CVE-2021-3711;CVE-2021-3712;CVE-2022-0778
ICS-0516_codesys_codesys-development-system-v3-5-sp18_SBOM.json,ICS-0516,pkg:oss:zlib,zlib,1.2.12,CVE-2022-37434
ICS-0516_codesys_codesys-development-system-v3-5-sp18_SBOM.json,ICS-0516,pkg:oss:libcurl,libcurl,7.79.1,CVE-2022-22576;CVE-2022-27774;CVE-2022-32221
ICS-0516_codesys_codesys-development-system-v3-5-sp18_SBOM.json,ICS-0516,pkg:oss:sqlite,SQLite,3.31.1,CVE-2020-13434;CVE-2020-13630;CVE-2021-20227
ICS-0516_codesys_codesys-development-system-v3-5-sp18_SBOM.json,ICS-0516,pkg:oss:dotnet,Microsoft .NET Framework,4.6.2,CVE-2018-8421;CVE-2019-0545;CVE-2020-1147
ICS-0516_codesys_codesys-development-system-v3-5-sp18_SBOM.json,ICS-0516,pkg:oss:sqlserver-express,Microsoft SQL Server Express,2016 SP2,CVE-2019-1068;CVE-2020-0618
ICS-0517_abb_automation-builder-2-6_SBOM.json,ICS-0517,pkg:oss:openssl,OpenSSL,3.0.7,CVE-2023-0286;CVE-2023-0215;CVE-2022-4304
ICS-0517_abb_automation-builder-2-6_SBOM.json,ICS-0517,pkg:oss:sqlite,SQLite,3.31.1,CVE-2020-13434;CVE-2020-13630;CVE-2021-20227
ICS-0517_abb_automation-builder-2-6_SBOM.json,ICS-0517,pkg:oss:libcurl,libcurl,7.29.0,CVE-2016-8615;CVE-2018-1000120;CVE-2019-5482
ICS-0517_abb_automation-builder-2-6_SBOM.json,ICS-0517,pkg:oss:dotnet,Microsoft .NET Framework,4.8,CVE-2021-26701;CVE-2023-21808
ICS-0517_abb_automation-builder-2-6_SBOM.json,ICS-0517,pkg:oss:codesys-rt,CODESYS Control Runtime System,3.5.16.0,CVE-2021-30186;CVE-2021-30188;CVE-2021-30189
ICS-0518_emerson_deltav-md-plus-controller-sx_SBOM.json,ICS-0518,pkg:oss:zlib,zlib,1.2.12,CVE-2022-37434
ICS-0518_emerson_deltav-md-plus-controller-sx_SBOM.json,ICS-0518,pkg:oss:libxml2,libxml2,2.9.10,CVE-2021-3517;CVE-2021-3518;CVE-2022-29824
ICS-0518_emerson_deltav-md-plus-controller-sx_SBOM.json,ICS-0518,pkg:oss:expat,Expat,2.5.0,CVE-2023-52425
ICS-0518_emerson_deltav-md-plus-controller-sx_SBOM.json,ICS-0518,pkg:oss:net-snmp,Net-SNMP,5.9.1,CVE-2022-24805;CVE-2022-24809
ICS-0518_emerson_deltav-md-plus-controller-sx_SBOM.json,ICS-0518,pkg:oss:ntp,NTP Daemon,4.2.8p10,CVE-2018-7182;CVE-2018-7183;CVE-2018-7184
ICS-0518_emerson_deltav-md-plus-controller-sx_SBOM.json,ICS-0518,pkg:oss:sqlite,SQLite,3.41.2,CVE-2023-7104
ICS-0518_emerson_deltav-md-plus-controller-sx_SBOM.json,ICS-0518,pkg:oss:ipnet,Interpeak IPnet TCP/IP Stack,6.9,CVE-2019-12255;CVE-2019-12256;CVE-2019-12257;CVE-2019-12260
ICS-0519_honeywell_experion-c300-controller-c200e_SBOM.json,ICS-0519,pkg:oss:net-snmp,Net-SNMP,5.8,CVE-2020-15861;CVE-2020-15862;CVE-2022-24805
ICS-0519_honeywell_experion-c300-controller-c200e_SBOM.json,ICS-0519,pkg:oss:libxml2,libxml2,2.9.10,CVE-2021-3517;CVE-2021-3518;CVE-2022-29824
ICS-0519_honeywell_experion-c300-controller-c200e_SBOM.json,ICS-0519,pkg:oss:openssl,OpenSSL,1.0.2u,CVE-2021-23840;CVE-2021-3712
ICS-0519_honeywell_experion-c300-controller-c200e_SBOM.json,ICS-0519,pkg:oss:ntp,NTP Daemon,4.2.8p13,CVE-2019-8936;CVE-2020-11868
ICS-0519_honeywell_experion-c300-controller-c200e_SBOM.json,ICS-0519,pkg:oss:libcurl,libcurl,7.64.0,CVE-2019-5481;CVE-2019-5482;CVE-2020-8177
ICS-0519_honeywell_experion-c300-controller-c200e_SBOM.json,ICS-0519,pkg:oss:zlib,zlib,1.2.11,CVE-2018-25032;CVE-2022-37434
ICS-0519_honeywell_experion-c300-controller-c200e_SBOM.json,ICS-0519,pkg:oss:sqlite,SQLite,3.22.0,CVE-2018-8740;CVE-2019-8457;CVE-2020-11655
ICS-0519_honeywell_experion-c300-controller-c200e_SBOM.json,ICS-0519,pkg:oss:ipnet,Interpeak IPnet TCP/IP Stack,7.0,CVE-2019-12258;CVE-2019-12259;CVE-2019-12262
ICS-0520_yokogawa_centum-vp-field-control-station-afv10d_SBOM.json,ICS-0520,pkg:oss:wolfssl,wolfSSL,5.5.0,CVE-2022-42905;CVE-2023-3724
ICS-0520_yokogawa_centum-vp-field-control-station-afv10d_SBOM.json,ICS-0520,pkg:oss:treck-tcpip,Treck TCP/IP Stack,6.0.1.66,CVE-2020-11896;CVE-2020-11897;CVE-2020-11901
ICS-0520_yokogawa_centum-vp-field-control-station-afv10d_SBOM.json,ICS-0520,pkg:oss:lwip,lwIP,2.1.3,CVE-2023-5188
ICS-0520_yokogawa_centum-vp-field-control-station-afv10d_SBOM.json,ICS-0520,pkg:oss:expat,Expat,2.2.0,CVE-2018-20843;CVE-2019-15903
ICS-0520_yokogawa_centum-vp-field-control-station-afv10d_SBOM.json,ICS-0520,pkg:oss:ntp,NTP Daemon,4.2.8p10,CVE-2018-7182;CVE-2018-7183;CVE-2018-7184
ICS-0521_abb_ac-800m-controller-pm891_SBOM.json,ICS-0521,pkg:oss:sqlite,SQLite,3.41.2,CVE-2023-7104
ICS-0521_abb_ac-800m-controller-pm891_SBOM.json,ICS-0521,pkg:oss:libxml2,libxml2,2.9.4,CVE-2016-9318;CVE-2017-5969;CVE-2018-14567
ICS-0521_abb_ac-800m-controller-pm891_SBOM.json,ICS-0521,pkg:oss:expat,Expat,2.2.0,CVE-2018-20843;CVE-2019-15903
ICS-0521_abb_ac-800m-controller-pm891_SBOM.json,ICS-0521,pkg:oss:libmodbus,libmodbus,3.0.6,CVE-2019-14462;CVE-2019-14463
ICS-0521_abb_ac-800m-controller-pm891_SBOM.json,ICS-0521,pkg:oss:open62541,open62541 OPC UA Stack,1.3.6,CVE-2023-31048
ICS-0521_abb_ac-800m-controller-pm891_SBOM.json,ICS-0521,pkg:oss:ipnet,Interpeak IPnet TCP/IP Stack,6.9,CVE-2019-12255;CVE-2019-12256;CVE-2019-12257;CVE-2019-12260
ICS-0522_siemens_simatic-pcs-7-as-controller-as-417-4_SBOM.json,ICS-0522,pkg:oss:wolfssl,wolfSSL,5.5.0,CVE-2022-42905;CVE-2023-3724
ICS-0522_siemens_simatic-pcs-7-as-controller-as-417-4_SBOM.json,ICS-0522,pkg:oss:libmodbus,libmodbus,3.0.6,CVE-2019-14462;CVE-2019-14463
ICS-0522_siemens_simatic-pcs-7-as-controller-as-417-4_SBOM.json,ICS-0522,pkg:oss:zlib,zlib,1.2.8,CVE-2016-9840;CVE-2016-9841;CVE-2018-25032
ICS-0522_siemens_simatic-pcs-7-as-controller-as-417-4_SBOM.json,ICS-0522,pkg:oss:openssl,OpenSSL,1.1.1g,CVE-2020-1971;CVE-2021-3450;CVE-2021-3711
ICS-0523_hitachi-energy_symphony-plus-hpc800-brc410_SBOM.json,ICS-0523,pkg:oss:libmodbus,libmodbus,3.0.6,CVE-2019-14462;CVE-2019-14463
ICS-0523_hitachi-energy_symphony-plus-hpc800-brc410_SBOM.json,ICS-0523,pkg:oss:libcurl,libcurl,8.0.1,CVE-2023-27533;CVE-2023-27536;CVE-2023-38545
ICS-0523_hitachi-energy_symphony-plus-hpc800-brc410_SBOM.json,ICS-0523,pkg:oss:openssl,OpenSSL,1.1.1g,CVE-2020-1971;CVE-2021-3450;CVE-2021-3711
ICS-0523_hitachi-energy_symphony-plus-hpc800-brc410_SBOM.json,ICS-0523,pkg:oss:ntp,NTP Daemon,4.2.8p13,CVE-2019-8936;CVE-2020-11868
ICS-0524_schneider_triconex-tricon-cx-controller-trident-3_SBOM.json,ICS-0524,pkg:oss:treck-tcpip,Treck TCP/IP Stack,6.0.1.67,CVE-2020-11898;CVE-2020-11900
ICS-0524_schneider_triconex-tricon-cx-controller-trident-3_SBOM.json,ICS-0524,pkg:oss:zlib,zlib,1.2.8,CVE-2016-9840;CVE-2016-9841;CVE-2018-25032
ICS-0524_schneider_triconex-tricon-cx-controller-trident-3_SBOM.json,ICS-0524,pkg:oss:lwip,lwIP,2.1.3,CVE-2023-5188
ICS-0524_schneider_triconex-tricon-cx-controller-trident-3_SBOM.json,ICS-0524,pkg:oss:expat,Expat,2.5.0,CVE-2023-52425
ICS-0524_schneider_triconex-tricon-cx-controller-trident-3_SBOM.json,ICS-0524,pkg:oss:ntp,NTP Daemon,4.2.8p15,CVE-2023-26551
ICS-0525_hima_himax-safety-controller-x-cpu-01_SBOM.json,ICS-0525,pkg:oss:ntp,NTP Daemon,4.2.8p13,CVE-2019-8936;CVE-2020-11868
ICS-0525_hima_himax-safety-controller-x-cpu-01_SBOM.json,ICS-0525,pkg:oss:treck-tcpip,Treck TCP/IP Stack,6.0.1.67,CVE-2020-11898;CVE-2020-11900
ICS-0525_hima_himax-safety-controller-x-cpu-01_SBOM.json,ICS-0525,pkg:oss:libmodbus,libmodbus,3.1.4,CVE-2019-14462;CVE-2019-14463
ICS-0525_hima_himax-safety-controller-x-cpu-01_SBOM.json,ICS-0525,pkg:oss:expat,Expat,2.5.0,CVE-2023-52425
ICS-0525_hima_himax-safety-controller-x-cpu-01_SBOM.json,ICS-0525,pkg:oss:mbedtls,Mbed TLS,2.16.3,CVE-2020-10932;CVE-2020-16150;CVE-2021-24119
ICS-0526_pilz_pss-4000-safety-controller-pssu-h-fs_SBOM.json,ICS-0526,pkg:oss:ntp,NTP Daemon,4.2.8p15,CVE-2023-26551
ICS-0526_pilz_pss-4000-safety-controller-pssu-h-fs_SBOM.json,ICS-0526,pkg:oss:treck-tcpip,Treck TCP/IP Stack,6.0.1.67,CVE-2020-11898;CVE-2020-11900
ICS-0526_pilz_pss-4000-safety-controller-pssu-h-fs_SBOM.json,ICS-0526,pkg:oss:lwip,lwIP,2.1.2,CVE-2020-22283;CVE-2020-22285;CVE-2020-22286
ICS-0526_pilz_pss-4000-safety-controller-pssu-h-fs_SBOM.json,ICS-0526,pkg:oss:libmodbus,libmodbus,3.0.6,CVE-2019-14462;CVE-2019-14463
ICS-0527_siemens_simatic-s7-1500f-safety-cpu-1516f-3-pn-dp_SBOM.json,ICS-0527,pkg:oss:wolfssl,wolfSSL,4.5.0,CVE-2021-3336;CVE-2021-24116
ICS-0527_siemens_simatic-s7-1500f-safety-cpu-1516f-3-pn-dp_SBOM.json,ICS-0527,pkg:oss:openssl,OpenSSL,1.0.2k,CVE-2017-3731;CVE-2017-3732;CVE-2016-7055
ICS-0527_siemens_simatic-s7-1500f-safety-cpu-1516f-3-pn-dp_SBOM.json,ICS-0527,pkg:oss:expat,Expat,2.4.1,CVE-2022-25236;CVE-2022-25315
ICS-0527_siemens_simatic-s7-1500f-safety-cpu-1516f-3-pn-dp_SBOM.json,ICS-0527,pkg:oss:zlib,zlib,1.2.12,CVE-2022-37434
ICS-0527_siemens_simatic-s7-1500f-safety-cpu-1516f-3-pn-dp_SBOM.json,ICS-0527,pkg:oss:lwip,lwIP,2.1.2,CVE-2020-22283;CVE-2020-22285;CVE-2020-22286
ICS-0527_siemens_simatic-s7-1500f-safety-cpu-1516f-3-pn-dp_SBOM.json,ICS-0527,pkg:oss:treck-tcpip,Treck TCP/IP Stack,6.0.1.66,CVE-2020-11896;CVE-2020-11897;CVE-2020-11901
ICS-0528_rockwell_guardlogix-safety-controller-1756-l83es_SBOM.json,ICS-0528,pkg:oss:ntp,NTP Daemon,4.2.8p10,CVE-2018-7182;CVE-2018-7183;CVE-2018-7184
ICS-0528_rockwell_guardlogix-safety-controller-1756-l83es_SBOM.json,ICS-0528,pkg:oss:net-snmp,Net-SNMP,5.7.3,CVE-2018-18065;CVE-2019-20892;CVE-2020-15862
ICS-0528_rockwell_guardlogix-safety-controller-1756-l83es_SBOM.json,ICS-0528,pkg:oss:zlib,zlib,1.2.8,CVE-2016-9840;CVE-2016-9841;CVE-2018-25032
ICS-0528_rockwell_guardlogix-safety-controller-1756-l83es_SBOM.json,ICS-0528,pkg:oss:ipnet,Interpeak IPnet TCP/IP Stack,6.9,CVE-2019-12255;CVE-2019-12256;CVE-2019-12257;CVE-2019-12260
ICS-0528_rockwell_guardlogix-safety-controller-1756-l83es_SBOM.json,ICS-0528,pkg:oss:expat,Expat,2.2.0,CVE-2018-20843;CVE-2019-15903
ICS-0528_rockwell_guardlogix-safety-controller-1756-l83es_SBOM.json,ICS-0528,pkg:oss:sqlite,SQLite,3.31.1,CVE-2020-13434;CVE-2020-13630;CVE-2021-20227
ICS-0528_rockwell_guardlogix-safety-controller-1756-l83es_SBOM.json,ICS-0528,pkg:oss:open62541,open62541 OPC UA Stack,1.2.2,CVE-2021-40206;CVE-2022-25761
ICS-0529_moxa_mgate-protocol-gateway-5105-mb-eip_SBOM.json,ICS-0529,pkg:oss:dropbear,Dropbear SSH,2022.83,CVE-2023-48795
ICS-0529_moxa_mgate-protocol-gateway-5105-mb-eip_SBOM.json,ICS-0529,pkg:oss:expat,Expat,2.2.10,CVE-2022-22822;CVE-2022-23852;CVE-2022-25235
ICS-0529_moxa_mgate-protocol-gateway-5105-mb-eip_SBOM.json,ICS-0529,pkg:oss:libpcap,libpcap,1.9.1,CVE-2019-15165;CVE-2023-7256
ICS-0529_moxa_mgate-protocol-gateway-5105-mb-eip_SBOM.json,ICS-0529,pkg:oss:openssl,OpenSSL,1.0.2u,CVE-2021-23840;CVE-2021-3712
ICS-0529_moxa_mgate-protocol-gateway-5105-mb-eip_SBOM.json,ICS-0529,pkg:oss:lighttpd,lighttpd,1.4.64,CVE-2023-44487
ICS-0529_moxa_mgate-protocol-gateway-5105-mb-eip_SBOM.json,ICS-0529,pkg:oss:wpa-supplicant,wpa_supplicant,2.6,CVE-2017-13077;CVE-2017-13078;CVE-2018-14526
ICS-0529_moxa_mgate-protocol-gateway-5105-mb-eip_SBOM.json,ICS-0529,pkg:oss:codesys-rt,CODESYS Control Runtime System,3.5.18.20,CVE-2023-37559;CVE-2023-37560
ICS-0530_softing_edgeaggregator-gateway-ea-300_SBOM.json,ICS-0530,pkg:oss:openvpn,OpenVPN,2.4.7,CVE-2020-11810;CVE-2020-15078
ICS-0530_softing_edgeaggregator-gateway-ea-300_SBOM.json,ICS-0530,pkg:oss:busybox,BusyBox,1.30.1,CVE-2021-42374;CVE-2021-42378;CVE-2021-42386
ICS-0530_softing_edgeaggregator-gateway-ea-300_SBOM.json,ICS-0530,pkg:oss:openssl,OpenSSL,1.0.2u,CVE-2021-23840;CVE-2021-3712
ICS-0530_softing_edgeaggregator-gateway-ea-300_SBOM.json,ICS-0530,pkg:oss:nginx,nginx,1.18.0,CVE-2021-23017;CVE-2022-41741;CVE-2022-41742
ICS-0530_softing_edgeaggregator-gateway-ea-300_SBOM.json,ICS-0530,pkg:oss:musl,musl libc,1.1.24,CVE-2020-28928
ICS-0530_softing_edgeaggregator-gateway-ea-300_SBOM.json,ICS-0530,pkg:oss:dropbear,Dropbear SSH,2016.74,CVE-2016-7406;CVE-2016-7407;CVE-2016-7408
ICS-0530_softing_edgeaggregator-gateway-ea-300_SBOM.json,ICS-0530,pkg:oss:ntp,NTP Daemon,4.2.8p15,CVE-2023-26551
ICS-0530_softing_edgeaggregator-gateway-ea-300_SBOM.json,ICS-0530,pkg:oss:libpcap,libpcap,1.8.1,CVE-2018-16301;CVE-2019-15165
ICS-0531_advantech_ecu-1251-edge-gateway-ecu-1051_SBOM.json,ICS-0531,pkg:oss:nginx,nginx,1.14.2,CVE-2019-9511;CVE-2019-9513;CVE-2019-20372
ICS-0531_advantech_ecu-1251-edge-gateway-ecu-1051_SBOM.json,ICS-0531,pkg:oss:libcurl,libcurl,7.79.1,CVE-2022-22576;CVE-2022-27774;CVE-2022-32221
ICS-0531_advantech_ecu-1251-edge-gateway-ecu-1051_SBOM.json,ICS-0531,pkg:oss:wpa-supplicant,wpa_supplicant,2.10,CVE-2023-52160
ICS-0531_advantech_ecu-1251-edge-gateway-ecu-1051_SBOM.json,ICS-0531,pkg:oss:openssl,OpenSSL,3.0.7,CVE-2023-0286;CVE-2023-0215;CVE-2022-4304
ICS-0531_advantech_ecu-1251-edge-gateway-ecu-1051_SBOM.json,ICS-0531,pkg:oss:codesys-rt,CODESYS Control Runtime System,3.5.16.0,CVE-2021-30186;CVE-2021-30188;CVE-2021-30189
ICS-0532_phoenix_fl-mguard-security-appliance-rs2000_SBOM.json,ICS-0532,pkg:oss:linux-kernel,Linux Kernel,5.10.220,CVE-2024-1086
ICS-0532_phoenix_fl-mguard-security-appliance-rs2000_SBOM.json,ICS-0532,pkg:oss:open62541,open62541 OPC UA Stack,1.2.2,CVE-2021-40206;CVE-2022-25761
ICS-0532_phoenix_fl-mguard-security-appliance-rs2000_SBOM.json,ICS-0532,pkg:oss:wpa-supplicant,wpa_supplicant,2.10,CVE-2023-52160
ICS-0532_phoenix_fl-mguard-security-appliance-rs2000_SBOM.json,ICS-0532,pkg:oss:libcurl,libcurl,7.79.1,CVE-2022-22576;CVE-2022-27774;CVE-2022-32221
ICS-0532_phoenix_fl-mguard-security-appliance-rs2000_SBOM.json,ICS-0532,pkg:oss:sqlite,SQLite,3.22.0,CVE-2018-8740;CVE-2019-8457;CVE-2020-11655
ICS-0532_phoenix_fl-mguard-security-appliance-rs2000_SBOM.json,ICS-0532,pkg:oss:openvpn,OpenVPN,2.4.7,CVE-2020-11810;CVE-2020-15078
ICS-0532_phoenix_fl-mguard-security-appliance-rs2000_SBOM.json,ICS-0532,pkg:oss:libxml2,libxml2,2.10.4,CVE-2023-45322
ICS-0533_belden_eagle40-industrial-firewall-eagle30_SBOM.json,ICS-0533,pkg:oss:openssh,OpenSSH,7.4p1,CVE-2018-15473;CVE-2019-6111;CVE-2016-10708
ICS-0533_belden_eagle40-industrial-firewall-eagle30_SBOM.json,ICS-0533,pkg:oss:mosquitto,Eclipse Mosquitto,1.5.8,CVE-2019-11779;CVE-2021-28166
ICS-0533_belden_eagle40-industrial-firewall-eagle30_SBOM.json,ICS-0533,pkg:oss:u-boot,Das U-Boot,2021.10,CVE-2022-30767;CVE-2022-33967
ICS-0533_belden_eagle40-industrial-firewall-eagle30_SBOM.json,ICS-0533,pkg:oss:musl,musl libc,1.1.24,CVE-2020-28928
ICS-0533_belden_eagle40-industrial-firewall-eagle30_SBOM.json,ICS-0533,pkg:oss:ntp,NTP Daemon,4.2.8p15,CVE-2023-26551
ICS-0534_belden_rsp-managed-switch-rsp20_SBOM.json,ICS-0534,pkg:oss:dropbear,Dropbear SSH,2020.81,CVE-2021-36369
ICS-0534_belden_rsp-managed-switch-rsp20_SBOM.json,ICS-0534,pkg:oss:goahead,GoAhead Embedded Web Server,3.6.5,CVE-2017-17562;CVE-2019-5096;CVE-2019-5097
ICS-0534_belden_rsp-managed-switch-rsp20_SBOM.json,ICS-0534,pkg:oss:libxml2,libxml2,2.10.4,CVE-2023-45322
ICS-0534_belden_rsp-managed-switch-rsp20_SBOM.json,ICS-0534,pkg:oss:openvpn,OpenVPN,2.5.5,CVE-2022-0547;CVE-2023-46849;CVE-2023-46850
ICS-0535_westermo_lynx-dss-managed-switch-lynx-5612_SBOM.json,ICS-0535,pkg:oss:expat,Expat,2.2.0,CVE-2018-20843;CVE-2019-15903
ICS-0535_westermo_lynx-dss-managed-switch-lynx-5612_SBOM.json,ICS-0535,pkg:oss:ntp,NTP Daemon,4.2.8p10,CVE-2018-7182;CVE-2018-7183;CVE-2018-7184
ICS-0535_westermo_lynx-dss-managed-switch-lynx-5612_SBOM.json,ICS-0535,pkg:oss:glibc,GNU C Library,2.28,CVE-2021-3999;CVE-2021-33574;CVE-2023-4911
ICS-0536_moxa_eds-managed-ethernet-switch-eds-508a_SBOM.json,ICS-0536,pkg:oss:ntp,NTP Daemon,4.2.8p10,CVE-2018-7182;CVE-2018-7183;CVE-2018-7184
ICS-0536_moxa_eds-managed-ethernet-switch-eds-508a_SBOM.json,ICS-0536,pkg:oss:nginx,nginx,1.24.0,CVE-2023-44487
ICS-0536_moxa_eds-managed-ethernet-switch-eds-508a_SBOM.json,ICS-0536,pkg:oss:libcurl,libcurl,7.64.0,CVE-2019-5481;CVE-2019-5482;CVE-2020-8177
ICS-0536_moxa_eds-managed-ethernet-switch-eds-508a_SBOM.json,ICS-0536,pkg:oss:musl,musl libc,1.1.24,CVE-2020-28928
ICS-0536_moxa_eds-managed-ethernet-switch-eds-508a_SBOM.json,ICS-0536,pkg:oss:mosquitto,Eclipse Mosquitto,1.5.8,CVE-2019-11779;CVE-2021-28166
ICS-0536_moxa_eds-managed-ethernet-switch-eds-508a_SBOM.json,ICS-0536,pkg:oss:zlib,zlib,1.2.12,CVE-2022-37434
ICS-0536_moxa_eds-managed-ethernet-switch-eds-508a_SBOM.json,ICS-0536,pkg:oss:glibc,GNU C Library,2.17,CVE-2015-7547;CVE-2018-11236;CVE-2021-3999
ICS-0537_siemens_scalance-x-industrial-switch-x308-2_SBOM.json,ICS-0537,pkg:oss:goahead,GoAhead Embedded Web Server,4.1.0,CVE-2021-42342
ICS-0537_siemens_scalance-x-industrial-switch-x308-2_SBOM.json,ICS-0537,pkg:oss:libssh2,libssh2,1.9.0,CVE-2019-17498;CVE-2020-22218
ICS-0537_siemens_scalance-x-industrial-switch-x308-2_SBOM.json,ICS-0537,pkg:oss:net-snmp,Net-SNMP,5.9.1,CVE-2022-24805;CVE-2022-24809
ICS-0537_siemens_scalance-x-industrial-switch-x308-2_SBOM.json,ICS-0537,pkg:oss:dropbear,Dropbear SSH,2019.78,CVE-2018-15599;CVE-2020-36254
ICS-0537_siemens_scalance-x-industrial-switch-x308-2_SBOM.json,ICS-0537,pkg:oss:busybox,BusyBox,1.31.1,CVE-2021-42375;CVE-2021-42376;CVE-2022-28391
ICS-0537_siemens_scalance-x-industrial-switch-x308-2_SBOM.json,ICS-0537,pkg:oss:libcurl,libcurl,7.64.0,CVE-2019-5481;CVE-2019-5482;CVE-2020-8177
ICS-0537_siemens_scalance-x-industrial-switch-x308-2_SBOM.json,ICS-0537,pkg:oss:musl,musl libc,1.2.2,CVE-2020-28928
ICS-0538_siemens_ruggedcom-rx1500-router-rx1400_SBOM.json,ICS-0538,pkg:oss:libxml2,libxml2,2.9.14,CVE-2022-40303;CVE-2022-40304;CVE-2023-28484
ICS-0538_siemens_ruggedcom-rx1500-router-rx1400_SBOM.json,ICS-0538,pkg:oss:libmodbus,libmodbus,3.0.6,CVE-2019-14462;CVE-2019-14463
ICS-0538_siemens_ruggedcom-rx1500-router-rx1400_SBOM.json,ICS-0538,pkg:oss:libpcap,libpcap,1.8.1,CVE-2018-16301;CVE-2019-15165
ICS-0539_abb_acs880-industrial-drive-acs880-07_SBOM.json,ICS-0539,pkg:oss:treck-tcpip,Treck TCP/IP Stack,6.0.1.66,CVE-2020-11896;CVE-2020-11897;CVE-2020-11901
ICS-0539_abb_acs880-industrial-drive-acs880-07_SBOM.json,ICS-0539,pkg:oss:ntp,NTP Daemon,4.2.8p10,CVE-2018-7182;CVE-2018-7183;CVE-2018-7184
ICS-0539_abb_acs880-industrial-drive-acs880-07_SBOM.json,ICS-0539,pkg:oss:expat,Expat,2.5.0,CVE-2023-52425
ICS-0539_abb_acs880-industrial-drive-acs880-07_SBOM.json,ICS-0539,pkg:oss:lwip,lwIP,1.4.1,CVE-2014-1912;CVE-2020-22283;CVE-2020-22284
ICS-0539_abb_acs880-industrial-drive-acs880-07_SBOM.json,ICS-0539,pkg:oss:mbedtls,Mbed TLS,2.28.0,CVE-2022-35409;CVE-2023-43615
ICS-0539_abb_acs880-industrial-drive-acs880-07_SBOM.json,ICS-0539,pkg:oss:zlib,zlib,1.2.11,CVE-2018-25032;CVE-2022-37434
ICS-0539_abb_acs880-industrial-drive-acs880-07_SBOM.json,ICS-0539,pkg:oss:wolfssl,wolfSSL,5.5.0,CVE-2022-42905;CVE-2023-3724
ICS-0540_siemens_sinamics-s120-drive-cu310-2-pn_SBOM.json,ICS-0540,pkg:oss:openssl,OpenSSL,1.1.1g,CVE-2020-1971;CVE-2021-3450;CVE-2021-3711
ICS-0540_siemens_sinamics-s120-drive-cu310-2-pn_SBOM.json,ICS-0540,pkg:oss:wolfssl,wolfSSL,5.5.0,CVE-2022-42905;CVE-2023-3724
ICS-0540_siemens_sinamics-s120-drive-cu310-2-pn_SBOM.json,ICS-0540,pkg:oss:mbedtls,Mbed TLS,2.28.0,CVE-2022-35409;CVE-2023-43615
ICS-0540_siemens_sinamics-s120-drive-cu310-2-pn_SBOM.json,ICS-0540,pkg:oss:lwip,lwIP,2.1.3,CVE-2023-5188
ICS-0540_siemens_sinamics-s120-drive-cu310-2-pn_SBOM.json,ICS-0540,pkg:oss:ntp,NTP Daemon,4.2.8p13,CVE-2019-8936;CVE-2020-11868
ICS-0541_danfoss_vlt-automationdrive-fc-102_SBOM.json,ICS-0541,pkg:oss:openssl,OpenSSL,3.0.7,CVE-2023-0286;CVE-2023-0215;CVE-2022-4304
ICS-0541_danfoss_vlt-automationdrive-fc-102_SBOM.json,ICS-0541,pkg:oss:mbedtls,Mbed TLS,3.4.0,CVE-2023-43615
ICS-0541_danfoss_vlt-automationdrive-fc-102_SBOM.json,ICS-0541,pkg:oss:zlib,zlib,1.2.12,CVE-2022-37434
ICS-0542_rockwell_powerflex-755-drive-755t_SBOM.json,ICS-0542,pkg:oss:libmodbus,libmodbus,3.0.6,CVE-2019-14462;CVE-2019-14463
ICS-0542_rockwell_powerflex-755-drive-755t_SBOM.json,ICS-0542,pkg:oss:openssl,OpenSSL,1.1.1g,CVE-2020-1971;CVE-2021-3450;CVE-2021-3711
ICS-0542_rockwell_powerflex-755-drive-755t_SBOM.json,ICS-0542,pkg:oss:wolfssl,wolfSSL,4.5.0,CVE-2021-3336;CVE-2021-24116
ICS-0542_rockwell_powerflex-755-drive-755t_SBOM.json,ICS-0542,pkg:oss:treck-tcpip,Treck TCP/IP Stack,6.0.1.66,CVE-2020-11896;CVE-2020-11897;CVE-2020-11901
ICS-0542_rockwell_powerflex-755-drive-755t_SBOM.json,ICS-0542,pkg:oss:mbedtls,Mbed TLS,3.4.0,CVE-2023-43615
ICS-0543_bosch-rexroth_indradrive-controller-hcs02_SBOM.json,ICS-0543,pkg:oss:wolfssl,wolfSSL,4.5.0,CVE-2021-3336;CVE-2021-24116
ICS-0543_bosch-rexroth_indradrive-controller-hcs02_SBOM.json,ICS-0543,pkg:oss:zlib,zlib,1.2.11,CVE-2018-25032;CVE-2022-37434
ICS-0543_bosch-rexroth_indradrive-controller-hcs02_SBOM.json,ICS-0543,pkg:oss:openssl,OpenSSL,1.1.1k,CVE-2021-3711;CVE-2021-3712;CVE-2022-0778
ICS-0543_bosch-rexroth_indradrive-controller-hcs02_SBOM.json,ICS-0543,pkg:oss:ntp,NTP Daemon,4.2.8p10,CVE-2018-7182;CVE-2018-7183;CVE-2018-7184
ICS-0543_bosch-rexroth_indradrive-controller-hcs02_SBOM.json,ICS-0543,pkg:oss:codesys-rt,CODESYS Control Runtime System,3.5.19.20,CVE-2023-3663;CVE-2023-3665
ICS-0544_bosch-rexroth_indramotion-mlc-xm42_SBOM.json,ICS-0544,pkg:oss:open62541,open62541 OPC UA Stack,1.2.2,CVE-2021-40206;CVE-2022-25761
ICS-0544_bosch-rexroth_indramotion-mlc-xm42_SBOM.json,ICS-0544,pkg:oss:nginx,nginx,1.14.2,CVE-2019-9511;CVE-2019-9513;CVE-2019-20372
ICS-0544_bosch-rexroth_indramotion-mlc-xm42_SBOM.json,ICS-0544,pkg:oss:libssh2,libssh2,1.8.0,CVE-2019-3855;CVE-2019-3856;CVE-2019-3858
ICS-0544_bosch-rexroth_indramotion-mlc-xm42_SBOM.json,ICS-0544,pkg:oss:dropbear,Dropbear SSH,2016.74,CVE-2016-7406;CVE-2016-7407;CVE-2016-7408
ICS-0544_bosch-rexroth_indramotion-mlc-xm42_SBOM.json,ICS-0544,pkg:oss:glibc,GNU C Library,2.17,CVE-2015-7547;CVE-2018-11236;CVE-2021-3999
ICS-0544_bosch-rexroth_indramotion-mlc-xm42_SBOM.json,ICS-0544,pkg:oss:goahead,GoAhead Embedded Web Server,4.1.0,CVE-2021-42342
ICS-0544_bosch-rexroth_indramotion-mlc-xm42_SBOM.json,ICS-0544,pkg:oss:openssh,OpenSSH,9.6p1,CVE-2024-6387
ICS-0544_bosch-rexroth_indramotion-mlc-xm42_SBOM.json,ICS-0544,pkg:oss:sqlite,SQLite,3.39.4,CVE-2022-46908;CVE-2023-7104
ICS-0544_bosch-rexroth_indramotion-mlc-xm42_SBOM.json,ICS-0544,pkg:oss:libxml2,libxml2,2.9.10,CVE-2021-3517;CVE-2021-3518;CVE-2022-29824
ICS-0544_bosch-rexroth_indramotion-mlc-xm42_SBOM.json,ICS-0544,pkg:oss:codesys-rt,CODESYS Control Runtime System,3.5.19.20,CVE-2023-3663;CVE-2023-3665
ICS-0545_fuji_frenic-ace-inverter-frn0012e2s_SBOM.json,ICS-0545,pkg:oss:ntp,NTP Daemon,4.2.8p13,CVE-2019-8936;CVE-2020-11868
ICS-0545_fuji_frenic-ace-inverter-frn0012e2s_SBOM.json,ICS-0545,pkg:oss:mbedtls,Mbed TLS,3.4.0,CVE-2023-43615
ICS-0545_fuji_frenic-ace-inverter-frn0012e2s_SBOM.json,ICS-0545,pkg:oss:lwip,lwIP,1.4.1,CVE-2014-1912;CVE-2020-22283;CVE-2020-22284
ICS-0546_mitsubishi_melfa-robot-controller-cr800-r_SBOM.json,ICS-0546,pkg:oss:openssl,OpenSSL,1.0.2u,CVE-2021-23840;CVE-2021-3712
ICS-0546_mitsubishi_melfa-robot-controller-cr800-r_SBOM.json,ICS-0546,pkg:oss:wolfssl,wolfSSL,4.5.0,CVE-2021-3336;CVE-2021-24116
ICS-0546_mitsubishi_melfa-robot-controller-cr800-r_SBOM.json,ICS-0546,pkg:oss:libmodbus,libmodbus,3.1.4,CVE-2019-14462;CVE-2019-14463
ICS-0546_mitsubishi_melfa-robot-controller-cr800-r_SBOM.json,ICS-0546,pkg:oss:zlib,zlib,1.2.12,CVE-2022-37434
ICS-0546_mitsubishi_melfa-robot-controller-cr800-r_SBOM.json,ICS-0546,pkg:oss:mbedtls,Mbed TLS,3.4.0,CVE-2023-43615
ICS-0546_mitsubishi_melfa-robot-controller-cr800-r_SBOM.json,ICS-0546,pkg:oss:treck-tcpip,Treck TCP/IP Stack,6.0.1.66,CVE-2020-11896;CVE-2020-11897;CVE-2020-11901
ICS-0547_abb_irc5-robot-controller-irc5-single_SBOM.json,ICS-0547,pkg:oss:libxml2,libxml2,2.10.4,CVE-2023-45322
ICS-0547_abb_irc5-robot-controller-irc5-single_SBOM.json,ICS-0547,pkg:oss:net-snmp,Net-SNMP,5.9.1,CVE-2022-24805;CVE-2022-24809
ICS-0547_abb_irc5-robot-controller-irc5-single_SBOM.json,ICS-0547,pkg:oss:ntp,NTP Daemon,4.2.8p13,CVE-2019-8936;CVE-2020-11868
ICS-0547_abb_irc5-robot-controller-irc5-single_SBOM.json,ICS-0547,pkg:oss:zlib,zlib,1.2.11,CVE-2018-25032;CVE-2022-37434
ICS-0547_abb_irc5-robot-controller-irc5-single_SBOM.json,ICS-0547,pkg:oss:openssl,OpenSSL,1.0.2u,CVE-2021-23840;CVE-2021-3712
ICS-0547_abb_irc5-robot-controller-irc5-single_SBOM.json,ICS-0547,pkg:oss:ipnet,Interpeak IPnet TCP/IP Stack,6.9,CVE-2019-12255;CVE-2019-12256;CVE-2019-12257;CVE-2019-12260
ICS-0547_abb_irc5-robot-controller-irc5-single_SBOM.json,ICS-0547,pkg:oss:expat,Expat,2.4.1,CVE-2022-25236;CVE-2022-25315
ICS-0548_keyence_cnc-motion-unit-mc-2_SBOM.json,ICS-0548,pkg:oss:openssl,OpenSSL,1.1.1k,CVE-2021-3711;CVE-2021-3712;CVE-2022-0778
ICS-0548_keyence_cnc-motion-unit-mc-2_SBOM.json,ICS-0548,pkg:oss:lwip,lwIP,1.4.1,CVE-2014-1912;CVE-2020-22283;CVE-2020-22284
ICS-0548_keyence_cnc-motion-unit-mc-2_SBOM.json,ICS-0548,pkg:oss:expat,Expat,2.2.10,CVE-2022-22822;CVE-2022-23852;CVE-2022-25235
ICS-0548_keyence_cnc-motion-unit-mc-2_SBOM.json,ICS-0548,pkg:oss:treck-tcpip,Treck TCP/IP Stack,6.0.1.66,CVE-2020-11896;CVE-2020-11897;CVE-2020-11901
ICS-0549_mitsubishi_m800-cnc-controller-m850w_SBOM.json,ICS-0549,pkg:oss:zlib,zlib,1.2.12,CVE-2022-37434
ICS-0549_mitsubishi_m800-cnc-controller-m850w_SBOM.json,ICS-0549,pkg:oss:wolfssl,wolfSSL,5.5.0,CVE-2022-42905;CVE-2023-3724
ICS-0549_mitsubishi_m800-cnc-controller-m850w_SBOM.json,ICS-0549,pkg:oss:libmodbus,libmodbus,3.1.4,CVE-2019-14462;CVE-2019-14463
ICS-0549_mitsubishi_m800-cnc-controller-m850w_SBOM.json,ICS-0549,pkg:oss:lwip,lwIP,2.1.3,CVE-2023-5188
ICS-0549_mitsubishi_m800-cnc-controller-m850w_SBOM.json,ICS-0549,pkg:oss:mbedtls,Mbed TLS,2.16.3,CVE-2020-10932;CVE-2020-16150;CVE-2021-24119
ICS-0549_mitsubishi_m800-cnc-controller-m850w_SBOM.json,ICS-0549,pkg:oss:expat,Expat,2.2.10,CVE-2022-22822;CVE-2022-23852;CVE-2022-25235
ICS-0549_mitsubishi_m800-cnc-controller-m850w_SBOM.json,ICS-0549,pkg:oss:ntp,NTP Daemon,4.2.8p13,CVE-2019-8936;CVE-2020-11868
ICS-0550_emerson_rosemount-3051s-transmitter-3051smv_SBOM.json,ICS-0550,pkg:oss:mbedtls,Mbed TLS,3.4.0,CVE-2023-43615
ICS-0550_emerson_rosemount-3051s-transmitter-3051smv_SBOM.json,ICS-0550,pkg:oss:wolfssl,wolfSSL,5.5.0,CVE-2022-42905;CVE-2023-3724
ICS-0550_emerson_rosemount-3051s-transmitter-3051smv_SBOM.json,ICS-0550,pkg:oss:lwip,lwIP,2.1.2,CVE-2020-22283;CVE-2020-22285;CVE-2020-22286
ICS-0551_yokogawa_eja-e-series-transmitter-eja430e_SBOM.json,ICS-0551,pkg:oss:lwip,lwIP,2.0.3,CVE-2020-22283;CVE-2020-22284;CVE-2020-22288
ICS-0551_yokogawa_eja-e-series-transmitter-eja430e_SBOM.json,ICS-0551,pkg:oss:mbedtls,Mbed TLS,3.4.0,CVE-2023-43615
ICS-0551_yokogawa_eja-e-series-transmitter-eja430e_SBOM.json,ICS-0551,pkg:oss:treck-tcpip,Treck TCP/IP Stack,6.0.1.67,CVE-2020-11898;CVE-2020-11900
ICS-0552_honeywell_smartline-st800-transmitter-st700_SBOM.json,ICS-0552,pkg:oss:mbedtls,Mbed TLS,2.16.3,CVE-2020-10932;CVE-2020-16150;CVE-2021-24119
ICS-0552_honeywell_smartline-st800-transmitter-st700_SBOM.json,ICS-0552,pkg:oss:lwip,lwIP,1.4.1,CVE-2014-1912;CVE-2020-22283;CVE-2020-22284
ICS-0552_honeywell_smartline-st800-transmitter-st700_SBOM.json,ICS-0552,pkg:oss:wolfssl,wolfSSL,4.5.0,CVE-2021-3336;CVE-2021-24116
ICS-0553_abb_merging-unit-sam600-sam600-ct_SBOM.json,ICS-0553,pkg:oss:treck-tcpip,Treck TCP/IP Stack,6.0.1.66,CVE-2020-11896;CVE-2020-11897;CVE-2020-11901
ICS-0553_abb_merging-unit-sam600-sam600-ct_SBOM.json,ICS-0553,pkg:oss:mbedtls,Mbed TLS,3.4.0,CVE-2023-43615
ICS-0553_abb_merging-unit-sam600-sam600-ct_SBOM.json,ICS-0553,pkg:oss:zlib,zlib,1.2.12,CVE-2022-37434
ICS-0553_abb_merging-unit-sam600-sam600-ct_SBOM.json,ICS-0553,pkg:oss:ntp,NTP Daemon,4.2.8p15,CVE-2023-26551
ICS-0554_schneider_powerlogic-ion9000-meter-ion7650_SBOM.json,ICS-0554,pkg:oss:open62541,open62541 OPC UA Stack,1.2.2,CVE-2021-40206;CVE-2022-25761
ICS-0554_schneider_powerlogic-ion9000-meter-ion7650_SBOM.json,ICS-0554,pkg:oss:expat,Expat,2.4.1,CVE-2022-25236;CVE-2022-25315
ICS-0554_schneider_powerlogic-ion9000-meter-ion7650_SBOM.json,ICS-0554,pkg:oss:lighttpd,lighttpd,1.4.55,CVE-2022-22707;CVE-2023-44487
ICS-0555_ge_epm-9900-power-meter-epm7000_SBOM.json,ICS-0555,pkg:oss:treck-tcpip,Treck TCP/IP Stack,6.0.1.66,CVE-2020-11896;CVE-2020-11897;CVE-2020-11901
ICS-0555_ge_epm-9900-power-meter-epm7000_SBOM.json,ICS-0555,pkg:oss:wolfssl,wolfSSL,4.5.0,CVE-2021-3336;CVE-2021-24116
ICS-0555_ge_epm-9900-power-meter-epm7000_SBOM.json,ICS-0555,pkg:oss:expat,Expat,2.2.0,CVE-2018-20843;CVE-2019-15903
ICS-0555_ge_epm-9900-power-meter-epm7000_SBOM.json,ICS-0555,pkg:oss:mbedtls,Mbed TLS,3.4.0,CVE-2023-43615
ICS-0556_ptc_kepserverex-connectivity-platform-6-13_SBOM.json,ICS-0556,pkg:oss:dotnet,Microsoft .NET Framework,4.6.2,CVE-2018-8421;CVE-2019-0545;CVE-2020-1147
ICS-0556_ptc_kepserverex-connectivity-platform-6-13_SBOM.json,ICS-0556,pkg:oss:libcurl,libcurl,7.29.0,CVE-2016-8615;CVE-2018-1000120;CVE-2019-5482
ICS-0556_ptc_kepserverex-connectivity-platform-6-13_SBOM.json,ICS-0556,pkg:oss:openssl,OpenSSL,3.0.7,CVE-2023-0286;CVE-2023-0215;CVE-2022-4304
ICS-0557_softing_datafeed-opc-suite-v5-22_SBOM.json,ICS-0557,pkg:oss:openssl,OpenSSL,3.0.7,CVE-2023-0286;CVE-2023-0215;CVE-2022-4304
ICS-0557_softing_datafeed-opc-suite-v5-22_SBOM.json,ICS-0557,pkg:oss:zlib,zlib,1.2.8,CVE-2016-9840;CVE-2016-9841;CVE-2018-25032
ICS-0557_softing_datafeed-opc-suite-v5-22_SBOM.json,ICS-0557,pkg:oss:libcurl,libcurl,8.0.1,CVE-2023-27533;CVE-2023-27536;CVE-2023-38545
ICS-0557_softing_datafeed-opc-suite-v5-22_SBOM.json,ICS-0557,pkg:oss:expat,Expat,2.2.0,CVE-2018-20843;CVE-2019-15903
ICS-0557_softing_datafeed-opc-suite-v5-22_SBOM.json,ICS-0557,pkg:oss:dotnet,Microsoft .NET Framework,4.8,CVE-2021-26701;CVE-2023-21808
ICS-0557_softing_datafeed-opc-suite-v5-22_SBOM.json,ICS-0557,pkg:oss:libxml2,libxml2,2.9.4,CVE-2016-9318;CVE-2017-5969;CVE-2018-14567
ICS-0557_softing_datafeed-opc-suite-v5-22_SBOM.json,ICS-0557,pkg:oss:sqlite,SQLite,3.39.4,CVE-2022-46908;CVE-2023-7104
ICS-0558_aveva_aveva-opc-ua-server-2023_SBOM.json,ICS-0558,pkg:oss:libcurl,libcurl,7.79.1,CVE-2022-22576;CVE-2022-27774;CVE-2022-32221
ICS-0558_aveva_aveva-opc-ua-server-2023_SBOM.json,ICS-0558,pkg:oss:openssl,OpenSSL,1.0.2k,CVE-2017-3731;CVE-2017-3732;CVE-2016-7055
ICS-0558_aveva_aveva-opc-ua-server-2023_SBOM.json,ICS-0558,pkg:oss:sqlserver-express,Microsoft SQL Server Express,2017 CU31,CVE-2022-29143;CVE-2023-21528
ICS-0559_honeywell_excel-web-ii-bacnet-controller-xl1000c1000_SBOM.json,ICS-0559,pkg:oss:openvpn,OpenVPN,2.5.5,CVE-2022-0547;CVE-2023-46849;CVE-2023-46850
ICS-0559_honeywell_excel-web-ii-bacnet-controller-xl1000c1000_SBOM.json,ICS-0559,pkg:oss:openssl,OpenSSL,1.0.2u,CVE-2021-23840;CVE-2021-3712
ICS-0559_honeywell_excel-web-ii-bacnet-controller-xl1000c1000_SBOM.json,ICS-0559,pkg:oss:busybox,BusyBox,1.30.1,CVE-2021-42374;CVE-2021-42378;CVE-2021-42386
ICS-0559_honeywell_excel-web-ii-bacnet-controller-xl1000c1000_SBOM.json,ICS-0559,pkg:oss:glibc,GNU C Library,2.35,CVE-2023-4911;CVE-2024-2961
ICS-0559_honeywell_excel-web-ii-bacnet-controller-xl1000c1000_SBOM.json,ICS-0559,pkg:oss:open62541,open62541 OPC UA Stack,1.3.6,CVE-2023-31048
ICS-0560_siemens_desigo-pxc-automation-station-pxc200-e-d_SBOM.json,ICS-0560,pkg:oss:libmodbus,libmodbus,3.1.4,CVE-2019-14462;CVE-2019-14463
ICS-0560_siemens_desigo-pxc-automation-station-pxc200-e-d_SBOM.json,ICS-0560,pkg:oss:mbedtls,Mbed TLS,2.28.0,CVE-2022-35409;CVE-2023-43615
ICS-0560_siemens_desigo-pxc-automation-station-pxc200-e-d_SBOM.json,ICS-0560,pkg:oss:openssl,OpenSSL,1.1.1n,CVE-2022-1292;CVE-2022-2068;CVE-2022-4304
ICS-0560_siemens_desigo-pxc-automation-station-pxc200-e-d_SBOM.json,ICS-0560,pkg:oss:lwip,lwIP,2.1.2,CVE-2020-22283;CVE-2020-22285;CVE-2020-22286
ICS-0560_siemens_desigo-pxc-automation-station-pxc200-e-d_SBOM.json,ICS-0560,pkg:oss:expat,Expat,2.4.1,CVE-2022-25236;CVE-2022-25315
ICS-0560_siemens_desigo-pxc-automation-station-pxc200-e-d_SBOM.json,ICS-0560,pkg:oss:zlib,zlib,1.2.8,CVE-2016-9840;CVE-2016-9841;CVE-2018-25032
ICS-0561_schneider_smartx-as-p-controller-as-b_SBOM.json,ICS-0561,pkg:oss:open62541,open62541 OPC UA Stack,1.2.2,CVE-2021-40206;CVE-2022-25761
ICS-0561_schneider_smartx-as-p-controller-as-b_SBOM.json,ICS-0561,pkg:oss:musl,musl libc,1.2.2,CVE-2020-28928
ICS-0561_schneider_smartx-as-p-controller-as-b_SBOM.json,ICS-0561,pkg:oss:net-snmp,Net-SNMP,5.9.1,CVE-2022-24805;CVE-2022-24809
ICS-0561_schneider_smartx-as-p-controller-as-b_SBOM.json,ICS-0561,pkg:oss:expat,Expat,2.2.10,CVE-2022-22822;CVE-2022-23852;CVE-2022-25235
ICS-0562_delta_ez-building-controller-ezns-500_SBOM.json,ICS-0562,pkg:oss:dnsmasq,dnsmasq,2.86,CVE-2022-0934;CVE-2023-28450
ICS-0562_delta_ez-building-controller-ezns-500_SBOM.json,ICS-0562,pkg:oss:libssh2,libssh2,1.8.0,CVE-2019-3855;CVE-2019-3856;CVE-2019-3858
ICS-0562_delta_ez-building-controller-ezns-500_SBOM.json,ICS-0562,pkg:oss:busybox,BusyBox,1.35.0,CVE-2022-28391
ICS-0562_delta_ez-building-controller-ezns-500_SBOM.json,ICS-0562,pkg:oss:zlib,zlib,1.2.8,CVE-2016-9840;CVE-2016-9841;CVE-2018-25032
ICS-0562_delta_ez-building-controller-ezns-500_SBOM.json,ICS-0562,pkg:oss:openssl,OpenSSL,3.0.7,CVE-2023-0286;CVE-2023-0215;CVE-2022-4304
ICS-0563_phoenix_radioline-wireless-gateway-rad-900_SBOM.json,ICS-0563,pkg:oss:mbedtls,Mbed TLS,2.28.0,CVE-2022-35409;CVE-2023-43615
ICS-0563_phoenix_radioline-wireless-gateway-rad-900_SBOM.json,ICS-0563,pkg:oss:lwip,lwIP,2.1.3,CVE-2023-5188
ICS-0564_moxa_awk-industrial-wireless-ap-awk-4131a_SBOM.json,ICS-0564,pkg:oss:openvpn,OpenVPN,2.4.7,CVE-2020-11810;CVE-2020-15078
ICS-0564_moxa_awk-industrial-wireless-ap-awk-4131a_SBOM.json,ICS-0564,pkg:oss:u-boot,Das U-Boot,2020.04,CVE-2020-10648;CVE-2021-27097;CVE-2022-30767
ICS-0564_moxa_awk-industrial-wireless-ap-awk-4131a_SBOM.json,ICS-0564,pkg:oss:openssl,OpenSSL,1.0.2u,CVE-2021-23840;CVE-2021-3712
ICS-0564_moxa_awk-industrial-wireless-ap-awk-4131a_SBOM.json,ICS-0564,pkg:oss:sqlite,SQLite,3.31.1,CVE-2020-13434;CVE-2020-13630;CVE-2021-20227
ICS-0564_moxa_awk-industrial-wireless-ap-awk-4131a_SBOM.json,ICS-0564,pkg:oss:libcurl,libcurl,7.79.1,CVE-2022-22576;CVE-2022-27774;CVE-2022-32221
ICS-0564_moxa_awk-industrial-wireless-ap-awk-4131a_SBOM.json,ICS-0564,pkg:oss:expat,Expat,2.2.10,CVE-2022-22822;CVE-2022-23852;CVE-2022-25235
ICS-0565_emerson_wireless-1420-gateway-1410s_SBOM.json,ICS-0565,pkg:oss:dnsmasq,dnsmasq,2.82,CVE-2020-25681;CVE-2020-25684;CVE-2021-3448
ICS-0565_emerson_wireless-1420-gateway-1410s_SBOM.json,ICS-0565,pkg:oss:libssh2,libssh2,1.9.0,CVE-2019-17498;CVE-2020-22218
ICS-0565_emerson_wireless-1420-gateway-1410s_SBOM.json,ICS-0565,pkg:oss:lighttpd,lighttpd,1.4.64,CVE-2023-44487
ICS-0565_emerson_wireless-1420-gateway-1410s_SBOM.json,ICS-0565,pkg:oss:libmodbus,libmodbus,3.0.6,CVE-2019-14462;CVE-2019-14463
ICS-0565_emerson_wireless-1420-gateway-1410s_SBOM.json,ICS-0565,pkg:oss:dropbear,Dropbear SSH,2019.78,CVE-2018-15599;CVE-2020-36254
ICS-0565_emerson_wireless-1420-gateway-1410s_SBOM.json,ICS-0565,pkg:oss:nginx,nginx,1.14.2,CVE-2019-9511;CVE-2019-9513;CVE-2019-20372
ICS-0565_emerson_wireless-1420-gateway-1410s_SBOM.json,ICS-0565,pkg:oss:net-snmp,Net-SNMP,5.8,CVE-2020-15861;CVE-2020-15862;CVE-2022-24805
ICS-0566_siemens_simatic-s7-1500-cpu-1513-1-pn_SBOM.json,ICS-0566,pkg:oss:wolfssl,wolfSSL,4.5.0,CVE-2021-3336;CVE-2021-24116
ICS-0566_siemens_simatic-s7-1500-cpu-1513-1-pn_SBOM.json,ICS-0566,pkg:oss:expat,Expat,2.2.10,CVE-2022-22822;CVE-2022-23852;CVE-2022-25235
ICS-0566_siemens_simatic-s7-1500-cpu-1513-1-pn_SBOM.json,ICS-0566,pkg:oss:zlib,zlib,1.2.8,CVE-2016-9840;CVE-2016-9841;CVE-2018-25032
ICS-0566_siemens_simatic-s7-1500-cpu-1513-1-pn_SBOM.json,ICS-0566,pkg:oss:openssl,OpenSSL,1.1.1n,CVE-2022-1292;CVE-2022-2068;CVE-2022-4304
ICS-0566_siemens_simatic-s7-1500-cpu-1513-1-pn_SBOM.json,ICS-0566,pkg:oss:ntp,NTP Daemon,4.2.8p13,CVE-2019-8936;CVE-2020-11868
ICS-0566_siemens_simatic-s7-1500-cpu-1513-1-pn_SBOM.json,ICS-0566,pkg:oss:treck-tcpip,Treck TCP/IP Stack,6.0.1.66,CVE-2020-11896;CVE-2020-11897;CVE-2020-11901
ICS-0567_siemens_simatic-s7-1200-cpu-1214c_SBOM.json,ICS-0567,pkg:oss:treck-tcpip,Treck TCP/IP Stack,6.0.1.66,CVE-2020-11896;CVE-2020-11897;CVE-2020-11901
ICS-0567_siemens_simatic-s7-1200-cpu-1214c_SBOM.json,ICS-0567,pkg:oss:expat,Expat,2.2.0,CVE-2018-20843;CVE-2019-15903
ICS-0567_siemens_simatic-s7-1200-cpu-1214c_SBOM.json,ICS-0567,pkg:oss:libmodbus,libmodbus,3.1.4,CVE-2019-14462;CVE-2019-14463
ICS-0567_siemens_simatic-s7-1200-cpu-1214c_SBOM.json,ICS-0567,pkg:oss:mbedtls,Mbed TLS,2.16.3,CVE-2020-10932;CVE-2020-16150;CVE-2021-24119
ICS-0568_siemens_simatic-s7-400-cpu-417-4h_SBOM.json,ICS-0568,pkg:oss:lwip,lwIP,2.1.3,CVE-2023-5188
ICS-0568_siemens_simatic-s7-400-cpu-417-4h_SBOM.json,ICS-0568,pkg:oss:wolfssl,wolfSSL,5.5.0,CVE-2022-42905;CVE-2023-3724
ICS-0568_siemens_simatic-s7-400-cpu-417-4h_SBOM.json,ICS-0568,pkg:oss:mbedtls,Mbed TLS,3.4.0,CVE-2023-43615
ICS-0568_siemens_simatic-s7-400-cpu-417-4h_SBOM.json,ICS-0568,pkg:oss:expat,Expat,2.5.0,CVE-2023-52425
ICS-0569_rockwell_controllogix-controller-1756-l73_SBOM.json,ICS-0569,pkg:oss:ntp,NTP Daemon,4.2.8p13,CVE-2019-8936;CVE-2020-11868
ICS-0569_rockwell_controllogix-controller-1756-l73_SBOM.json,ICS-0569,pkg:oss:libcurl,libcurl,8.4.0,CVE-2023-46218;CVE-2024-2379
ICS-0569_rockwell_controllogix-controller-1756-l73_SBOM.json,ICS-0569,pkg:oss:zlib,zlib,1.2.11,CVE-2018-25032;CVE-2022-37434
ICS-0569_rockwell_controllogix-controller-1756-l73_SBOM.json,ICS-0569,pkg:oss:net-snmp,Net-SNMP,5.7.3,CVE-2018-18065;CVE-2019-20892;CVE-2020-15862
ICS-0569_rockwell_controllogix-controller-1756-l73_SBOM.json,ICS-0569,pkg:oss:ipnet,Interpeak IPnet TCP/IP Stack,7.0,CVE-2019-12258;CVE-2019-12259;CVE-2019-12262
ICS-0569_rockwell_controllogix-controller-1756-l73_SBOM.json,ICS-0569,pkg:oss:libxml2,libxml2,2.9.14,CVE-2022-40303;CVE-2022-40304;CVE-2023-28484
ICS-0570_rockwell_compactlogix-controller-5370-l33er_SBOM.json,ICS-0570,pkg:oss:openssl,OpenSSL,1.0.2k,CVE-2017-3731;CVE-2017-3732;CVE-2016-7055
ICS-0570_rockwell_compactlogix-controller-5370-l33er_SBOM.json,ICS-0570,pkg:oss:ntp,NTP Daemon,4.2.8p13,CVE-2019-8936;CVE-2020-11868
ICS-0570_rockwell_compactlogix-controller-5370-l33er_SBOM.json,ICS-0570,pkg:oss:net-snmp,Net-SNMP,5.7.3,CVE-2018-18065;CVE-2019-20892;CVE-2020-15862
ICS-0570_rockwell_compactlogix-controller-5370-l33er_SBOM.json,ICS-0570,pkg:oss:expat,Expat,2.2.0,CVE-2018-20843;CVE-2019-15903
ICS-0570_rockwell_compactlogix-controller-5370-l33er_SBOM.json,ICS-0570,pkg:oss:sqlite,SQLite,3.22.0,CVE-2018-8740;CVE-2019-8457;CVE-2020-11655
ICS-0570_rockwell_compactlogix-controller-5370-l33er_SBOM.json,ICS-0570,pkg:oss:libmodbus,libmodbus,3.1.4,CVE-2019-14462;CVE-2019-14463
ICS-0570_rockwell_compactlogix-controller-5370-l33er_SBOM.json,ICS-0570,pkg:oss:zlib,zlib,1.2.8,CVE-2016-9840;CVE-2016-9841;CVE-2018-25032
ICS-0570_rockwell_compactlogix-controller-5370-l33er_SBOM.json,ICS-0570,pkg:oss:libcurl,libcurl,8.4.0,CVE-2023-46218;CVE-2024-2379
ICS-0571_rockwell_micrologix-controller-1200-e_SBOM.json,ICS-0571,pkg:oss:zlib,zlib,1.2.12,CVE-2022-37434
ICS-0571_rockwell_micrologix-controller-1200-e_SBOM.json,ICS-0571,pkg:oss:mbedtls,Mbed TLS,2.28.0,CVE-2022-35409;CVE-2023-43615
ICS-0571_rockwell_micrologix-controller-1200-e_SBOM.json,ICS-0571,pkg:oss:ntp,NTP Daemon,4.2.8p15,CVE-2023-26551
ICS-0571_rockwell_micrologix-controller-1200-e_SBOM.json,ICS-0571,pkg:oss:openssl,OpenSSL,1.0.2k,CVE-2017-3731;CVE-2017-3732;CVE-2016-7055
ICS-0571_rockwell_micrologix-controller-1200-e_SBOM.json,ICS-0571,pkg:oss:treck-tcpip,Treck TCP/IP Stack,6.0.1.67,CVE-2020-11898;CVE-2020-11900
ICS-0572_schneider_modicon-m340-controller-bmxp342030_SBOM.json,ICS-0572,pkg:oss:expat,Expat,2.2.0,CVE-2018-20843;CVE-2019-15903
ICS-0572_schneider_modicon-m340-controller-bmxp342030_SBOM.json,ICS-0572,pkg:oss:openssl,OpenSSL,1.1.1g,CVE-2020-1971;CVE-2021-3450;CVE-2021-3711
ICS-0572_schneider_modicon-m340-controller-bmxp342030_SBOM.json,ICS-0572,pkg:oss:sqlite,SQLite,3.31.1,CVE-2020-13434;CVE-2020-13630;CVE-2021-20227
ICS-0572_schneider_modicon-m340-controller-bmxp342030_SBOM.json,ICS-0572,pkg:oss:net-snmp,Net-SNMP,5.8,CVE-2020-15861;CVE-2020-15862;CVE-2022-24805
ICS-0572_schneider_modicon-m340-controller-bmxp342030_SBOM.json,ICS-0572,pkg:oss:ipnet,Interpeak IPnet TCP/IP Stack,6.9,CVE-2019-12255;CVE-2019-12256;CVE-2019-12257;CVE-2019-12260
ICS-0572_schneider_modicon-m340-controller-bmxp342030_SBOM.json,ICS-0572,pkg:oss:libxml2,libxml2,2.9.14,CVE-2022-40303;CVE-2022-40304;CVE-2023-28484
ICS-0572_schneider_modicon-m340-controller-bmxp342030_SBOM.json,ICS-0572,pkg:oss:zlib,zlib,1.2.11,CVE-2018-25032;CVE-2022-37434
ICS-0572_schneider_modicon-m340-controller-bmxp342030_SBOM.json,ICS-0572,pkg:oss:ntp,NTP Daemon,4.2.8p10,CVE-2018-7182;CVE-2018-7183;CVE-2018-7184
ICS-0572_schneider_modicon-m340-controller-bmxp342030_SBOM.json,ICS-0572,pkg:oss:codesys-rt,CODESYS Control Runtime System,3.5.16.0,CVE-2021-30186;CVE-2021-30188;CVE-2021-30189
ICS-0573_schneider_modicon-m580-epac-bmeh586040_SBOM.json,ICS-0573,pkg:oss:lighttpd,lighttpd,1.4.55,CVE-2022-22707;CVE-2023-44487
ICS-0573_schneider_modicon-m580-epac-bmeh586040_SBOM.json,ICS-0573,pkg:oss:musl,musl libc,1.2.2,CVE-2020-28928
ICS-0573_schneider_modicon-m580-epac-bmeh586040_SBOM.json,ICS-0573,pkg:oss:openssl,OpenSSL,1.1.1n,CVE-2022-1292;CVE-2022-2068;CVE-2022-4304
ICS-0573_schneider_modicon-m580-epac-bmeh586040_SBOM.json,ICS-0573,pkg:oss:linux-kernel,Linux Kernel,5.10.220,CVE-2024-1086
ICS-0573_schneider_modicon-m580-epac-bmeh586040_SBOM.json,ICS-0573,pkg:oss:open62541,open62541 OPC UA Stack,1.2.2,CVE-2021-40206;CVE-2022-25761
ICS-0573_schneider_modicon-m580-epac-bmeh586040_SBOM.json,ICS-0573,pkg:oss:u-boot,Das U-Boot,2021.10,CVE-2022-30767;CVE-2022-33967
ICS-0573_schneider_modicon-m580-epac-bmeh586040_SBOM.json,ICS-0573,pkg:oss:libxml2,libxml2,2.10.4,CVE-2023-45322
ICS-0573_schneider_modicon-m580-epac-bmeh586040_SBOM.json,ICS-0573,pkg:oss:codesys-rt,CODESYS Control Runtime System,3.5.16.0,CVE-2021-30186;CVE-2021-30188;CVE-2021-30189
ICS-0574_mitsubishi_melsec-iq-r-cpu-r08cpu_SBOM.json,ICS-0574,pkg:oss:expat,Expat,2.5.0,CVE-2023-52425
ICS-0574_mitsubishi_melsec-iq-r-cpu-r08cpu_SBOM.json,ICS-0574,pkg:oss:lwip,lwIP,1.4.1,CVE-2014-1912;CVE-2020-22283;CVE-2020-22284
ICS-0574_mitsubishi_melsec-iq-r-cpu-r08cpu_SBOM.json,ICS-0574,pkg:oss:treck-tcpip,Treck TCP/IP Stack,6.0.1.66,CVE-2020-11896;CVE-2020-11897;CVE-2020-11901
ICS-0574_mitsubishi_melsec-iq-r-cpu-r08cpu_SBOM.json,ICS-0574,pkg:oss:mbedtls,Mbed TLS,3.4.0,CVE-2023-43615
ICS-0574_mitsubishi_melsec-iq-r-cpu-r08cpu_SBOM.json,ICS-0574,pkg:oss:zlib,zlib,1.2.12,CVE-2022-37434
ICS-0574_mitsubishi_melsec-iq-r-cpu-r08cpu_SBOM.json,ICS-0574,pkg:oss:ntp,NTP Daemon,4.2.8p13,CVE-2019-8936;CVE-2020-11868
ICS-0575_mitsubishi_melsec-q-series-cpu-q13udh_SBOM.json,ICS-0575,pkg:oss:lwip,lwIP,2.1.3,CVE-2023-5188
ICS-0575_mitsubishi_melsec-q-series-cpu-q13udh_SBOM.json,ICS-0575,pkg:oss:wolfssl,wolfSSL,5.5.0,CVE-2022-42905;CVE-2023-3724
ICS-0575_mitsubishi_melsec-q-series-cpu-q13udh_SBOM.json,ICS-0575,pkg:oss:ntp,NTP Daemon,4.2.8p13,CVE-2019-8936;CVE-2020-11868
ICS-0575_mitsubishi_melsec-q-series-cpu-q13udh_SBOM.json,ICS-0575,pkg:oss:treck-tcpip,Treck TCP/IP Stack,6.0.1.67,CVE-2020-11898;CVE-2020-11900
ICS-0575_mitsubishi_melsec-q-series-cpu-q13udh_SBOM.json,ICS-0575,pkg:oss:openssl,OpenSSL,1.1.1g,CVE-2020-1971;CVE-2021-3450;CVE-2021-3711
ICS-0576_omron_sysmac-nj-machine-controller-nj501-1500_SBOM.json,ICS-0576,pkg:oss:mbedtls,Mbed TLS,2.16.3,CVE-2020-10932;CVE-2020-16150;CVE-2021-24119
ICS-0576_omron_sysmac-nj-machine-controller-nj501-1500_SBOM.json,ICS-0576,pkg:oss:lwip,lwIP,2.1.2,CVE-2020-22283;CVE-2020-22285;CVE-2020-22286
ICS-0576_omron_sysmac-nj-machine-controller-nj501-1500_SBOM.json,ICS-0576,pkg:oss:expat,Expat,2.2.10,CVE-2022-22822;CVE-2022-23852;CVE-2022-25235
ICS-0576_omron_sysmac-nj-machine-controller-nj501-1500_SBOM.json,ICS-0576,pkg:oss:openssl,OpenSSL,1.1.1n,CVE-2022-1292;CVE-2022-2068;CVE-2022-4304
ICS-0576_omron_sysmac-nj-machine-controller-nj501-1500_SBOM.json,ICS-0576,pkg:oss:zlib,zlib,1.2.12,CVE-2022-37434
ICS-0577_omron_sysmac-cj2-plc-cj2h-cpu68_SBOM.json,ICS-0577,pkg:oss:openssl,OpenSSL,1.1.1k,CVE-2021-3711;CVE-2021-3712;CVE-2022-0778
ICS-0577_omron_sysmac-cj2-plc-cj2h-cpu68_SBOM.json,ICS-0577,pkg:oss:lwip,lwIP,1.4.1,CVE-2014-1912;CVE-2020-22283;CVE-2020-22284
ICS-0577_omron_sysmac-cj2-plc-cj2h-cpu68_SBOM.json,ICS-0577,pkg:oss:mbedtls,Mbed TLS,2.28.0,CVE-2022-35409;CVE-2023-43615
ICS-0577_omron_sysmac-cj2-plc-cj2h-cpu68_SBOM.json,ICS-0577,pkg:oss:treck-tcpip,Treck TCP/IP Stack,6.0.1.67,CVE-2020-11898;CVE-2020-11900
ICS-0577_omron_sysmac-cj2-plc-cj2h-cpu68_SBOM.json,ICS-0577,pkg:oss:expat,Expat,2.5.0,CVE-2023-52425
ICS-0578_beckhoff_twincat-runtime-controller-cx2043_SBOM.json,ICS-0578,pkg:oss:zlib,zlib,1.2.11,CVE-2018-25032;CVE-2022-37434
ICS-0578_beckhoff_twincat-runtime-controller-cx2043_SBOM.json,ICS-0578,pkg:oss:libxml2,libxml2,2.9.14,CVE-2022-40303;CVE-2022-40304;CVE-2023-28484
ICS-0578_beckhoff_twincat-runtime-controller-cx2043_SBOM.json,ICS-0578,pkg:oss:expat,Expat,2.5.0,CVE-2023-52425
ICS-0578_beckhoff_twincat-runtime-controller-cx2043_SBOM.json,ICS-0578,pkg:oss:dotnet,Microsoft .NET Framework,4.8,CVE-2021-26701;CVE-2023-21808
ICS-0578_beckhoff_twincat-runtime-controller-cx2043_SBOM.json,ICS-0578,pkg:oss:sqlite,SQLite,3.39.4,CVE-2022-46908;CVE-2023-7104
ICS-0579_wago_pfc200-controller-750-8212_SBOM.json,ICS-0579,pkg:oss:u-boot,Das U-Boot,2018.03,CVE-2019-11059;CVE-2019-13103;CVE-2019-13106
ICS-0579_wago_pfc200-controller-750-8212_SBOM.json,ICS-0579,pkg:oss:libxml2,libxml2,2.9.14,CVE-2022-40303;CVE-2022-40304;CVE-2023-28484
ICS-0579_wago_pfc200-controller-750-8212_SBOM.json,ICS-0579,pkg:oss:wpa-supplicant,wpa_supplicant,2.10,CVE-2023-52160
ICS-0579_wago_pfc200-controller-750-8212_SBOM.json,ICS-0579,pkg:oss:goahead,GoAhead Embedded Web Server,3.6.5,CVE-2017-17562;CVE-2019-5096;CVE-2019-5097
ICS-0579_wago_pfc200-controller-750-8212_SBOM.json,ICS-0579,pkg:oss:busybox,BusyBox,1.33.1,CVE-2021-42379;CVE-2021-42380;CVE-2022-28391
ICS-0579_wago_pfc200-controller-750-8212_SBOM.json,ICS-0579,pkg:oss:openssh,OpenSSH,9.6p1,CVE-2024-6387
ICS-0579_wago_pfc200-controller-750-8212_SBOM.json,ICS-0579,pkg:oss:musl,musl libc,1.2.2,CVE-2020-28928
ICS-0579_wago_pfc200-controller-750-8212_SBOM.json,ICS-0579,pkg:oss:expat,Expat,2.5.0,CVE-2023-52425
ICS-0579_wago_pfc200-controller-750-8212_SBOM.json,ICS-0579,pkg:oss:openssl,OpenSSL,1.1.1n,CVE-2022-1292;CVE-2022-2068;CVE-2022-4304
ICS-0579_wago_pfc200-controller-750-8212_SBOM.json,ICS-0579,pkg:oss:codesys-rt,CODESYS Control Runtime System,3.5.18.20,CVE-2023-37559;CVE-2023-37560
ICS-0580_phoenix_axc-f-2152-controller-axc-f-1152_SBOM.json,ICS-0580,pkg:oss:lighttpd,lighttpd,1.4.45,CVE-2018-19052;CVE-2019-11072
ICS-0580_phoenix_axc-f-2152-controller-axc-f-1152_SBOM.json,ICS-0580,pkg:oss:wpa-supplicant,wpa_supplicant,2.10,CVE-2023-52160
ICS-0580_phoenix_axc-f-2152-controller-axc-f-1152_SBOM.json,ICS-0580,pkg:oss:net-snmp,Net-SNMP,5.7.3,CVE-2018-18065;CVE-2019-20892;CVE-2020-15862
ICS-0580_phoenix_axc-f-2152-controller-axc-f-1152_SBOM.json,ICS-0580,pkg:oss:zlib,zlib,1.2.11,CVE-2018-25032;CVE-2022-37434
ICS-0580_phoenix_axc-f-2152-controller-axc-f-1152_SBOM.json,ICS-0580,pkg:oss:expat,Expat,2.4.1,CVE-2022-25236;CVE-2022-25315
ICS-0580_phoenix_axc-f-2152-controller-axc-f-1152_SBOM.json,ICS-0580,pkg:oss:codesys-rt,CODESYS Control Runtime System,3.5.18.20,CVE-2023-37559;CVE-2023-37560
ICS-0581_br_x20-controller-x20cp0484_SBOM.json,ICS-0581,pkg:oss:expat,Expat,2.2.10,CVE-2022-22822;CVE-2022-23852;CVE-2022-25235
ICS-0581_br_x20-controller-x20cp0484_SBOM.json,ICS-0581,pkg:oss:treck-tcpip,Treck TCP/IP Stack,6.0.1.66,CVE-2020-11896;CVE-2020-11897;CVE-2020-11901
ICS-0581_br_x20-controller-x20cp0484_SBOM.json,ICS-0581,pkg:oss:ntp,NTP Daemon,4.2.8p13,CVE-2019-8936;CVE-2020-11868
ICS-0582_ls-electric_xgt-plc-cpu-xgr-cpuh_SBOM.json,ICS-0582,pkg:oss:expat,Expat,2.5.0,CVE-2023-52425
ICS-0582_ls-electric_xgt-plc-cpu-xgr-cpuh_SBOM.json,ICS-0582,pkg:oss:openssl,OpenSSL,1.0.2u,CVE-2021-23840;CVE-2021-3712
ICS-0582_ls-electric_xgt-plc-cpu-xgr-cpuh_SBOM.json,ICS-0582,pkg:oss:libmodbus,libmodbus,3.1.4,CVE-2019-14462;CVE-2019-14463
ICS-0583_delta_as-series-plc-as324mt-a_SBOM.json,ICS-0583,pkg:oss:mbedtls,Mbed TLS,2.16.3,CVE-2020-10932;CVE-2020-16150;CVE-2021-24119
ICS-0583_delta_as-series-plc-as324mt-a_SBOM.json,ICS-0583,pkg:oss:libmodbus,libmodbus,3.0.6,CVE-2019-14462;CVE-2019-14463
ICS-0583_delta_as-series-plc-as324mt-a_SBOM.json,ICS-0583,pkg:oss:wolfssl,wolfSSL,5.5.0,CVE-2022-42905;CVE-2023-3724
ICS-0583_delta_as-series-plc-as324mt-a_SBOM.json,ICS-0583,pkg:oss:openssl,OpenSSL,1.1.1g,CVE-2020-1971;CVE-2021-3450;CVE-2021-3711
ICS-0583_delta_as-series-plc-as324mt-a_SBOM.json,ICS-0583,pkg:oss:ntp,NTP Daemon,4.2.8p15,CVE-2023-26551
ICS-0584_unitronics_unistream-plc-usc-b10-t24_SBOM.json,ICS-0584,pkg:oss:glibc,GNU C Library,2.35,CVE-2023-4911;CVE-2024-2961
ICS-0584_unitronics_unistream-plc-usc-b10-t24_SBOM.json,ICS-0584,pkg:oss:libxml2,libxml2,2.9.10,CVE-2021-3517;CVE-2021-3518;CVE-2022-29824
ICS-0584_unitronics_unistream-plc-usc-b10-t24_SBOM.json,ICS-0584,pkg:oss:goahead,GoAhead Embedded Web Server,4.1.0,CVE-2021-42342
ICS-0584_unitronics_unistream-plc-usc-b10-t24_SBOM.json,ICS-0584,pkg:oss:dropbear,Dropbear SSH,2016.74,CVE-2016-7406;CVE-2016-7407;CVE-2016-7408
ICS-0584_unitronics_unistream-plc-usc-b10-t24_SBOM.json,ICS-0584,pkg:oss:nginx,nginx,1.24.0,CVE-2023-44487
ICS-0584_unitronics_unistream-plc-usc-b10-t24_SBOM.json,ICS-0584,pkg:oss:open62541,open62541 OPC UA Stack,1.3.6,CVE-2023-31048
ICS-0584_unitronics_unistream-plc-usc-b10-t24_SBOM.json,ICS-0584,pkg:oss:libpcap,libpcap,1.8.1,CVE-2018-16301;CVE-2019-15165
ICS-0585_idec_microsmart-fc6a-plc-fc6a-c24r2c_SBOM.json,ICS-0585,pkg:oss:wolfssl,wolfSSL,5.5.0,CVE-2022-42905;CVE-2023-3724
ICS-0585_idec_microsmart-fc6a-plc-fc6a-c24r2c_SBOM.json,ICS-0585,pkg:oss:ntp,NTP Daemon,4.2.8p15,CVE-2023-26551
ICS-0585_idec_microsmart-fc6a-plc-fc6a-c24r2c_SBOM.json,ICS-0585,pkg:oss:libmodbus,libmodbus,3.0.6,CVE-2019-14462;CVE-2019-14463
ICS-0585_idec_microsmart-fc6a-plc-fc6a-c24r2c_SBOM.json,ICS-0585,pkg:oss:lwip,lwIP,2.1.2,CVE-2020-22283;CVE-2020-22285;CVE-2020-22286
ICS-0586_panasonic_fp7-series-plc-afp7cps21_SBOM.json,ICS-0586,pkg:oss:openssl,OpenSSL,1.0.2u,CVE-2021-23840;CVE-2021-3712
ICS-0586_panasonic_fp7-series-plc-afp7cps21_SBOM.json,ICS-0586,pkg:oss:lwip,lwIP,2.1.2,CVE-2020-22283;CVE-2020-22285;CVE-2020-22286
ICS-0586_panasonic_fp7-series-plc-afp7cps21_SBOM.json,ICS-0586,pkg:oss:expat,Expat,2.2.10,CVE-2022-22822;CVE-2022-23852;CVE-2022-25235
ICS-0586_panasonic_fp7-series-plc-afp7cps21_SBOM.json,ICS-0586,pkg:oss:mbedtls,Mbed TLS,2.28.0,CVE-2022-35409;CVE-2023-43615
ICS-0586_panasonic_fp7-series-plc-afp7cps21_SBOM.json,ICS-0586,pkg:oss:libmodbus,libmodbus,3.0.6,CVE-2019-14462;CVE-2019-14463
ICS-0586_panasonic_fp7-series-plc-afp7cps21_SBOM.json,ICS-0586,pkg:oss:zlib,zlib,1.2.8,CVE-2016-9840;CVE-2016-9841;CVE-2018-25032
ICS-0587_keyence_kv-8000-plc-kv-5500_SBOM.json,ICS-0587,pkg:oss:wolfssl,wolfSSL,4.5.0,CVE-2021-3336;CVE-2021-24116
ICS-0587_keyence_kv-8000-plc-kv-5500_SBOM.json,ICS-0587,pkg:oss:ntp,NTP Daemon,4.2.8p13,CVE-2019-8936;CVE-2020-11868
ICS-0587_keyence_kv-8000-plc-kv-5500_SBOM.json,ICS-0587,pkg:oss:openssl,OpenSSL,1.0.2u,CVE-2021-23840;CVE-2021-3712
ICS-0587_keyence_kv-8000-plc-kv-5500_SBOM.json,ICS-0587,pkg:oss:mbedtls,Mbed TLS,2.16.3,CVE-2020-10932;CVE-2020-16150;CVE-2021-24119
ICS-0588_fuji_micrex-sx-plc-np1ps-117r_SBOM.json,ICS-0588,pkg:oss:lwip,lwIP,2.1.2,CVE-2020-22283;CVE-2020-22285;CVE-2020-22286
ICS-0588_fuji_micrex-sx-plc-np1ps-117r_SBOM.json,ICS-0588,pkg:oss:openssl,OpenSSL,3.0.7,CVE-2023-0286;CVE-2023-0215;CVE-2022-4304
ICS-0588_fuji_micrex-sx-plc-np1ps-117r_SBOM.json,ICS-0588,pkg:oss:wolfssl,wolfSSL,5.5.0,CVE-2022-42905;CVE-2023-3724
ICS-0588_fuji_micrex-sx-plc-np1ps-117r_SBOM.json,ICS-0588,pkg:oss:mbedtls,Mbed TLS,3.4.0,CVE-2023-43615
ICS-0588_fuji_micrex-sx-plc-np1ps-117r_SBOM.json,ICS-0588,pkg:oss:treck-tcpip,Treck TCP/IP Stack,6.0.1.66,CVE-2020-11896;CVE-2020-11897;CVE-2020-11901
ICS-0589_codesys_codesys-control-runtime-for-plcnext-sl_SBOM.json,ICS-0589,pkg:oss:expat,Expat,2.5.0,CVE-2023-52425
ICS-0589_codesys_codesys-control-runtime-for-plcnext-sl_SBOM.json,ICS-0589,pkg:oss:linux-kernel,Linux Kernel,5.4.278,CVE-2023-32233;CVE-2024-1086
ICS-0589_codesys_codesys-control-runtime-for-plcnext-sl_SBOM.json,ICS-0589,pkg:oss:libssh2,libssh2,1.8.0,CVE-2019-3855;CVE-2019-3856;CVE-2019-3858
ICS-0589_codesys_codesys-control-runtime-for-plcnext-sl_SBOM.json,ICS-0589,pkg:oss:wpa-supplicant,wpa_supplicant,2.9,CVE-2021-27803;CVE-2021-30004;CVE-2022-23303
ICS-0589_codesys_codesys-control-runtime-for-plcnext-sl_SBOM.json,ICS-0589,pkg:oss:mosquitto,Eclipse Mosquitto,2.0.15,CVE-2023-0809;CVE-2023-3592
ICS-0589_codesys_codesys-control-runtime-for-plcnext-sl_SBOM.json,ICS-0589,pkg:oss:zlib,zlib,1.2.12,CVE-2022-37434
ICS-0589_codesys_codesys-control-runtime-for-plcnext-sl_SBOM.json,ICS-0589,pkg:oss:dropbear,Dropbear SSH,2019.78,CVE-2018-15599;CVE-2020-36254
ICS-0589_codesys_codesys-control-runtime-for-plcnext-sl_SBOM.json,ICS-0589,pkg:oss:codesys-rt,CODESYS Control Runtime System,3.5.17.0,CVE-2022-22515;CVE-2022-22517;CVE-2022-31802
ICS-0590_abb_rtu560-telecontrol-unit-560cig10_SBOM.json,ICS-0590,pkg:oss:lighttpd,lighttpd,1.4.64,CVE-2023-44487
ICS-0590_abb_rtu560-telecontrol-unit-560cig10_SBOM.json,ICS-0590,pkg:oss:libpcap,libpcap,1.9.1,CVE-2019-15165;CVE-2023-7256
ICS-0590_abb_rtu560-telecontrol-unit-560cig10_SBOM.json,ICS-0590,pkg:oss:dnsmasq,dnsmasq,2.78,CVE-2017-14491;CVE-2017-14492;CVE-2020-25681
ICS-0590_abb_rtu560-telecontrol-unit-560cig10_SBOM.json,ICS-0590,pkg:oss:nginx,nginx,1.20.1,CVE-2022-41741;CVE-2022-41742
ICS-0590_abb_rtu560-telecontrol-unit-560cig10_SBOM.json,ICS-0590,pkg:oss:ntp,NTP Daemon,4.2.8p10,CVE-2018-7182;CVE-2018-7183;CVE-2018-7184
ICS-0590_abb_rtu560-telecontrol-unit-560cig10_SBOM.json,ICS-0590,pkg:oss:sqlite,SQLite,3.22.0,CVE-2018-8740;CVE-2019-8457;CVE-2020-11655
ICS-0590_abb_rtu560-telecontrol-unit-560cig10_SBOM.json,ICS-0590,pkg:oss:open62541,open62541 OPC UA Stack,1.2.2,CVE-2021-40206;CVE-2022-25761
ICS-0590_abb_rtu560-telecontrol-unit-560cig10_SBOM.json,ICS-0590,pkg:oss:openssl,OpenSSL,1.0.2k,CVE-2017-3731;CVE-2017-3732;CVE-2016-7055
ICS-0590_abb_rtu560-telecontrol-unit-560cig10_SBOM.json,ICS-0590,pkg:oss:wpa-supplicant,wpa_supplicant,2.9,CVE-2021-27803;CVE-2021-30004;CVE-2022-23303
ICS-0590_abb_rtu560-telecontrol-unit-560cig10_SBOM.json,ICS-0590,pkg:oss:zlib,zlib,1.2.8,CVE-2016-9840;CVE-2016-9841;CVE-2018-25032
ICS-0590_abb_rtu560-telecontrol-unit-560cig10_SBOM.json,ICS-0590,pkg:oss:codesys-rt,CODESYS Control Runtime System,3.5.17.0,CVE-2022-22515;CVE-2022-22517;CVE-2022-31802
ICS-0591_schneider_scadapack-rtu-535e_SBOM.json,ICS-0591,pkg:oss:sqlite,SQLite,3.31.1,CVE-2020-13434;CVE-2020-13630;CVE-2021-20227
ICS-0591_schneider_scadapack-rtu-535e_SBOM.json,ICS-0591,pkg:oss:libxml2,libxml2,2.9.14,CVE-2022-40303;CVE-2022-40304;CVE-2023-28484
ICS-0591_schneider_scadapack-rtu-535e_SBOM.json,ICS-0591,pkg:oss:libcurl,libcurl,8.0.1,CVE-2023-27533;CVE-2023-27536;CVE-2023-38545
ICS-0591_schneider_scadapack-rtu-535e_SBOM.json,ICS-0591,pkg:oss:open62541,open62541 OPC UA Stack,1.3.6,CVE-2023-31048
ICS-0591_schneider_scadapack-rtu-535e_SBOM.json,ICS-0591,pkg:oss:ipnet,Interpeak IPnet TCP/IP Stack,6.9,CVE-2019-12255;CVE-2019-12256;CVE-2019-12257;CVE-2019-12260
ICS-0591_schneider_scadapack-rtu-535e_SBOM.json,ICS-0591,pkg:oss:ntp,NTP Daemon,4.2.8p15,CVE-2023-26551
ICS-0591_schneider_scadapack-rtu-535e_SBOM.json,ICS-0591,pkg:oss:codesys-rt,CODESYS Control Runtime System,3.5.18.20,CVE-2023-37559;CVE-2023-37560
ICS-0592_ge_d20-mx-substation-controller-d400_SBOM.json,ICS-0592,pkg:oss:dnsmasq,dnsmasq,2.86,CVE-2022-0934;CVE-2023-28450
ICS-0592_ge_d20-mx-substation-controller-d400_SBOM.json,ICS-0592,pkg:oss:open62541,open62541 OPC UA Stack,1.3.6,CVE-2023-31048
ICS-0592_ge_d20-mx-substation-controller-d400_SBOM.json,ICS-0592,pkg:oss:glibc,GNU C Library,2.28,CVE-2021-3999;CVE-2021-33574;CVE-2023-4911
ICS-0592_ge_d20-mx-substation-controller-d400_SBOM.json,ICS-0592,pkg:oss:goahead,GoAhead Embedded Web Server,4.1.0,CVE-2021-42342
ICS-0592_ge_d20-mx-substation-controller-d400_SBOM.json,ICS-0592,pkg:oss:libssh2,libssh2,1.8.0,CVE-2019-3855;CVE-2019-3856;CVE-2019-3858
ICS-0592_ge_d20-mx-substation-controller-d400_SBOM.json,ICS-0592,pkg:oss:libxml2,libxml2,2.10.4,CVE-2023-45322
ICS-0592_ge_d20-mx-substation-controller-d400_SBOM.json,ICS-0592,pkg:oss:openssl,OpenSSL,1.1.1k,CVE-2021-3711;CVE-2021-3712;CVE-2022-0778
ICS-0593_siemens_sicam-a8000-rtu-cp-8000_SBOM.json,ICS-0593,pkg:oss:goahead,GoAhead Embedded Web Server,4.1.0,CVE-2021-42342
ICS-0593_siemens_sicam-a8000-rtu-cp-8000_SBOM.json,ICS-0593,pkg:oss:open62541,open62541 OPC UA Stack,1.3.6,CVE-2023-31048
ICS-0593_siemens_sicam-a8000-rtu-cp-8000_SBOM.json,ICS-0593,pkg:oss:net-snmp,Net-SNMP,5.8,CVE-2020-15861;CVE-2020-15862;CVE-2022-24805
ICS-0593_siemens_sicam-a8000-rtu-cp-8000_SBOM.json,ICS-0593,pkg:oss:dropbear,Dropbear SSH,2019.78,CVE-2018-15599;CVE-2020-36254
ICS-0594_hitachi-energy_rtu500-series-rtu540_SBOM.json,ICS-0594,pkg:oss:treck-tcpip,Treck TCP/IP Stack,6.0.1.67,CVE-2020-11898;CVE-2020-11900
ICS-0594_hitachi-energy_rtu500-series-rtu540_SBOM.json,ICS-0594,pkg:oss:expat,Expat,2.5.0,CVE-2023-52425
ICS-0594_hitachi-energy_rtu500-series-rtu540_SBOM.json,ICS-0594,pkg:oss:zlib,zlib,1.2.12,CVE-2022-37434
ICS-0595_moxa_iopac-programmable-controller-5542-c-t_SBOM.json,ICS-0595,pkg:oss:net-snmp,Net-SNMP,5.9.1,CVE-2022-24805;CVE-2022-24809
ICS-0595_moxa_iopac-programmable-controller-5542-c-t_SBOM.json,ICS-0595,pkg:oss:open62541,open62541 OPC UA Stack,1.3.6,CVE-2023-31048
ICS-0595_moxa_iopac-programmable-controller-5542-c-t_SBOM.json,ICS-0595,pkg:oss:dnsmasq,dnsmasq,2.78,CVE-2017-14491;CVE-2017-14492;CVE-2020-25681
ICS-0595_moxa_iopac-programmable-controller-5542-c-t_SBOM.json,ICS-0595,pkg:oss:openssh,OpenSSH,9.3p1,CVE-2023-38408;CVE-2023-48795;CVE-2024-6387
ICS-0595_moxa_iopac-programmable-controller-5542-c-t_SBOM.json,ICS-0595,pkg:oss:codesys-rt,CODESYS Control Runtime System,3.5.16.0,CVE-2021-30186;CVE-2021-30188;CVE-2021-30189
ICS-0596_red-lion_data-station-plus-rtu-dspgt000_SBOM.json,ICS-0596,pkg:oss:expat,Expat,2.2.0,CVE-2018-20843;CVE-2019-15903
ICS-0596_red-lion_data-station-plus-rtu-dspgt000_SBOM.json,ICS-0596,pkg:oss:busybox,BusyBox,1.35.0,CVE-2022-28391
ICS-0596_red-lion_data-station-plus-rtu-dspgt000_SBOM.json,ICS-0596,pkg:oss:lighttpd,lighttpd,1.4.55,CVE-2022-22707;CVE-2023-44487
ICS-0596_red-lion_data-station-plus-rtu-dspgt000_SBOM.json,ICS-0596,pkg:oss:u-boot,Das U-Boot,2018.03,CVE-2019-11059;CVE-2019-13103;CVE-2019-13106
ICS-0596_red-lion_data-station-plus-rtu-dspgt000_SBOM.json,ICS-0596,pkg:oss:libcurl,libcurl,7.64.0,CVE-2019-5481;CVE-2019-5482;CVE-2020-8177
ICS-0596_red-lion_data-station-plus-rtu-dspgt000_SBOM.json,ICS-0596,pkg:oss:codesys-rt,CODESYS Control Runtime System,3.5.17.0,CVE-2022-22515;CVE-2022-22517;CVE-2022-31802
ICS-0597_sel_sel-451-protection-system-451-1_SBOM.json,ICS-0597,pkg:oss:ntp,NTP Daemon,4.2.8p15,CVE-2023-26551
ICS-0597_sel_sel-451-protection-system-451-1_SBOM.json,ICS-0597,pkg:oss:openssl,OpenSSL,1.1.1n,CVE-2022-1292;CVE-2022-2068;CVE-2022-4304
ICS-0597_sel_sel-451-protection-system-451-1_SBOM.json,ICS-0597,pkg:oss:lwip,lwIP,2.1.3,CVE-2023-5188
ICS-0597_sel_sel-451-protection-system-451-1_SBOM.json,ICS-0597,pkg:oss:zlib,zlib,1.2.8,CVE-2016-9840;CVE-2016-9841;CVE-2018-25032
ICS-0598_sel_sel-3530-rtac-3555_SBOM.json,ICS-0598,pkg:oss:busybox,BusyBox,1.35.0,CVE-2022-28391
ICS-0598_sel_sel-3530-rtac-3555_SBOM.json,ICS-0598,pkg:oss:net-snmp,Net-SNMP,5.8,CVE-2020-15861;CVE-2020-15862;CVE-2022-24805
ICS-0599_hitachi-energy_ref615-feeder-protection-relay-ref620_SBOM.json,ICS-0599,pkg:oss:treck-tcpip,Treck TCP/IP Stack,6.0.1.66,CVE-2020-11896;CVE-2020-11897;CVE-2020-11901
ICS-0599_hitachi-energy_ref615-feeder-protection-relay-ref620_SBOM.json,ICS-0599,pkg:oss:libmodbus,libmodbus,3.1.4,CVE-2019-14462;CVE-2019-14463
ICS-0599_hitachi-energy_ref615-feeder-protection-relay-ref620_SBOM.json,ICS-0599,pkg:oss:expat,Expat,2.2.10,CVE-2022-22822;CVE-2022-23852;CVE-2022-25235
ICS-0599_hitachi-energy_ref615-feeder-protection-relay-ref620_SBOM.json,ICS-0599,pkg:oss:ntp,NTP Daemon,4.2.8p15,CVE-2023-26551
ICS-0599_hitachi-energy_ref615-feeder-protection-relay-ref620_SBOM.json,ICS-0599,pkg:oss:lwip,lwIP,2.1.3,CVE-2023-5188
ICS-0599_hitachi-energy_ref615-feeder-protection-relay-ref620_SBOM.json,ICS-0599,pkg:oss:zlib,zlib,1.2.11,CVE-2018-25032;CVE-2022-37434
ICS-0600_siemens_siprotec-5-protection-relay-7sl86_SBOM.json,ICS-0600,pkg:oss:openssl,OpenSSL,3.0.7,CVE-2023-0286;CVE-2023-0215;CVE-2022-4304
ICS-0600_siemens_siprotec-5-protection-relay-7sl86_SBOM.json,ICS-0600,pkg:oss:treck-tcpip,Treck TCP/IP Stack,6.0.1.67,CVE-2020-11898;CVE-2020-11900
ICS-0600_siemens_siprotec-5-protection-relay-7sl86_SBOM.json,ICS-0600,pkg:oss:wolfssl,wolfSSL,4.5.0,CVE-2021-3336;CVE-2021-24116
ICS-0600_siemens_siprotec-5-protection-relay-7sl86_SBOM.json,ICS-0600,pkg:oss:expat,Expat,2.5.0,CVE-2023-52425
ICS-0600_siemens_siprotec-5-protection-relay-7sl86_SBOM.json,ICS-0600,pkg:oss:lwip,lwIP,2.0.3,CVE-2020-22283;CVE-2020-22284;CVE-2020-22288
ICS-0601_ge_multilin-ur-relay-c60_SBOM.json,ICS-0601,pkg:oss:treck-tcpip,Treck TCP/IP Stack,6.0.1.67,CVE-2020-11898;CVE-2020-11900
ICS-0601_ge_multilin-ur-relay-c60_SBOM.json,ICS-0601,pkg:oss:wolfssl,wolfSSL,4.5.0,CVE-2021-3336;CVE-2021-24116
ICS-0601_ge_multilin-ur-relay-c60_SBOM.json,ICS-0601,pkg:oss:expat,Expat,2.5.0,CVE-2023-52425
ICS-0601_ge_multilin-ur-relay-c60_SBOM.json,ICS-0601,pkg:oss:mbedtls,Mbed TLS,2.16.3,CVE-2020-10932;CVE-2020-16150;CVE-2021-24119
ICS-0602_schneider_easergy-p3-protection-relay-p3f30_SBOM.json,ICS-0602,pkg:oss:mbedtls,Mbed TLS,2.28.0,CVE-2022-35409;CVE-2023-43615
ICS-0602_schneider_easergy-p3-protection-relay-p3f30_SBOM.json,ICS-0602,pkg:oss:zlib,zlib,1.2.12,CVE-2022-37434
ICS-0602_schneider_easergy-p3-protection-relay-p3f30_SBOM.json,ICS-0602,pkg:oss:ntp,NTP Daemon,4.2.8p10,CVE-2018-7182;CVE-2018-7183;CVE-2018-7184
ICS-0603_nari_pcs-9611-feeder-protection-pcs-9671_SBOM.json,ICS-0603,pkg:oss:expat,Expat,2.2.0,CVE-2018-20843;CVE-2019-15903
ICS-0603_nari_pcs-9611-feeder-protection-pcs-9671_SBOM.json,ICS-0603,pkg:oss:lwip,lwIP,2.0.3,CVE-2020-22283;CVE-2020-22284;CVE-2020-22288
ICS-0603_nari_pcs-9611-feeder-protection-pcs-9671_SBOM.json,ICS-0603,pkg:oss:ntp,NTP Daemon,4.2.8p13,CVE-2019-8936;CVE-2020-11868
ICS-0603_nari_pcs-9611-feeder-protection-pcs-9671_SBOM.json,ICS-0603,pkg:oss:mbedtls,Mbed TLS,3.4.0,CVE-2023-43615
ICS-0603_nari_pcs-9611-feeder-protection-pcs-9671_SBOM.json,ICS-0603,pkg:oss:zlib,zlib,1.2.11,CVE-2018-25032;CVE-2022-37434
ICS-0604_hd-hyundai_higen-protection-relay-hgr-300_SBOM.json,ICS-0604,pkg:oss:lwip,lwIP,1.4.1,CVE-2014-1912;CVE-2020-22283;CVE-2020-22284
ICS-0604_hd-hyundai_higen-protection-relay-hgr-300_SBOM.json,ICS-0604,pkg:oss:treck-tcpip,Treck TCP/IP Stack,6.0.1.67,CVE-2020-11898;CVE-2020-11900
ICS-0604_hd-hyundai_higen-protection-relay-hgr-300_SBOM.json,ICS-0604,pkg:oss:mbedtls,Mbed TLS,2.16.3,CVE-2020-10932;CVE-2020-16150;CVE-2021-24119
ICS-0604_hd-hyundai_higen-protection-relay-hgr-300_SBOM.json,ICS-0604,pkg:oss:ntp,NTP Daemon,4.2.8p15,CVE-2023-26551
ICS-0604_hd-hyundai_higen-protection-relay-hgr-300_SBOM.json,ICS-0604,pkg:oss:zlib,zlib,1.2.12,CVE-2022-37434
ICS-0605_siemens_simatic-hmi-comfort-panel-tp1500_SBOM.json,ICS-0605,pkg:oss:libxml2,libxml2,2.9.4,CVE-2016-9318;CVE-2017-5969;CVE-2018-14567
ICS-0605_siemens_simatic-hmi-comfort-panel-tp1500_SBOM.json,ICS-0605,pkg:oss:dotnet,Microsoft .NET Framework,4.8,CVE-2021-26701;CVE-2023-21808
ICS-0605_siemens_simatic-hmi-comfort-panel-tp1500_SBOM.json,ICS-0605,pkg:oss:openssl,OpenSSL,3.0.7,CVE-2023-0286;CVE-2023-0215;CVE-2022-4304
ICS-0605_siemens_simatic-hmi-comfort-panel-tp1500_SBOM.json,ICS-0605,pkg:oss:expat,Expat,2.4.1,CVE-2022-25236;CVE-2022-25315
ICS-0605_siemens_simatic-hmi-comfort-panel-tp1500_SBOM.json,ICS-0605,pkg:oss:libcurl,libcurl,8.0.1,CVE-2023-27533;CVE-2023-27536;CVE-2023-38545
ICS-0606_rockwell_panelview-plus-terminal-6-compact-600_SBOM.json,ICS-0606,pkg:oss:openssl,OpenSSL,1.1.1g,CVE-2020-1971;CVE-2021-3450;CVE-2021-3711
ICS-0606_rockwell_panelview-plus-terminal-6-compact-600_SBOM.json,ICS-0606,pkg:oss:libxml2,libxml2,2.9.4,CVE-2016-9318;CVE-2017-5969;CVE-2018-14567
ICS-0606_rockwell_panelview-plus-terminal-6-compact-600_SBOM.json,ICS-0606,pkg:oss:libcurl,libcurl,8.4.0,CVE-2023-46218;CVE-2024-2379
ICS-0606_rockwell_panelview-plus-terminal-6-compact-600_SBOM.json,ICS-0606,pkg:oss:expat,Expat,2.5.0,CVE-2023-52425
ICS-0606_rockwell_panelview-plus-terminal-6-compact-600_SBOM.json,ICS-0606,pkg:oss:sqlite,SQLite,3.41.2,CVE-2023-7104
ICS-0607_schneider_magelis-gtu-hmi-hmist6500_SBOM.json,ICS-0607,pkg:oss:libxml2,libxml2,2.9.14,CVE-2022-40303;CVE-2022-40304;CVE-2023-28484
ICS-0607_schneider_magelis-gtu-hmi-hmist6500_SBOM.json,ICS-0607,pkg:oss:wpa-supplicant,wpa_supplicant,2.9,CVE-2021-27803;CVE-2021-30004;CVE-2022-23303
ICS-0607_schneider_magelis-gtu-hmi-hmist6500_SBOM.json,ICS-0607,pkg:oss:mosquitto,Eclipse Mosquitto,2.0.15,CVE-2023-0809;CVE-2023-3592
ICS-0607_schneider_magelis-gtu-hmi-hmist6500_SBOM.json,ICS-0607,pkg:oss:busybox,BusyBox,1.20.2,CVE-2017-16544;CVE-2016-2147;CVE-2018-1000500
ICS-0607_schneider_magelis-gtu-hmi-hmist6500_SBOM.json,ICS-0607,pkg:oss:dnsmasq,dnsmasq,2.86,CVE-2022-0934;CVE-2023-28450
ICS-0608_mitsubishi_got2000-graphic-terminal-gt2107-wtbd_SBOM.json,ICS-0608,pkg:oss:mbedtls,Mbed TLS,2.28.0,CVE-2022-35409;CVE-2023-43615
ICS-0608_mitsubishi_got2000-graphic-terminal-gt2107-wtbd_SBOM.json,ICS-0608,pkg:oss:wolfssl,wolfSSL,4.5.0,CVE-2021-3336;CVE-2021-24116
ICS-0608_mitsubishi_got2000-graphic-terminal-gt2107-wtbd_SBOM.json,ICS-0608,pkg:oss:ntp,NTP Daemon,4.2.8p15,CVE-2023-26551
ICS-0608_mitsubishi_got2000-graphic-terminal-gt2107-wtbd_SBOM.json,ICS-0608,pkg:oss:zlib,zlib,1.2.8,CVE-2016-9840;CVE-2016-9841;CVE-2018-25032
ICS-0608_mitsubishi_got2000-graphic-terminal-gt2107-wtbd_SBOM.json,ICS-0608,pkg:oss:lwip,lwIP,1.4.1,CVE-2014-1912;CVE-2020-22283;CVE-2020-22284
ICS-0609_advantech_webop-operator-panel-wop-2070t_SBOM.json,ICS-0609,pkg:oss:wpa-supplicant,wpa_supplicant,2.6,CVE-2017-13077;CVE-2017-13078;CVE-2018-14526
ICS-0609_advantech_webop-operator-panel-wop-2070t_SBOM.json,ICS-0609,pkg:oss:dropbear,Dropbear SSH,2019.78,CVE-2018-15599;CVE-2020-36254
ICS-0609_advantech_webop-operator-panel-wop-2070t_SBOM.json,ICS-0609,pkg:oss:expat,Expat,2.4.1,CVE-2022-25236;CVE-2022-25315
ICS-0609_advantech_webop-operator-panel-wop-2070t_SBOM.json,ICS-0609,pkg:oss:glibc,GNU C Library,2.31,CVE-2021-35942;CVE-2023-4911
ICS-0609_advantech_webop-operator-panel-wop-2070t_SBOM.json,ICS-0609,pkg:oss:openssh,OpenSSH,9.6p1,CVE-2024-6387
ICS-0610_delta_dop-100-hmi-dop-103bq_SBOM.json,ICS-0610,pkg:oss:wolfssl,wolfSSL,5.5.0,CVE-2022-42905;CVE-2023-3724
ICS-0610_delta_dop-100-hmi-dop-103bq_SBOM.json,ICS-0610,pkg:oss:libmodbus,libmodbus,3.1.4,CVE-2019-14462;CVE-2019-14463
ICS-0610_delta_dop-100-hmi-dop-103bq_SBOM.json,ICS-0610,pkg:oss:treck-tcpip,Treck TCP/IP Stack,6.0.1.67,CVE-2020-11898;CVE-2020-11900
ICS-0610_delta_dop-100-hmi-dop-103bq_SBOM.json,ICS-0610,pkg:oss:ntp,NTP Daemon,4.2.8p13,CVE-2019-8936;CVE-2020-11868
ICS-0610_delta_dop-100-hmi-dop-103bq_SBOM.json,ICS-0610,pkg:oss:lwip,lwIP,1.4.1,CVE-2014-1912;CVE-2020-22283;CVE-2020-22284
ICS-0610_delta_dop-100-hmi-dop-103bq_SBOM.json,ICS-0610,pkg:oss:zlib,zlib,1.2.12,CVE-2022-37434
ICS-0610_delta_dop-100-hmi-dop-103bq_SBOM.json,ICS-0610,pkg:oss:mbedtls,Mbed TLS,2.16.3,CVE-2020-10932;CVE-2020-16150;CVE-2021-24119
ICS-0610_delta_dop-100-hmi-dop-103bq_SBOM.json,ICS-0610,pkg:oss:expat,Expat,2.2.0,CVE-2018-20843;CVE-2019-15903
ICS-0611_omron_na-series-hmi-na5-15w_SBOM.json,ICS-0611,pkg:oss:libxml2,libxml2,2.9.14,CVE-2022-40303;CVE-2022-40304;CVE-2023-28484
ICS-0611_omron_na-series-hmi-na5-15w_SBOM.json,ICS-0611,pkg:oss:expat,Expat,2.5.0,CVE-2023-52425
ICS-0611_omron_na-series-hmi-na5-15w_SBOM.json,ICS-0611,pkg:oss:openssl,OpenSSL,1.1.1g,CVE-2020-1971;CVE-2021-3450;CVE-2021-3711
ICS-0611_omron_na-series-hmi-na5-15w_SBOM.json,ICS-0611,pkg:oss:libcurl,libcurl,7.64.0,CVE-2019-5481;CVE-2019-5482;CVE-2020-8177
ICS-0611_omron_na-series-hmi-na5-15w_SBOM.json,ICS-0611,pkg:oss:sqlserver-express,Microsoft SQL Server Express,2017 CU31,CVE-2022-29143;CVE-2023-21528
ICS-0612_pilz_pmi-operator-terminal-pmi-5_SBOM.json,ICS-0612,pkg:oss:sqlite,SQLite,3.41.2,CVE-2023-7104
ICS-0612_pilz_pmi-operator-terminal-pmi-5_SBOM.json,ICS-0612,pkg:oss:busybox,BusyBox,1.35.0,CVE-2022-28391
ICS-0612_pilz_pmi-operator-terminal-pmi-5_SBOM.json,ICS-0612,pkg:oss:dnsmasq,dnsmasq,2.78,CVE-2017-14491;CVE-2017-14492;CVE-2020-25681
ICS-0612_pilz_pmi-operator-terminal-pmi-5_SBOM.json,ICS-0612,pkg:oss:lighttpd,lighttpd,1.4.55,CVE-2022-22707;CVE-2023-44487
ICS-0612_pilz_pmi-operator-terminal-pmi-5_SBOM.json,ICS-0612,pkg:oss:net-snmp,Net-SNMP,5.9.1,CVE-2022-24805;CVE-2022-24809
ICS-0612_pilz_pmi-operator-terminal-pmi-5_SBOM.json,ICS-0612,pkg:oss:openssl,OpenSSL,1.0.2u,CVE-2021-23840;CVE-2021-3712
ICS-0612_pilz_pmi-operator-terminal-pmi-5_SBOM.json,ICS-0612,pkg:oss:expat,Expat,2.4.1,CVE-2022-25236;CVE-2022-25315
ICS-0612_pilz_pmi-operator-terminal-pmi-5_SBOM.json,ICS-0612,pkg:oss:libssh2,libssh2,1.8.0,CVE-2019-3855;CVE-2019-3856;CVE-2019-3858
ICS-0613_aveva_aveva-plant-scada-2023-r2_SBOM.json,ICS-0613,pkg:oss:expat,Expat,2.2.0,CVE-2018-20843;CVE-2019-15903
ICS-0613_aveva_aveva-plant-scada-2023-r2_SBOM.json,ICS-0613,pkg:oss:sqlite,SQLite,3.22.0,CVE-2018-8740;CVE-2019-8457;CVE-2020-11655
ICS-0613_aveva_aveva-plant-scada-2023-r2_SBOM.json,ICS-0613,pkg:oss:libxml2,libxml2,2.9.10,CVE-2021-3517;CVE-2021-3518;CVE-2022-29824
ICS-0613_aveva_aveva-plant-scada-2023-r2_SBOM.json,ICS-0613,pkg:oss:libcurl,libcurl,8.0.1,CVE-2023-27533;CVE-2023-27536;CVE-2023-38545
ICS-0613_aveva_aveva-plant-scada-2023-r2_SBOM.json,ICS-0613,pkg:oss:zlib,zlib,1.2.8,CVE-2016-9840;CVE-2016-9841;CVE-2018-25032
ICS-0614_inductive_ignition-scada-platform-8-3_SBOM.json,ICS-0614,pkg:oss:jackson,Jackson Databind,2.12.3,CVE-2020-36518;CVE-2022-42003;CVE-2022-42004
ICS-0614_inductive_ignition-scada-platform-8-3_SBOM.json,ICS-0614,pkg:oss:openjdk,OpenJDK Runtime,11.0.14,CVE-2022-21426;CVE-2022-21449;CVE-2022-21496
ICS-0614_inductive_ignition-scada-platform-8-3_SBOM.json,ICS-0614,pkg:oss:sqlite,SQLite,3.41.2,CVE-2023-7104
ICS-0614_inductive_ignition-scada-platform-8-3_SBOM.json,ICS-0614,pkg:oss:spring,Spring Framework,5.3.25,CVE-2023-20860;CVE-2023-20861
ICS-0614_inductive_ignition-scada-platform-8-3_SBOM.json,ICS-0614,pkg:oss:log4j,Apache Log4j,2.15.0,CVE-2021-45046;CVE-2021-45105
ICS-0614_inductive_ignition-scada-platform-8-3_SBOM.json,ICS-0614,pkg:oss:tomcat,Apache Tomcat,8.5.63,CVE-2021-25122;CVE-2021-30640;CVE-2021-41079
ICS-0615_copadata_zenon-supervisor-12_SBOM.json,ICS-0615,pkg:oss:sqlserver-express,Microsoft SQL Server Express,2016 SP2,CVE-2019-1068;CVE-2020-0618
ICS-0615_copadata_zenon-supervisor-12_SBOM.json,ICS-0615,pkg:oss:openssl,OpenSSL,1.0.2u,CVE-2021-23840;CVE-2021-3712
ICS-0615_copadata_zenon-supervisor-12_SBOM.json,ICS-0615,pkg:oss:zlib,zlib,1.2.11,CVE-2018-25032;CVE-2022-37434
ICS-0615_copadata_zenon-supervisor-12_SBOM.json,ICS-0615,pkg:oss:expat,Expat,2.2.0,CVE-2018-20843;CVE-2019-15903
ICS-0615_copadata_zenon-supervisor-12_SBOM.json,ICS-0615,pkg:oss:sqlite,SQLite,3.31.1,CVE-2020-13434;CVE-2020-13630;CVE-2021-20227
ICS-0615_copadata_zenon-supervisor-12_SBOM.json,ICS-0615,pkg:oss:libcurl,libcurl,7.29.0,CVE-2016-8615;CVE-2018-1000120;CVE-2019-5482
ICS-0616_siemens_simatic-wincc-unified-v18_SBOM.json,ICS-0616,pkg:oss:openssl,OpenSSL,1.0.2u,CVE-2021-23840;CVE-2021-3712
ICS-0616_siemens_simatic-wincc-unified-v18_SBOM.json,ICS-0616,pkg:oss:sqlserver-express,Microsoft SQL Server Express,2019 CU22,CVE-2023-21528
ICS-0616_siemens_simatic-wincc-unified-v18_SBOM.json,ICS-0616,pkg:oss:expat,Expat,2.5.0,CVE-2023-52425
ICS-0616_siemens_simatic-wincc-unified-v18_SBOM.json,ICS-0616,pkg:oss:dotnet,Microsoft .NET Framework,4.6.2,CVE-2018-8421;CVE-2019-0545;CVE-2020-1147
ICS-0616_siemens_simatic-wincc-unified-v18_SBOM.json,ICS-0616,pkg:oss:libxml2,libxml2,2.9.14,CVE-2022-40303;CVE-2022-40304;CVE-2023-28484
ICS-0616_siemens_simatic-wincc-unified-v18_SBOM.json,ICS-0616,pkg:oss:zlib,zlib,1.2.12,CVE-2022-37434
ICS-0616_siemens_simatic-wincc-unified-v18_SBOM.json,ICS-0616,pkg:oss:sqlite,SQLite,3.22.0,CVE-2018-8740;CVE-2019-8457;CVE-2020-11655
ICS-0617_ge_cimplicity-hmi-scada-2023_SBOM.json,ICS-0617,pkg:oss:dotnet,Microsoft .NET Framework,4.6.2,CVE-2018-8421;CVE-2019-0545;CVE-2020-1147
ICS-0617_ge_cimplicity-hmi-scada-2023_SBOM.json,ICS-0617,pkg:oss:openssl,OpenSSL,1.0.2u,CVE-2021-23840;CVE-2021-3712
ICS-0617_ge_cimplicity-hmi-scada-2023_SBOM.json,ICS-0617,pkg:oss:sqlite,SQLite,3.31.1,CVE-2020-13434;CVE-2020-13630;CVE-2021-20227
ICS-0617_ge_cimplicity-hmi-scada-2023_SBOM.json,ICS-0617,pkg:oss:expat,Expat,2.4.1,CVE-2022-25236;CVE-2022-25315
ICS-0617_ge_cimplicity-hmi-scada-2023_SBOM.json,ICS-0617,pkg:oss:zlib,zlib,1.2.8,CVE-2016-9840;CVE-2016-9841;CVE-2018-25032
ICS-0617_ge_cimplicity-hmi-scada-2023_SBOM.json,ICS-0617,pkg:oss:libxml2,libxml2,2.10.4,CVE-2023-45322
ICS-0618_schneider_ecostruxure-geo-scada-expert-2023_SBOM.json,ICS-0618,pkg:oss:libcurl,libcurl,7.29.0,CVE-2016-8615;CVE-2018-1000120;CVE-2019-5482
ICS-0618_schneider_ecostruxure-geo-scada-expert-2023_SBOM.json,ICS-0618,pkg:oss:openssl,OpenSSL,1.0.2k,CVE-2017-3731;CVE-2017-3732;CVE-2016-7055
ICS-0618_schneider_ecostruxure-geo-scada-expert-2023_SBOM.json,ICS-0618,pkg:oss:dotnet,Microsoft .NET Framework,4.8,CVE-2021-26701;CVE-2023-21808
ICS-0619_rockwell_factorytalk-view-se-14-00_SBOM.json,ICS-0619,pkg:oss:sqlite,SQLite,3.41.2,CVE-2023-7104
ICS-0619_rockwell_factorytalk-view-se-14-00_SBOM.json,ICS-0619,pkg:oss:zlib,zlib,1.2.8,CVE-2016-9840;CVE-2016-9841;CVE-2018-25032
ICS-0619_rockwell_factorytalk-view-se-14-00_SBOM.json,ICS-0619,pkg:oss:sqlserver-express,Microsoft SQL Server Express,2019 CU22,CVE-2023-21528
ICS-0619_rockwell_factorytalk-view-se-14-00_SBOM.json,ICS-0619,pkg:oss:openssl,OpenSSL,1.1.1g,CVE-2020-1971;CVE-2021-3450;CVE-2021-3711
ICS-0619_rockwell_factorytalk-view-se-14-00_SBOM.json,ICS-0619,pkg:oss:dotnet,Microsoft .NET Framework,4.6.2,CVE-2018-8421;CVE-2019-0545;CVE-2020-1147
ICS-0619_rockwell_factorytalk-view-se-14-00_SBOM.json,ICS-0619,pkg:oss:libcurl,libcurl,7.29.0,CVE-2016-8615;CVE-2018-1000120;CVE-2019-5482
ICS-0620_aveva_aveva-historian-2023-r2_SBOM.json,ICS-0620,pkg:oss:libcurl,libcurl,7.79.1,CVE-2022-22576;CVE-2022-27774;CVE-2022-32221
ICS-0620_aveva_aveva-historian-2023-r2_SBOM.json,ICS-0620,pkg:oss:dotnet,Microsoft .NET Framework,4.6.2,CVE-2018-8421;CVE-2019-0545;CVE-2020-1147
ICS-0620_aveva_aveva-historian-2023-r2_SBOM.json,ICS-0620,pkg:oss:openssl,OpenSSL,1.1.1g,CVE-2020-1971;CVE-2021-3450;CVE-2021-3711
ICS-0620_aveva_aveva-historian-2023-r2_SBOM.json,ICS-0620,pkg:oss:zlib,zlib,1.2.12,CVE-2022-37434
ICS-0620_aveva_aveva-historian-2023-r2_SBOM.json,ICS-0620,pkg:oss:sqlserver-express,Microsoft SQL Server Express,2019 CU22,CVE-2023-21528
ICS-0620_aveva_aveva-historian-2023-r2_SBOM.json,ICS-0620,pkg:oss:sqlite,SQLite,3.39.4,CVE-2022-46908;CVE-2023-7104
ICS-0620_aveva_aveva-historian-2023-r2_SBOM.json,ICS-0620,pkg:oss:libxml2,libxml2,2.9.10,CVE-2021-3517;CVE-2021-3518;CVE-2022-29824
ICS-0621_ge_proficy-historian-9-1_SBOM.json,ICS-0621,pkg:oss:expat,Expat,2.2.10,CVE-2022-22822;CVE-2022-23852;CVE-2022-25235
ICS-0621_ge_proficy-historian-9-1_SBOM.json,ICS-0621,pkg:oss:sqlite,SQLite,3.22.0,CVE-2018-8740;CVE-2019-8457;CVE-2020-11655
ICS-0621_ge_proficy-historian-9-1_SBOM.json,ICS-0621,pkg:oss:sqlserver-express,Microsoft SQL Server Express,2019 CU22,CVE-2023-21528
ICS-0622_honeywell_uniformance-phd-historian-r321_SBOM.json,ICS-0622,pkg:oss:libcurl,libcurl,7.29.0,CVE-2016-8615;CVE-2018-1000120;CVE-2019-5482
ICS-0622_honeywell_uniformance-phd-historian-r321_SBOM.json,ICS-0622,pkg:oss:expat,Expat,2.2.10,CVE-2022-22822;CVE-2022-23852;CVE-2022-25235
ICS-0622_honeywell_uniformance-phd-historian-r321_SBOM.json,ICS-0622,pkg:oss:openssl,OpenSSL,1.0.2k,CVE-2017-3731;CVE-2017-3732;CVE-2016-7055
ICS-0622_honeywell_uniformance-phd-historian-r321_SBOM.json,ICS-0622,pkg:oss:zlib,zlib,1.2.8,CVE-2016-9840;CVE-2016-9841;CVE-2018-25032
ICS-0622_honeywell_uniformance-phd-historian-r321_SBOM.json,ICS-0622,pkg:oss:sqlite,SQLite,3.22.0,CVE-2018-8740;CVE-2019-8457;CVE-2020-11655
ICS-0623_emerson_deltav-continuous-historian-15-lts_SBOM.json,ICS-0623,pkg:oss:libxml2,libxml2,2.9.14,CVE-2022-40303;CVE-2022-40304;CVE-2023-28484
ICS-0623_emerson_deltav-continuous-historian-15-lts_SBOM.json,ICS-0623,pkg:oss:sqlserver-express,Microsoft SQL Server Express,2016 SP2,CVE-2019-1068;CVE-2020-0618
ICS-0623_emerson_deltav-continuous-historian-15-lts_SBOM.json,ICS-0623,pkg:oss:expat,Expat,2.2.0,CVE-2018-20843;CVE-2019-15903
ICS-0623_emerson_deltav-continuous-historian-15-lts_SBOM.json,ICS-0623,pkg:oss:zlib,zlib,1.2.8,CVE-2016-9840;CVE-2016-9841;CVE-2018-25032
ICS-0624_yokogawa_exaquantum-plant-information-system-r3-30_SBOM.json,ICS-0624,pkg:oss:sqlite,SQLite,3.41.2,CVE-2023-7104
ICS-0624_yokogawa_exaquantum-plant-information-system-r3-30_SBOM.json,ICS-0624,pkg:oss:expat,Expat,2.4.1,CVE-2022-25236;CVE-2022-25315
ICS-0625_siemens_tia-portal-engineering-suite-v19_SBOM.json,ICS-0625,pkg:oss:openssl,OpenSSL,3.0.7,CVE-2023-0286;CVE-2023-0215;CVE-2022-4304
ICS-0625_siemens_tia-portal-engineering-suite-v19_SBOM.json,ICS-0625,pkg:oss:dotnet,Microsoft .NET Framework,4.6.2,CVE-2018-8421;CVE-2019-0545;CVE-2020-1147
ICS-0625_siemens_tia-portal-engineering-suite-v19_SBOM.json,ICS-0625,pkg:oss:libcurl,libcurl,8.4.0,CVE-2023-46218;CVE-2024-2379
ICS-0625_siemens_tia-portal-engineering-suite-v19_SBOM.json,ICS-0625,pkg:oss:libxml2,libxml2,2.10.4,CVE-2023-45322
ICS-0625_siemens_tia-portal-engineering-suite-v19_SBOM.json,ICS-0625,pkg:oss:expat,Expat,2.2.0,CVE-2018-20843;CVE-2019-15903
ICS-0625_siemens_tia-portal-engineering-suite-v19_SBOM.json,ICS-0625,pkg:oss:sqlserver-express,Microsoft SQL Server Express,2017 CU31,CVE-2022-29143;CVE-2023-21528
ICS-0626_rockwell_studio-5000-logix-designer-33-00_SBOM.json,ICS-0626,pkg:oss:openssl,OpenSSL,3.0.7,CVE-2023-0286;CVE-2023-0215;CVE-2022-4304
ICS-0626_rockwell_studio-5000-logix-designer-33-00_SBOM.json,ICS-0626,pkg:oss:dotnet,Microsoft .NET Framework,4.6.2,CVE-2018-8421;CVE-2019-0545;CVE-2020-1147
ICS-0626_rockwell_studio-5000-logix-designer-33-00_SBOM.json,ICS-0626,pkg:oss:sqlite,SQLite,3.31.1,CVE-2020-13434;CVE-2020-13630;CVE-2021-20227
ICS-0627_schneider_ecostruxure-control-expert-v16-1_SBOM.json,ICS-0627,pkg:oss:libcurl,libcurl,7.79.1,CVE-2022-22576;CVE-2022-27774;CVE-2022-32221
ICS-0627_schneider_ecostruxure-control-expert-v16-1_SBOM.json,ICS-0627,pkg:oss:zlib,zlib,1.2.11,CVE-2018-25032;CVE-2022-37434
ICS-0627_schneider_ecostruxure-control-expert-v16-1_SBOM.json,ICS-0627,pkg:oss:openssl,OpenSSL,1.0.2u,CVE-2021-23840;CVE-2021-3712
ICS-0627_schneider_ecostruxure-control-expert-v16-1_SBOM.json,ICS-0627,pkg:oss:libxml2,libxml2,2.9.4,CVE-2016-9318;CVE-2017-5969;CVE-2018-14567
ICS-0628_mitsubishi_gx-works3-engineering-tool-1-100e_SBOM.json,ICS-0628,pkg:oss:zlib,zlib,1.2.8,CVE-2016-9840;CVE-2016-9841;CVE-2018-25032
ICS-0628_mitsubishi_gx-works3-engineering-tool-1-100e_SBOM.json,ICS-0628,pkg:oss:libxml2,libxml2,2.9.10,CVE-2021-3517;CVE-2021-3518;CVE-2022-29824
ICS-0628_mitsubishi_gx-works3-engineering-tool-1-100e_SBOM.json,ICS-0628,pkg:oss:dotnet,Microsoft .NET Framework,4.7.2,CVE-2020-1147;CVE-2021-24112;CVE-2021-26701
ICS-0628_mitsubishi_gx-works3-engineering-tool-1-100e_SBOM.json,ICS-0628,pkg:oss:expat,Expat,2.2.10,CVE-2022-22822;CVE-2022-23852;CVE-2022-25235
ICS-0628_mitsubishi_gx-works3-engineering-tool-1-100e_SBOM.json,ICS-0628,pkg:oss:libcurl,libcurl,7.79.1,CVE-2022-22576;CVE-2022-27774;CVE-2022-32221
ICS-0629_codesys_codesys-development-system-v3-5-sp19_SBOM.json,ICS-0629,pkg:oss:libcurl,libcurl,8.0.1,CVE-2023-27533;CVE-2023-27536;CVE-2023-38545
ICS-0629_codesys_codesys-development-system-v3-5-sp19_SBOM.json,ICS-0629,pkg:oss:zlib,zlib,1.2.8,CVE-2016-9840;CVE-2016-9841;CVE-2018-25032
ICS-0629_codesys_codesys-development-system-v3-5-sp19_SBOM.json,ICS-0629,pkg:oss:libxml2,libxml2,2.10.4,CVE-2023-45322
ICS-0629_codesys_codesys-development-system-v3-5-sp19_SBOM.json,ICS-0629,pkg:oss:sqlserver-express,Microsoft SQL Server Express,2017 CU31,CVE-2022-29143;CVE-2023-21528
ICS-0629_codesys_codesys-development-system-v3-5-sp19_SBOM.json,ICS-0629,pkg:oss:openssl,OpenSSL,1.0.2u,CVE-2021-23840;CVE-2021-3712
ICS-0629_codesys_codesys-development-system-v3-5-sp19_SBOM.json,ICS-0629,pkg:oss:sqlite,SQLite,3.39.4,CVE-2022-46908;CVE-2023-7104
ICS-0629_codesys_codesys-development-system-v3-5-sp19_SBOM.json,ICS-0629,pkg:oss:dotnet,Microsoft .NET Framework,4.6.2,CVE-2018-8421;CVE-2019-0545;CVE-2020-1147
ICS-0629_codesys_codesys-development-system-v3-5-sp19_SBOM.json,ICS-0629,pkg:oss:codesys-rt,CODESYS Control Runtime System,3.5.17.0,CVE-2022-22515;CVE-2022-22517;CVE-2022-31802
ICS-0630_abb_automation-builder-2-7_SBOM.json,ICS-0630,pkg:oss:sqlserver-express,Microsoft SQL Server Express,2019 CU22,CVE-2023-21528
ICS-0630_abb_automation-builder-2-7_SBOM.json,ICS-0630,pkg:oss:expat,Expat,2.5.0,CVE-2023-52425
ICS-0630_abb_automation-builder-2-7_SBOM.json,ICS-0630,pkg:oss:codesys-rt,CODESYS Control Runtime System,3.5.16.0,CVE-2021-30186;CVE-2021-30188;CVE-2021-30189
ICS-0631_emerson_deltav-md-plus-controller-pk_SBOM.json,ICS-0631,pkg:oss:openssl,OpenSSL,1.1.1n,CVE-2022-1292;CVE-2022-2068;CVE-2022-4304
ICS-0631_emerson_deltav-md-plus-controller-pk_SBOM.json,ICS-0631,pkg:oss:libcurl,libcurl,7.29.0,CVE-2016-8615;CVE-2018-1000120;CVE-2019-5482
ICS-0631_emerson_deltav-md-plus-controller-pk_SBOM.json,ICS-0631,pkg:oss:libxml2,libxml2,2.9.4,CVE-2016-9318;CVE-2017-5969;CVE-2018-14567
ICS-0631_emerson_deltav-md-plus-controller-pk_SBOM.json,ICS-0631,pkg:oss:libmodbus,libmodbus,3.0.6,CVE-2019-14462;CVE-2019-14463
ICS-0631_emerson_deltav-md-plus-controller-pk_SBOM.json,ICS-0631,pkg:oss:sqlite,SQLite,3.39.4,CVE-2022-46908;CVE-2023-7104
ICS-0631_emerson_deltav-md-plus-controller-pk_SBOM.json,ICS-0631,pkg:oss:ipnet,Interpeak IPnet TCP/IP Stack,7.0,CVE-2019-12258;CVE-2019-12259;CVE-2019-12262
ICS-0632_honeywell_experion-c300-controller-uoc_SBOM.json,ICS-0632,pkg:oss:libcurl,libcurl,7.79.1,CVE-2022-22576;CVE-2022-27774;CVE-2022-32221
ICS-0632_honeywell_experion-c300-controller-uoc_SBOM.json,ICS-0632,pkg:oss:zlib,zlib,1.2.8,CVE-2016-9840;CVE-2016-9841;CVE-2018-25032
ICS-0632_honeywell_experion-c300-controller-uoc_SBOM.json,ICS-0632,pkg:oss:expat,Expat,2.4.1,CVE-2022-25236;CVE-2022-25315
ICS-0632_honeywell_experion-c300-controller-uoc_SBOM.json,ICS-0632,pkg:oss:openssl,OpenSSL,1.1.1k,CVE-2021-3711;CVE-2021-3712;CVE-2022-0778
ICS-0632_honeywell_experion-c300-controller-uoc_SBOM.json,ICS-0632,pkg:oss:net-snmp,Net-SNMP,5.7.3,CVE-2018-18065;CVE-2019-20892;CVE-2020-15862
ICS-0632_honeywell_experion-c300-controller-uoc_SBOM.json,ICS-0632,pkg:oss:libxml2,libxml2,2.9.10,CVE-2021-3517;CVE-2021-3518;CVE-2022-29824
ICS-0632_honeywell_experion-c300-controller-uoc_SBOM.json,ICS-0632,pkg:oss:ipnet,Interpeak IPnet TCP/IP Stack,7.0,CVE-2019-12258;CVE-2019-12259;CVE-2019-12262
ICS-0633_yokogawa_centum-vp-field-control-station-afv40s_SBOM.json,ICS-0633,pkg:oss:mbedtls,Mbed TLS,2.28.0,CVE-2022-35409;CVE-2023-43615
ICS-0633_yokogawa_centum-vp-field-control-station-afv40s_SBOM.json,ICS-0633,pkg:oss:treck-tcpip,Treck TCP/IP Stack,6.0.1.66,CVE-2020-11896;CVE-2020-11897;CVE-2020-11901
ICS-0633_yokogawa_centum-vp-field-control-station-afv40s_SBOM.json,ICS-0633,pkg:oss:openssl,OpenSSL,3.0.7,CVE-2023-0286;CVE-2023-0215;CVE-2022-4304
ICS-0634_abb_ac-800m-controller-pm864a_SBOM.json,ICS-0634,pkg:oss:net-snmp,Net-SNMP,5.7.3,CVE-2018-18065;CVE-2019-20892;CVE-2020-15862
ICS-0634_abb_ac-800m-controller-pm864a_SBOM.json,ICS-0634,pkg:oss:sqlite,SQLite,3.39.4,CVE-2022-46908;CVE-2023-7104
ICS-0634_abb_ac-800m-controller-pm864a_SBOM.json,ICS-0634,pkg:oss:open62541,open62541 OPC UA Stack,1.2.2,CVE-2021-40206;CVE-2022-25761
ICS-0634_abb_ac-800m-controller-pm864a_SBOM.json,ICS-0634,pkg:oss:libxml2,libxml2,2.10.4,CVE-2023-45322
ICS-0634_abb_ac-800m-controller-pm864a_SBOM.json,ICS-0634,pkg:oss:ipnet,Interpeak IPnet TCP/IP Stack,7.0,CVE-2019-12258;CVE-2019-12259;CVE-2019-12262
ICS-0634_abb_ac-800m-controller-pm864a_SBOM.json,ICS-0634,pkg:oss:openssl,OpenSSL,1.0.2k,CVE-2017-3731;CVE-2017-3732;CVE-2016-7055
ICS-0634_abb_ac-800m-controller-pm864a_SBOM.json,ICS-0634,pkg:oss:ntp,NTP Daemon,4.2.8p10,CVE-2018-7182;CVE-2018-7183;CVE-2018-7184
ICS-0635_siemens_simatic-pcs-7-as-controller-as-416-3_SBOM.json,ICS-0635,pkg:oss:mbedtls,Mbed TLS,2.28.0,CVE-2022-35409;CVE-2023-43615
ICS-0635_siemens_simatic-pcs-7-as-controller-as-416-3_SBOM.json,ICS-0635,pkg:oss:ntp,NTP Daemon,4.2.8p13,CVE-2019-8936;CVE-2020-11868
ICS-0635_siemens_simatic-pcs-7-as-controller-as-416-3_SBOM.json,ICS-0635,pkg:oss:treck-tcpip,Treck TCP/IP Stack,6.0.1.67,CVE-2020-11898;CVE-2020-11900
ICS-0635_siemens_simatic-pcs-7-as-controller-as-416-3_SBOM.json,ICS-0635,pkg:oss:lwip,lwIP,2.1.3,CVE-2023-5188
ICS-0635_siemens_simatic-pcs-7-as-controller-as-416-3_SBOM.json,ICS-0635,pkg:oss:libmodbus,libmodbus,3.1.4,CVE-2019-14462;CVE-2019-14463
ICS-0636_hitachi-energy_symphony-plus-hpc800-spc700_SBOM.json,ICS-0636,pkg:oss:sqlite,SQLite,3.22.0,CVE-2018-8740;CVE-2019-8457;CVE-2020-11655
ICS-0636_hitachi-energy_symphony-plus-hpc800-spc700_SBOM.json,ICS-0636,pkg:oss:expat,Expat,2.2.0,CVE-2018-20843;CVE-2019-15903
ICS-0636_hitachi-energy_symphony-plus-hpc800-spc700_SBOM.json,ICS-0636,pkg:oss:openssl,OpenSSL,1.1.1k,CVE-2021-3711;CVE-2021-3712;CVE-2022-0778
ICS-0636_hitachi-energy_symphony-plus-hpc800-spc700_SBOM.json,ICS-0636,pkg:oss:libcurl,libcurl,7.64.0,CVE-2019-5481;CVE-2019-5482;CVE-2020-8177
ICS-0636_hitachi-energy_symphony-plus-hpc800-spc700_SBOM.json,ICS-0636,pkg:oss:open62541,open62541 OPC UA Stack,1.3.6,CVE-2023-31048
ICS-0636_hitachi-energy_symphony-plus-hpc800-spc700_SBOM.json,ICS-0636,pkg:oss:net-snmp,Net-SNMP,5.9.1,CVE-2022-24805;CVE-2022-24809
ICS-0636_hitachi-energy_symphony-plus-hpc800-spc700_SBOM.json,ICS-0636,pkg:oss:ipnet,Interpeak IPnet TCP/IP Stack,6.9,CVE-2019-12255;CVE-2019-12256;CVE-2019-12257;CVE-2019-12260
ICS-0636_hitachi-energy_symphony-plus-hpc800-spc700_SBOM.json,ICS-0636,pkg:oss:libxml2,libxml2,2.9.4,CVE-2016-9318;CVE-2017-5969;CVE-2018-14567
ICS-0636_hitachi-energy_symphony-plus-hpc800-spc700_SBOM.json,ICS-0636,pkg:oss:ntp,NTP Daemon,4.2.8p15,CVE-2023-26551
ICS-0637_schneider_triconex-tricon-cx-controller-tri-gp_SBOM.json,ICS-0637,pkg:oss:zlib,zlib,1.2.11,CVE-2018-25032;CVE-2022-37434
ICS-0637_schneider_triconex-tricon-cx-controller-tri-gp_SBOM.json,ICS-0637,pkg:oss:mbedtls,Mbed TLS,3.4.0,CVE-2023-43615
ICS-0637_schneider_triconex-tricon-cx-controller-tri-gp_SBOM.json,ICS-0637,pkg:oss:treck-tcpip,Treck TCP/IP Stack,6.0.1.67,CVE-2020-11898;CVE-2020-11900
ICS-0638_hima_himax-safety-controller-himatrix-f35_SBOM.json,ICS-0638,pkg:oss:zlib,zlib,1.2.8,CVE-2016-9840;CVE-2016-9841;CVE-2018-25032
ICS-0638_hima_himax-safety-controller-himatrix-f35_SBOM.json,ICS-0638,pkg:oss:expat,Expat,2.2.10,CVE-2022-22822;CVE-2022-23852;CVE-2022-25235
ICS-0638_hima_himax-safety-controller-himatrix-f35_SBOM.json,ICS-0638,pkg:oss:mbedtls,Mbed TLS,2.28.0,CVE-2022-35409;CVE-2023-43615
ICS-0638_hima_himax-safety-controller-himatrix-f35_SBOM.json,ICS-0638,pkg:oss:wolfssl,wolfSSL,5.5.0,CVE-2022-42905;CVE-2023-3724
ICS-0638_hima_himax-safety-controller-himatrix-f35_SBOM.json,ICS-0638,pkg:oss:openssl,OpenSSL,1.1.1k,CVE-2021-3711;CVE-2021-3712;CVE-2022-0778
ICS-0638_hima_himax-safety-controller-himatrix-f35_SBOM.json,ICS-0638,pkg:oss:lwip,lwIP,2.1.3,CVE-2023-5188
ICS-0638_hima_himax-safety-controller-himatrix-f35_SBOM.json,ICS-0638,pkg:oss:libmodbus,libmodbus,3.0.6,CVE-2019-14462;CVE-2019-14463
ICS-0639_pilz_pss-4000-safety-controller-pss-4000-r_SBOM.json,ICS-0639,pkg:oss:lwip,lwIP,2.0.3,CVE-2020-22283;CVE-2020-22284;CVE-2020-22288
ICS-0639_pilz_pss-4000-safety-controller-pss-4000-r_SBOM.json,ICS-0639,pkg:oss:expat,Expat,2.2.0,CVE-2018-20843;CVE-2019-15903
ICS-0639_pilz_pss-4000-safety-controller-pss-4000-r_SBOM.json,ICS-0639,pkg:oss:libmodbus,libmodbus,3.0.6,CVE-2019-14462;CVE-2019-14463
ICS-0639_pilz_pss-4000-safety-controller-pss-4000-r_SBOM.json,ICS-0639,pkg:oss:treck-tcpip,Treck TCP/IP Stack,6.0.1.67,CVE-2020-11898;CVE-2020-11900
ICS-0640_siemens_simatic-s7-1500f-safety-cpu-1518f-4-pn-dp_SBOM.json,ICS-0640,pkg:oss:wolfssl,wolfSSL,4.5.0,CVE-2021-3336;CVE-2021-24116
ICS-0640_siemens_simatic-s7-1500f-safety-cpu-1518f-4-pn-dp_SBOM.json,ICS-0640,pkg:oss:openssl,OpenSSL,1.1.1n,CVE-2022-1292;CVE-2022-2068;CVE-2022-4304
ICS-0640_siemens_simatic-s7-1500f-safety-cpu-1518f-4-pn-dp_SBOM.json,ICS-0640,pkg:oss:mbedtls,Mbed TLS,3.4.0,CVE-2023-43615
ICS-0641_rockwell_guardlogix-safety-controller-5069-l306ers2_SBOM.json,ICS-0641,pkg:oss:libcurl,libcurl,8.0.1,CVE-2023-27533;CVE-2023-27536;CVE-2023-38545
ICS-0641_rockwell_guardlogix-safety-controller-5069-l306ers2_SBOM.json,ICS-0641,pkg:oss:sqlite,SQLite,3.39.4,CVE-2022-46908;CVE-2023-7104
ICS-0641_rockwell_guardlogix-safety-controller-5069-l306ers2_SBOM.json,ICS-0641,pkg:oss:expat,Expat,2.5.0,CVE-2023-52425
ICS-0641_rockwell_guardlogix-safety-controller-5069-l306ers2_SBOM.json,ICS-0641,pkg:oss:ntp,NTP Daemon,4.2.8p10,CVE-2018-7182;CVE-2018-7183;CVE-2018-7184
ICS-0642_moxa_mgate-protocol-gateway-5119_SBOM.json,ICS-0642,pkg:oss:libcurl,libcurl,7.29.0,CVE-2016-8615;CVE-2018-1000120;CVE-2019-5482
ICS-0642_moxa_mgate-protocol-gateway-5119_SBOM.json,ICS-0642,pkg:oss:expat,Expat,2.4.1,CVE-2022-25236;CVE-2022-25315
ICS-0642_moxa_mgate-protocol-gateway-5119_SBOM.json,ICS-0642,pkg:oss:wpa-supplicant,wpa_supplicant,2.9,CVE-2021-27803;CVE-2021-30004;CVE-2022-23303
ICS-0642_moxa_mgate-protocol-gateway-5119_SBOM.json,ICS-0642,pkg:oss:musl,musl libc,1.1.24,CVE-2020-28928
ICS-0643_softing_edgeaggregator-gateway-uagate-si_SBOM.json,ICS-0643,pkg:oss:mosquitto,Eclipse Mosquitto,2.0.11,CVE-2021-34431;CVE-2021-41039;CVE-2023-0809
ICS-0643_softing_edgeaggregator-gateway-uagate-si_SBOM.json,ICS-0643,pkg:oss:open62541,open62541 OPC UA Stack,1.3.6,CVE-2023-31048
ICS-0643_softing_edgeaggregator-gateway-uagate-si_SBOM.json,ICS-0643,pkg:oss:libssh2,libssh2,1.9.0,CVE-2019-17498;CVE-2020-22218
ICS-0643_softing_edgeaggregator-gateway-uagate-si_SBOM.json,ICS-0643,pkg:oss:openssh,OpenSSH,8.2p1,CVE-2020-15778;CVE-2021-41617;CVE-2023-48795
ICS-0644_advantech_ecu-1251-edge-gateway-ecu-4784_SBOM.json,ICS-0644,pkg:oss:wpa-supplicant,wpa_supplicant,2.9,CVE-2021-27803;CVE-2021-30004;CVE-2022-23303
ICS-0644_advantech_ecu-1251-edge-gateway-ecu-4784_SBOM.json,ICS-0644,pkg:oss:mosquitto,Eclipse Mosquitto,1.5.8,CVE-2019-11779;CVE-2021-28166
ICS-0644_advantech_ecu-1251-edge-gateway-ecu-4784_SBOM.json,ICS-0644,pkg:oss:dropbear,Dropbear SSH,2019.78,CVE-2018-15599;CVE-2020-36254
ICS-0644_advantech_ecu-1251-edge-gateway-ecu-4784_SBOM.json,ICS-0644,pkg:oss:libssh2,libssh2,1.8.0,CVE-2019-3855;CVE-2019-3856;CVE-2019-3858
ICS-0644_advantech_ecu-1251-edge-gateway-ecu-4784_SBOM.json,ICS-0644,pkg:oss:open62541,open62541 OPC UA Stack,1.2.2,CVE-2021-40206;CVE-2022-25761
ICS-0644_advantech_ecu-1251-edge-gateway-ecu-4784_SBOM.json,ICS-0644,pkg:oss:musl,musl libc,1.2.2,CVE-2020-28928
ICS-0644_advantech_ecu-1251-edge-gateway-ecu-4784_SBOM.json,ICS-0644,pkg:oss:codesys-rt,CODESYS Control Runtime System,3.5.18.20,CVE-2023-37559;CVE-2023-37560
ICS-0645_phoenix_fl-mguard-security-appliance-centerport_SBOM.json,ICS-0645,pkg:oss:ntp,NTP Daemon,4.2.8p13,CVE-2019-8936;CVE-2020-11868
ICS-0645_phoenix_fl-mguard-security-appliance-centerport_SBOM.json,ICS-0645,pkg:oss:wpa-supplicant,wpa_supplicant,2.9,CVE-2021-27803;CVE-2021-30004;CVE-2022-23303
ICS-0645_phoenix_fl-mguard-security-appliance-centerport_SBOM.json,ICS-0645,pkg:oss:openvpn,OpenVPN,2.5.5,CVE-2022-0547;CVE-2023-46849;CVE-2023-46850
ICS-0646_belden_eagle40-industrial-firewall-eagle20_SBOM.json,ICS-0646,pkg:oss:dnsmasq,dnsmasq,2.82,CVE-2020-25681;CVE-2020-25684;CVE-2021-3448
ICS-0646_belden_eagle40-industrial-firewall-eagle20_SBOM.json,ICS-0646,pkg:oss:libcurl,libcurl,8.4.0,CVE-2023-46218;CVE-2024-2379
ICS-0646_belden_eagle40-industrial-firewall-eagle20_SBOM.json,ICS-0646,pkg:oss:dropbear,Dropbear SSH,2016.74,CVE-2016-7406;CVE-2016-7407;CVE-2016-7408
ICS-0646_belden_eagle40-industrial-firewall-eagle20_SBOM.json,ICS-0646,pkg:oss:ntp,NTP Daemon,4.2.8p10,CVE-2018-7182;CVE-2018-7183;CVE-2018-7184
ICS-0647_belden_rsp-managed-switch-rspe37_SBOM.json,ICS-0647,pkg:oss:dropbear,Dropbear SSH,2019.78,CVE-2018-15599;CVE-2020-36254
ICS-0647_belden_rsp-managed-switch-rspe37_SBOM.json,ICS-0647,pkg:oss:libcurl,libcurl,8.4.0,CVE-2023-46218;CVE-2024-2379
ICS-0647_belden_rsp-managed-switch-rspe37_SBOM.json,ICS-0647,pkg:oss:busybox,BusyBox,1.31.1,CVE-2021-42375;CVE-2021-42376;CVE-2022-28391
ICS-0647_belden_rsp-managed-switch-rspe37_SBOM.json,ICS-0647,pkg:oss:linux-kernel,Linux Kernel,5.4.278,CVE-2023-32233;CVE-2024-1086
ICS-0647_belden_rsp-managed-switch-rspe37_SBOM.json,ICS-0647,pkg:oss:wpa-supplicant,wpa_supplicant,2.6,CVE-2017-13077;CVE-2017-13078;CVE-2018-14526
ICS-0647_belden_rsp-managed-switch-rspe37_SBOM.json,ICS-0647,pkg:oss:mosquitto,Eclipse Mosquitto,1.5.8,CVE-2019-11779;CVE-2021-28166
ICS-0648_westermo_lynx-dss-managed-switch-redfox-5528_SBOM.json,ICS-0648,pkg:oss:linux-kernel,Linux Kernel,4.9.337,CVE-2019-11477;CVE-2021-33909;CVE-2022-0847
ICS-0648_westermo_lynx-dss-managed-switch-redfox-5528_SBOM.json,ICS-0648,pkg:oss:open62541,open62541 OPC UA Stack,1.2.2,CVE-2021-40206;CVE-2022-25761
ICS-0648_westermo_lynx-dss-managed-switch-redfox-5528_SBOM.json,ICS-0648,pkg:oss:busybox,BusyBox,1.20.2,CVE-2017-16544;CVE-2016-2147;CVE-2018-1000500
ICS-0649_moxa_eds-managed-ethernet-switch-eds-g516e_SBOM.json,ICS-0649,pkg:oss:linux-kernel,Linux Kernel,5.10.220,CVE-2024-1086
ICS-0649_moxa_eds-managed-ethernet-switch-eds-g516e_SBOM.json,ICS-0649,pkg:oss:wpa-supplicant,wpa_supplicant,2.10,CVE-2023-52160
ICS-0649_moxa_eds-managed-ethernet-switch-eds-g516e_SBOM.json,ICS-0649,pkg:oss:openvpn,OpenVPN,2.4.7,CVE-2020-11810;CVE-2020-15078
ICS-0650_siemens_scalance-x-industrial-switch-xm416-4c_SBOM.json,ICS-0650,pkg:oss:openvpn,OpenVPN,2.4.7,CVE-2020-11810;CVE-2020-15078
ICS-0650_siemens_scalance-x-industrial-switch-xm416-4c_SBOM.json,ICS-0650,pkg:oss:dnsmasq,dnsmasq,2.86,CVE-2022-0934;CVE-2023-28450
ICS-0650_siemens_scalance-x-industrial-switch-xm416-4c_SBOM.json,ICS-0650,pkg:oss:libmodbus,libmodbus,3.1.4,CVE-2019-14462;CVE-2019-14463
ICS-0650_siemens_scalance-x-industrial-switch-xm416-4c_SBOM.json,ICS-0650,pkg:oss:libpcap,libpcap,1.8.1,CVE-2018-16301;CVE-2019-15165
ICS-0650_siemens_scalance-x-industrial-switch-xm416-4c_SBOM.json,ICS-0650,pkg:oss:net-snmp,Net-SNMP,5.8,CVE-2020-15861;CVE-2020-15862;CVE-2022-24805
ICS-0650_siemens_scalance-x-industrial-switch-xm416-4c_SBOM.json,ICS-0650,pkg:oss:openssh,OpenSSH,9.3p1,CVE-2023-38408;CVE-2023-48795;CVE-2024-6387
ICS-0650_siemens_scalance-x-industrial-switch-xm416-4c_SBOM.json,ICS-0650,pkg:oss:sqlite,SQLite,3.31.1,CVE-2020-13434;CVE-2020-13630;CVE-2021-20227
ICS-0650_siemens_scalance-x-industrial-switch-xm416-4c_SBOM.json,ICS-0650,pkg:oss:wpa-supplicant,wpa_supplicant,2.9,CVE-2021-27803;CVE-2021-30004;CVE-2022-23303
ICS-0651_siemens_ruggedcom-rx1500-router-rx5000_SBOM.json,ICS-0651,pkg:oss:wpa-supplicant,wpa_supplicant,2.9,CVE-2021-27803;CVE-2021-30004;CVE-2022-23303
ICS-0651_siemens_ruggedcom-rx1500-router-rx5000_SBOM.json,ICS-0651,pkg:oss:libcurl,libcurl,7.29.0,CVE-2016-8615;CVE-2018-1000120;CVE-2019-5482
ICS-0651_siemens_ruggedcom-rx1500-router-rx5000_SBOM.json,ICS-0651,pkg:oss:linux-kernel,Linux Kernel,4.9.337,CVE-2019-11477;CVE-2021-33909;CVE-2022-0847
ICS-0651_siemens_ruggedcom-rx1500-router-rx5000_SBOM.json,ICS-0651,pkg:oss:zlib,zlib,1.2.8,CVE-2016-9840;CVE-2016-9841;CVE-2018-25032
ICS-0651_siemens_ruggedcom-rx1500-router-rx5000_SBOM.json,ICS-0651,pkg:oss:mosquitto,Eclipse Mosquitto,2.0.15,CVE-2023-0809;CVE-2023-3592
ICS-0652_abb_acs880-industrial-drive-acs580-01_SBOM.json,ICS-0652,pkg:oss:libmodbus,libmodbus,3.0.6,CVE-2019-14462;CVE-2019-14463
ICS-0652_abb_acs880-industrial-drive-acs580-01_SBOM.json,ICS-0652,pkg:oss:expat,Expat,2.2.0,CVE-2018-20843;CVE-2019-15903
ICS-0652_abb_acs880-industrial-drive-acs580-01_SBOM.json,ICS-0652,pkg:oss:ntp,NTP Daemon,4.2.8p13,CVE-2019-8936;CVE-2020-11868
ICS-0652_abb_acs880-industrial-drive-acs580-01_SBOM.json,ICS-0652,pkg:oss:wolfssl,wolfSSL,4.5.0,CVE-2021-3336;CVE-2021-24116
ICS-0652_abb_acs880-industrial-drive-acs580-01_SBOM.json,ICS-0652,pkg:oss:lwip,lwIP,2.1.2,CVE-2020-22283;CVE-2020-22285;CVE-2020-22286
ICS-0652_abb_acs880-industrial-drive-acs580-01_SBOM.json,ICS-0652,pkg:oss:zlib,zlib,1.2.8,CVE-2016-9840;CVE-2016-9841;CVE-2018-25032
ICS-0652_abb_acs880-industrial-drive-acs580-01_SBOM.json,ICS-0652,pkg:oss:mbedtls,Mbed TLS,3.4.0,CVE-2023-43615
ICS-0653_siemens_sinamics-s120-drive-s210_SBOM.json,ICS-0653,pkg:oss:wolfssl,wolfSSL,5.5.0,CVE-2022-42905;CVE-2023-3724
ICS-0653_siemens_sinamics-s120-drive-s210_SBOM.json,ICS-0653,pkg:oss:lwip,lwIP,2.0.3,CVE-2020-22283;CVE-2020-22284;CVE-2020-22288
ICS-0653_siemens_sinamics-s120-drive-s210_SBOM.json,ICS-0653,pkg:oss:treck-tcpip,Treck TCP/IP Stack,6.0.1.66,CVE-2020-11896;CVE-2020-11897;CVE-2020-11901
ICS-0654_danfoss_vlt-automationdrive-fc-360_SBOM.json,ICS-0654,pkg:oss:openssl,OpenSSL,1.1.1n,CVE-2022-1292;CVE-2022-2068;CVE-2022-4304
ICS-0654_danfoss_vlt-automationdrive-fc-360_SBOM.json,ICS-0654,pkg:oss:expat,Expat,2.5.0,CVE-2023-52425
ICS-0654_danfoss_vlt-automationdrive-fc-360_SBOM.json,ICS-0654,pkg:oss:ntp,NTP Daemon,4.2.8p15,CVE-2023-26551
ICS-0655_rockwell_powerflex-755-drive-527_SBOM.json,ICS-0655,pkg:oss:libmodbus,libmodbus,3.1.4,CVE-2019-14462;CVE-2019-14463
ICS-0655_rockwell_powerflex-755-drive-527_SBOM.json,ICS-0655,pkg:oss:openssl,OpenSSL,1.0.2k,CVE-2017-3731;CVE-2017-3732;CVE-2016-7055
ICS-0655_rockwell_powerflex-755-drive-527_SBOM.json,ICS-0655,pkg:oss:wolfssl,wolfSSL,4.5.0,CVE-2021-3336;CVE-2021-24116
ICS-0655_rockwell_powerflex-755-drive-527_SBOM.json,ICS-0655,pkg:oss:ntp,NTP Daemon,4.2.8p10,CVE-2018-7182;CVE-2018-7183;CVE-2018-7184
ICS-0655_rockwell_powerflex-755-drive-527_SBOM.json,ICS-0655,pkg:oss:mbedtls,Mbed TLS,2.28.0,CVE-2022-35409;CVE-2023-43615
ICS-0655_rockwell_powerflex-755-drive-527_SBOM.json,ICS-0655,pkg:oss:zlib,zlib,1.2.12,CVE-2022-37434
ICS-0656_bosch-rexroth_indradrive-controller-hms01_SBOM.json,ICS-0656,pkg:oss:wolfssl,wolfSSL,4.5.0,CVE-2021-3336;CVE-2021-24116
ICS-0656_bosch-rexroth_indradrive-controller-hms01_SBOM.json,ICS-0656,pkg:oss:lwip,lwIP,2.1.3,CVE-2023-5188
ICS-0656_bosch-rexroth_indradrive-controller-hms01_SBOM.json,ICS-0656,pkg:oss:openssl,OpenSSL,1.1.1g,CVE-2020-1971;CVE-2021-3450;CVE-2021-3711
ICS-0656_bosch-rexroth_indradrive-controller-hms01_SBOM.json,ICS-0656,pkg:oss:mbedtls,Mbed TLS,2.28.0,CVE-2022-35409;CVE-2023-43615
ICS-0656_bosch-rexroth_indradrive-controller-hms01_SBOM.json,ICS-0656,pkg:oss:codesys-rt,CODESYS Control Runtime System,3.5.17.0,CVE-2022-22515;CVE-2022-22517;CVE-2022-31802
ICS-0657_bosch-rexroth_indramotion-mlc-l75_SBOM.json,ICS-0657,pkg:oss:libpcap,libpcap,1.9.1,CVE-2019-15165;CVE-2023-7256
ICS-0657_bosch-rexroth_indramotion-mlc-l75_SBOM.json,ICS-0657,pkg:oss:u-boot,Das U-Boot,2020.04,CVE-2020-10648;CVE-2021-27097;CVE-2022-30767
ICS-0657_bosch-rexroth_indramotion-mlc-l75_SBOM.json,ICS-0657,pkg:oss:mosquitto,Eclipse Mosquitto,2.0.11,CVE-2021-34431;CVE-2021-41039;CVE-2023-0809
ICS-0657_bosch-rexroth_indramotion-mlc-l75_SBOM.json,ICS-0657,pkg:oss:busybox,BusyBox,1.30.1,CVE-2021-42374;CVE-2021-42378;CVE-2021-42386
ICS-0657_bosch-rexroth_indramotion-mlc-l75_SBOM.json,ICS-0657,pkg:oss:ntp,NTP Daemon,4.2.8p15,CVE-2023-26551
ICS-0657_bosch-rexroth_indramotion-mlc-l75_SBOM.json,ICS-0657,pkg:oss:codesys-rt,CODESYS Control Runtime System,3.5.17.0,CVE-2022-22515;CVE-2022-22517;CVE-2022-31802
ICS-0658_fuji_frenic-ace-inverter-frn0022e2s_SBOM.json,ICS-0658,pkg:oss:wolfssl,wolfSSL,4.5.0,CVE-2021-3336;CVE-2021-24116
ICS-0658_fuji_frenic-ace-inverter-frn0022e2s_SBOM.json,ICS-0658,pkg:oss:mbedtls,Mbed TLS,3.4.0,CVE-2023-43615
ICS-0658_fuji_frenic-ace-inverter-frn0022e2s_SBOM.json,ICS-0658,pkg:oss:expat,Expat,2.5.0,CVE-2023-52425
ICS-0658_fuji_frenic-ace-inverter-frn0022e2s_SBOM.json,ICS-0658,pkg:oss:ntp,NTP Daemon,4.2.8p13,CVE-2019-8936;CVE-2020-11868
ICS-0658_fuji_frenic-ace-inverter-frn0022e2s_SBOM.json,ICS-0658,pkg:oss:openssl,OpenSSL,1.0.2k,CVE-2017-3731;CVE-2017-3732;CVE-2016-7055
ICS-0658_fuji_frenic-ace-inverter-frn0022e2s_SBOM.json,ICS-0658,pkg:oss:lwip,lwIP,2.1.3,CVE-2023-5188
ICS-0659_mitsubishi_melfa-robot-controller-cr750-q_SBOM.json,ICS-0659,pkg:oss:mbedtls,Mbed TLS,3.4.0,CVE-2023-43615
ICS-0659_mitsubishi_melfa-robot-controller-cr750-q_SBOM.json,ICS-0659,pkg:oss:lwip,lwIP,2.0.3,CVE-2020-22283;CVE-2020-22284;CVE-2020-22288
ICS-0659_mitsubishi_melfa-robot-controller-cr750-q_SBOM.json,ICS-0659,pkg:oss:expat,Expat,2.5.0,CVE-2023-52425
ICS-0660_abb_irc5-robot-controller-omnicore-c30_SBOM.json,ICS-0660,pkg:oss:libcurl,libcurl,8.4.0,CVE-2023-46218;CVE-2024-2379
ICS-0661_keyence_cnc-motion-unit-mc-4_SBOM.json,ICS-0661,pkg:oss:expat,Expat,2.5.0,CVE-2023-52425
ICS-0661_keyence_cnc-motion-unit-mc-4_SBOM.json,ICS-0661,pkg:oss:zlib,zlib,1.2.12,CVE-2022-37434
ICS-0661_keyence_cnc-motion-unit-mc-4_SBOM.json,ICS-0661,pkg:oss:treck-tcpip,Treck TCP/IP Stack,6.0.1.67,CVE-2020-11898;CVE-2020-11900
ICS-0661_keyence_cnc-motion-unit-mc-4_SBOM.json,ICS-0661,pkg:oss:lwip,lwIP,2.0.3,CVE-2020-22283;CVE-2020-22284;CVE-2020-22288
ICS-0662_mitsubishi_m800-cnc-controller-m80w_SBOM.json,ICS-0662,pkg:oss:expat,Expat,2.5.0,CVE-2023-52425
ICS-0662_mitsubishi_m800-cnc-controller-m80w_SBOM.json,ICS-0662,pkg:oss:lwip,lwIP,1.4.1,CVE-2014-1912;CVE-2020-22283;CVE-2020-22284
ICS-0662_mitsubishi_m800-cnc-controller-m80w_SBOM.json,ICS-0662,pkg:oss:openssl,OpenSSL,1.0.2k,CVE-2017-3731;CVE-2017-3732;CVE-2016-7055
ICS-0662_mitsubishi_m800-cnc-controller-m80w_SBOM.json,ICS-0662,pkg:oss:wolfssl,wolfSSL,4.5.0,CVE-2021-3336;CVE-2021-24116
ICS-0662_mitsubishi_m800-cnc-controller-m80w_SBOM.json,ICS-0662,pkg:oss:ntp,NTP Daemon,4.2.8p10,CVE-2018-7182;CVE-2018-7183;CVE-2018-7184
ICS-0662_mitsubishi_m800-cnc-controller-m80w_SBOM.json,ICS-0662,pkg:oss:mbedtls,Mbed TLS,2.16.3,CVE-2020-10932;CVE-2020-16150;CVE-2021-24119
ICS-0663_emerson_rosemount-3051s-transmitter-3051cd_SBOM.json,ICS-0663,pkg:oss:lwip,lwIP,2.1.3,CVE-2023-5188
ICS-0663_emerson_rosemount-3051s-transmitter-3051cd_SBOM.json,ICS-0663,pkg:oss:wolfssl,wolfSSL,4.5.0,CVE-2021-3336;CVE-2021-24116
ICS-0663_emerson_rosemount-3051s-transmitter-3051cd_SBOM.json,ICS-0663,pkg:oss:mbedtls,Mbed TLS,3.4.0,CVE-2023-43615
ICS-0663_emerson_rosemount-3051s-transmitter-3051cd_SBOM.json,ICS-0663,pkg:oss:treck-tcpip,Treck TCP/IP Stack,6.0.1.66,CVE-2020-11896;CVE-2020-11897;CVE-2020-11901
ICS-0664_yokogawa_eja-e-series-transmitter-ejx910a_SBOM.json,ICS-0664,pkg:oss:mbedtls,Mbed TLS,2.28.0,CVE-2022-35409;CVE-2023-43615
ICS-0665_honeywell_smartline-st800-transmitter-stt850_SBOM.json,ICS-0665,pkg:oss:lwip,lwIP,1.4.1,CVE-2014-1912;CVE-2020-22283;CVE-2020-22284
ICS-0665_honeywell_smartline-st800-transmitter-stt850_SBOM.json,ICS-0665,pkg:oss:mbedtls,Mbed TLS,2.28.0,CVE-2022-35409;CVE-2023-43615
ICS-0666_abb_merging-unit-sam600-sam600-vt_SBOM.json,ICS-0666,pkg:oss:expat,Expat,2.2.10,CVE-2022-22822;CVE-2022-23852;CVE-2022-25235
ICS-0666_abb_merging-unit-sam600-sam600-vt_SBOM.json,ICS-0666,pkg:oss:mbedtls,Mbed TLS,3.4.0,CVE-2023-43615
ICS-0666_abb_merging-unit-sam600-sam600-vt_SBOM.json,ICS-0666,pkg:oss:libmodbus,libmodbus,3.0.6,CVE-2019-14462;CVE-2019-14463
ICS-0666_abb_merging-unit-sam600-sam600-vt_SBOM.json,ICS-0666,pkg:oss:wolfssl,wolfSSL,4.5.0,CVE-2021-3336;CVE-2021-24116
ICS-0667_schneider_powerlogic-ion9000-meter-pm8000_SBOM.json,ICS-0667,pkg:oss:libpcap,libpcap,1.8.1,CVE-2018-16301;CVE-2019-15165
ICS-0667_schneider_powerlogic-ion9000-meter-pm8000_SBOM.json,ICS-0667,pkg:oss:libxml2,libxml2,2.10.4,CVE-2023-45322
ICS-0667_schneider_powerlogic-ion9000-meter-pm8000_SBOM.json,ICS-0667,pkg:oss:u-boot,Das U-Boot,2018.03,CVE-2019-11059;CVE-2019-13103;CVE-2019-13106
ICS-0667_schneider_powerlogic-ion9000-meter-pm8000_SBOM.json,ICS-0667,pkg:oss:musl,musl libc,1.1.24,CVE-2020-28928
ICS-0668_ge_epm-9900-power-meter-epm6100_SBOM.json,ICS-0668,pkg:oss:mbedtls,Mbed TLS,3.4.0,CVE-2023-43615
ICS-0669_ptc_kepserverex-connectivity-platform-6-15_SBOM.json,ICS-0669,pkg:oss:libcurl,libcurl,8.4.0,CVE-2023-46218;CVE-2024-2379
ICS-0669_ptc_kepserverex-connectivity-platform-6-15_SBOM.json,ICS-0669,pkg:oss:expat,Expat,2.2.10,CVE-2022-22822;CVE-2022-23852;CVE-2022-25235
ICS-0669_ptc_kepserverex-connectivity-platform-6-15_SBOM.json,ICS-0669,pkg:oss:sqlite,SQLite,3.41.2,CVE-2023-7104
ICS-0670_softing_datafeed-opc-suite-v5-30_SBOM.json,ICS-0670,pkg:oss:dotnet,Microsoft .NET Framework,4.7.2,CVE-2020-1147;CVE-2021-24112;CVE-2021-26701
ICS-0670_softing_datafeed-opc-suite-v5-30_SBOM.json,ICS-0670,pkg:oss:zlib,zlib,1.2.8,CVE-2016-9840;CVE-2016-9841;CVE-2018-25032
ICS-0670_softing_datafeed-opc-suite-v5-30_SBOM.json,ICS-0670,pkg:oss:sqlite,SQLite,3.39.4,CVE-2022-46908;CVE-2023-7104
ICS-0671_aveva_aveva-opc-ua-server-2023-r2_SBOM.json,ICS-0671,pkg:oss:expat,Expat,2.5.0,CVE-2023-52425
ICS-0671_aveva_aveva-opc-ua-server-2023-r2_SBOM.json,ICS-0671,pkg:oss:libxml2,libxml2,2.9.10,CVE-2021-3517;CVE-2021-3518;CVE-2022-29824
ICS-0671_aveva_aveva-opc-ua-server-2023-r2_SBOM.json,ICS-0671,pkg:oss:libcurl,libcurl,8.4.0,CVE-2023-46218;CVE-2024-2379
ICS-0671_aveva_aveva-opc-ua-server-2023-r2_SBOM.json,ICS-0671,pkg:oss:sqlserver-express,Microsoft SQL Server Express,2017 CU31,CVE-2022-29143;CVE-2023-21528
ICS-0672_honeywell_excel-web-ii-bacnet-controller-ciper-50_SBOM.json,ICS-0672,pkg:oss:nginx,nginx,1.20.1,CVE-2022-41741;CVE-2022-41742
ICS-0672_honeywell_excel-web-ii-bacnet-controller-ciper-50_SBOM.json,ICS-0672,pkg:oss:mosquitto,Eclipse Mosquitto,2.0.11,CVE-2021-34431;CVE-2021-41039;CVE-2023-0809
ICS-0672_honeywell_excel-web-ii-bacnet-controller-ciper-50_SBOM.json,ICS-0672,pkg:oss:goahead,GoAhead Embedded Web Server,3.6.5,CVE-2017-17562;CVE-2019-5096;CVE-2019-5097
ICS-0672_honeywell_excel-web-ii-bacnet-controller-ciper-50_SBOM.json,ICS-0672,pkg:oss:glibc,GNU C Library,2.28,CVE-2021-3999;CVE-2021-33574;CVE-2023-4911
ICS-0672_honeywell_excel-web-ii-bacnet-controller-ciper-50_SBOM.json,ICS-0672,pkg:oss:libpcap,libpcap,1.8.1,CVE-2018-16301;CVE-2019-15165
ICS-0673_siemens_desigo-pxc-automation-station-pxc7-modular_SBOM.json,ICS-0673,pkg:oss:ntp,NTP Daemon,4.2.8p13,CVE-2019-8936;CVE-2020-11868
ICS-0673_siemens_desigo-pxc-automation-station-pxc7-modular_SBOM.json,ICS-0673,pkg:oss:zlib,zlib,1.2.11,CVE-2018-25032;CVE-2022-37434
ICS-0673_siemens_desigo-pxc-automation-station-pxc7-modular_SBOM.json,ICS-0673,pkg:oss:wolfssl,wolfSSL,4.5.0,CVE-2021-3336;CVE-2021-24116
ICS-0673_siemens_desigo-pxc-automation-station-pxc7-modular_SBOM.json,ICS-0673,pkg:oss:lwip,lwIP,1.4.1,CVE-2014-1912;CVE-2020-22283;CVE-2020-22284
ICS-0674_schneider_smartx-as-p-controller-rp-c_SBOM.json,ICS-0674,pkg:oss:lighttpd,lighttpd,1.4.45,CVE-2018-19052;CVE-2019-11072
ICS-0674_schneider_smartx-as-p-controller-rp-c_SBOM.json,ICS-0674,pkg:oss:mosquitto,Eclipse Mosquitto,2.0.15,CVE-2023-0809;CVE-2023-3592
ICS-0674_schneider_smartx-as-p-controller-rp-c_SBOM.json,ICS-0674,pkg:oss:glibc,GNU C Library,2.17,CVE-2015-7547;CVE-2018-11236;CVE-2021-3999
ICS-0674_schneider_smartx-as-p-controller-rp-c_SBOM.json,ICS-0674,pkg:oss:openssh,OpenSSH,9.6p1,CVE-2024-6387
ICS-0675_delta_ez-building-controller-dac-633_SBOM.json,ICS-0675,pkg:oss:openvpn,OpenVPN,2.5.5,CVE-2022-0547;CVE-2023-46849;CVE-2023-46850
ICS-0675_delta_ez-building-controller-dac-633_SBOM.json,ICS-0675,pkg:oss:lighttpd,lighttpd,1.4.64,CVE-2023-44487
ICS-0675_delta_ez-building-controller-dac-633_SBOM.json,ICS-0675,pkg:oss:goahead,GoAhead Embedded Web Server,3.6.5,CVE-2017-17562;CVE-2019-5096;CVE-2019-5097
ICS-0675_delta_ez-building-controller-dac-633_SBOM.json,ICS-0675,pkg:oss:libssh2,libssh2,1.8.0,CVE-2019-3855;CVE-2019-3856;CVE-2019-3858
ICS-0675_delta_ez-building-controller-dac-633_SBOM.json,ICS-0675,pkg:oss:glibc,GNU C Library,2.17,CVE-2015-7547;CVE-2018-11236;CVE-2021-3999
ICS-0676_phoenix_radioline-wireless-gateway-rad-868_SBOM.json,ICS-0676,pkg:oss:expat,Expat,2.4.1,CVE-2022-25236;CVE-2022-25315
ICS-0676_phoenix_radioline-wireless-gateway-rad-868_SBOM.json,ICS-0676,pkg:oss:mbedtls,Mbed TLS,3.4.0,CVE-2023-43615
ICS-0676_phoenix_radioline-wireless-gateway-rad-868_SBOM.json,ICS-0676,pkg:oss:libmodbus,libmodbus,3.0.6,CVE-2019-14462;CVE-2019-14463
ICS-0676_phoenix_radioline-wireless-gateway-rad-868_SBOM.json,ICS-0676,pkg:oss:freertos,FreeRTOS Kernel,10.4.3,CVE-2021-32020;CVE-2021-43997
ICS-0676_phoenix_radioline-wireless-gateway-rad-868_SBOM.json,ICS-0676,pkg:oss:wolfssl,wolfSSL,4.5.0,CVE-2021-3336;CVE-2021-24116
ICS-0677_moxa_awk-industrial-wireless-ap-awk-1137c_SBOM.json,ICS-0677,pkg:oss:libmodbus,libmodbus,3.1.4,CVE-2019-14462;CVE-2019-14463
ICS-0677_moxa_awk-industrial-wireless-ap-awk-1137c_SBOM.json,ICS-0677,pkg:oss:sqlite,SQLite,3.31.1,CVE-2020-13434;CVE-2020-13630;CVE-2021-20227
ICS-0677_moxa_awk-industrial-wireless-ap-awk-1137c_SBOM.json,ICS-0677,pkg:oss:openssl,OpenSSL,3.0.7,CVE-2023-0286;CVE-2023-0215;CVE-2022-4304
ICS-0677_moxa_awk-industrial-wireless-ap-awk-1137c_SBOM.json,ICS-0677,pkg:oss:openvpn,OpenVPN,2.4.7,CVE-2020-11810;CVE-2020-15078
ICS-0677_moxa_awk-industrial-wireless-ap-awk-1137c_SBOM.json,ICS-0677,pkg:oss:wpa-supplicant,wpa_supplicant,2.6,CVE-2017-13077;CVE-2017-13078;CVE-2018-14526
ICS-0677_moxa_awk-industrial-wireless-ap-awk-1137c_SBOM.json,ICS-0677,pkg:oss:glibc,GNU C Library,2.31,CVE-2021-35942;CVE-2023-4911
ICS-0677_moxa_awk-industrial-wireless-ap-awk-1137c_SBOM.json,ICS-0677,pkg:oss:mosquitto,Eclipse Mosquitto,2.0.11,CVE-2021-34431;CVE-2021-41039;CVE-2023-0809
ICS-0678_emerson_wireless-1420-gateway-1552wu_SBOM.json,ICS-0678,pkg:oss:ntp,NTP Daemon,4.2.8p15,CVE-2023-26551
ICS-0678_emerson_wireless-1420-gateway-1552wu_SBOM.json,ICS-0678,pkg:oss:open62541,open62541 OPC UA Stack,1.2.2,CVE-2021-40206;CVE-2022-25761
ICS-0678_emerson_wireless-1420-gateway-1552wu_SBOM.json,ICS-0678,pkg:oss:libxml2,libxml2,2.9.4,CVE-2016-9318;CVE-2017-5969;CVE-2018-14567
ICS-0678_emerson_wireless-1420-gateway-1552wu_SBOM.json,ICS-0678,pkg:oss:sqlite,SQLite,3.41.2,CVE-2023-7104
ICS-0678_emerson_wireless-1420-gateway-1552wu_SBOM.json,ICS-0678,pkg:oss:lighttpd,lighttpd,1.4.55,CVE-2022-22707;CVE-2023-44487
ICS-0678_emerson_wireless-1420-gateway-1552wu_SBOM.json,ICS-0678,pkg:oss:expat,Expat,2.4.1,CVE-2022-25236;CVE-2022-25315
ICS-0678_emerson_wireless-1420-gateway-1552wu_SBOM.json,ICS-0678,pkg:oss:u-boot,Das U-Boot,2018.03,CVE-2019-11059;CVE-2019-13103;CVE-2019-13106
ICS-0678_emerson_wireless-1420-gateway-1552wu_SBOM.json,ICS-0678,pkg:oss:openssh,OpenSSH,9.6p1,CVE-2024-6387
ICS-0679_siemens_simatic-s7-1500-cpu-1516-3-pn-dp_SBOM.json,ICS-0679,pkg:oss:zlib,zlib,1.2.8,CVE-2016-9840;CVE-2016-9841;CVE-2018-25032
ICS-0679_siemens_simatic-s7-1500-cpu-1516-3-pn-dp_SBOM.json,ICS-0679,pkg:oss:mbedtls,Mbed TLS,3.4.0,CVE-2023-43615
ICS-0679_siemens_simatic-s7-1500-cpu-1516-3-pn-dp_SBOM.json,ICS-0679,pkg:oss:lwip,lwIP,1.4.1,CVE-2014-1912;CVE-2020-22283;CVE-2020-22284
ICS-0679_siemens_simatic-s7-1500-cpu-1516-3-pn-dp_SBOM.json,ICS-0679,pkg:oss:openssl,OpenSSL,1.1.1n,CVE-2022-1292;CVE-2022-2068;CVE-2022-4304
ICS-0679_siemens_simatic-s7-1500-cpu-1516-3-pn-dp_SBOM.json,ICS-0679,pkg:oss:libmodbus,libmodbus,3.0.6,CVE-2019-14462;CVE-2019-14463
ICS-0679_siemens_simatic-s7-1500-cpu-1516-3-pn-dp_SBOM.json,ICS-0679,pkg:oss:ntp,NTP Daemon,4.2.8p13,CVE-2019-8936;CVE-2020-11868
ICS-0679_siemens_simatic-s7-1500-cpu-1516-3-pn-dp_SBOM.json,ICS-0679,pkg:oss:wolfssl,wolfSSL,4.5.0,CVE-2021-3336;CVE-2021-24116
ICS-0679_siemens_simatic-s7-1500-cpu-1516-3-pn-dp_SBOM.json,ICS-0679,pkg:oss:expat,Expat,2.4.1,CVE-2022-25236;CVE-2022-25315
ICS-0680_siemens_simatic-s7-1200-cpu-1215c_SBOM.json,ICS-0680,pkg:oss:lwip,lwIP,2.1.2,CVE-2020-22283;CVE-2020-22285;CVE-2020-22286
ICS-0680_siemens_simatic-s7-1200-cpu-1215c_SBOM.json,ICS-0680,pkg:oss:libmodbus,libmodbus,3.0.6,CVE-2019-14462;CVE-2019-14463
ICS-0680_siemens_simatic-s7-1200-cpu-1215c_SBOM.json,ICS-0680,pkg:oss:wolfssl,wolfSSL,5.5.0,CVE-2022-42905;CVE-2023-3724
ICS-0680_siemens_simatic-s7-1200-cpu-1215c_SBOM.json,ICS-0680,pkg:oss:openssl,OpenSSL,1.1.1n,CVE-2022-1292;CVE-2022-2068;CVE-2022-4304
ICS-0680_siemens_simatic-s7-1200-cpu-1215c_SBOM.json,ICS-0680,pkg:oss:mbedtls,Mbed TLS,2.16.3,CVE-2020-10932;CVE-2020-16150;CVE-2021-24119
ICS-0680_siemens_simatic-s7-1200-cpu-1215c_SBOM.json,ICS-0680,pkg:oss:treck-tcpip,Treck TCP/IP Stack,6.0.1.66,CVE-2020-11896;CVE-2020-11897;CVE-2020-11901
ICS-0681_siemens_simatic-s7-400-cpu-414-3_SBOM.json,ICS-0681,pkg:oss:treck-tcpip,Treck TCP/IP Stack,6.0.1.67,CVE-2020-11898;CVE-2020-11900
ICS-0681_siemens_simatic-s7-400-cpu-414-3_SBOM.json,ICS-0681,pkg:oss:lwip,lwIP,2.0.3,CVE-2020-22283;CVE-2020-22284;CVE-2020-22288
ICS-0682_rockwell_controllogix-controller-1756-l81e_SBOM.json,ICS-0682,pkg:oss:expat,Expat,2.2.0,CVE-2018-20843;CVE-2019-15903
ICS-0682_rockwell_controllogix-controller-1756-l81e_SBOM.json,ICS-0682,pkg:oss:net-snmp,Net-SNMP,5.8,CVE-2020-15861;CVE-2020-15862;CVE-2022-24805
ICS-0682_rockwell_controllogix-controller-1756-l81e_SBOM.json,ICS-0682,pkg:oss:libmodbus,libmodbus,3.0.6,CVE-2019-14462;CVE-2019-14463
ICS-0682_rockwell_controllogix-controller-1756-l81e_SBOM.json,ICS-0682,pkg:oss:ipnet,Interpeak IPnet TCP/IP Stack,7.0,CVE-2019-12258;CVE-2019-12259;CVE-2019-12262
ICS-0683_rockwell_compactlogix-controller-5069-l306er_SBOM.json,ICS-0683,pkg:oss:open62541,open62541 OPC UA Stack,1.2.2,CVE-2021-40206;CVE-2022-25761
ICS-0683_rockwell_compactlogix-controller-5069-l306er_SBOM.json,ICS-0683,pkg:oss:ntp,NTP Daemon,4.2.8p15,CVE-2023-26551
ICS-0683_rockwell_compactlogix-controller-5069-l306er_SBOM.json,ICS-0683,pkg:oss:sqlite,SQLite,3.22.0,CVE-2018-8740;CVE-2019-8457;CVE-2020-11655
ICS-0683_rockwell_compactlogix-controller-5069-l306er_SBOM.json,ICS-0683,pkg:oss:libxml2,libxml2,2.9.10,CVE-2021-3517;CVE-2021-3518;CVE-2022-29824
ICS-0683_rockwell_compactlogix-controller-5069-l306er_SBOM.json,ICS-0683,pkg:oss:expat,Expat,2.2.0,CVE-2018-20843;CVE-2019-15903
ICS-0683_rockwell_compactlogix-controller-5069-l306er_SBOM.json,ICS-0683,pkg:oss:libcurl,libcurl,8.0.1,CVE-2023-27533;CVE-2023-27536;CVE-2023-38545
ICS-0684_rockwell_micrologix-controller-1400-b_SBOM.json,ICS-0684,pkg:oss:openssl,OpenSSL,3.0.7,CVE-2023-0286;CVE-2023-0215;CVE-2022-4304
ICS-0684_rockwell_micrologix-controller-1400-b_SBOM.json,ICS-0684,pkg:oss:mbedtls,Mbed TLS,3.4.0,CVE-2023-43615
ICS-0684_rockwell_micrologix-controller-1400-b_SBOM.json,ICS-0684,pkg:oss:ntp,NTP Daemon,4.2.8p15,CVE-2023-26551
ICS-0684_rockwell_micrologix-controller-1400-b_SBOM.json,ICS-0684,pkg:oss:expat,Expat,2.2.0,CVE-2018-20843;CVE-2019-15903
ICS-0685_schneider_modicon-m340-controller-bmxp342020_SBOM.json,ICS-0685,pkg:oss:expat,Expat,2.2.10,CVE-2022-22822;CVE-2022-23852;CVE-2022-25235
ICS-0685_schneider_modicon-m340-controller-bmxp342020_SBOM.json,ICS-0685,pkg:oss:sqlite,SQLite,3.31.1,CVE-2020-13434;CVE-2020-13630;CVE-2021-20227
ICS-0685_schneider_modicon-m340-controller-bmxp342020_SBOM.json,ICS-0685,pkg:oss:libmodbus,libmodbus,3.0.6,CVE-2019-14462;CVE-2019-14463
ICS-0685_schneider_modicon-m340-controller-bmxp342020_SBOM.json,ICS-0685,pkg:oss:libxml2,libxml2,2.9.4,CVE-2016-9318;CVE-2017-5969;CVE-2018-14567
ICS-0685_schneider_modicon-m340-controller-bmxp342020_SBOM.json,ICS-0685,pkg:oss:net-snmp,Net-SNMP,5.8,CVE-2020-15861;CVE-2020-15862;CVE-2022-24805
ICS-0686_schneider_modicon-m580-epac-bmep582040_SBOM.json,ICS-0686,pkg:oss:libpcap,libpcap,1.9.1,CVE-2019-15165;CVE-2023-7256
ICS-0686_schneider_modicon-m580-epac-bmep582040_SBOM.json,ICS-0686,pkg:oss:net-snmp,Net-SNMP,5.7.3,CVE-2018-18065;CVE-2019-20892;CVE-2020-15862
ICS-0686_schneider_modicon-m580-epac-bmep582040_SBOM.json,ICS-0686,pkg:oss:codesys-rt,CODESYS Control Runtime System,3.5.17.0,CVE-2022-22515;CVE-2022-22517;CVE-2022-31802
ICS-0687_mitsubishi_melsec-iq-r-cpu-r16cpu_SBOM.json,ICS-0687,pkg:oss:lwip,lwIP,2.0.3,CVE-2020-22283;CVE-2020-22284;CVE-2020-22288
ICS-0687_mitsubishi_melsec-iq-r-cpu-r16cpu_SBOM.json,ICS-0687,pkg:oss:expat,Expat,2.4.1,CVE-2022-25236;CVE-2022-25315
ICS-0687_mitsubishi_melsec-iq-r-cpu-r16cpu_SBOM.json,ICS-0687,pkg:oss:ntp,NTP Daemon,4.2.8p15,CVE-2023-26551
ICS-0688_mitsubishi_melsec-q-series-cpu-q03ude_SBOM.json,ICS-0688,pkg:oss:libmodbus,libmodbus,3.1.4,CVE-2019-14462;CVE-2019-14463
ICS-0688_mitsubishi_melsec-q-series-cpu-q03ude_SBOM.json,ICS-0688,pkg:oss:ntp,NTP Daemon,4.2.8p10,CVE-2018-7182;CVE-2018-7183;CVE-2018-7184
ICS-0688_mitsubishi_melsec-q-series-cpu-q03ude_SBOM.json,ICS-0688,pkg:oss:expat,Expat,2.2.10,CVE-2022-22822;CVE-2022-23852;CVE-2022-25235
ICS-0688_mitsubishi_melsec-q-series-cpu-q03ude_SBOM.json,ICS-0688,pkg:oss:lwip,lwIP,1.4.1,CVE-2014-1912;CVE-2020-22283;CVE-2020-22284
ICS-0688_mitsubishi_melsec-q-series-cpu-q03ude_SBOM.json,ICS-0688,pkg:oss:openssl,OpenSSL,1.0.2k,CVE-2017-3731;CVE-2017-3732;CVE-2016-7055
ICS-0689_omron_sysmac-nj-machine-controller-nj101-1000_SBOM.json,ICS-0689,pkg:oss:libmodbus,libmodbus,3.0.6,CVE-2019-14462;CVE-2019-14463
ICS-0689_omron_sysmac-nj-machine-controller-nj101-1000_SBOM.json,ICS-0689,pkg:oss:mbedtls,Mbed TLS,2.28.0,CVE-2022-35409;CVE-2023-43615
ICS-0689_omron_sysmac-nj-machine-controller-nj101-1000_SBOM.json,ICS-0689,pkg:oss:openssl,OpenSSL,1.1.1g,CVE-2020-1971;CVE-2021-3450;CVE-2021-3711
ICS-0689_omron_sysmac-nj-machine-controller-nj101-1000_SBOM.json,ICS-0689,pkg:oss:expat,Expat,2.2.0,CVE-2018-20843;CVE-2019-15903
ICS-0690_omron_sysmac-cj2-plc-cj2m-cpu31_SBOM.json,ICS-0690,pkg:oss:treck-tcpip,Treck TCP/IP Stack,6.0.1.66,CVE-2020-11896;CVE-2020-11897;CVE-2020-11901
ICS-0690_omron_sysmac-cj2-plc-cj2m-cpu31_SBOM.json,ICS-0690,pkg:oss:mbedtls,Mbed TLS,2.16.3,CVE-2020-10932;CVE-2020-16150;CVE-2021-24119
ICS-0690_omron_sysmac-cj2-plc-cj2m-cpu31_SBOM.json,ICS-0690,pkg:oss:libmodbus,libmodbus,3.1.4,CVE-2019-14462;CVE-2019-14463
ICS-0690_omron_sysmac-cj2-plc-cj2m-cpu31_SBOM.json,ICS-0690,pkg:oss:ntp,NTP Daemon,4.2.8p10,CVE-2018-7182;CVE-2018-7183;CVE-2018-7184
ICS-0691_beckhoff_twincat-runtime-controller-cx5140_SBOM.json,ICS-0691,pkg:oss:libxml2,libxml2,2.9.4,CVE-2016-9318;CVE-2017-5969;CVE-2018-14567
ICS-0691_beckhoff_twincat-runtime-controller-cx5140_SBOM.json,ICS-0691,pkg:oss:dotnet,Microsoft .NET Framework,4.6.2,CVE-2018-8421;CVE-2019-0545;CVE-2020-1147
ICS-0691_beckhoff_twincat-runtime-controller-cx5140_SBOM.json,ICS-0691,pkg:oss:zlib,zlib,1.2.8,CVE-2016-9840;CVE-2016-9841;CVE-2018-25032
ICS-0691_beckhoff_twincat-runtime-controller-cx5140_SBOM.json,ICS-0691,pkg:oss:sqlite,SQLite,3.22.0,CVE-2018-8740;CVE-2019-8457;CVE-2020-11655
ICS-0692_wago_pfc200-controller-750-8202_SBOM.json,ICS-0692,pkg:oss:busybox,BusyBox,1.35.0,CVE-2022-28391
ICS-0692_wago_pfc200-controller-750-8202_SBOM.json,ICS-0692,pkg:oss:dnsmasq,dnsmasq,2.78,CVE-2017-14491;CVE-2017-14492;CVE-2020-25681
ICS-0692_wago_pfc200-controller-750-8202_SBOM.json,ICS-0692,pkg:oss:u-boot,Das U-Boot,2021.10,CVE-2022-30767;CVE-2022-33967
ICS-0692_wago_pfc200-controller-750-8202_SBOM.json,ICS-0692,pkg:oss:ntp,NTP Daemon,4.2.8p15,CVE-2023-26551
ICS-0692_wago_pfc200-controller-750-8202_SBOM.json,ICS-0692,pkg:oss:dropbear,Dropbear SSH,2016.74,CVE-2016-7406;CVE-2016-7407;CVE-2016-7408
ICS-0692_wago_pfc200-controller-750-8202_SBOM.json,ICS-0692,pkg:oss:mosquitto,Eclipse Mosquitto,2.0.11,CVE-2021-34431;CVE-2021-41039;CVE-2023-0809
ICS-0692_wago_pfc200-controller-750-8202_SBOM.json,ICS-0692,pkg:oss:wpa-supplicant,wpa_supplicant,2.10,CVE-2023-52160
ICS-0692_wago_pfc200-controller-750-8202_SBOM.json,ICS-0692,pkg:oss:goahead,GoAhead Embedded Web Server,3.6.5,CVE-2017-17562;CVE-2019-5096;CVE-2019-5097
ICS-0692_wago_pfc200-controller-750-8202_SBOM.json,ICS-0692,pkg:oss:codesys-rt,CODESYS Control Runtime System,3.5.16.0,CVE-2021-30186;CVE-2021-30188;CVE-2021-30189
ICS-0693_phoenix_axc-f-2152-controller-axc-f-2152_SBOM.json,ICS-0693,pkg:oss:openvpn,OpenVPN,2.4.7,CVE-2020-11810;CVE-2020-15078
ICS-0693_phoenix_axc-f-2152-controller-axc-f-2152_SBOM.json,ICS-0693,pkg:oss:ntp,NTP Daemon,4.2.8p10,CVE-2018-7182;CVE-2018-7183;CVE-2018-7184
ICS-0693_phoenix_axc-f-2152-controller-axc-f-2152_SBOM.json,ICS-0693,pkg:oss:wpa-supplicant,wpa_supplicant,2.6,CVE-2017-13077;CVE-2017-13078;CVE-2018-14526
ICS-0693_phoenix_axc-f-2152-controller-axc-f-2152_SBOM.json,ICS-0693,pkg:oss:openssl,OpenSSL,1.1.1n,CVE-2022-1292;CVE-2022-2068;CVE-2022-4304
ICS-0693_phoenix_axc-f-2152-controller-axc-f-2152_SBOM.json,ICS-0693,pkg:oss:sqlite,SQLite,3.31.1,CVE-2020-13434;CVE-2020-13630;CVE-2021-20227
ICS-0693_phoenix_axc-f-2152-controller-axc-f-2152_SBOM.json,ICS-0693,pkg:oss:net-snmp,Net-SNMP,5.9.1,CVE-2022-24805;CVE-2022-24809
ICS-0693_phoenix_axc-f-2152-controller-axc-f-2152_SBOM.json,ICS-0693,pkg:oss:busybox,BusyBox,1.35.0,CVE-2022-28391
ICS-0693_phoenix_axc-f-2152-controller-axc-f-2152_SBOM.json,ICS-0693,pkg:oss:linux-kernel,Linux Kernel,5.4.278,CVE-2023-32233;CVE-2024-1086
ICS-0693_phoenix_axc-f-2152-controller-axc-f-2152_SBOM.json,ICS-0693,pkg:oss:codesys-rt,CODESYS Control Runtime System,3.5.16.0,CVE-2021-30186;CVE-2021-30188;CVE-2021-30189
ICS-0694_br_x20-controller-x20cp1586_SBOM.json,ICS-0694,pkg:oss:wolfssl,wolfSSL,5.5.0,CVE-2022-42905;CVE-2023-3724
ICS-0694_br_x20-controller-x20cp1586_SBOM.json,ICS-0694,pkg:oss:lwip,lwIP,1.4.1,CVE-2014-1912;CVE-2020-22283;CVE-2020-22284
ICS-0695_ls-electric_xgt-plc-cpu-xgk-cpuh_SBOM.json,ICS-0695,pkg:oss:treck-tcpip,Treck TCP/IP Stack,6.0.1.67,CVE-2020-11898;CVE-2020-11900
ICS-0695_ls-electric_xgt-plc-cpu-xgk-cpuh_SBOM.json,ICS-0695,pkg:oss:mbedtls,Mbed TLS,2.28.0,CVE-2022-35409;CVE-2023-43615
ICS-0695_ls-electric_xgt-plc-cpu-xgk-cpuh_SBOM.json,ICS-0695,pkg:oss:libmodbus,libmodbus,3.1.4,CVE-2019-14462;CVE-2019-14463
ICS-0695_ls-electric_xgt-plc-cpu-xgk-cpuh_SBOM.json,ICS-0695,pkg:oss:wolfssl,wolfSSL,5.5.0,CVE-2022-42905;CVE-2023-3724
ICS-0695_ls-electric_xgt-plc-cpu-xgk-cpuh_SBOM.json,ICS-0695,pkg:oss:expat,Expat,2.4.1,CVE-2022-25236;CVE-2022-25315
ICS-0695_ls-electric_xgt-plc-cpu-xgk-cpuh_SBOM.json,ICS-0695,pkg:oss:openssl,OpenSSL,1.1.1n,CVE-2022-1292;CVE-2022-2068;CVE-2022-4304
ICS-0696_delta_as-series-plc-as228t-a_SBOM.json,ICS-0696,pkg:oss:ntp,NTP Daemon,4.2.8p15,CVE-2023-26551
ICS-0696_delta_as-series-plc-as228t-a_SBOM.json,ICS-0696,pkg:oss:expat,Expat,2.2.0,CVE-2018-20843;CVE-2019-15903
ICS-0696_delta_as-series-plc-as228t-a_SBOM.json,ICS-0696,pkg:oss:libmodbus,libmodbus,3.0.6,CVE-2019-14462;CVE-2019-14463
ICS-0696_delta_as-series-plc-as228t-a_SBOM.json,ICS-0696,pkg:oss:mbedtls,Mbed TLS,2.28.0,CVE-2022-35409;CVE-2023-43615
ICS-0696_delta_as-series-plc-as228t-a_SBOM.json,ICS-0696,pkg:oss:lwip,lwIP,2.0.3,CVE-2020-22283;CVE-2020-22284;CVE-2020-22288
ICS-0696_delta_as-series-plc-as228t-a_SBOM.json,ICS-0696,pkg:oss:wolfssl,wolfSSL,5.5.0,CVE-2022-42905;CVE-2023-3724
ICS-0697_unitronics_unistream-plc-usp-070-b10_SBOM.json,ICS-0697,pkg:oss:openssh,OpenSSH,9.3p1,CVE-2023-38408;CVE-2023-48795;CVE-2024-6387
ICS-0697_unitronics_unistream-plc-usp-070-b10_SBOM.json,ICS-0697,pkg:oss:expat,Expat,2.2.0,CVE-2018-20843;CVE-2019-15903
ICS-0697_unitronics_unistream-plc-usp-070-b10_SBOM.json,ICS-0697,pkg:oss:linux-kernel,Linux Kernel,4.9.337,CVE-2019-11477;CVE-2021-33909;CVE-2022-0847
ICS-0697_unitronics_unistream-plc-usp-070-b10_SBOM.json,ICS-0697,pkg:oss:openvpn,OpenVPN,2.5.5,CVE-2022-0547;CVE-2023-46849;CVE-2023-46850
ICS-0698_idec_microsmart-fc6a-plc-fc6a-c40r1ae_SBOM.json,ICS-0698,pkg:oss:libmodbus,libmodbus,3.1.4,CVE-2019-14462;CVE-2019-14463
ICS-0698_idec_microsmart-fc6a-plc-fc6a-c40r1ae_SBOM.json,ICS-0698,pkg:oss:mbedtls,Mbed TLS,2.16.3,CVE-2020-10932;CVE-2020-16150;CVE-2021-24119
ICS-0698_idec_microsmart-fc6a-plc-fc6a-c40r1ae_SBOM.json,ICS-0698,pkg:oss:treck-tcpip,Treck TCP/IP Stack,6.0.1.67,CVE-2020-11898;CVE-2020-11900
ICS-0699_panasonic_fp7-series-plc-afp7cps41_SBOM.json,ICS-0699,pkg:oss:wolfssl,wolfSSL,5.5.0,CVE-2022-42905;CVE-2023-3724
ICS-0699_panasonic_fp7-series-plc-afp7cps41_SBOM.json,ICS-0699,pkg:oss:mbedtls,Mbed TLS,3.4.0,CVE-2023-43615
ICS-0699_panasonic_fp7-series-plc-afp7cps41_SBOM.json,ICS-0699,pkg:oss:expat,Expat,2.5.0,CVE-2023-52425
ICS-0700_keyence_kv-8000-plc-kv-8000_SBOM.json,ICS-0700,pkg:oss:mbedtls,Mbed TLS,2.16.3,CVE-2020-10932;CVE-2020-16150;CVE-2021-24119
ICS-0700_keyence_kv-8000-plc-kv-8000_SBOM.json,ICS-0700,pkg:oss:lwip,lwIP,2.1.2,CVE-2020-22283;CVE-2020-22285;CVE-2020-22286
ICS-0700_keyence_kv-8000-plc-kv-8000_SBOM.json,ICS-0700,pkg:oss:ntp,NTP Daemon,4.2.8p13,CVE-2019-8936;CVE-2020-11868
ICS-0700_keyence_kv-8000-plc-kv-8000_SBOM.json,ICS-0700,pkg:oss:expat,Expat,2.2.10,CVE-2022-22822;CVE-2022-23852;CVE-2022-25235
ICS-0700_keyence_kv-8000-plc-kv-8000_SBOM.json,ICS-0700,pkg:oss:openssl,OpenSSL,1.0.2k,CVE-2017-3731;CVE-2017-3732;CVE-2016-7055
ICS-0701_fuji_micrex-sx-plc-np1ps-245r_SBOM.json,ICS-0701,pkg:oss:zlib,zlib,1.2.8,CVE-2016-9840;CVE-2016-9841;CVE-2018-25032
ICS-0701_fuji_micrex-sx-plc-np1ps-245r_SBOM.json,ICS-0701,pkg:oss:mbedtls,Mbed TLS,3.4.0,CVE-2023-43615
ICS-0701_fuji_micrex-sx-plc-np1ps-245r_SBOM.json,ICS-0701,pkg:oss:wolfssl,wolfSSL,5.5.0,CVE-2022-42905;CVE-2023-3724
ICS-0701_fuji_micrex-sx-plc-np1ps-245r_SBOM.json,ICS-0701,pkg:oss:lwip,lwIP,2.1.3,CVE-2023-5188
ICS-0702_codesys_codesys-control-runtime-rte-v3_SBOM.json,ICS-0702,pkg:oss:sqlite,SQLite,3.31.1,CVE-2020-13434;CVE-2020-13630;CVE-2021-20227
ICS-0702_codesys_codesys-control-runtime-rte-v3_SBOM.json,ICS-0702,pkg:oss:u-boot,Das U-Boot,2021.10,CVE-2022-30767;CVE-2022-33967
ICS-0702_codesys_codesys-control-runtime-rte-v3_SBOM.json,ICS-0702,pkg:oss:libcurl,libcurl,8.4.0,CVE-2023-46218;CVE-2024-2379
ICS-0702_codesys_codesys-control-runtime-rte-v3_SBOM.json,ICS-0702,pkg:oss:libxml2,libxml2,2.10.4,CVE-2023-45322
ICS-0702_codesys_codesys-control-runtime-rte-v3_SBOM.json,ICS-0702,pkg:oss:codesys-rt,CODESYS Control Runtime System,3.5.19.20,CVE-2023-3663;CVE-2023-3665
ICS-0703_abb_rtu560-telecontrol-unit-560cmu05_SBOM.json,ICS-0703,pkg:oss:open62541,open62541 OPC UA Stack,1.3.6,CVE-2023-31048
ICS-0703_abb_rtu560-telecontrol-unit-560cmu05_SBOM.json,ICS-0703,pkg:oss:net-snmp,Net-SNMP,5.9.1,CVE-2022-24805;CVE-2022-24809
ICS-0703_abb_rtu560-telecontrol-unit-560cmu05_SBOM.json,ICS-0703,pkg:oss:openssl,OpenSSL,1.1.1n,CVE-2022-1292;CVE-2022-2068;CVE-2022-4304
ICS-0703_abb_rtu560-telecontrol-unit-560cmu05_SBOM.json,ICS-0703,pkg:oss:libssh2,libssh2,1.9.0,CVE-2019-17498;CVE-2020-22218
ICS-0703_abb_rtu560-telecontrol-unit-560cmu05_SBOM.json,ICS-0703,pkg:oss:openssh,OpenSSH,9.3p1,CVE-2023-38408;CVE-2023-48795;CVE-2024-6387
ICS-0703_abb_rtu560-telecontrol-unit-560cmu05_SBOM.json,ICS-0703,pkg:oss:goahead,GoAhead Embedded Web Server,3.6.5,CVE-2017-17562;CVE-2019-5096;CVE-2019-5097
ICS-0703_abb_rtu560-telecontrol-unit-560cmu05_SBOM.json,ICS-0703,pkg:oss:dropbear,Dropbear SSH,2022.83,CVE-2023-48795
ICS-0703_abb_rtu560-telecontrol-unit-560cmu05_SBOM.json,ICS-0703,pkg:oss:codesys-rt,CODESYS Control Runtime System,3.5.19.20,CVE-2023-3663;CVE-2023-3665
ICS-0704_schneider_scadapack-rtu-570_SBOM.json,ICS-0704,pkg:oss:sqlite,SQLite,3.22.0,CVE-2018-8740;CVE-2019-8457;CVE-2020-11655
ICS-0704_schneider_scadapack-rtu-570_SBOM.json,ICS-0704,pkg:oss:expat,Expat,2.4.1,CVE-2022-25236;CVE-2022-25315
ICS-0704_schneider_scadapack-rtu-570_SBOM.json,ICS-0704,pkg:oss:ipnet,Interpeak IPnet TCP/IP Stack,6.9,CVE-2019-12255;CVE-2019-12256;CVE-2019-12257;CVE-2019-12260
ICS-0704_schneider_scadapack-rtu-570_SBOM.json,ICS-0704,pkg:oss:libcurl,libcurl,7.64.0,CVE-2019-5481;CVE-2019-5482;CVE-2020-8177
ICS-0704_schneider_scadapack-rtu-570_SBOM.json,ICS-0704,pkg:oss:ntp,NTP Daemon,4.2.8p15,CVE-2023-26551
ICS-0704_schneider_scadapack-rtu-570_SBOM.json,ICS-0704,pkg:oss:openssl,OpenSSL,1.0.2k,CVE-2017-3731;CVE-2017-3732;CVE-2016-7055
ICS-0704_schneider_scadapack-rtu-570_SBOM.json,ICS-0704,pkg:oss:libxml2,libxml2,2.9.10,CVE-2021-3517;CVE-2021-3518;CVE-2022-29824
ICS-0704_schneider_scadapack-rtu-570_SBOM.json,ICS-0704,pkg:oss:codesys-rt,CODESYS Control Runtime System,3.5.19.20,CVE-2023-3663;CVE-2023-3665
ICS-0705_ge_d20-mx-substation-controller-d20mx_SBOM.json,ICS-0705,pkg:oss:mosquitto,Eclipse Mosquitto,1.5.8,CVE-2019-11779;CVE-2021-28166
ICS-0705_ge_d20-mx-substation-controller-d20mx_SBOM.json,ICS-0705,pkg:oss:dnsmasq,dnsmasq,2.86,CVE-2022-0934;CVE-2023-28450
ICS-0705_ge_d20-mx-substation-controller-d20mx_SBOM.json,ICS-0705,pkg:oss:openssh,OpenSSH,9.3p1,CVE-2023-38408;CVE-2023-48795;CVE-2024-6387
ICS-0705_ge_d20-mx-substation-controller-d20mx_SBOM.json,ICS-0705,pkg:oss:nginx,nginx,1.20.1,CVE-2022-41741;CVE-2022-41742
ICS-0705_ge_d20-mx-substation-controller-d20mx_SBOM.json,ICS-0705,pkg:oss:libssh2,libssh2,1.8.0,CVE-2019-3855;CVE-2019-3856;CVE-2019-3858
ICS-0705_ge_d20-mx-substation-controller-d20mx_SBOM.json,ICS-0705,pkg:oss:musl,musl libc,1.1.24,CVE-2020-28928
ICS-0706_siemens_sicam-a8000-rtu-cp-8050_SBOM.json,ICS-0706,pkg:oss:lighttpd,lighttpd,1.4.55,CVE-2022-22707;CVE-2023-44487
ICS-0706_siemens_sicam-a8000-rtu-cp-8050_SBOM.json,ICS-0706,pkg:oss:libcurl,libcurl,7.79.1,CVE-2022-22576;CVE-2022-27774;CVE-2022-32221
ICS-0706_siemens_sicam-a8000-rtu-cp-8050_SBOM.json,ICS-0706,pkg:oss:openvpn,OpenVPN,2.4.7,CVE-2020-11810;CVE-2020-15078
ICS-0707_hitachi-energy_rtu500-series-560cmu80_SBOM.json,ICS-0707,pkg:oss:libmodbus,libmodbus,3.1.4,CVE-2019-14462;CVE-2019-14463
ICS-0707_hitachi-energy_rtu500-series-560cmu80_SBOM.json,ICS-0707,pkg:oss:mbedtls,Mbed TLS,2.28.0,CVE-2022-35409;CVE-2023-43615
ICS-0707_hitachi-energy_rtu500-series-560cmu80_SBOM.json,ICS-0707,pkg:oss:zlib,zlib,1.2.12,CVE-2022-37434
ICS-0707_hitachi-energy_rtu500-series-560cmu80_SBOM.json,ICS-0707,pkg:oss:treck-tcpip,Treck TCP/IP Stack,6.0.1.66,CVE-2020-11896;CVE-2020-11897;CVE-2020-11901
ICS-0707_hitachi-energy_rtu500-series-560cmu80_SBOM.json,ICS-0707,pkg:oss:lwip,lwIP,2.1.3,CVE-2023-5188
ICS-0708_moxa_iopac-programmable-controller-8600-cpu30_SBOM.json,ICS-0708,pkg:oss:openssh,OpenSSH,9.3p1,CVE-2023-38408;CVE-2023-48795;CVE-2024-6387
ICS-0708_moxa_iopac-programmable-controller-8600-cpu30_SBOM.json,ICS-0708,pkg:oss:glibc,GNU C Library,2.35,CVE-2023-4911;CVE-2024-2961
ICS-0708_moxa_iopac-programmable-controller-8600-cpu30_SBOM.json,ICS-0708,pkg:oss:codesys-rt,CODESYS Control Runtime System,3.5.17.0,CVE-2022-22515;CVE-2022-22517;CVE-2022-31802
ICS-0709_red-lion_data-station-plus-rtu-dspsx000_SBOM.json,ICS-0709,pkg:oss:wpa-supplicant,wpa_supplicant,2.10,CVE-2023-52160
ICS-0709_red-lion_data-station-plus-rtu-dspsx000_SBOM.json,ICS-0709,pkg:oss:goahead,GoAhead Embedded Web Server,4.1.0,CVE-2021-42342
ICS-0709_red-lion_data-station-plus-rtu-dspsx000_SBOM.json,ICS-0709,pkg:oss:openvpn,OpenVPN,2.5.5,CVE-2022-0547;CVE-2023-46849;CVE-2023-46850
ICS-0709_red-lion_data-station-plus-rtu-dspsx000_SBOM.json,ICS-0709,pkg:oss:musl,musl libc,1.1.24,CVE-2020-28928
ICS-0709_red-lion_data-station-plus-rtu-dspsx000_SBOM.json,ICS-0709,pkg:oss:codesys-rt,CODESYS Control Runtime System,3.5.18.20,CVE-2023-37559;CVE-2023-37560
ICS-0710_sel_sel-451-protection-system-487e_SBOM.json,ICS-0710,pkg:oss:mbedtls,Mbed TLS,2.16.3,CVE-2020-10932;CVE-2020-16150;CVE-2021-24119
ICS-0710_sel_sel-451-protection-system-487e_SBOM.json,ICS-0710,pkg:oss:lwip,lwIP,2.0.3,CVE-2020-22283;CVE-2020-22284;CVE-2020-22288
ICS-0710_sel_sel-451-protection-system-487e_SBOM.json,ICS-0710,pkg:oss:openssl,OpenSSL,1.1.1g,CVE-2020-1971;CVE-2021-3450;CVE-2021-3711
ICS-0710_sel_sel-451-protection-system-487e_SBOM.json,ICS-0710,pkg:oss:expat,Expat,2.4.1,CVE-2022-25236;CVE-2022-25315
ICS-0710_sel_sel-451-protection-system-487e_SBOM.json,ICS-0710,pkg:oss:zlib,zlib,1.2.8,CVE-2016-9840;CVE-2016-9841;CVE-2018-25032
ICS-0710_sel_sel-451-protection-system-487e_SBOM.json,ICS-0710,pkg:oss:treck-tcpip,Treck TCP/IP Stack,6.0.1.66,CVE-2020-11896;CVE-2020-11897;CVE-2020-11901
ICS-0711_sel_sel-3530-rtac-3530_SBOM.json,ICS-0711,pkg:oss:u-boot,Das U-Boot,2021.10,CVE-2022-30767;CVE-2022-33967
ICS-0711_sel_sel-3530-rtac-3530_SBOM.json,ICS-0711,pkg:oss:openssl,OpenSSL,1.0.2k,CVE-2017-3731;CVE-2017-3732;CVE-2016-7055
ICS-0711_sel_sel-3530-rtac-3530_SBOM.json,ICS-0711,pkg:oss:dropbear,Dropbear SSH,2022.83,CVE-2023-48795
ICS-0711_sel_sel-3530-rtac-3530_SBOM.json,ICS-0711,pkg:oss:zlib,zlib,1.2.8,CVE-2016-9840;CVE-2016-9841;CVE-2018-25032
ICS-0712_hitachi-energy_ref615-feeder-protection-relay-red615_SBOM.json,ICS-0712,pkg:oss:ntp,NTP Daemon,4.2.8p15,CVE-2023-26551
ICS-0712_hitachi-energy_ref615-feeder-protection-relay-red615_SBOM.json,ICS-0712,pkg:oss:expat,Expat,2.5.0,CVE-2023-52425
ICS-0712_hitachi-energy_ref615-feeder-protection-relay-red615_SBOM.json,ICS-0712,pkg:oss:libmodbus,libmodbus,3.1.4,CVE-2019-14462;CVE-2019-14463
ICS-0713_siemens_siprotec-5-protection-relay-7ut85_SBOM.json,ICS-0713,pkg:oss:libmodbus,libmodbus,3.0.6,CVE-2019-14462;CVE-2019-14463
ICS-0713_siemens_siprotec-5-protection-relay-7ut85_SBOM.json,ICS-0713,pkg:oss:wolfssl,wolfSSL,4.5.0,CVE-2021-3336;CVE-2021-24116
ICS-0713_siemens_siprotec-5-protection-relay-7ut85_SBOM.json,ICS-0713,pkg:oss:expat,Expat,2.2.10,CVE-2022-22822;CVE-2022-23852;CVE-2022-25235
ICS-0714_ge_multilin-ur-relay-l90_SBOM.json,ICS-0714,pkg:oss:ntp,NTP Daemon,4.2.8p10,CVE-2018-7182;CVE-2018-7183;CVE-2018-7184
ICS-0714_ge_multilin-ur-relay-l90_SBOM.json,ICS-0714,pkg:oss:openssl,OpenSSL,1.1.1n,CVE-2022-1292;CVE-2022-2068;CVE-2022-4304
ICS-0714_ge_multilin-ur-relay-l90_SBOM.json,ICS-0714,pkg:oss:lwip,lwIP,2.1.2,CVE-2020-22283;CVE-2020-22285;CVE-2020-22286
ICS-0714_ge_multilin-ur-relay-l90_SBOM.json,ICS-0714,pkg:oss:mbedtls,Mbed TLS,2.16.3,CVE-2020-10932;CVE-2020-16150;CVE-2021-24119
ICS-0714_ge_multilin-ur-relay-l90_SBOM.json,ICS-0714,pkg:oss:treck-tcpip,Treck TCP/IP Stack,6.0.1.67,CVE-2020-11898;CVE-2020-11900
ICS-0715_schneider_easergy-p3-protection-relay-p3u30_SBOM.json,ICS-0715,pkg:oss:lwip,lwIP,2.0.3,CVE-2020-22283;CVE-2020-22284;CVE-2020-22288
ICS-0715_schneider_easergy-p3-protection-relay-p3u30_SBOM.json,ICS-0715,pkg:oss:expat,Expat,2.4.1,CVE-2022-25236;CVE-2022-25315
ICS-0715_schneider_easergy-p3-protection-relay-p3u30_SBOM.json,ICS-0715,pkg:oss:wolfssl,wolfSSL,4.5.0,CVE-2021-3336;CVE-2021-24116
ICS-0715_schneider_easergy-p3-protection-relay-p3u30_SBOM.json,ICS-0715,pkg:oss:mbedtls,Mbed TLS,3.4.0,CVE-2023-43615
ICS-0716_nari_pcs-9611-feeder-protection-pcs-9611_SBOM.json,ICS-0716,pkg:oss:zlib,zlib,1.2.11,CVE-2018-25032;CVE-2022-37434
ICS-0716_nari_pcs-9611-feeder-protection-pcs-9611_SBOM.json,ICS-0716,pkg:oss:expat,Expat,2.2.10,CVE-2022-22822;CVE-2022-23852;CVE-2022-25235
ICS-0716_nari_pcs-9611-feeder-protection-pcs-9611_SBOM.json,ICS-0716,pkg:oss:ntp,NTP Daemon,4.2.8p15,CVE-2023-26551
ICS-0717_hd-hyundai_higen-protection-relay-hgr-100_SBOM.json,ICS-0717,pkg:oss:zlib,zlib,1.2.11,CVE-2018-25032;CVE-2022-37434
ICS-0717_hd-hyundai_higen-protection-relay-hgr-100_SBOM.json,ICS-0717,pkg:oss:treck-tcpip,Treck TCP/IP Stack,6.0.1.67,CVE-2020-11898;CVE-2020-11900
ICS-0717_hd-hyundai_higen-protection-relay-hgr-100_SBOM.json,ICS-0717,pkg:oss:wolfssl,wolfSSL,5.5.0,CVE-2022-42905;CVE-2023-3724
ICS-0717_hd-hyundai_higen-protection-relay-hgr-100_SBOM.json,ICS-0717,pkg:oss:ntp,NTP Daemon,4.2.8p15,CVE-2023-26551
ICS-0718_siemens_simatic-hmi-comfort-panel-kp700_SBOM.json,ICS-0718,pkg:oss:sqlserver-express,Microsoft SQL Server Express,2019 CU22,CVE-2023-21528
ICS-0718_siemens_simatic-hmi-comfort-panel-kp700_SBOM.json,ICS-0718,pkg:oss:libxml2,libxml2,2.10.4,CVE-2023-45322
ICS-0718_siemens_simatic-hmi-comfort-panel-kp700_SBOM.json,ICS-0718,pkg:oss:sqlite,SQLite,3.31.1,CVE-2020-13434;CVE-2020-13630;CVE-2021-20227
ICS-0718_siemens_simatic-hmi-comfort-panel-kp700_SBOM.json,ICS-0718,pkg:oss:expat,Expat,2.4.1,CVE-2022-25236;CVE-2022-25315
ICS-0719_rockwell_panelview-plus-terminal-7-standard-1000_SBOM.json,ICS-0719,pkg:oss:libcurl,libcurl,8.0.1,CVE-2023-27533;CVE-2023-27536;CVE-2023-38545
ICS-0719_rockwell_panelview-plus-terminal-7-standard-1000_SBOM.json,ICS-0719,pkg:oss:expat,Expat,2.2.10,CVE-2022-22822;CVE-2022-23852;CVE-2022-25235
ICS-0719_rockwell_panelview-plus-terminal-7-standard-1000_SBOM.json,ICS-0719,pkg:oss:libxml2,libxml2,2.10.4,CVE-2023-45322
ICS-0720_schneider_magelis-gtu-hmi-hmigtu655_SBOM.json,ICS-0720,pkg:oss:libmodbus,libmodbus,3.0.6,CVE-2019-14462;CVE-2019-14463
ICS-0720_schneider_magelis-gtu-hmi-hmigtu655_SBOM.json,ICS-0720,pkg:oss:linux-kernel,Linux Kernel,4.14.336,CVE-2021-33909;CVE-2022-0847
ICS-0720_schneider_magelis-gtu-hmi-hmigtu655_SBOM.json,ICS-0720,pkg:oss:net-snmp,Net-SNMP,5.7.3,CVE-2018-18065;CVE-2019-20892;CVE-2020-15862
ICS-0720_schneider_magelis-gtu-hmi-hmigtu655_SBOM.json,ICS-0720,pkg:oss:mosquitto,Eclipse Mosquitto,2.0.11,CVE-2021-34431;CVE-2021-41039;CVE-2023-0809
ICS-0720_schneider_magelis-gtu-hmi-hmigtu655_SBOM.json,ICS-0720,pkg:oss:busybox,BusyBox,1.33.1,CVE-2021-42379;CVE-2021-42380;CVE-2022-28391
ICS-0721_mitsubishi_got2000-graphic-terminal-gt2712-stba_SBOM.json,ICS-0721,pkg:oss:zlib,zlib,1.2.12,CVE-2022-37434
ICS-0721_mitsubishi_got2000-graphic-terminal-gt2712-stba_SBOM.json,ICS-0721,pkg:oss:wolfssl,wolfSSL,5.5.0,CVE-2022-42905;CVE-2023-3724
ICS-0721_mitsubishi_got2000-graphic-terminal-gt2712-stba_SBOM.json,ICS-0721,pkg:oss:treck-tcpip,Treck TCP/IP Stack,6.0.1.67,CVE-2020-11898;CVE-2020-11900
ICS-0722_advantech_webop-operator-panel-wop-2100t_SBOM.json,ICS-0722,pkg:oss:libmodbus,libmodbus,3.1.4,CVE-2019-14462;CVE-2019-14463
ICS-0722_advantech_webop-operator-panel-wop-2100t_SBOM.json,ICS-0722,pkg:oss:u-boot,Das U-Boot,2020.04,CVE-2020-10648;CVE-2021-27097;CVE-2022-30767
ICS-0722_advantech_webop-operator-panel-wop-2100t_SBOM.json,ICS-0722,pkg:oss:libcurl,libcurl,7.79.1,CVE-2022-22576;CVE-2022-27774;CVE-2022-32221
ICS-0722_advantech_webop-operator-panel-wop-2100t_SBOM.json,ICS-0722,pkg:oss:ntp,NTP Daemon,4.2.8p13,CVE-2019-8936;CVE-2020-11868
ICS-0722_advantech_webop-operator-panel-wop-2100t_SBOM.json,ICS-0722,pkg:oss:linux-kernel,Linux Kernel,5.10.220,CVE-2024-1086
ICS-0722_advantech_webop-operator-panel-wop-2100t_SBOM.json,ICS-0722,pkg:oss:nginx,nginx,1.14.2,CVE-2019-9511;CVE-2019-9513;CVE-2019-20372
ICS-0723_delta_dop-100-hmi-dop-107bv_SBOM.json,ICS-0723,pkg:oss:treck-tcpip,Treck TCP/IP Stack,6.0.1.67,CVE-2020-11898;CVE-2020-11900
ICS-0723_delta_dop-100-hmi-dop-107bv_SBOM.json,ICS-0723,pkg:oss:openssl,OpenSSL,1.1.1n,CVE-2022-1292;CVE-2022-2068;CVE-2022-4304
ICS-0723_delta_dop-100-hmi-dop-107bv_SBOM.json,ICS-0723,pkg:oss:ntp,NTP Daemon,4.2.8p13,CVE-2019-8936;CVE-2020-11868
ICS-0723_delta_dop-100-hmi-dop-107bv_SBOM.json,ICS-0723,pkg:oss:mbedtls,Mbed TLS,2.28.0,CVE-2022-35409;CVE-2023-43615
ICS-0724_omron_na-series-hmi-na5-12w_SBOM.json,ICS-0724,pkg:oss:libcurl,libcurl,7.29.0,CVE-2016-8615;CVE-2018-1000120;CVE-2019-5482
ICS-0724_omron_na-series-hmi-na5-12w_SBOM.json,ICS-0724,pkg:oss:libxml2,libxml2,2.9.10,CVE-2021-3517;CVE-2021-3518;CVE-2022-29824
ICS-0724_omron_na-series-hmi-na5-12w_SBOM.json,ICS-0724,pkg:oss:sqlite,SQLite,3.41.2,CVE-2023-7104
ICS-0724_omron_na-series-hmi-na5-12w_SBOM.json,ICS-0724,pkg:oss:sqlserver-express,Microsoft SQL Server Express,2017 CU31,CVE-2022-29143;CVE-2023-21528
ICS-0725_pilz_pmi-operator-terminal-pmi-6-primo_SBOM.json,ICS-0725,pkg:oss:libpcap,libpcap,1.9.1,CVE-2019-15165;CVE-2023-7256
ICS-0725_pilz_pmi-operator-terminal-pmi-6-primo_SBOM.json,ICS-0725,pkg:oss:lighttpd,lighttpd,1.4.55,CVE-2022-22707;CVE-2023-44487
ICS-0725_pilz_pmi-operator-terminal-pmi-6-primo_SBOM.json,ICS-0725,pkg:oss:busybox,BusyBox,1.35.0,CVE-2022-28391
ICS-0725_pilz_pmi-operator-terminal-pmi-6-primo_SBOM.json,ICS-0725,pkg:oss:openssh,OpenSSH,7.4p1,CVE-2018-15473;CVE-2019-6111;CVE-2016-10708
ICS-0725_pilz_pmi-operator-terminal-pmi-6-primo_SBOM.json,ICS-0725,pkg:oss:net-snmp,Net-SNMP,5.7.3,CVE-2018-18065;CVE-2019-20892;CVE-2020-15862
ICS-0725_pilz_pmi-operator-terminal-pmi-6-primo_SBOM.json,ICS-0725,pkg:oss:linux-kernel,Linux Kernel,5.10.220,CVE-2024-1086
ICS-0725_pilz_pmi-operator-terminal-pmi-6-primo_SBOM.json,ICS-0725,pkg:oss:dnsmasq,dnsmasq,2.86,CVE-2022-0934;CVE-2023-28450
ICS-0726_aveva_aveva-plant-scada-2020-r2_SBOM.json,ICS-0726,pkg:oss:expat,Expat,2.5.0,CVE-2023-52425
ICS-0726_aveva_aveva-plant-scada-2020-r2_SBOM.json,ICS-0726,pkg:oss:sqlserver-express,Microsoft SQL Server Express,2016 SP2,CVE-2019-1068;CVE-2020-0618
ICS-0726_aveva_aveva-plant-scada-2020-r2_SBOM.json,ICS-0726,pkg:oss:zlib,zlib,1.2.11,CVE-2018-25032;CVE-2022-37434
ICS-0727_inductive_ignition-scada-platform-8-1_SBOM.json,ICS-0727,pkg:oss:jackson,Jackson Databind,2.13.4,CVE-2022-42003;CVE-2022-42004
ICS-0727_inductive_ignition-scada-platform-8-1_SBOM.json,ICS-0727,pkg:oss:tomcat,Apache Tomcat,9.0.63,CVE-2022-42252;CVE-2023-28708;CVE-2023-44487
ICS-0727_inductive_ignition-scada-platform-8-1_SBOM.json,ICS-0727,pkg:oss:openjdk,OpenJDK Runtime,8u202,CVE-2019-2602;CVE-2019-2699;CVE-2020-2803
ICS-0727_inductive_ignition-scada-platform-8-1_SBOM.json,ICS-0727,pkg:oss:openssl,OpenSSL,1.0.2k,CVE-2017-3731;CVE-2017-3732;CVE-2016-7055
ICS-0728_copadata_zenon-supervisor-10_SBOM.json,ICS-0728,pkg:oss:libcurl,libcurl,7.29.0,CVE-2016-8615;CVE-2018-1000120;CVE-2019-5482
ICS-0728_copadata_zenon-supervisor-10_SBOM.json,ICS-0728,pkg:oss:sqlite,SQLite,3.39.4,CVE-2022-46908;CVE-2023-7104
ICS-0728_copadata_zenon-supervisor-10_SBOM.json,ICS-0728,pkg:oss:libxml2,libxml2,2.9.14,CVE-2022-40303;CVE-2022-40304;CVE-2023-28484
ICS-0728_copadata_zenon-supervisor-10_SBOM.json,ICS-0728,pkg:oss:sqlserver-express,Microsoft SQL Server Express,2017 CU31,CVE-2022-29143;CVE-2023-21528
ICS-0728_copadata_zenon-supervisor-10_SBOM.json,ICS-0728,pkg:oss:dotnet,Microsoft .NET Framework,4.7.2,CVE-2020-1147;CVE-2021-24112;CVE-2021-26701
ICS-0729_siemens_simatic-wincc-v7-5_SBOM.json,ICS-0729,pkg:oss:zlib,zlib,1.2.8,CVE-2016-9840;CVE-2016-9841;CVE-2018-25032
ICS-0729_siemens_simatic-wincc-v7-5_SBOM.json,ICS-0729,pkg:oss:sqlite,SQLite,3.41.2,CVE-2023-7104
ICS-0729_siemens_simatic-wincc-v7-5_SBOM.json,ICS-0729,pkg:oss:openssl,OpenSSL,3.0.7,CVE-2023-0286;CVE-2023-0215;CVE-2022-4304
ICS-0729_siemens_simatic-wincc-v7-5_SBOM.json,ICS-0729,pkg:oss:sqlserver-express,Microsoft SQL Server Express,2019 CU22,CVE-2023-21528
ICS-0729_siemens_simatic-wincc-v7-5_SBOM.json,ICS-0729,pkg:oss:libcurl,libcurl,8.0.1,CVE-2023-27533;CVE-2023-27536;CVE-2023-38545
ICS-0729_siemens_simatic-wincc-v7-5_SBOM.json,ICS-0729,pkg:oss:dotnet,Microsoft .NET Framework,4.6.2,CVE-2018-8421;CVE-2019-0545;CVE-2020-1147
ICS-0730_ge_cimplicity-hmi-scada-11-1_SBOM.json,ICS-0730,pkg:oss:zlib,zlib,1.2.12,CVE-2022-37434
ICS-0730_ge_cimplicity-hmi-scada-11-1_SBOM.json,ICS-0730,pkg:oss:dotnet,Microsoft .NET Framework,4.7.2,CVE-2020-1147;CVE-2021-24112;CVE-2021-26701
ICS-0730_ge_cimplicity-hmi-scada-11-1_SBOM.json,ICS-0730,pkg:oss:openssl,OpenSSL,1.1.1k,CVE-2021-3711;CVE-2021-3712;CVE-2022-0778
ICS-0730_ge_cimplicity-hmi-scada-11-1_SBOM.json,ICS-0730,pkg:oss:libxml2,libxml2,2.9.10,CVE-2021-3517;CVE-2021-3518;CVE-2022-29824
ICS-0730_ge_cimplicity-hmi-scada-11-1_SBOM.json,ICS-0730,pkg:oss:expat,Expat,2.2.0,CVE-2018-20843;CVE-2019-15903
ICS-0730_ge_cimplicity-hmi-scada-11-1_SBOM.json,ICS-0730,pkg:oss:libcurl,libcurl,7.79.1,CVE-2022-22576;CVE-2022-27774;CVE-2022-32221
ICS-0730_ge_cimplicity-hmi-scada-11-1_SBOM.json,ICS-0730,pkg:oss:sqlserver-express,Microsoft SQL Server Express,2019 CU22,CVE-2023-21528
ICS-0731_schneider_ecostruxure-geo-scada-expert-2021_SBOM.json,ICS-0731,pkg:oss:libcurl,libcurl,7.79.1,CVE-2022-22576;CVE-2022-27774;CVE-2022-32221
ICS-0732_rockwell_factorytalk-view-se-12-00_SBOM.json,ICS-0732,pkg:oss:sqlite,SQLite,3.22.0,CVE-2018-8740;CVE-2019-8457;CVE-2020-11655
ICS-0732_rockwell_factorytalk-view-se-12-00_SBOM.json,ICS-0732,pkg:oss:libcurl,libcurl,7.64.0,CVE-2019-5481;CVE-2019-5482;CVE-2020-8177
ICS-0732_rockwell_factorytalk-view-se-12-00_SBOM.json,ICS-0732,pkg:oss:libxml2,libxml2,2.9.10,CVE-2021-3517;CVE-2021-3518;CVE-2022-29824
ICS-0732_rockwell_factorytalk-view-se-12-00_SBOM.json,ICS-0732,pkg:oss:zlib,zlib,1.2.12,CVE-2022-37434
ICS-0732_rockwell_factorytalk-view-se-12-00_SBOM.json,ICS-0732,pkg:oss:openssl,OpenSSL,1.0.2u,CVE-2021-23840;CVE-2021-3712
ICS-0733_aveva_aveva-historian-2020-r2_SBOM.json,ICS-0733,pkg:oss:libcurl,libcurl,8.4.0,CVE-2023-46218;CVE-2024-2379
ICS-0733_aveva_aveva-historian-2020-r2_SBOM.json,ICS-0733,pkg:oss:dotnet,Microsoft .NET Framework,4.8,CVE-2021-26701;CVE-2023-21808
ICS-0733_aveva_aveva-historian-2020-r2_SBOM.json,ICS-0733,pkg:oss:sqlite,SQLite,3.22.0,CVE-2018-8740;CVE-2019-8457;CVE-2020-11655
ICS-0733_aveva_aveva-historian-2020-r2_SBOM.json,ICS-0733,pkg:oss:expat,Expat,2.2.10,CVE-2022-22822;CVE-2022-23852;CVE-2022-25235
ICS-0733_aveva_aveva-historian-2020-r2_SBOM.json,ICS-0733,pkg:oss:openssl,OpenSSL,3.0.7,CVE-2023-0286;CVE-2023-0215;CVE-2022-4304
ICS-0733_aveva_aveva-historian-2020-r2_SBOM.json,ICS-0733,pkg:oss:zlib,zlib,1.2.11,CVE-2018-25032;CVE-2022-37434
ICS-0734_ge_proficy-historian-2022_SBOM.json,ICS-0734,pkg:oss:expat,Expat,2.4.1,CVE-2022-25236;CVE-2022-25315
ICS-0734_ge_proficy-historian-2022_SBOM.json,ICS-0734,pkg:oss:libxml2,libxml2,2.10.4,CVE-2023-45322
ICS-0734_ge_proficy-historian-2022_SBOM.json,ICS-0734,pkg:oss:zlib,zlib,1.2.11,CVE-2018-25032;CVE-2022-37434
ICS-0735_honeywell_uniformance-phd-historian-r500_SBOM.json,ICS-0735,pkg:oss:sqlite,SQLite,3.31.1,CVE-2020-13434;CVE-2020-13630;CVE-2021-20227
ICS-0735_honeywell_uniformance-phd-historian-r500_SBOM.json,ICS-0735,pkg:oss:sqlserver-express,Microsoft SQL Server Express,2019 CU22,CVE-2023-21528
ICS-0735_honeywell_uniformance-phd-historian-r500_SBOM.json,ICS-0735,pkg:oss:zlib,zlib,1.2.12,CVE-2022-37434
ICS-0735_honeywell_uniformance-phd-historian-r500_SBOM.json,ICS-0735,pkg:oss:libcurl,libcurl,7.79.1,CVE-2022-22576;CVE-2022-27774;CVE-2022-32221
ICS-0736_emerson_deltav-continuous-historian-14-3_SBOM.json,ICS-0736,pkg:oss:sqlite,SQLite,3.31.1,CVE-2020-13434;CVE-2020-13630;CVE-2021-20227
ICS-0736_emerson_deltav-continuous-historian-14-3_SBOM.json,ICS-0736,pkg:oss:sqlserver-express,Microsoft SQL Server Express,2017 CU31,CVE-2022-29143;CVE-2023-21528
ICS-0736_emerson_deltav-continuous-historian-14-3_SBOM.json,ICS-0736,pkg:oss:zlib,zlib,1.2.12,CVE-2022-37434
ICS-0736_emerson_deltav-continuous-historian-14-3_SBOM.json,ICS-0736,pkg:oss:libxml2,libxml2,2.9.10,CVE-2021-3517;CVE-2021-3518;CVE-2022-29824
ICS-0737_yokogawa_exaquantum-plant-information-system-r3-20_SBOM.json,ICS-0737,pkg:oss:sqlserver-express,Microsoft SQL Server Express,2019 CU22,CVE-2023-21528
ICS-0737_yokogawa_exaquantum-plant-information-system-r3-20_SBOM.json,ICS-0737,pkg:oss:dotnet,Microsoft .NET Framework,4.7.2,CVE-2020-1147;CVE-2021-24112;CVE-2021-26701
ICS-0737_yokogawa_exaquantum-plant-information-system-r3-20_SBOM.json,ICS-0737,pkg:oss:libcurl,libcurl,8.0.1,CVE-2023-27533;CVE-2023-27536;CVE-2023-38545
ICS-0737_yokogawa_exaquantum-plant-information-system-r3-20_SBOM.json,ICS-0737,pkg:oss:openssl,OpenSSL,1.0.2k,CVE-2017-3731;CVE-2017-3732;CVE-2016-7055
ICS-0738_siemens_tia-portal-engineering-suite-v17_SBOM.json,ICS-0738,pkg:oss:expat,Expat,2.5.0,CVE-2023-52425
ICS-0738_siemens_tia-portal-engineering-suite-v17_SBOM.json,ICS-0738,pkg:oss:libcurl,libcurl,7.79.1,CVE-2022-22576;CVE-2022-27774;CVE-2022-32221
ICS-0738_siemens_tia-portal-engineering-suite-v17_SBOM.json,ICS-0738,pkg:oss:sqlserver-express,Microsoft SQL Server Express,2017 CU31,CVE-2022-29143;CVE-2023-21528
ICS-0738_siemens_tia-portal-engineering-suite-v17_SBOM.json,ICS-0738,pkg:oss:libxml2,libxml2,2.9.4,CVE-2016-9318;CVE-2017-5969;CVE-2018-14567
ICS-0738_siemens_tia-portal-engineering-suite-v17_SBOM.json,ICS-0738,pkg:oss:sqlite,SQLite,3.31.1,CVE-2020-13434;CVE-2020-13630;CVE-2021-20227
ICS-0739_rockwell_studio-5000-logix-designer-34-00_SBOM.json,ICS-0739,pkg:oss:openssl,OpenSSL,3.0.7,CVE-2023-0286;CVE-2023-0215;CVE-2022-4304
ICS-0739_rockwell_studio-5000-logix-designer-34-00_SBOM.json,ICS-0739,pkg:oss:libxml2,libxml2,2.9.14,CVE-2022-40303;CVE-2022-40304;CVE-2023-28484
ICS-0739_rockwell_studio-5000-logix-designer-34-00_SBOM.json,ICS-0739,pkg:oss:dotnet,Microsoft .NET Framework,4.7.2,CVE-2020-1147;CVE-2021-24112;CVE-2021-26701
ICS-0739_rockwell_studio-5000-logix-designer-34-00_SBOM.json,ICS-0739,pkg:oss:libcurl,libcurl,8.0.1,CVE-2023-27533;CVE-2023-27536;CVE-2023-38545
ICS-0739_rockwell_studio-5000-logix-designer-34-00_SBOM.json,ICS-0739,pkg:oss:sqlite,SQLite,3.22.0,CVE-2018-8740;CVE-2019-8457;CVE-2020-11655
ICS-0740_schneider_ecostruxure-control-expert-v15-1_SBOM.json,ICS-0740,pkg:oss:sqlserver-express,Microsoft SQL Server Express,2016 SP2,CVE-2019-1068;CVE-2020-0618
ICS-0740_schneider_ecostruxure-control-expert-v15-1_SBOM.json,ICS-0740,pkg:oss:sqlite,SQLite,3.22.0,CVE-2018-8740;CVE-2019-8457;CVE-2020-11655
ICS-0740_schneider_ecostruxure-control-expert-v15-1_SBOM.json,ICS-0740,pkg:oss:libxml2,libxml2,2.10.4,CVE-2023-45322
ICS-0740_schneider_ecostruxure-control-expert-v15-1_SBOM.json,ICS-0740,pkg:oss:libcurl,libcurl,7.29.0,CVE-2016-8615;CVE-2018-1000120;CVE-2019-5482
ICS-0741_mitsubishi_gx-works3-engineering-tool-1-080j_SBOM.json,ICS-0741,pkg:oss:libcurl,libcurl,8.4.0,CVE-2023-46218;CVE-2024-2379
ICS-0741_mitsubishi_gx-works3-engineering-tool-1-080j_SBOM.json,ICS-0741,pkg:oss:dotnet,Microsoft .NET Framework,4.6.2,CVE-2018-8421;CVE-2019-0545;CVE-2020-1147
ICS-0741_mitsubishi_gx-works3-engineering-tool-1-080j_SBOM.json,ICS-0741,pkg:oss:sqlite,SQLite,3.41.2,CVE-2023-7104
ICS-0741_mitsubishi_gx-works3-engineering-tool-1-080j_SBOM.json,ICS-0741,pkg:oss:openssl,OpenSSL,3.0.7,CVE-2023-0286;CVE-2023-0215;CVE-2022-4304
ICS-0742_codesys_codesys-development-system-v3-5-sp17_SBOM.json,ICS-0742,pkg:oss:dotnet,Microsoft .NET Framework,4.6.2,CVE-2018-8421;CVE-2019-0545;CVE-2020-1147
ICS-0742_codesys_codesys-development-system-v3-5-sp17_SBOM.json,ICS-0742,pkg:oss:openssl,OpenSSL,1.0.2u,CVE-2021-23840;CVE-2021-3712
ICS-0742_codesys_codesys-development-system-v3-5-sp17_SBOM.json,ICS-0742,pkg:oss:libcurl,libcurl,7.29.0,CVE-2016-8615;CVE-2018-1000120;CVE-2019-5482
ICS-0742_codesys_codesys-development-system-v3-5-sp17_SBOM.json,ICS-0742,pkg:oss:zlib,zlib,1.2.11,CVE-2018-25032;CVE-2022-37434
ICS-0742_codesys_codesys-development-system-v3-5-sp17_SBOM.json,ICS-0742,pkg:oss:codesys-rt,CODESYS Control Runtime System,3.5.17.0,CVE-2022-22515;CVE-2022-22517;CVE-2022-31802
ICS-0743_abb_automation-builder-2-5_SBOM.json,ICS-0743,pkg:oss:openssl,OpenSSL,1.0.2k,CVE-2017-3731;CVE-2017-3732;CVE-2016-7055
ICS-0743_abb_automation-builder-2-5_SBOM.json,ICS-0743,pkg:oss:codesys-rt,CODESYS Control Runtime System,3.5.18.20,CVE-2023-37559;CVE-2023-37560
ICS-0744_emerson_deltav-md-plus-controller-md-plus_SBOM.json,ICS-0744,pkg:oss:net-snmp,Net-SNMP,5.9.1,CVE-2022-24805;CVE-2022-24809
ICS-0744_emerson_deltav-md-plus-controller-md-plus_SBOM.json,ICS-0744,pkg:oss:libcurl,libcurl,7.79.1,CVE-2022-22576;CVE-2022-27774;CVE-2022-32221
ICS-0744_emerson_deltav-md-plus-controller-md-plus_SBOM.json,ICS-0744,pkg:oss:expat,Expat,2.5.0,CVE-2023-52425
ICS-0744_emerson_deltav-md-plus-controller-md-plus_SBOM.json,ICS-0744,pkg:oss:ntp,NTP Daemon,4.2.8p10,CVE-2018-7182;CVE-2018-7183;CVE-2018-7184
ICS-0745_honeywell_experion-c300-controller-c300_SBOM.json,ICS-0745,pkg:oss:libxml2,libxml2,2.9.14,CVE-2022-40303;CVE-2022-40304;CVE-2023-28484
ICS-0745_honeywell_experion-c300-controller-c300_SBOM.json,ICS-0745,pkg:oss:ipnet,Interpeak IPnet TCP/IP Stack,6.9,CVE-2019-12255;CVE-2019-12256;CVE-2019-12257;CVE-2019-12260
ICS-0745_honeywell_experion-c300-controller-c300_SBOM.json,ICS-0745,pkg:oss:ntp,NTP Daemon,4.2.8p10,CVE-2018-7182;CVE-2018-7183;CVE-2018-7184
ICS-0745_honeywell_experion-c300-controller-c300_SBOM.json,ICS-0745,pkg:oss:libmodbus,libmodbus,3.1.4,CVE-2019-14462;CVE-2019-14463
ICS-0745_honeywell_experion-c300-controller-c300_SBOM.json,ICS-0745,pkg:oss:net-snmp,Net-SNMP,5.8,CVE-2020-15861;CVE-2020-15862;CVE-2022-24805
ICS-0745_honeywell_experion-c300-controller-c300_SBOM.json,ICS-0745,pkg:oss:sqlite,SQLite,3.31.1,CVE-2020-13434;CVE-2020-13630;CVE-2021-20227
ICS-0746_yokogawa_centum-vp-field-control-station-afv30d_SBOM.json,ICS-0746,pkg:oss:openssl,OpenSSL,1.1.1k,CVE-2021-3711;CVE-2021-3712;CVE-2022-0778
ICS-0746_yokogawa_centum-vp-field-control-station-afv30d_SBOM.json,ICS-0746,pkg:oss:expat,Expat,2.2.0,CVE-2018-20843;CVE-2019-15903
ICS-0746_yokogawa_centum-vp-field-control-station-afv30d_SBOM.json,ICS-0746,pkg:oss:lwip,lwIP,2.1.3,CVE-2023-5188
ICS-0746_yokogawa_centum-vp-field-control-station-afv30d_SBOM.json,ICS-0746,pkg:oss:mbedtls,Mbed TLS,3.4.0,CVE-2023-43615
ICS-0747_abb_ac-800m-controller-pm866_SBOM.json,ICS-0747,pkg:oss:expat,Expat,2.2.0,CVE-2018-20843;CVE-2019-15903
ICS-0747_abb_ac-800m-controller-pm866_SBOM.json,ICS-0747,pkg:oss:open62541,open62541 OPC UA Stack,1.3.6,CVE-2023-31048
ICS-0747_abb_ac-800m-controller-pm866_SBOM.json,ICS-0747,pkg:oss:sqlite,SQLite,3.41.2,CVE-2023-7104
ICS-0747_abb_ac-800m-controller-pm866_SBOM.json,ICS-0747,pkg:oss:zlib,zlib,1.2.12,CVE-2022-37434
ICS-0747_abb_ac-800m-controller-pm866_SBOM.json,ICS-0747,pkg:oss:libxml2,libxml2,2.10.4,CVE-2023-45322
ICS-0748_siemens_simatic-pcs-7-as-controller-as-410-5h_SBOM.json,ICS-0748,pkg:oss:mbedtls,Mbed TLS,2.16.3,CVE-2020-10932;CVE-2020-16150;CVE-2021-24119
ICS-0748_siemens_simatic-pcs-7-as-controller-as-410-5h_SBOM.json,ICS-0748,pkg:oss:lwip,lwIP,2.1.3,CVE-2023-5188
ICS-0748_siemens_simatic-pcs-7-as-controller-as-410-5h_SBOM.json,ICS-0748,pkg:oss:treck-tcpip,Treck TCP/IP Stack,6.0.1.67,CVE-2020-11898;CVE-2020-11900
ICS-0749_hitachi-energy_symphony-plus-hpc800-hpc800_SBOM.json,ICS-0749,pkg:oss:ntp,NTP Daemon,4.2.8p10,CVE-2018-7182;CVE-2018-7183;CVE-2018-7184
ICS-0749_hitachi-energy_symphony-plus-hpc800-hpc800_SBOM.json,ICS-0749,pkg:oss:sqlite,SQLite,3.22.0,CVE-2018-8740;CVE-2019-8457;CVE-2020-11655
ICS-0749_hitachi-energy_symphony-plus-hpc800-hpc800_SBOM.json,ICS-0749,pkg:oss:net-snmp,Net-SNMP,5.7.3,CVE-2018-18065;CVE-2019-20892;CVE-2020-15862
ICS-0749_hitachi-energy_symphony-plus-hpc800-hpc800_SBOM.json,ICS-0749,pkg:oss:ipnet,Interpeak IPnet TCP/IP Stack,6.9,CVE-2019-12255;CVE-2019-12256;CVE-2019-12257;CVE-2019-12260
ICS-0749_hitachi-energy_symphony-plus-hpc800-hpc800_SBOM.json,ICS-0749,pkg:oss:libcurl,libcurl,8.0.1,CVE-2023-27533;CVE-2023-27536;CVE-2023-38545
ICS-0750_schneider_triconex-tricon-cx-controller-tricon-cx_SBOM.json,ICS-0750,pkg:oss:mbedtls,Mbed TLS,3.4.0,CVE-2023-43615
ICS-0750_schneider_triconex-tricon-cx-controller-tricon-cx_SBOM.json,ICS-0750,pkg:oss:lwip,lwIP,2.1.2,CVE-2020-22283;CVE-2020-22285;CVE-2020-22286
ICS-0750_schneider_triconex-tricon-cx-controller-tricon-cx_SBOM.json,ICS-0750,pkg:oss:libmodbus,libmodbus,3.0.6,CVE-2019-14462;CVE-2019-14463
ICS-0750_schneider_triconex-tricon-cx-controller-tricon-cx_SBOM.json,ICS-0750,pkg:oss:ntp,NTP Daemon,4.2.8p15,CVE-2023-26551
ICS-0750_schneider_triconex-tricon-cx-controller-tricon-cx_SBOM.json,ICS-0750,pkg:oss:expat,Expat,2.2.0,CVE-2018-20843;CVE-2019-15903
ICS-0751_hima_himax-safety-controller-x-cpu-31_SBOM.json,ICS-0751,pkg:oss:zlib,zlib,1.2.8,CVE-2016-9840;CVE-2016-9841;CVE-2018-25032
ICS-0751_hima_himax-safety-controller-x-cpu-31_SBOM.json,ICS-0751,pkg:oss:lwip,lwIP,2.1.2,CVE-2020-22283;CVE-2020-22285;CVE-2020-22286
ICS-0751_hima_himax-safety-controller-x-cpu-31_SBOM.json,ICS-0751,pkg:oss:treck-tcpip,Treck TCP/IP Stack,6.0.1.67,CVE-2020-11898;CVE-2020-11900
ICS-0751_hima_himax-safety-controller-x-cpu-31_SBOM.json,ICS-0751,pkg:oss:libmodbus,libmodbus,3.1.4,CVE-2019-14462;CVE-2019-14463
ICS-0751_hima_himax-safety-controller-x-cpu-31_SBOM.json,ICS-0751,pkg:oss:ntp,NTP Daemon,4.2.8p10,CVE-2018-7182;CVE-2018-7183;CVE-2018-7184
ICS-0752_pilz_pss-4000-safety-controller-pssu-h-plc1_SBOM.json,ICS-0752,pkg:oss:treck-tcpip,Treck TCP/IP Stack,6.0.1.66,CVE-2020-11896;CVE-2020-11897;CVE-2020-11901
ICS-0752_pilz_pss-4000-safety-controller-pssu-h-plc1_SBOM.json,ICS-0752,pkg:oss:mbedtls,Mbed TLS,2.16.3,CVE-2020-10932;CVE-2020-16150;CVE-2021-24119
ICS-0752_pilz_pss-4000-safety-controller-pssu-h-plc1_SBOM.json,ICS-0752,pkg:oss:lwip,lwIP,2.0.3,CVE-2020-22283;CVE-2020-22284;CVE-2020-22288
ICS-0752_pilz_pss-4000-safety-controller-pssu-h-plc1_SBOM.json,ICS-0752,pkg:oss:openssl,OpenSSL,1.0.2k,CVE-2017-3731;CVE-2017-3732;CVE-2016-7055
ICS-0752_pilz_pss-4000-safety-controller-pssu-h-plc1_SBOM.json,ICS-0752,pkg:oss:wolfssl,wolfSSL,4.5.0,CVE-2021-3336;CVE-2021-24116
ICS-0752_pilz_pss-4000-safety-controller-pssu-h-plc1_SBOM.json,ICS-0752,pkg:oss:expat,Expat,2.2.0,CVE-2018-20843;CVE-2019-15903
ICS-0753_siemens_simatic-s7-1500f-safety-cpu-1511f-1-pn_SBOM.json,ICS-0753,pkg:oss:zlib,zlib,1.2.12,CVE-2022-37434
ICS-0753_siemens_simatic-s7-1500f-safety-cpu-1511f-1-pn_SBOM.json,ICS-0753,pkg:oss:mbedtls,Mbed TLS,2.28.0,CVE-2022-35409;CVE-2023-43615
ICS-0753_siemens_simatic-s7-1500f-safety-cpu-1511f-1-pn_SBOM.json,ICS-0753,pkg:oss:ntp,NTP Daemon,4.2.8p15,CVE-2023-26551
ICS-0753_siemens_simatic-s7-1500f-safety-cpu-1511f-1-pn_SBOM.json,ICS-0753,pkg:oss:expat,Expat,2.4.1,CVE-2022-25236;CVE-2022-25315
ICS-0753_siemens_simatic-s7-1500f-safety-cpu-1511f-1-pn_SBOM.json,ICS-0753,pkg:oss:wolfssl,wolfSSL,4.5.0,CVE-2021-3336;CVE-2021-24116
ICS-0754_rockwell_guardlogix-safety-controller-1756-l81es_SBOM.json,ICS-0754,pkg:oss:ntp,NTP Daemon,4.2.8p15,CVE-2023-26551
ICS-0754_rockwell_guardlogix-safety-controller-1756-l81es_SBOM.json,ICS-0754,pkg:oss:sqlite,SQLite,3.22.0,CVE-2018-8740;CVE-2019-8457;CVE-2020-11655
ICS-0754_rockwell_guardlogix-safety-controller-1756-l81es_SBOM.json,ICS-0754,pkg:oss:libcurl,libcurl,8.4.0,CVE-2023-46218;CVE-2024-2379
ICS-0754_rockwell_guardlogix-safety-controller-1756-l81es_SBOM.json,ICS-0754,pkg:oss:open62541,open62541 OPC UA Stack,1.2.2,CVE-2021-40206;CVE-2022-25761
ICS-0754_rockwell_guardlogix-safety-controller-1756-l81es_SBOM.json,ICS-0754,pkg:oss:ipnet,Interpeak IPnet TCP/IP Stack,6.9,CVE-2019-12255;CVE-2019-12256;CVE-2019-12257;CVE-2019-12260
ICS-0755_moxa_mgate-protocol-gateway-5217a_SBOM.json,ICS-0755,pkg:oss:libxml2,libxml2,2.10.4,CVE-2023-45322
ICS-0755_moxa_mgate-protocol-gateway-5217a_SBOM.json,ICS-0755,pkg:oss:busybox,BusyBox,1.35.0,CVE-2022-28391
ICS-0755_moxa_mgate-protocol-gateway-5217a_SBOM.json,ICS-0755,pkg:oss:openssl,OpenSSL,1.0.2u,CVE-2021-23840;CVE-2021-3712
ICS-0755_moxa_mgate-protocol-gateway-5217a_SBOM.json,ICS-0755,pkg:oss:goahead,GoAhead Embedded Web Server,3.6.5,CVE-2017-17562;CVE-2019-5096;CVE-2019-5097
ICS-0755_moxa_mgate-protocol-gateway-5217a_SBOM.json,ICS-0755,pkg:oss:openssh,OpenSSH,7.4p1,CVE-2018-15473;CVE-2019-6111;CVE-2016-10708
ICS-0756_softing_edgeaggregator-gateway-ea-500_SBOM.json,ICS-0756,pkg:oss:expat,Expat,2.2.0,CVE-2018-20843;CVE-2019-15903
ICS-0756_softing_edgeaggregator-gateway-ea-500_SBOM.json,ICS-0756,pkg:oss:libssh2,libssh2,1.9.0,CVE-2019-17498;CVE-2020-22218
ICS-0756_softing_edgeaggregator-gateway-ea-500_SBOM.json,ICS-0756,pkg:oss:ntp,NTP Daemon,4.2.8p15,CVE-2023-26551
ICS-0756_softing_edgeaggregator-gateway-ea-500_SBOM.json,ICS-0756,pkg:oss:nginx,nginx,1.18.0,CVE-2021-23017;CVE-2022-41741;CVE-2022-41742
ICS-0756_softing_edgeaggregator-gateway-ea-500_SBOM.json,ICS-0756,pkg:oss:mosquitto,Eclipse Mosquitto,2.0.15,CVE-2023-0809;CVE-2023-3592
ICS-0756_softing_edgeaggregator-gateway-ea-500_SBOM.json,ICS-0756,pkg:oss:dnsmasq,dnsmasq,2.82,CVE-2020-25681;CVE-2020-25684;CVE-2021-3448
ICS-0756_softing_edgeaggregator-gateway-ea-500_SBOM.json,ICS-0756,pkg:oss:zlib,zlib,1.2.8,CVE-2016-9840;CVE-2016-9841;CVE-2018-25032
ICS-0756_softing_edgeaggregator-gateway-ea-500_SBOM.json,ICS-0756,pkg:oss:wpa-supplicant,wpa_supplicant,2.6,CVE-2017-13077;CVE-2017-13078;CVE-2018-14526
ICS-0756_softing_edgeaggregator-gateway-ea-500_SBOM.json,ICS-0756,pkg:oss:libpcap,libpcap,1.8.1,CVE-2018-16301;CVE-2019-15165
ICS-0756_softing_edgeaggregator-gateway-ea-500_SBOM.json,ICS-0756,pkg:oss:libcurl,libcurl,8.4.0,CVE-2023-46218;CVE-2024-2379
ICS-0757_advantech_ecu-1251-edge-gateway-ecu-1251_SBOM.json,ICS-0757,pkg:oss:lighttpd,lighttpd,1.4.64,CVE-2023-44487
ICS-0757_advantech_ecu-1251-edge-gateway-ecu-1251_SBOM.json,ICS-0757,pkg:oss:u-boot,Das U-Boot,2021.10,CVE-2022-30767;CVE-2022-33967
ICS-0757_advantech_ecu-1251-edge-gateway-ecu-1251_SBOM.json,ICS-0757,pkg:oss:libmodbus,libmodbus,3.0.6,CVE-2019-14462;CVE-2019-14463
ICS-0757_advantech_ecu-1251-edge-gateway-ecu-1251_SBOM.json,ICS-0757,pkg:oss:libxml2,libxml2,2.9.4,CVE-2016-9318;CVE-2017-5969;CVE-2018-14567
ICS-0757_advantech_ecu-1251-edge-gateway-ecu-1251_SBOM.json,ICS-0757,pkg:oss:openvpn,OpenVPN,2.4.7,CVE-2020-11810;CVE-2020-15078
ICS-0757_advantech_ecu-1251-edge-gateway-ecu-1251_SBOM.json,ICS-0757,pkg:oss:codesys-rt,CODESYS Control Runtime System,3.5.17.0,CVE-2022-22515;CVE-2022-22517;CVE-2022-31802
ICS-0758_phoenix_fl-mguard-security-appliance-rs4000_SBOM.json,ICS-0758,pkg:oss:dropbear,Dropbear SSH,2020.81,CVE-2021-36369
ICS-0758_phoenix_fl-mguard-security-appliance-rs4000_SBOM.json,ICS-0758,pkg:oss:goahead,GoAhead Embedded Web Server,4.1.0,CVE-2021-42342
ICS-0758_phoenix_fl-mguard-security-appliance-rs4000_SBOM.json,ICS-0758,pkg:oss:wpa-supplicant,wpa_supplicant,2.6,CVE-2017-13077;CVE-2017-13078;CVE-2018-14526
ICS-0758_phoenix_fl-mguard-security-appliance-rs4000_SBOM.json,ICS-0758,pkg:oss:open62541,open62541 OPC UA Stack,1.2.2,CVE-2021-40206;CVE-2022-25761
ICS-0758_phoenix_fl-mguard-security-appliance-rs4000_SBOM.json,ICS-0758,pkg:oss:openssl,OpenSSL,1.1.1n,CVE-2022-1292;CVE-2022-2068;CVE-2022-4304
ICS-0758_phoenix_fl-mguard-security-appliance-rs4000_SBOM.json,ICS-0758,pkg:oss:libxml2,libxml2,2.9.10,CVE-2021-3517;CVE-2021-3518;CVE-2022-29824
ICS-0759_belden_eagle40-industrial-firewall-eagle40-4d_SBOM.json,ICS-0759,pkg:oss:openssh,OpenSSH,7.4p1,CVE-2018-15473;CVE-2019-6111;CVE-2016-10708
ICS-0759_belden_eagle40-industrial-firewall-eagle40-4d_SBOM.json,ICS-0759,pkg:oss:busybox,BusyBox,1.30.1,CVE-2021-42374;CVE-2021-42378;CVE-2021-42386
ICS-0759_belden_eagle40-industrial-firewall-eagle40-4d_SBOM.json,ICS-0759,pkg:oss:ntp,NTP Daemon,4.2.8p10,CVE-2018-7182;CVE-2018-7183;CVE-2018-7184
ICS-0760_belden_rsp-managed-switch-rsp35_SBOM.json,ICS-0760,pkg:oss:u-boot,Das U-Boot,2021.10,CVE-2022-30767;CVE-2022-33967
ICS-0760_belden_rsp-managed-switch-rsp35_SBOM.json,ICS-0760,pkg:oss:musl,musl libc,1.2.2,CVE-2020-28928
ICS-0760_belden_rsp-managed-switch-rsp35_SBOM.json,ICS-0760,pkg:oss:wpa-supplicant,wpa_supplicant,2.10,CVE-2023-52160
ICS-0760_belden_rsp-managed-switch-rsp35_SBOM.json,ICS-0760,pkg:oss:mosquitto,Eclipse Mosquitto,1.5.8,CVE-2019-11779;CVE-2021-28166
ICS-0760_belden_rsp-managed-switch-rsp35_SBOM.json,ICS-0760,pkg:oss:glibc,GNU C Library,2.31,CVE-2021-35942;CVE-2023-4911
ICS-0760_belden_rsp-managed-switch-rsp35_SBOM.json,ICS-0760,pkg:oss:openvpn,OpenVPN,2.5.5,CVE-2022-0547;CVE-2023-46849;CVE-2023-46850
ICS-0760_belden_rsp-managed-switch-rsp35_SBOM.json,ICS-0760,pkg:oss:busybox,BusyBox,1.35.0,CVE-2022-28391
ICS-0761_westermo_lynx-dss-managed-switch-lynx-3510_SBOM.json,ICS-0761,pkg:oss:openvpn,OpenVPN,2.5.5,CVE-2022-0547;CVE-2023-46849;CVE-2023-46850
ICS-0761_westermo_lynx-dss-managed-switch-lynx-3510_SBOM.json,ICS-0761,pkg:oss:libmodbus,libmodbus,3.0.6,CVE-2019-14462;CVE-2019-14463
ICS-0761_westermo_lynx-dss-managed-switch-lynx-3510_SBOM.json,ICS-0761,pkg:oss:dnsmasq,dnsmasq,2.82,CVE-2020-25681;CVE-2020-25684;CVE-2021-3448
ICS-0761_westermo_lynx-dss-managed-switch-lynx-3510_SBOM.json,ICS-0761,pkg:oss:expat,Expat,2.5.0,CVE-2023-52425
ICS-0761_westermo_lynx-dss-managed-switch-lynx-3510_SBOM.json,ICS-0761,pkg:oss:openssh,OpenSSH,7.4p1,CVE-2018-15473;CVE-2019-6111;CVE-2016-10708
ICS-0761_westermo_lynx-dss-managed-switch-lynx-3510_SBOM.json,ICS-0761,pkg:oss:u-boot,Das U-Boot,2021.10,CVE-2022-30767;CVE-2022-33967
ICS-0761_westermo_lynx-dss-managed-switch-lynx-3510_SBOM.json,ICS-0761,pkg:oss:wpa-supplicant,wpa_supplicant,2.6,CVE-2017-13077;CVE-2017-13078;CVE-2018-14526
ICS-0762_moxa_eds-managed-ethernet-switch-eds-4012_SBOM.json,ICS-0762,pkg:oss:dropbear,Dropbear SSH,2020.81,CVE-2021-36369
ICS-0762_moxa_eds-managed-ethernet-switch-eds-4012_SBOM.json,ICS-0762,pkg:oss:glibc,GNU C Library,2.28,CVE-2021-3999;CVE-2021-33574;CVE-2023-4911
ICS-0762_moxa_eds-managed-ethernet-switch-eds-4012_SBOM.json,ICS-0762,pkg:oss:openssh,OpenSSH,9.3p1,CVE-2023-38408;CVE-2023-48795;CVE-2024-6387
ICS-0762_moxa_eds-managed-ethernet-switch-eds-4012_SBOM.json,ICS-0762,pkg:oss:libcurl,libcurl,8.4.0,CVE-2023-46218;CVE-2024-2379
ICS-0762_moxa_eds-managed-ethernet-switch-eds-4012_SBOM.json,ICS-0762,pkg:oss:sqlite,SQLite,3.31.1,CVE-2020-13434;CVE-2020-13630;CVE-2021-20227
ICS-0762_moxa_eds-managed-ethernet-switch-eds-4012_SBOM.json,ICS-0762,pkg:oss:dnsmasq,dnsmasq,2.86,CVE-2022-0934;CVE-2023-28450
ICS-0762_moxa_eds-managed-ethernet-switch-eds-4012_SBOM.json,ICS-0762,pkg:oss:openssl,OpenSSL,1.0.2k,CVE-2017-3731;CVE-2017-3732;CVE-2016-7055
ICS-0763_siemens_scalance-x-industrial-switch-xc216-4c_SBOM.json,ICS-0763,pkg:oss:zlib,zlib,1.2.8,CVE-2016-9840;CVE-2016-9841;CVE-2018-25032
ICS-0763_siemens_scalance-x-industrial-switch-xc216-4c_SBOM.json,ICS-0763,pkg:oss:lighttpd,lighttpd,1.4.64,CVE-2023-44487
ICS-0763_siemens_scalance-x-industrial-switch-xc216-4c_SBOM.json,ICS-0763,pkg:oss:open62541,open62541 OPC UA Stack,1.2.2,CVE-2021-40206;CVE-2022-25761
ICS-0763_siemens_scalance-x-industrial-switch-xc216-4c_SBOM.json,ICS-0763,pkg:oss:mosquitto,Eclipse Mosquitto,2.0.11,CVE-2021-34431;CVE-2021-41039;CVE-2023-0809
ICS-0763_siemens_scalance-x-industrial-switch-xc216-4c_SBOM.json,ICS-0763,pkg:oss:net-snmp,Net-SNMP,5.9.1,CVE-2022-24805;CVE-2022-24809
ICS-0764_siemens_ruggedcom-rx1500-router-rx1500_SBOM.json,ICS-0764,pkg:oss:glibc,GNU C Library,2.17,CVE-2015-7547;CVE-2018-11236;CVE-2021-3999
ICS-0764_siemens_ruggedcom-rx1500-router-rx1500_SBOM.json,ICS-0764,pkg:oss:libpcap,libpcap,1.8.1,CVE-2018-16301;CVE-2019-15165
ICS-0764_siemens_ruggedcom-rx1500-router-rx1500_SBOM.json,ICS-0764,pkg:oss:sqlite,SQLite,3.31.1,CVE-2020-13434;CVE-2020-13630;CVE-2021-20227
ICS-0765_abb_acs880-industrial-drive-acs880-01_SBOM.json,ICS-0765,pkg:oss:libmodbus,libmodbus,3.1.4,CVE-2019-14462;CVE-2019-14463
ICS-0765_abb_acs880-industrial-drive-acs880-01_SBOM.json,ICS-0765,pkg:oss:mbedtls,Mbed TLS,3.4.0,CVE-2023-43615
ICS-0765_abb_acs880-industrial-drive-acs880-01_SBOM.json,ICS-0765,pkg:oss:zlib,zlib,1.2.11,CVE-2018-25032;CVE-2022-37434
ICS-0765_abb_acs880-industrial-drive-acs880-01_SBOM.json,ICS-0765,pkg:oss:expat,Expat,2.4.1,CVE-2022-25236;CVE-2022-25315
ICS-0765_abb_acs880-industrial-drive-acs880-01_SBOM.json,ICS-0765,pkg:oss:ntp,NTP Daemon,4.2.8p15,CVE-2023-26551
ICS-0765_abb_acs880-industrial-drive-acs880-01_SBOM.json,ICS-0765,pkg:oss:lwip,lwIP,2.1.3,CVE-2023-5188
ICS-0766_siemens_sinamics-s120-drive-cu320-2-pn_SBOM.json,ICS-0766,pkg:oss:openssl,OpenSSL,1.1.1n,CVE-2022-1292;CVE-2022-2068;CVE-2022-4304
ICS-0766_siemens_sinamics-s120-drive-cu320-2-pn_SBOM.json,ICS-0766,pkg:oss:mbedtls,Mbed TLS,2.16.3,CVE-2020-10932;CVE-2020-16150;CVE-2021-24119
ICS-0766_siemens_sinamics-s120-drive-cu320-2-pn_SBOM.json,ICS-0766,pkg:oss:expat,Expat,2.2.0,CVE-2018-20843;CVE-2019-15903
ICS-0766_siemens_sinamics-s120-drive-cu320-2-pn_SBOM.json,ICS-0766,pkg:oss:zlib,zlib,1.2.11,CVE-2018-25032;CVE-2022-37434
ICS-0767_danfoss_vlt-automationdrive-fc-302_SBOM.json,ICS-0767,pkg:oss:wolfssl,wolfSSL,4.5.0,CVE-2021-3336;CVE-2021-24116
ICS-0767_danfoss_vlt-automationdrive-fc-302_SBOM.json,ICS-0767,pkg:oss:lwip,lwIP,2.1.2,CVE-2020-22283;CVE-2020-22285;CVE-2020-22286
ICS-0767_danfoss_vlt-automationdrive-fc-302_SBOM.json,ICS-0767,pkg:oss:openssl,OpenSSL,1.1.1g,CVE-2020-1971;CVE-2021-3450;CVE-2021-3711
ICS-0767_danfoss_vlt-automationdrive-fc-302_SBOM.json,ICS-0767,pkg:oss:treck-tcpip,Treck TCP/IP Stack,6.0.1.66,CVE-2020-11896;CVE-2020-11897;CVE-2020-11901
ICS-0768_rockwell_powerflex-755-drive-755_SBOM.json,ICS-0768,pkg:oss:wolfssl,wolfSSL,4.5.0,CVE-2021-3336;CVE-2021-24116
ICS-0768_rockwell_powerflex-755-drive-755_SBOM.json,ICS-0768,pkg:oss:treck-tcpip,Treck TCP/IP Stack,6.0.1.67,CVE-2020-11898;CVE-2020-11900
ICS-0768_rockwell_powerflex-755-drive-755_SBOM.json,ICS-0768,pkg:oss:expat,Expat,2.4.1,CVE-2022-25236;CVE-2022-25315
ICS-0768_rockwell_powerflex-755-drive-755_SBOM.json,ICS-0768,pkg:oss:lwip,lwIP,2.0.3,CVE-2020-22283;CVE-2020-22284;CVE-2020-22288
ICS-0768_rockwell_powerflex-755-drive-755_SBOM.json,ICS-0768,pkg:oss:openssl,OpenSSL,1.1.1k,CVE-2021-3711;CVE-2021-3712;CVE-2022-0778
ICS-0769_bosch-rexroth_indradrive-controller-hcs01_SBOM.json,ICS-0769,pkg:oss:mbedtls,Mbed TLS,3.4.0,CVE-2023-43615
ICS-0769_bosch-rexroth_indradrive-controller-hcs01_SBOM.json,ICS-0769,pkg:oss:ntp,NTP Daemon,4.2.8p13,CVE-2019-8936;CVE-2020-11868
ICS-0769_bosch-rexroth_indradrive-controller-hcs01_SBOM.json,ICS-0769,pkg:oss:expat,Expat,2.4.1,CVE-2022-25236;CVE-2022-25315
ICS-0769_bosch-rexroth_indradrive-controller-hcs01_SBOM.json,ICS-0769,pkg:oss:openssl,OpenSSL,1.1.1k,CVE-2021-3711;CVE-2021-3712;CVE-2022-0778
ICS-0769_bosch-rexroth_indradrive-controller-hcs01_SBOM.json,ICS-0769,pkg:oss:lwip,lwIP,2.1.2,CVE-2020-22283;CVE-2020-22285;CVE-2020-22286
ICS-0769_bosch-rexroth_indradrive-controller-hcs01_SBOM.json,ICS-0769,pkg:oss:treck-tcpip,Treck TCP/IP Stack,6.0.1.67,CVE-2020-11898;CVE-2020-11900
ICS-0769_bosch-rexroth_indradrive-controller-hcs01_SBOM.json,ICS-0769,pkg:oss:codesys-rt,CODESYS Control Runtime System,3.5.17.0,CVE-2022-22515;CVE-2022-22517;CVE-2022-31802
ICS-0770_bosch-rexroth_indramotion-mlc-xm22_SBOM.json,ICS-0770,pkg:oss:libmodbus,libmodbus,3.1.4,CVE-2019-14462;CVE-2019-14463
ICS-0770_bosch-rexroth_indramotion-mlc-xm22_SBOM.json,ICS-0770,pkg:oss:dropbear,Dropbear SSH,2019.78,CVE-2018-15599;CVE-2020-36254
ICS-0770_bosch-rexroth_indramotion-mlc-xm22_SBOM.json,ICS-0770,pkg:oss:expat,Expat,2.5.0,CVE-2023-52425
ICS-0770_bosch-rexroth_indramotion-mlc-xm22_SBOM.json,ICS-0770,pkg:oss:openssh,OpenSSH,8.2p1,CVE-2020-15778;CVE-2021-41617;CVE-2023-48795
ICS-0770_bosch-rexroth_indramotion-mlc-xm22_SBOM.json,ICS-0770,pkg:oss:net-snmp,Net-SNMP,5.9.1,CVE-2022-24805;CVE-2022-24809
ICS-0770_bosch-rexroth_indramotion-mlc-xm22_SBOM.json,ICS-0770,pkg:oss:busybox,BusyBox,1.20.2,CVE-2017-16544;CVE-2016-2147;CVE-2018-1000500
ICS-0770_bosch-rexroth_indramotion-mlc-xm22_SBOM.json,ICS-0770,pkg:oss:codesys-rt,CODESYS Control Runtime System,3.5.18.20,CVE-2023-37559;CVE-2023-37560
ICS-0771_fuji_frenic-ace-inverter-frn0006e2s_SBOM.json,ICS-0771,pkg:oss:lwip,lwIP,1.4.1,CVE-2014-1912;CVE-2020-22283;CVE-2020-22284
ICS-0771_fuji_frenic-ace-inverter-frn0006e2s_SBOM.json,ICS-0771,pkg:oss:ntp,NTP Daemon,4.2.8p15,CVE-2023-26551
ICS-0771_fuji_frenic-ace-inverter-frn0006e2s_SBOM.json,ICS-0771,pkg:oss:libmodbus,libmodbus,3.0.6,CVE-2019-14462;CVE-2019-14463
ICS-0772_mitsubishi_melfa-robot-controller-cr800-d_SBOM.json,ICS-0772,pkg:oss:ntp,NTP Daemon,4.2.8p13,CVE-2019-8936;CVE-2020-11868
ICS-0772_mitsubishi_melfa-robot-controller-cr800-d_SBOM.json,ICS-0772,pkg:oss:libmodbus,libmodbus,3.0.6,CVE-2019-14462;CVE-2019-14463
ICS-0772_mitsubishi_melfa-robot-controller-cr800-d_SBOM.json,ICS-0772,pkg:oss:lwip,lwIP,2.1.2,CVE-2020-22283;CVE-2020-22285;CVE-2020-22286
ICS-0772_mitsubishi_melfa-robot-controller-cr800-d_SBOM.json,ICS-0772,pkg:oss:mbedtls,Mbed TLS,2.28.0,CVE-2022-35409;CVE-2023-43615
ICS-0772_mitsubishi_melfa-robot-controller-cr800-d_SBOM.json,ICS-0772,pkg:oss:treck-tcpip,Treck TCP/IP Stack,6.0.1.67,CVE-2020-11898;CVE-2020-11900
ICS-0773_abb_irc5-robot-controller-irc5-compact_SBOM.json,ICS-0773,pkg:oss:libxml2,libxml2,2.9.10,CVE-2021-3517;CVE-2021-3518;CVE-2022-29824
ICS-0773_abb_irc5-robot-controller-irc5-compact_SBOM.json,ICS-0773,pkg:oss:open62541,open62541 OPC UA Stack,1.2.2,CVE-2021-40206;CVE-2022-25761
ICS-0773_abb_irc5-robot-controller-irc5-compact_SBOM.json,ICS-0773,pkg:oss:ntp,NTP Daemon,4.2.8p15,CVE-2023-26551
ICS-0773_abb_irc5-robot-controller-irc5-compact_SBOM.json,ICS-0773,pkg:oss:openssl,OpenSSL,1.0.2u,CVE-2021-23840;CVE-2021-3712
ICS-0773_abb_irc5-robot-controller-irc5-compact_SBOM.json,ICS-0773,pkg:oss:net-snmp,Net-SNMP,5.8,CVE-2020-15861;CVE-2020-15862;CVE-2022-24805
ICS-0773_abb_irc5-robot-controller-irc5-compact_SBOM.json,ICS-0773,pkg:oss:sqlite,SQLite,3.22.0,CVE-2018-8740;CVE-2019-8457;CVE-2020-11655
ICS-0774_keyence_cnc-motion-unit-mc-1_SBOM.json,ICS-0774,pkg:oss:ntp,NTP Daemon,4.2.8p13,CVE-2019-8936;CVE-2020-11868
ICS-0774_keyence_cnc-motion-unit-mc-1_SBOM.json,ICS-0774,pkg:oss:openssl,OpenSSL,1.0.2k,CVE-2017-3731;CVE-2017-3732;CVE-2016-7055
ICS-0774_keyence_cnc-motion-unit-mc-1_SBOM.json,ICS-0774,pkg:oss:expat,Expat,2.5.0,CVE-2023-52425
ICS-0774_keyence_cnc-motion-unit-mc-1_SBOM.json,ICS-0774,pkg:oss:wolfssl,wolfSSL,4.5.0,CVE-2021-3336;CVE-2021-24116
ICS-0774_keyence_cnc-motion-unit-mc-1_SBOM.json,ICS-0774,pkg:oss:treck-tcpip,Treck TCP/IP Stack,6.0.1.66,CVE-2020-11896;CVE-2020-11897;CVE-2020-11901
ICS-0775_mitsubishi_m800-cnc-controller-m830w_SBOM.json,ICS-0775,pkg:oss:mbedtls,Mbed TLS,3.4.0,CVE-2023-43615
ICS-0775_mitsubishi_m800-cnc-controller-m830w_SBOM.json,ICS-0775,pkg:oss:lwip,lwIP,2.1.2,CVE-2020-22283;CVE-2020-22285;CVE-2020-22286
ICS-0775_mitsubishi_m800-cnc-controller-m830w_SBOM.json,ICS-0775,pkg:oss:expat,Expat,2.2.0,CVE-2018-20843;CVE-2019-15903
ICS-0775_mitsubishi_m800-cnc-controller-m830w_SBOM.json,ICS-0775,pkg:oss:zlib,zlib,1.2.8,CVE-2016-9840;CVE-2016-9841;CVE-2018-25032
ICS-0775_mitsubishi_m800-cnc-controller-m830w_SBOM.json,ICS-0775,pkg:oss:ntp,NTP Daemon,4.2.8p15,CVE-2023-26551
ICS-0776_emerson_rosemount-3051s-transmitter-3051s_SBOM.json,ICS-0776,pkg:oss:wolfssl,wolfSSL,5.5.0,CVE-2022-42905;CVE-2023-3724
ICS-0776_emerson_rosemount-3051s-transmitter-3051s_SBOM.json,ICS-0776,pkg:oss:treck-tcpip,Treck TCP/IP Stack,6.0.1.67,CVE-2020-11898;CVE-2020-11900
ICS-0777_yokogawa_eja-e-series-transmitter-eja110e_SBOM.json,ICS-0777,pkg:oss:treck-tcpip,Treck TCP/IP Stack,6.0.1.66,CVE-2020-11896;CVE-2020-11897;CVE-2020-11901
ICS-0777_yokogawa_eja-e-series-transmitter-eja110e_SBOM.json,ICS-0777,pkg:oss:lwip,lwIP,1.4.1,CVE-2014-1912;CVE-2020-22283;CVE-2020-22284
ICS-0778_honeywell_smartline-st800-transmitter-st800_SBOM.json,ICS-0778,pkg:oss:lwip,lwIP,1.4.1,CVE-2014-1912;CVE-2020-22283;CVE-2020-22284
ICS-0778_honeywell_smartline-st800-transmitter-st800_SBOM.json,ICS-0778,pkg:oss:mbedtls,Mbed TLS,2.16.3,CVE-2020-10932;CVE-2020-16150;CVE-2021-24119
ICS-0778_honeywell_smartline-st800-transmitter-st800_SBOM.json,ICS-0778,pkg:oss:wolfssl,wolfSSL,4.5.0,CVE-2021-3336;CVE-2021-24116
ICS-0779_abb_merging-unit-sam600-sam600-io_SBOM.json,ICS-0779,pkg:oss:zlib,zlib,1.2.12,CVE-2022-37434
ICS-0779_abb_merging-unit-sam600-sam600-io_SBOM.json,ICS-0779,pkg:oss:expat,Expat,2.2.0,CVE-2018-20843;CVE-2019-15903
ICS-0780_schneider_powerlogic-ion9000-meter-ion9000_SBOM.json,ICS-0780,pkg:oss:dnsmasq,dnsmasq,2.82,CVE-2020-25681;CVE-2020-25684;CVE-2021-3448
ICS-0780_schneider_powerlogic-ion9000-meter-ion9000_SBOM.json,ICS-0780,pkg:oss:wpa-supplicant,wpa_supplicant,2.10,CVE-2023-52160
ICS-0780_schneider_powerlogic-ion9000-meter-ion9000_SBOM.json,ICS-0780,pkg:oss:lighttpd,lighttpd,1.4.55,CVE-2022-22707;CVE-2023-44487
ICS-0780_schneider_powerlogic-ion9000-meter-ion9000_SBOM.json,ICS-0780,pkg:oss:libcurl,libcurl,8.4.0,CVE-2023-46218;CVE-2024-2379
ICS-0780_schneider_powerlogic-ion9000-meter-ion9000_SBOM.json,ICS-0780,pkg:oss:dropbear,Dropbear SSH,2022.83,CVE-2023-48795
ICS-0780_schneider_powerlogic-ion9000-meter-ion9000_SBOM.json,ICS-0780,pkg:oss:nginx,nginx,1.14.2,CVE-2019-9511;CVE-2019-9513;CVE-2019-20372
ICS-0780_schneider_powerlogic-ion9000-meter-ion9000_SBOM.json,ICS-0780,pkg:oss:openssl,OpenSSL,1.1.1g,CVE-2020-1971;CVE-2021-3450;CVE-2021-3711
ICS-0780_schneider_powerlogic-ion9000-meter-ion9000_SBOM.json,ICS-0780,pkg:oss:linux-kernel,Linux Kernel,4.19.325,CVE-2022-0847;CVE-2023-32233
ICS-0780_schneider_powerlogic-ion9000-meter-ion9000_SBOM.json,ICS-0780,pkg:oss:musl,musl libc,1.2.2,CVE-2020-28928
ICS-0781_ge_epm-9900-power-meter-epm9900_SBOM.json,ICS-0781,pkg:oss:wolfssl,wolfSSL,4.5.0,CVE-2021-3336;CVE-2021-24116
ICS-0781_ge_epm-9900-power-meter-epm9900_SBOM.json,ICS-0781,pkg:oss:treck-tcpip,Treck TCP/IP Stack,6.0.1.66,CVE-2020-11896;CVE-2020-11897;CVE-2020-11901
ICS-0781_ge_epm-9900-power-meter-epm9900_SBOM.json,ICS-0781,pkg:oss:libmodbus,libmodbus,3.0.6,CVE-2019-14462;CVE-2019-14463
ICS-0781_ge_epm-9900-power-meter-epm9900_SBOM.json,ICS-0781,pkg:oss:mbedtls,Mbed TLS,2.28.0,CVE-2022-35409;CVE-2023-43615
ICS-0781_ge_epm-9900-power-meter-epm9900_SBOM.json,ICS-0781,pkg:oss:ntp,NTP Daemon,4.2.8p10,CVE-2018-7182;CVE-2018-7183;CVE-2018-7184
ICS-0781_ge_epm-9900-power-meter-epm9900_SBOM.json,ICS-0781,pkg:oss:expat,Expat,2.2.10,CVE-2022-22822;CVE-2022-23852;CVE-2022-25235
ICS-0782_ptc_kepserverex-connectivity-platform-6-11_SBOM.json,ICS-0782,pkg:oss:expat,Expat,2.4.1,CVE-2022-25236;CVE-2022-25315
ICS-0782_ptc_kepserverex-connectivity-platform-6-11_SBOM.json,ICS-0782,pkg:oss:libcurl,libcurl,7.79.1,CVE-2022-22576;CVE-2022-27774;CVE-2022-32221
ICS-0782_ptc_kepserverex-connectivity-platform-6-11_SBOM.json,ICS-0782,pkg:oss:sqlite,SQLite,3.39.4,CVE-2022-46908;CVE-2023-7104
ICS-0783_softing_datafeed-opc-suite-v5-20_SBOM.json,ICS-0783,pkg:oss:sqlserver-express,Microsoft SQL Server Express,2019 CU22,CVE-2023-21528
ICS-0783_softing_datafeed-opc-suite-v5-20_SBOM.json,ICS-0783,pkg:oss:sqlite,SQLite,3.22.0,CVE-2018-8740;CVE-2019-8457;CVE-2020-11655
ICS-0783_softing_datafeed-opc-suite-v5-20_SBOM.json,ICS-0783,pkg:oss:openssl,OpenSSL,1.0.2k,CVE-2017-3731;CVE-2017-3732;CVE-2016-7055
ICS-0783_softing_datafeed-opc-suite-v5-20_SBOM.json,ICS-0783,pkg:oss:zlib,zlib,1.2.11,CVE-2018-25032;CVE-2022-37434
ICS-0783_softing_datafeed-opc-suite-v5-20_SBOM.json,ICS-0783,pkg:oss:expat,Expat,2.2.10,CVE-2022-22822;CVE-2022-23852;CVE-2022-25235
ICS-0783_softing_datafeed-opc-suite-v5-20_SBOM.json,ICS-0783,pkg:oss:libcurl,libcurl,8.0.1,CVE-2023-27533;CVE-2023-27536;CVE-2023-38545
ICS-0784_aveva_aveva-opc-ua-server-2020_SBOM.json,ICS-0784,pkg:oss:sqlite,SQLite,3.31.1,CVE-2020-13434;CVE-2020-13630;CVE-2021-20227
ICS-0784_aveva_aveva-opc-ua-server-2020_SBOM.json,ICS-0784,pkg:oss:sqlserver-express,Microsoft SQL Server Express,2017 CU31,CVE-2022-29143;CVE-2023-21528
ICS-0784_aveva_aveva-opc-ua-server-2020_SBOM.json,ICS-0784,pkg:oss:expat,Expat,2.2.10,CVE-2022-22822;CVE-2022-23852;CVE-2022-25235
ICS-0784_aveva_aveva-opc-ua-server-2020_SBOM.json,ICS-0784,pkg:oss:libxml2,libxml2,2.10.4,CVE-2023-45322
ICS-0784_aveva_aveva-opc-ua-server-2020_SBOM.json,ICS-0784,pkg:oss:dotnet,Microsoft .NET Framework,4.6.2,CVE-2018-8421;CVE-2019-0545;CVE-2020-1147
ICS-0785_honeywell_excel-web-ii-bacnet-controller-xl1000c50_SBOM.json,ICS-0785,pkg:oss:libxml2,libxml2,2.9.14,CVE-2022-40303;CVE-2022-40304;CVE-2023-28484
ICS-0785_honeywell_excel-web-ii-bacnet-controller-xl1000c50_SBOM.json,ICS-0785,pkg:oss:libmodbus,libmodbus,3.1.4,CVE-2019-14462;CVE-2019-14463
ICS-0785_honeywell_excel-web-ii-bacnet-controller-xl1000c50_SBOM.json,ICS-0785,pkg:oss:open62541,open62541 OPC UA Stack,1.2.2,CVE-2021-40206;CVE-2022-25761
ICS-0785_honeywell_excel-web-ii-bacnet-controller-xl1000c50_SBOM.json,ICS-0785,pkg:oss:linux-kernel,Linux Kernel,5.4.278,CVE-2023-32233;CVE-2024-1086
ICS-0785_honeywell_excel-web-ii-bacnet-controller-xl1000c50_SBOM.json,ICS-0785,pkg:oss:expat,Expat,2.2.0,CVE-2018-20843;CVE-2019-15903
ICS-0785_honeywell_excel-web-ii-bacnet-controller-xl1000c50_SBOM.json,ICS-0785,pkg:oss:lighttpd,lighttpd,1.4.55,CVE-2022-22707;CVE-2023-44487
ICS-0785_honeywell_excel-web-ii-bacnet-controller-xl1000c50_SBOM.json,ICS-0785,pkg:oss:libssh2,libssh2,1.8.0,CVE-2019-3855;CVE-2019-3856;CVE-2019-3858
ICS-0786_siemens_desigo-pxc-automation-station-pxc100-e-d_SBOM.json,ICS-0786,pkg:oss:expat,Expat,2.4.1,CVE-2022-25236;CVE-2022-25315
ICS-0786_siemens_desigo-pxc-automation-station-pxc100-e-d_SBOM.json,ICS-0786,pkg:oss:openssl,OpenSSL,1.1.1g,CVE-2020-1971;CVE-2021-3450;CVE-2021-3711
ICS-0786_siemens_desigo-pxc-automation-station-pxc100-e-d_SBOM.json,ICS-0786,pkg:oss:lwip,lwIP,1.4.1,CVE-2014-1912;CVE-2020-22283;CVE-2020-22284
ICS-0787_schneider_smartx-as-p-controller-as-p_SBOM.json,ICS-0787,pkg:oss:openssh,OpenSSH,8.2p1,CVE-2020-15778;CVE-2021-41617;CVE-2023-48795
ICS-0787_schneider_smartx-as-p-controller-as-p_SBOM.json,ICS-0787,pkg:oss:nginx,nginx,1.20.1,CVE-2022-41741;CVE-2022-41742
ICS-0787_schneider_smartx-as-p-controller-as-p_SBOM.json,ICS-0787,pkg:oss:ntp,NTP Daemon,4.2.8p15,CVE-2023-26551
ICS-0787_schneider_smartx-as-p-controller-as-p_SBOM.json,ICS-0787,pkg:oss:libmodbus,libmodbus,3.0.6,CVE-2019-14462;CVE-2019-14463
ICS-0787_schneider_smartx-as-p-controller-as-p_SBOM.json,ICS-0787,pkg:oss:open62541,open62541 OPC UA Stack,1.2.2,CVE-2021-40206;CVE-2022-25761
ICS-0787_schneider_smartx-as-p-controller-as-p_SBOM.json,ICS-0787,pkg:oss:dropbear,Dropbear SSH,2019.78,CVE-2018-15599;CVE-2020-36254
ICS-0787_schneider_smartx-as-p-controller-as-p_SBOM.json,ICS-0787,pkg:oss:busybox,BusyBox,1.35.0,CVE-2022-28391
ICS-0788_delta_ez-building-controller-ezns-1000_SBOM.json,ICS-0788,pkg:oss:goahead,GoAhead Embedded Web Server,3.6.5,CVE-2017-17562;CVE-2019-5096;CVE-2019-5097
ICS-0788_delta_ez-building-controller-ezns-1000_SBOM.json,ICS-0788,pkg:oss:dnsmasq,dnsmasq,2.86,CVE-2022-0934;CVE-2023-28450
ICS-0788_delta_ez-building-controller-ezns-1000_SBOM.json,ICS-0788,pkg:oss:glibc,GNU C Library,2.31,CVE-2021-35942;CVE-2023-4911
ICS-0788_delta_ez-building-controller-ezns-1000_SBOM.json,ICS-0788,pkg:oss:expat,Expat,2.5.0,CVE-2023-52425
ICS-0788_delta_ez-building-controller-ezns-1000_SBOM.json,ICS-0788,pkg:oss:open62541,open62541 OPC UA Stack,1.3.6,CVE-2023-31048
ICS-0788_delta_ez-building-controller-ezns-1000_SBOM.json,ICS-0788,pkg:oss:lighttpd,lighttpd,1.4.45,CVE-2018-19052;CVE-2019-11072
ICS-0788_delta_ez-building-controller-ezns-1000_SBOM.json,ICS-0788,pkg:oss:libcurl,libcurl,7.79.1,CVE-2022-22576;CVE-2022-27774;CVE-2022-32221
ICS-0789_phoenix_radioline-wireless-gateway-rad-2400_SBOM.json,ICS-0789,pkg:oss:expat,Expat,2.5.0,CVE-2023-52425
ICS-0789_phoenix_radioline-wireless-gateway-rad-2400_SBOM.json,ICS-0789,pkg:oss:lwip,lwIP,2.0.3,CVE-2020-22283;CVE-2020-22284;CVE-2020-22288
ICS-0789_phoenix_radioline-wireless-gateway-rad-2400_SBOM.json,ICS-0789,pkg:oss:mbedtls,Mbed TLS,2.16.3,CVE-2020-10932;CVE-2020-16150;CVE-2021-24119
ICS-0789_phoenix_radioline-wireless-gateway-rad-2400_SBOM.json,ICS-0789,pkg:oss:wolfssl,wolfSSL,5.5.0,CVE-2022-42905;CVE-2023-3724
ICS-0790_moxa_awk-industrial-wireless-ap-awk-3131a_SBOM.json,ICS-0790,pkg:oss:u-boot,Das U-Boot,2021.10,CVE-2022-30767;CVE-2022-33967
ICS-0790_moxa_awk-industrial-wireless-ap-awk-3131a_SBOM.json,ICS-0790,pkg:oss:openssh,OpenSSH,9.6p1,CVE-2024-6387
ICS-0790_moxa_awk-industrial-wireless-ap-awk-3131a_SBOM.json,ICS-0790,pkg:oss:lighttpd,lighttpd,1.4.45,CVE-2018-19052;CVE-2019-11072
ICS-0790_moxa_awk-industrial-wireless-ap-awk-3131a_SBOM.json,ICS-0790,pkg:oss:open62541,open62541 OPC UA Stack,1.2.2,CVE-2021-40206;CVE-2022-25761
ICS-0790_moxa_awk-industrial-wireless-ap-awk-3131a_SBOM.json,ICS-0790,pkg:oss:dropbear,Dropbear SSH,2019.78,CVE-2018-15599;CVE-2020-36254
ICS-0790_moxa_awk-industrial-wireless-ap-awk-3131a_SBOM.json,ICS-0790,pkg:oss:nginx,nginx,1.24.0,CVE-2023-44487
ICS-0790_moxa_awk-industrial-wireless-ap-awk-3131a_SBOM.json,ICS-0790,pkg:oss:mosquitto,Eclipse Mosquitto,2.0.11,CVE-2021-34431;CVE-2021-41039;CVE-2023-0809
ICS-0790_moxa_awk-industrial-wireless-ap-awk-3131a_SBOM.json,ICS-0790,pkg:oss:ntp,NTP Daemon,4.2.8p10,CVE-2018-7182;CVE-2018-7183;CVE-2018-7184
ICS-0791_emerson_wireless-1420-gateway-1420_SBOM.json,ICS-0791,pkg:oss:libxml2,libxml2,2.10.4,CVE-2023-45322
ICS-0791_emerson_wireless-1420-gateway-1420_SBOM.json,ICS-0791,pkg:oss:libcurl,libcurl,8.4.0,CVE-2023-46218;CVE-2024-2379
ICS-0791_emerson_wireless-1420-gateway-1420_SBOM.json,ICS-0791,pkg:oss:libmodbus,libmodbus,3.0.6,CVE-2019-14462;CVE-2019-14463
ICS-0791_emerson_wireless-1420-gateway-1420_SBOM.json,ICS-0791,pkg:oss:sqlite,SQLite,3.22.0,CVE-2018-8740;CVE-2019-8457;CVE-2020-11655
ICS-0791_emerson_wireless-1420-gateway-1420_SBOM.json,ICS-0791,pkg:oss:open62541,open62541 OPC UA Stack,1.3.6,CVE-2023-31048
ICS-0791_emerson_wireless-1420-gateway-1420_SBOM.json,ICS-0791,pkg:oss:dropbear,Dropbear SSH,2020.81,CVE-2021-36369
ICS-0792_siemens_simatic-s7-1500-cpu-1518-4-pn-dp_SBOM.json,ICS-0792,pkg:oss:wolfssl,wolfSSL,4.5.0,CVE-2021-3336;CVE-2021-24116
ICS-0792_siemens_simatic-s7-1500-cpu-1518-4-pn-dp_SBOM.json,ICS-0792,pkg:oss:expat,Expat,2.2.0,CVE-2018-20843;CVE-2019-15903
ICS-0792_siemens_simatic-s7-1500-cpu-1518-4-pn-dp_SBOM.json,ICS-0792,pkg:oss:ntp,NTP Daemon,4.2.8p10,CVE-2018-7182;CVE-2018-7183;CVE-2018-7184
ICS-0792_siemens_simatic-s7-1500-cpu-1518-4-pn-dp_SBOM.json,ICS-0792,pkg:oss:treck-tcpip,Treck TCP/IP Stack,6.0.1.67,CVE-2020-11898;CVE-2020-11900
ICS-0792_siemens_simatic-s7-1500-cpu-1518-4-pn-dp_SBOM.json,ICS-0792,pkg:oss:mbedtls,Mbed TLS,2.28.0,CVE-2022-35409;CVE-2023-43615
ICS-0793_siemens_simatic-s7-1200-cpu-1217c_SBOM.json,ICS-0793,pkg:oss:expat,Expat,2.2.10,CVE-2022-22822;CVE-2022-23852;CVE-2022-25235
ICS-0793_siemens_simatic-s7-1200-cpu-1217c_SBOM.json,ICS-0793,pkg:oss:treck-tcpip,Treck TCP/IP Stack,6.0.1.66,CVE-2020-11896;CVE-2020-11897;CVE-2020-11901
ICS-0793_siemens_simatic-s7-1200-cpu-1217c_SBOM.json,ICS-0793,pkg:oss:openssl,OpenSSL,1.0.2u,CVE-2021-23840;CVE-2021-3712
ICS-0793_siemens_simatic-s7-1200-cpu-1217c_SBOM.json,ICS-0793,pkg:oss:mbedtls,Mbed TLS,2.16.3,CVE-2020-10932;CVE-2020-16150;CVE-2021-24119
ICS-0794_siemens_simatic-s7-400-cpu-416-3_SBOM.json,ICS-0794,pkg:oss:lwip,lwIP,1.4.1,CVE-2014-1912;CVE-2020-22283;CVE-2020-22284
ICS-0794_siemens_simatic-s7-400-cpu-416-3_SBOM.json,ICS-0794,pkg:oss:openssl,OpenSSL,1.0.2u,CVE-2021-23840;CVE-2021-3712
ICS-0794_siemens_simatic-s7-400-cpu-416-3_SBOM.json,ICS-0794,pkg:oss:ntp,NTP Daemon,4.2.8p13,CVE-2019-8936;CVE-2020-11868
ICS-0795_rockwell_controllogix-controller-1756-l83e_SBOM.json,ICS-0795,pkg:oss:zlib,zlib,1.2.11,CVE-2018-25032;CVE-2022-37434
ICS-0795_rockwell_controllogix-controller-1756-l83e_SBOM.json,ICS-0795,pkg:oss:net-snmp,Net-SNMP,5.7.3,CVE-2018-18065;CVE-2019-20892;CVE-2020-15862
ICS-0795_rockwell_controllogix-controller-1756-l83e_SBOM.json,ICS-0795,pkg:oss:libxml2,libxml2,2.9.4,CVE-2016-9318;CVE-2017-5969;CVE-2018-14567
ICS-0795_rockwell_controllogix-controller-1756-l83e_SBOM.json,ICS-0795,pkg:oss:ipnet,Interpeak IPnet TCP/IP Stack,7.0,CVE-2019-12258;CVE-2019-12259;CVE-2019-12262
ICS-0795_rockwell_controllogix-controller-1756-l83e_SBOM.json,ICS-0795,pkg:oss:ntp,NTP Daemon,4.2.8p15,CVE-2023-26551
ICS-0796_rockwell_compactlogix-controller-5069-l320er_SBOM.json,ICS-0796,pkg:oss:expat,Expat,2.5.0,CVE-2023-52425
ICS-0796_rockwell_compactlogix-controller-5069-l320er_SBOM.json,ICS-0796,pkg:oss:open62541,open62541 OPC UA Stack,1.3.6,CVE-2023-31048
ICS-0796_rockwell_compactlogix-controller-5069-l320er_SBOM.json,ICS-0796,pkg:oss:zlib,zlib,1.2.12,CVE-2022-37434
ICS-0796_rockwell_compactlogix-controller-5069-l320er_SBOM.json,ICS-0796,pkg:oss:openssl,OpenSSL,1.1.1g,CVE-2020-1971;CVE-2021-3450;CVE-2021-3711
ICS-0796_rockwell_compactlogix-controller-5069-l320er_SBOM.json,ICS-0796,pkg:oss:libcurl,libcurl,7.79.1,CVE-2022-22576;CVE-2022-27774;CVE-2022-32221
ICS-0797_rockwell_micrologix-controller-1100-c_SBOM.json,ICS-0797,pkg:oss:lwip,lwIP,2.1.3,CVE-2023-5188
ICS-0797_rockwell_micrologix-controller-1100-c_SBOM.json,ICS-0797,pkg:oss:libmodbus,libmodbus,3.0.6,CVE-2019-14462;CVE-2019-14463
ICS-0797_rockwell_micrologix-controller-1100-c_SBOM.json,ICS-0797,pkg:oss:wolfssl,wolfSSL,4.5.0,CVE-2021-3336;CVE-2021-24116
ICS-0797_rockwell_micrologix-controller-1100-c_SBOM.json,ICS-0797,pkg:oss:ntp,NTP Daemon,4.2.8p13,CVE-2019-8936;CVE-2020-11868
ICS-0797_rockwell_micrologix-controller-1100-c_SBOM.json,ICS-0797,pkg:oss:expat,Expat,2.5.0,CVE-2023-52425
ICS-0797_rockwell_micrologix-controller-1100-c_SBOM.json,ICS-0797,pkg:oss:mbedtls,Mbed TLS,2.16.3,CVE-2020-10932;CVE-2020-16150;CVE-2021-24119
ICS-0798_schneider_modicon-m340-controller-bmxp341000_SBOM.json,ICS-0798,pkg:oss:sqlite,SQLite,3.31.1,CVE-2020-13434;CVE-2020-13630;CVE-2021-20227
ICS-0798_schneider_modicon-m340-controller-bmxp341000_SBOM.json,ICS-0798,pkg:oss:zlib,zlib,1.2.11,CVE-2018-25032;CVE-2022-37434
ICS-0798_schneider_modicon-m340-controller-bmxp341000_SBOM.json,ICS-0798,pkg:oss:libcurl,libcurl,7.64.0,CVE-2019-5481;CVE-2019-5482;CVE-2020-8177
ICS-0798_schneider_modicon-m340-controller-bmxp341000_SBOM.json,ICS-0798,pkg:oss:net-snmp,Net-SNMP,5.9.1,CVE-2022-24805;CVE-2022-24809
ICS-0798_schneider_modicon-m340-controller-bmxp341000_SBOM.json,ICS-0798,pkg:oss:ipnet,Interpeak IPnet TCP/IP Stack,7.0,CVE-2019-12258;CVE-2019-12259;CVE-2019-12262
ICS-0798_schneider_modicon-m340-controller-bmxp341000_SBOM.json,ICS-0798,pkg:oss:ntp,NTP Daemon,4.2.8p15,CVE-2023-26551
ICS-0798_schneider_modicon-m340-controller-bmxp341000_SBOM.json,ICS-0798,pkg:oss:expat,Expat,2.5.0,CVE-2023-52425
ICS-0798_schneider_modicon-m340-controller-bmxp341000_SBOM.json,ICS-0798,pkg:oss:codesys-rt,CODESYS Control Runtime System,3.5.18.20,CVE-2023-37559;CVE-2023-37560
ICS-0799_schneider_modicon-m580-epac-bmep584040_SBOM.json,ICS-0799,pkg:oss:ntp,NTP Daemon,4.2.8p13,CVE-2019-8936;CVE-2020-11868
ICS-0799_schneider_modicon-m580-epac-bmep584040_SBOM.json,ICS-0799,pkg:oss:busybox,BusyBox,1.20.2,CVE-2017-16544;CVE-2016-2147;CVE-2018-1000500
ICS-0799_schneider_modicon-m580-epac-bmep584040_SBOM.json,ICS-0799,pkg:oss:net-snmp,Net-SNMP,5.9.1,CVE-2022-24805;CVE-2022-24809
ICS-0799_schneider_modicon-m580-epac-bmep584040_SBOM.json,ICS-0799,pkg:oss:lighttpd,lighttpd,1.4.55,CVE-2022-22707;CVE-2023-44487
ICS-0799_schneider_modicon-m580-epac-bmep584040_SBOM.json,ICS-0799,pkg:oss:linux-kernel,Linux Kernel,4.14.336,CVE-2021-33909;CVE-2022-0847
ICS-0799_schneider_modicon-m580-epac-bmep584040_SBOM.json,ICS-0799,pkg:oss:wpa-supplicant,wpa_supplicant,2.6,CVE-2017-13077;CVE-2017-13078;CVE-2018-14526
ICS-0799_schneider_modicon-m580-epac-bmep584040_SBOM.json,ICS-0799,pkg:oss:mosquitto,Eclipse Mosquitto,2.0.11,CVE-2021-34431;CVE-2021-41039;CVE-2023-0809
ICS-0800_mitsubishi_melsec-iq-r-cpu-r32cpu_SBOM.json,ICS-0800,pkg:oss:treck-tcpip,Treck TCP/IP Stack,6.0.1.67,CVE-2020-11898;CVE-2020-11900
ICS-0800_mitsubishi_melsec-iq-r-cpu-r32cpu_SBOM.json,ICS-0800,pkg:oss:expat,Expat,2.2.10,CVE-2022-22822;CVE-2022-23852;CVE-2022-25235
ICS-0800_mitsubishi_melsec-iq-r-cpu-r32cpu_SBOM.json,ICS-0800,pkg:oss:mbedtls,Mbed TLS,2.16.3,CVE-2020-10932;CVE-2020-16150;CVE-2021-24119
ICS-0800_mitsubishi_melsec-iq-r-cpu-r32cpu_SBOM.json,ICS-0800,pkg:oss:zlib,zlib,1.2.11,CVE-2018-25032;CVE-2022-37434
ICS-0800_mitsubishi_melsec-iq-r-cpu-r32cpu_SBOM.json,ICS-0800,pkg:oss:ntp,NTP Daemon,4.2.8p13,CVE-2019-8936;CVE-2020-11868
ICS-0801_mitsubishi_melsec-q-series-cpu-q06ude_SBOM.json,ICS-0801,pkg:oss:lwip,lwIP,2.1.3,CVE-2023-5188
ICS-0801_mitsubishi_melsec-q-series-cpu-q06ude_SBOM.json,ICS-0801,pkg:oss:zlib,zlib,1.2.11,CVE-2018-25032;CVE-2022-37434
ICS-0801_mitsubishi_melsec-q-series-cpu-q06ude_SBOM.json,ICS-0801,pkg:oss:mbedtls,Mbed TLS,2.28.0,CVE-2022-35409;CVE-2023-43615
ICS-0802_omron_sysmac-nj-machine-controller-nj301-1200_SBOM.json,ICS-0802,pkg:oss:lwip,lwIP,2.0.3,CVE-2020-22283;CVE-2020-22284;CVE-2020-22288
ICS-0802_omron_sysmac-nj-machine-controller-nj301-1200_SBOM.json,ICS-0802,pkg:oss:openssl,OpenSSL,1.1.1n,CVE-2022-1292;CVE-2022-2068;CVE-2022-4304
ICS-0802_omron_sysmac-nj-machine-controller-nj301-1200_SBOM.json,ICS-0802,pkg:oss:treck-tcpip,Treck TCP/IP Stack,6.0.1.67,CVE-2020-11898;CVE-2020-11900
ICS-0802_omron_sysmac-nj-machine-controller-nj301-1200_SBOM.json,ICS-0802,pkg:oss:mbedtls,Mbed TLS,3.4.0,CVE-2023-43615
ICS-0802_omron_sysmac-nj-machine-controller-nj301-1200_SBOM.json,ICS-0802,pkg:oss:expat,Expat,2.5.0,CVE-2023-52425
ICS-0802_omron_sysmac-nj-machine-controller-nj301-1200_SBOM.json,ICS-0802,pkg:oss:zlib,zlib,1.2.12,CVE-2022-37434
ICS-0803_omron_sysmac-cj2-plc-cj2h-cpu64_SBOM.json,ICS-0803,pkg:oss:libmodbus,libmodbus,3.0.6,CVE-2019-14462;CVE-2019-14463
ICS-0803_omron_sysmac-cj2-plc-cj2h-cpu64_SBOM.json,ICS-0803,pkg:oss:wolfssl,wolfSSL,4.5.0,CVE-2021-3336;CVE-2021-24116
ICS-0803_omron_sysmac-cj2-plc-cj2h-cpu64_SBOM.json,ICS-0803,pkg:oss:ntp,NTP Daemon,4.2.8p10,CVE-2018-7182;CVE-2018-7183;CVE-2018-7184
ICS-0803_omron_sysmac-cj2-plc-cj2h-cpu64_SBOM.json,ICS-0803,pkg:oss:mbedtls,Mbed TLS,3.4.0,CVE-2023-43615
ICS-0803_omron_sysmac-cj2-plc-cj2h-cpu64_SBOM.json,ICS-0803,pkg:oss:lwip,lwIP,2.1.3,CVE-2023-5188
ICS-0803_omron_sysmac-cj2-plc-cj2h-cpu64_SBOM.json,ICS-0803,pkg:oss:zlib,zlib,1.2.12,CVE-2022-37434
ICS-0804_beckhoff_twincat-runtime-controller-cx8190_SBOM.json,ICS-0804,pkg:oss:libxml2,libxml2,2.9.4,CVE-2016-9318;CVE-2017-5969;CVE-2018-14567
ICS-0804_beckhoff_twincat-runtime-controller-cx8190_SBOM.json,ICS-0804,pkg:oss:expat,Expat,2.4.1,CVE-2022-25236;CVE-2022-25315
ICS-0804_beckhoff_twincat-runtime-controller-cx8190_SBOM.json,ICS-0804,pkg:oss:sqlserver-express,Microsoft SQL Server Express,2017 CU31,CVE-2022-29143;CVE-2023-21528
ICS-0804_beckhoff_twincat-runtime-controller-cx8190_SBOM.json,ICS-0804,pkg:oss:libcurl,libcurl,7.29.0,CVE-2016-8615;CVE-2018-1000120;CVE-2019-5482
ICS-0804_beckhoff_twincat-runtime-controller-cx8190_SBOM.json,ICS-0804,pkg:oss:dotnet,Microsoft .NET Framework,4.8,CVE-2021-26701;CVE-2023-21808
ICS-0805_wago_pfc200-controller-750-8206_SBOM.json,ICS-0805,pkg:oss:u-boot,Das U-Boot,2018.03,CVE-2019-11059;CVE-2019-13103;CVE-2019-13106
ICS-0805_wago_pfc200-controller-750-8206_SBOM.json,ICS-0805,pkg:oss:zlib,zlib,1.2.12,CVE-2022-37434
ICS-0805_wago_pfc200-controller-750-8206_SBOM.json,ICS-0805,pkg:oss:expat,Expat,2.2.0,CVE-2018-20843;CVE-2019-15903
ICS-0805_wago_pfc200-controller-750-8206_SBOM.json,ICS-0805,pkg:oss:libpcap,libpcap,1.9.1,CVE-2019-15165;CVE-2023-7256
ICS-0805_wago_pfc200-controller-750-8206_SBOM.json,ICS-0805,pkg:oss:ntp,NTP Daemon,4.2.8p10,CVE-2018-7182;CVE-2018-7183;CVE-2018-7184
ICS-0805_wago_pfc200-controller-750-8206_SBOM.json,ICS-0805,pkg:oss:libxml2,libxml2,2.9.10,CVE-2021-3517;CVE-2021-3518;CVE-2022-29824
ICS-0805_wago_pfc200-controller-750-8206_SBOM.json,ICS-0805,pkg:oss:linux-kernel,Linux Kernel,3.10.108,CVE-2017-1000112;CVE-2018-5333;CVE-2019-11477
ICS-0805_wago_pfc200-controller-750-8206_SBOM.json,ICS-0805,pkg:oss:dnsmasq,dnsmasq,2.82,CVE-2020-25681;CVE-2020-25684;CVE-2021-3448
ICS-0805_wago_pfc200-controller-750-8206_SBOM.json,ICS-0805,pkg:oss:codesys-rt,CODESYS Control Runtime System,3.5.16.0,CVE-2021-30186;CVE-2021-30188;CVE-2021-30189
ICS-0806_phoenix_axc-f-2152-controller-axc-f-3152_SBOM.json,ICS-0806,pkg:oss:nginx,nginx,1.18.0,CVE-2021-23017;CVE-2022-41741;CVE-2022-41742
ICS-0806_phoenix_axc-f-2152-controller-axc-f-3152_SBOM.json,ICS-0806,pkg:oss:net-snmp,Net-SNMP,5.7.3,CVE-2018-18065;CVE-2019-20892;CVE-2020-15862
ICS-0806_phoenix_axc-f-2152-controller-axc-f-3152_SBOM.json,ICS-0806,pkg:oss:linux-kernel,Linux Kernel,5.10.220,CVE-2024-1086
ICS-0806_phoenix_axc-f-2152-controller-axc-f-3152_SBOM.json,ICS-0806,pkg:oss:expat,Expat,2.4.1,CVE-2022-25236;CVE-2022-25315
ICS-0806_phoenix_axc-f-2152-controller-axc-f-3152_SBOM.json,ICS-0806,pkg:oss:codesys-rt,CODESYS Control Runtime System,3.5.18.20,CVE-2023-37559;CVE-2023-37560
ICS-0807_br_x20-controller-x20cp3586_SBOM.json,ICS-0807,pkg:oss:expat,Expat,2.2.0,CVE-2018-20843;CVE-2019-15903
ICS-0807_br_x20-controller-x20cp3586_SBOM.json,ICS-0807,pkg:oss:mbedtls,Mbed TLS,2.16.3,CVE-2020-10932;CVE-2020-16150;CVE-2021-24119
ICS-0808_ls-electric_xgt-plc-cpu-xgi-cpuu_SBOM.json,ICS-0808,pkg:oss:ntp,NTP Daemon,4.2.8p10,CVE-2018-7182;CVE-2018-7183;CVE-2018-7184
ICS-0808_ls-electric_xgt-plc-cpu-xgi-cpuu_SBOM.json,ICS-0808,pkg:oss:openssl,OpenSSL,1.1.1k,CVE-2021-3711;CVE-2021-3712;CVE-2022-0778
ICS-0808_ls-electric_xgt-plc-cpu-xgi-cpuu_SBOM.json,ICS-0808,pkg:oss:lwip,lwIP,1.4.1,CVE-2014-1912;CVE-2020-22283;CVE-2020-22284
ICS-0808_ls-electric_xgt-plc-cpu-xgi-cpuu_SBOM.json,ICS-0808,pkg:oss:wolfssl,wolfSSL,4.5.0,CVE-2021-3336;CVE-2021-24116
ICS-0809_delta_as-series-plc-as332t-a_SBOM.json,ICS-0809,pkg:oss:libmodbus,libmodbus,3.0.6,CVE-2019-14462;CVE-2019-14463
ICS-0809_delta_as-series-plc-as332t-a_SBOM.json,ICS-0809,pkg:oss:lwip,lwIP,2.1.3,CVE-2023-5188
ICS-0809_delta_as-series-plc-as332t-a_SBOM.json,ICS-0809,pkg:oss:expat,Expat,2.2.10,CVE-2022-22822;CVE-2022-23852;CVE-2022-25235
ICS-0809_delta_as-series-plc-as332t-a_SBOM.json,ICS-0809,pkg:oss:mbedtls,Mbed TLS,2.16.3,CVE-2020-10932;CVE-2020-16150;CVE-2021-24119
ICS-0809_delta_as-series-plc-as332t-a_SBOM.json,ICS-0809,pkg:oss:ntp,NTP Daemon,4.2.8p13,CVE-2019-8936;CVE-2020-11868
ICS-0809_delta_as-series-plc-as332t-a_SBOM.json,ICS-0809,pkg:oss:wolfssl,wolfSSL,5.5.0,CVE-2022-42905;CVE-2023-3724
ICS-0809_delta_as-series-plc-as332t-a_SBOM.json,ICS-0809,pkg:oss:openssl,OpenSSL,1.1.1g,CVE-2020-1971;CVE-2021-3450;CVE-2021-3711
ICS-0810_unitronics_unistream-plc-usp-104-b10_SBOM.json,ICS-0810,pkg:oss:libcurl,libcurl,8.0.1,CVE-2023-27533;CVE-2023-27536;CVE-2023-38545
ICS-0810_unitronics_unistream-plc-usp-104-b10_SBOM.json,ICS-0810,pkg:oss:dnsmasq,dnsmasq,2.78,CVE-2017-14491;CVE-2017-14492;CVE-2020-25681
ICS-0810_unitronics_unistream-plc-usp-104-b10_SBOM.json,ICS-0810,pkg:oss:lighttpd,lighttpd,1.4.64,CVE-2023-44487
ICS-0811_idec_microsmart-fc6a-plc-fc6a-d32k3_SBOM.json,ICS-0811,pkg:oss:treck-tcpip,Treck TCP/IP Stack,6.0.1.66,CVE-2020-11896;CVE-2020-11897;CVE-2020-11901
ICS-0811_idec_microsmart-fc6a-plc-fc6a-d32k3_SBOM.json,ICS-0811,pkg:oss:lwip,lwIP,2.1.2,CVE-2020-22283;CVE-2020-22285;CVE-2020-22286
ICS-0811_idec_microsmart-fc6a-plc-fc6a-d32k3_SBOM.json,ICS-0811,pkg:oss:zlib,zlib,1.2.11,CVE-2018-25032;CVE-2022-37434
ICS-0811_idec_microsmart-fc6a-plc-fc6a-d32k3_SBOM.json,ICS-0811,pkg:oss:ntp,NTP Daemon,4.2.8p10,CVE-2018-7182;CVE-2018-7183;CVE-2018-7184
ICS-0812_panasonic_fp7-series-plc-afp7cps31_SBOM.json,ICS-0812,pkg:oss:ntp,NTP Daemon,4.2.8p13,CVE-2019-8936;CVE-2020-11868
ICS-0812_panasonic_fp7-series-plc-afp7cps31_SBOM.json,ICS-0812,pkg:oss:mbedtls,Mbed TLS,2.28.0,CVE-2022-35409;CVE-2023-43615
ICS-0812_panasonic_fp7-series-plc-afp7cps31_SBOM.json,ICS-0812,pkg:oss:wolfssl,wolfSSL,5.5.0,CVE-2022-42905;CVE-2023-3724
ICS-0812_panasonic_fp7-series-plc-afp7cps31_SBOM.json,ICS-0812,pkg:oss:libmodbus,libmodbus,3.0.6,CVE-2019-14462;CVE-2019-14463
ICS-0812_panasonic_fp7-series-plc-afp7cps31_SBOM.json,ICS-0812,pkg:oss:lwip,lwIP,2.1.3,CVE-2023-5188
ICS-0813_keyence_kv-8000-plc-kv-7500_SBOM.json,ICS-0813,pkg:oss:treck-tcpip,Treck TCP/IP Stack,6.0.1.67,CVE-2020-11898;CVE-2020-11900
ICS-0813_keyence_kv-8000-plc-kv-7500_SBOM.json,ICS-0813,pkg:oss:mbedtls,Mbed TLS,2.16.3,CVE-2020-10932;CVE-2020-16150;CVE-2021-24119
ICS-0814_fuji_micrex-sx-plc-np1pm-256e_SBOM.json,ICS-0814,pkg:oss:wolfssl,wolfSSL,5.5.0,CVE-2022-42905;CVE-2023-3724
ICS-0814_fuji_micrex-sx-plc-np1pm-256e_SBOM.json,ICS-0814,pkg:oss:openssl,OpenSSL,1.1.1n,CVE-2022-1292;CVE-2022-2068;CVE-2022-4304
ICS-0814_fuji_micrex-sx-plc-np1pm-256e_SBOM.json,ICS-0814,pkg:oss:ntp,NTP Daemon,4.2.8p10,CVE-2018-7182;CVE-2018-7183;CVE-2018-7184
ICS-0814_fuji_micrex-sx-plc-np1pm-256e_SBOM.json,ICS-0814,pkg:oss:mbedtls,Mbed TLS,3.4.0,CVE-2023-43615
ICS-0814_fuji_micrex-sx-plc-np1pm-256e_SBOM.json,ICS-0814,pkg:oss:lwip,lwIP,2.1.3,CVE-2023-5188
ICS-0815_codesys_codesys-control-runtime-for-beaglebone-sl_SBOM.json,ICS-0815,pkg:oss:ntp,NTP Daemon,4.2.8p10,CVE-2018-7182;CVE-2018-7183;CVE-2018-7184
ICS-0815_codesys_codesys-control-runtime-for-beaglebone-sl_SBOM.json,ICS-0815,pkg:oss:libssh2,libssh2,1.9.0,CVE-2019-17498;CVE-2020-22218
ICS-0815_codesys_codesys-control-runtime-for-beaglebone-sl_SBOM.json,ICS-0815,pkg:oss:libcurl,libcurl,8.0.1,CVE-2023-27533;CVE-2023-27536;CVE-2023-38545
ICS-0815_codesys_codesys-control-runtime-for-beaglebone-sl_SBOM.json,ICS-0815,pkg:oss:glibc,GNU C Library,2.17,CVE-2015-7547;CVE-2018-11236;CVE-2021-3999
ICS-0815_codesys_codesys-control-runtime-for-beaglebone-sl_SBOM.json,ICS-0815,pkg:oss:busybox,BusyBox,1.33.1,CVE-2021-42379;CVE-2021-42380;CVE-2022-28391
ICS-0815_codesys_codesys-control-runtime-for-beaglebone-sl_SBOM.json,ICS-0815,pkg:oss:mosquitto,Eclipse Mosquitto,1.5.8,CVE-2019-11779;CVE-2021-28166
ICS-0815_codesys_codesys-control-runtime-for-beaglebone-sl_SBOM.json,ICS-0815,pkg:oss:expat,Expat,2.2.10,CVE-2022-22822;CVE-2022-23852;CVE-2022-25235
ICS-0815_codesys_codesys-control-runtime-for-beaglebone-sl_SBOM.json,ICS-0815,pkg:oss:codesys-rt,CODESYS Control Runtime System,3.5.17.0,CVE-2022-22515;CVE-2022-22517;CVE-2022-31802
ICS-0816_abb_rtu560-telecontrol-unit-560cmr01_SBOM.json,ICS-0816,pkg:oss:mosquitto,Eclipse Mosquitto,2.0.11,CVE-2021-34431;CVE-2021-41039;CVE-2023-0809
ICS-0816_abb_rtu560-telecontrol-unit-560cmr01_SBOM.json,ICS-0816,pkg:oss:goahead,GoAhead Embedded Web Server,4.1.0,CVE-2021-42342
ICS-0816_abb_rtu560-telecontrol-unit-560cmr01_SBOM.json,ICS-0816,pkg:oss:sqlite,SQLite,3.31.1,CVE-2020-13434;CVE-2020-13630;CVE-2021-20227
ICS-0816_abb_rtu560-telecontrol-unit-560cmr01_SBOM.json,ICS-0816,pkg:oss:libcurl,libcurl,7.29.0,CVE-2016-8615;CVE-2018-1000120;CVE-2019-5482
ICS-0816_abb_rtu560-telecontrol-unit-560cmr01_SBOM.json,ICS-0816,pkg:oss:libmodbus,libmodbus,3.1.4,CVE-2019-14462;CVE-2019-14463
ICS-0816_abb_rtu560-telecontrol-unit-560cmr01_SBOM.json,ICS-0816,pkg:oss:codesys-rt,CODESYS Control Runtime System,3.5.19.20,CVE-2023-3663;CVE-2023-3665
ICS-0817_schneider_scadapack-rtu-x70_SBOM.json,ICS-0817,pkg:oss:libcurl,libcurl,7.29.0,CVE-2016-8615;CVE-2018-1000120;CVE-2019-5482
ICS-0817_schneider_scadapack-rtu-x70_SBOM.json,ICS-0817,pkg:oss:libxml2,libxml2,2.9.14,CVE-2022-40303;CVE-2022-40304;CVE-2023-28484
ICS-0817_schneider_scadapack-rtu-x70_SBOM.json,ICS-0817,pkg:oss:ntp,NTP Daemon,4.2.8p13,CVE-2019-8936;CVE-2020-11868
ICS-0817_schneider_scadapack-rtu-x70_SBOM.json,ICS-0817,pkg:oss:openssl,OpenSSL,3.0.7,CVE-2023-0286;CVE-2023-0215;CVE-2022-4304
ICS-0817_schneider_scadapack-rtu-x70_SBOM.json,ICS-0817,pkg:oss:sqlite,SQLite,3.31.1,CVE-2020-13434;CVE-2020-13630;CVE-2021-20227
ICS-0817_schneider_scadapack-rtu-x70_SBOM.json,ICS-0817,pkg:oss:codesys-rt,CODESYS Control Runtime System,3.5.18.20,CVE-2023-37559;CVE-2023-37560
ICS-0818_ge_d20-mx-substation-controller-d20eme_SBOM.json,ICS-0818,pkg:oss:busybox,BusyBox,1.31.1,CVE-2021-42375;CVE-2021-42376;CVE-2022-28391
ICS-0818_ge_d20-mx-substation-controller-d20eme_SBOM.json,ICS-0818,pkg:oss:dropbear,Dropbear SSH,2016.74,CVE-2016-7406;CVE-2016-7407;CVE-2016-7408
ICS-0818_ge_d20-mx-substation-controller-d20eme_SBOM.json,ICS-0818,pkg:oss:wpa-supplicant,wpa_supplicant,2.9,CVE-2021-27803;CVE-2021-30004;CVE-2022-23303
ICS-0818_ge_d20-mx-substation-controller-d20eme_SBOM.json,ICS-0818,pkg:oss:expat,Expat,2.4.1,CVE-2022-25236;CVE-2022-25315
ICS-0818_ge_d20-mx-substation-controller-d20eme_SBOM.json,ICS-0818,pkg:oss:u-boot,Das U-Boot,2018.03,CVE-2019-11059;CVE-2019-13103;CVE-2019-13106
ICS-0818_ge_d20-mx-substation-controller-d20eme_SBOM.json,ICS-0818,pkg:oss:zlib,zlib,1.2.8,CVE-2016-9840;CVE-2016-9841;CVE-2018-25032
ICS-0818_ge_d20-mx-substation-controller-d20eme_SBOM.json,ICS-0818,pkg:oss:lighttpd,lighttpd,1.4.64,CVE-2023-44487
ICS-0819_siemens_sicam-a8000-rtu-cp-8031_SBOM.json,ICS-0819,pkg:oss:linux-kernel,Linux Kernel,4.19.325,CVE-2022-0847;CVE-2023-32233
ICS-0819_siemens_sicam-a8000-rtu-cp-8031_SBOM.json,ICS-0819,pkg:oss:libcurl,libcurl,8.0.1,CVE-2023-27533;CVE-2023-27536;CVE-2023-38545
ICS-0819_siemens_sicam-a8000-rtu-cp-8031_SBOM.json,ICS-0819,pkg:oss:dropbear,Dropbear SSH,2020.81,CVE-2021-36369
ICS-0819_siemens_sicam-a8000-rtu-cp-8031_SBOM.json,ICS-0819,pkg:oss:ntp,NTP Daemon,4.2.8p15,CVE-2023-26551
ICS-0819_siemens_sicam-a8000-rtu-cp-8031_SBOM.json,ICS-0819,pkg:oss:u-boot,Das U-Boot,2018.03,CVE-2019-11059;CVE-2019-13103;CVE-2019-13106
ICS-0820_hitachi-energy_rtu500-series-rtu520_SBOM.json,ICS-0820,pkg:oss:treck-tcpip,Treck TCP/IP Stack,6.0.1.67,CVE-2020-11898;CVE-2020-11900
ICS-0820_hitachi-energy_rtu500-series-rtu520_SBOM.json,ICS-0820,pkg:oss:expat,Expat,2.4.1,CVE-2022-25236;CVE-2022-25315
ICS-0820_hitachi-energy_rtu500-series-rtu520_SBOM.json,ICS-0820,pkg:oss:libmodbus,libmodbus,3.1.4,CVE-2019-14462;CVE-2019-14463
ICS-0820_hitachi-energy_rtu500-series-rtu520_SBOM.json,ICS-0820,pkg:oss:lwip,lwIP,1.4.1,CVE-2014-1912;CVE-2020-22283;CVE-2020-22284
ICS-0820_hitachi-energy_rtu500-series-rtu520_SBOM.json,ICS-0820,pkg:oss:wolfssl,wolfSSL,4.5.0,CVE-2021-3336;CVE-2021-24116
ICS-0821_moxa_iopac-programmable-controller-8500-c-t_SBOM.json,ICS-0821,pkg:oss:busybox,BusyBox,1.30.1,CVE-2021-42374;CVE-2021-42378;CVE-2021-42386
ICS-0821_moxa_iopac-programmable-controller-8500-c-t_SBOM.json,ICS-0821,pkg:oss:openssh,OpenSSH,9.3p1,CVE-2023-38408;CVE-2023-48795;CVE-2024-6387
ICS-0821_moxa_iopac-programmable-controller-8500-c-t_SBOM.json,ICS-0821,pkg:oss:mosquitto,Eclipse Mosquitto,2.0.15,CVE-2023-0809;CVE-2023-3592
ICS-0821_moxa_iopac-programmable-controller-8500-c-t_SBOM.json,ICS-0821,pkg:oss:open62541,open62541 OPC UA Stack,1.3.6,CVE-2023-31048
ICS-0821_moxa_iopac-programmable-controller-8500-c-t_SBOM.json,ICS-0821,pkg:oss:libmodbus,libmodbus,3.0.6,CVE-2019-14462;CVE-2019-14463
ICS-0821_moxa_iopac-programmable-controller-8500-c-t_SBOM.json,ICS-0821,pkg:oss:expat,Expat,2.5.0,CVE-2023-52425
ICS-0821_moxa_iopac-programmable-controller-8500-c-t_SBOM.json,ICS-0821,pkg:oss:linux-kernel,Linux Kernel,4.19.325,CVE-2022-0847;CVE-2023-32233
ICS-0821_moxa_iopac-programmable-controller-8500-c-t_SBOM.json,ICS-0821,pkg:oss:libcurl,libcurl,7.29.0,CVE-2016-8615;CVE-2018-1000120;CVE-2019-5482
ICS-0821_moxa_iopac-programmable-controller-8500-c-t_SBOM.json,ICS-0821,pkg:oss:glibc,GNU C Library,2.31,CVE-2021-35942;CVE-2023-4911
ICS-0821_moxa_iopac-programmable-controller-8500-c-t_SBOM.json,ICS-0821,pkg:oss:codesys-rt,CODESYS Control Runtime System,3.5.18.20,CVE-2023-37559;CVE-2023-37560
ICS-0822_red-lion_data-station-plus-rtu-dspzr000_SBOM.json,ICS-0822,pkg:oss:u-boot,Das U-Boot,2020.04,CVE-2020-10648;CVE-2021-27097;CVE-2022-30767
ICS-0822_red-lion_data-station-plus-rtu-dspzr000_SBOM.json,ICS-0822,pkg:oss:musl,musl libc,1.2.2,CVE-2020-28928
ICS-0822_red-lion_data-station-plus-rtu-dspzr000_SBOM.json,ICS-0822,pkg:oss:openssl,OpenSSL,1.0.2u,CVE-2021-23840;CVE-2021-3712
ICS-0822_red-lion_data-station-plus-rtu-dspzr000_SBOM.json,ICS-0822,pkg:oss:openssh,OpenSSH,7.4p1,CVE-2018-15473;CVE-2019-6111;CVE-2016-10708
ICS-0822_red-lion_data-station-plus-rtu-dspzr000_SBOM.json,ICS-0822,pkg:oss:codesys-rt,CODESYS Control Runtime System,3.5.17.0,CVE-2022-22515;CVE-2022-22517;CVE-2022-31802
ICS-0823_sel_sel-451-protection-system-421_SBOM.json,ICS-0823,pkg:oss:wolfssl,wolfSSL,5.5.0,CVE-2022-42905;CVE-2023-3724
ICS-0823_sel_sel-451-protection-system-421_SBOM.json,ICS-0823,pkg:oss:openssl,OpenSSL,1.1.1k,CVE-2021-3711;CVE-2021-3712;CVE-2022-0778
ICS-0823_sel_sel-451-protection-system-421_SBOM.json,ICS-0823,pkg:oss:ntp,NTP Daemon,4.2.8p13,CVE-2019-8936;CVE-2020-11868
ICS-0823_sel_sel-451-protection-system-421_SBOM.json,ICS-0823,pkg:oss:expat,Expat,2.5.0,CVE-2023-52425
ICS-0823_sel_sel-451-protection-system-421_SBOM.json,ICS-0823,pkg:oss:treck-tcpip,Treck TCP/IP Stack,6.0.1.66,CVE-2020-11896;CVE-2020-11897;CVE-2020-11901
ICS-0824_sel_sel-3530-rtac-3530-4_SBOM.json,ICS-0824,pkg:oss:libcurl,libcurl,7.79.1,CVE-2022-22576;CVE-2022-27774;CVE-2022-32221
ICS-0824_sel_sel-3530-rtac-3530-4_SBOM.json,ICS-0824,pkg:oss:net-snmp,Net-SNMP,5.9.1,CVE-2022-24805;CVE-2022-24809
ICS-0824_sel_sel-3530-rtac-3530-4_SBOM.json,ICS-0824,pkg:oss:glibc,GNU C Library,2.17,CVE-2015-7547;CVE-2018-11236;CVE-2021-3999
ICS-0824_sel_sel-3530-rtac-3530-4_SBOM.json,ICS-0824,pkg:oss:openssl,OpenSSL,1.1.1n,CVE-2022-1292;CVE-2022-2068;CVE-2022-4304
ICS-0824_sel_sel-3530-rtac-3530-4_SBOM.json,ICS-0824,pkg:oss:libmodbus,libmodbus,3.1.4,CVE-2019-14462;CVE-2019-14463
ICS-0825_hitachi-energy_ref615-feeder-protection-relay-reu615_SBOM.json,ICS-0825,pkg:oss:openssl,OpenSSL,3.0.7,CVE-2023-0286;CVE-2023-0215;CVE-2022-4304
ICS-0825_hitachi-energy_ref615-feeder-protection-relay-reu615_SBOM.json,ICS-0825,pkg:oss:wolfssl,wolfSSL,5.5.0,CVE-2022-42905;CVE-2023-3724
ICS-0825_hitachi-energy_ref615-feeder-protection-relay-reu615_SBOM.json,ICS-0825,pkg:oss:zlib,zlib,1.2.11,CVE-2018-25032;CVE-2022-37434
ICS-0825_hitachi-energy_ref615-feeder-protection-relay-reu615_SBOM.json,ICS-0825,pkg:oss:mbedtls,Mbed TLS,2.28.0,CVE-2022-35409;CVE-2023-43615
ICS-0825_hitachi-energy_ref615-feeder-protection-relay-reu615_SBOM.json,ICS-0825,pkg:oss:treck-tcpip,Treck TCP/IP Stack,6.0.1.67,CVE-2020-11898;CVE-2020-11900
ICS-0825_hitachi-energy_ref615-feeder-protection-relay-reu615_SBOM.json,ICS-0825,pkg:oss:lwip,lwIP,2.1.2,CVE-2020-22283;CVE-2020-22285;CVE-2020-22286
ICS-0825_hitachi-energy_ref615-feeder-protection-relay-reu615_SBOM.json,ICS-0825,pkg:oss:expat,Expat,2.5.0,CVE-2023-52425
ICS-0826_siemens_siprotec-5-protection-relay-7sa86_SBOM.json,ICS-0826,pkg:oss:expat,Expat,2.4.1,CVE-2022-25236;CVE-2022-25315
ICS-0826_siemens_siprotec-5-protection-relay-7sa86_SBOM.json,ICS-0826,pkg:oss:treck-tcpip,Treck TCP/IP Stack,6.0.1.66,CVE-2020-11896;CVE-2020-11897;CVE-2020-11901
ICS-0826_siemens_siprotec-5-protection-relay-7sa86_SBOM.json,ICS-0826,pkg:oss:openssl,OpenSSL,1.1.1k,CVE-2021-3711;CVE-2021-3712;CVE-2022-0778
ICS-0827_ge_multilin-ur-relay-t35_SBOM.json,ICS-0827,pkg:oss:lwip,lwIP,2.0.3,CVE-2020-22283;CVE-2020-22284;CVE-2020-22288
ICS-0827_ge_multilin-ur-relay-t35_SBOM.json,ICS-0827,pkg:oss:expat,Expat,2.2.0,CVE-2018-20843;CVE-2019-15903
ICS-0827_ge_multilin-ur-relay-t35_SBOM.json,ICS-0827,pkg:oss:libmodbus,libmodbus,3.0.6,CVE-2019-14462;CVE-2019-14463
ICS-0827_ge_multilin-ur-relay-t35_SBOM.json,ICS-0827,pkg:oss:openssl,OpenSSL,1.0.2u,CVE-2021-23840;CVE-2021-3712
ICS-0828_schneider_easergy-p3-protection-relay-p3l30_SBOM.json,ICS-0828,pkg:oss:treck-tcpip,Treck TCP/IP Stack,6.0.1.67,CVE-2020-11898;CVE-2020-11900
ICS-0828_schneider_easergy-p3-protection-relay-p3l30_SBOM.json,ICS-0828,pkg:oss:mbedtls,Mbed TLS,3.4.0,CVE-2023-43615
ICS-0828_schneider_easergy-p3-protection-relay-p3l30_SBOM.json,ICS-0828,pkg:oss:expat,Expat,2.4.1,CVE-2022-25236;CVE-2022-25315
ICS-0828_schneider_easergy-p3-protection-relay-p3l30_SBOM.json,ICS-0828,pkg:oss:openssl,OpenSSL,1.0.2k,CVE-2017-3731;CVE-2017-3732;CVE-2016-7055
ICS-0828_schneider_easergy-p3-protection-relay-p3l30_SBOM.json,ICS-0828,pkg:oss:ntp,NTP Daemon,4.2.8p15,CVE-2023-26551
ICS-0828_schneider_easergy-p3-protection-relay-p3l30_SBOM.json,ICS-0828,pkg:oss:libmodbus,libmodbus,3.0.6,CVE-2019-14462;CVE-2019-14463
ICS-0829_nari_pcs-9611-feeder-protection-pcs-9705_SBOM.json,ICS-0829,pkg:oss:treck-tcpip,Treck TCP/IP Stack,6.0.1.66,CVE-2020-11896;CVE-2020-11897;CVE-2020-11901
ICS-0829_nari_pcs-9611-feeder-protection-pcs-9705_SBOM.json,ICS-0829,pkg:oss:mbedtls,Mbed TLS,2.28.0,CVE-2022-35409;CVE-2023-43615
ICS-0829_nari_pcs-9611-feeder-protection-pcs-9705_SBOM.json,ICS-0829,pkg:oss:expat,Expat,2.5.0,CVE-2023-52425
ICS-0830_hd-hyundai_higen-protection-relay-hgr-200_SBOM.json,ICS-0830,pkg:oss:mbedtls,Mbed TLS,3.4.0,CVE-2023-43615
ICS-0830_hd-hyundai_higen-protection-relay-hgr-200_SBOM.json,ICS-0830,pkg:oss:expat,Expat,2.4.1,CVE-2022-25236;CVE-2022-25315
ICS-0830_hd-hyundai_higen-protection-relay-hgr-200_SBOM.json,ICS-0830,pkg:oss:openssl,OpenSSL,1.0.2u,CVE-2021-23840;CVE-2021-3712
ICS-0830_hd-hyundai_higen-protection-relay-hgr-200_SBOM.json,ICS-0830,pkg:oss:lwip,lwIP,2.0.3,CVE-2020-22283;CVE-2020-22284;CVE-2020-22288
ICS-0830_hd-hyundai_higen-protection-relay-hgr-200_SBOM.json,ICS-0830,pkg:oss:libmodbus,libmodbus,3.1.4,CVE-2019-14462;CVE-2019-14463
ICS-0830_hd-hyundai_higen-protection-relay-hgr-200_SBOM.json,ICS-0830,pkg:oss:zlib,zlib,1.2.8,CVE-2016-9840;CVE-2016-9841;CVE-2018-25032
ICS-0831_siemens_simatic-hmi-comfort-panel-tp2200_SBOM.json,ICS-0831,pkg:oss:dotnet,Microsoft .NET Framework,4.8,CVE-2021-26701;CVE-2023-21808
ICS-0831_siemens_simatic-hmi-comfort-panel-tp2200_SBOM.json,ICS-0831,pkg:oss:libxml2,libxml2,2.10.4,CVE-2023-45322
ICS-0831_siemens_simatic-hmi-comfort-panel-tp2200_SBOM.json,ICS-0831,pkg:oss:sqlite,SQLite,3.31.1,CVE-2020-13434;CVE-2020-13630;CVE-2021-20227
ICS-0831_siemens_simatic-hmi-comfort-panel-tp2200_SBOM.json,ICS-0831,pkg:oss:expat,Expat,2.5.0,CVE-2023-52425
ICS-0831_siemens_simatic-hmi-comfort-panel-tp2200_SBOM.json,ICS-0831,pkg:oss:zlib,zlib,1.2.11,CVE-2018-25032;CVE-2022-37434
ICS-0831_siemens_simatic-hmi-comfort-panel-tp2200_SBOM.json,ICS-0831,pkg:oss:libcurl,libcurl,7.64.0,CVE-2019-5481;CVE-2019-5482;CVE-2020-8177
ICS-0832_rockwell_panelview-plus-terminal-7-performance-1500_SBOM.json,ICS-0832,pkg:oss:expat,Expat,2.2.0,CVE-2018-20843;CVE-2019-15903
ICS-0832_rockwell_panelview-plus-terminal-7-performance-1500_SBOM.json,ICS-0832,pkg:oss:openssl,OpenSSL,1.0.2u,CVE-2021-23840;CVE-2021-3712
ICS-0832_rockwell_panelview-plus-terminal-7-performance-1500_SBOM.json,ICS-0832,pkg:oss:zlib,zlib,1.2.8,CVE-2016-9840;CVE-2016-9841;CVE-2018-25032
ICS-0832_rockwell_panelview-plus-terminal-7-performance-1500_SBOM.json,ICS-0832,pkg:oss:sqlserver-express,Microsoft SQL Server Express,2017 CU31,CVE-2022-29143;CVE-2023-21528
ICS-0832_rockwell_panelview-plus-terminal-7-performance-1500_SBOM.json,ICS-0832,pkg:oss:dotnet,Microsoft .NET Framework,4.8,CVE-2021-26701;CVE-2023-21808
ICS-0832_rockwell_panelview-plus-terminal-7-performance-1500_SBOM.json,ICS-0832,pkg:oss:sqlite,SQLite,3.22.0,CVE-2018-8740;CVE-2019-8457;CVE-2020-11655
ICS-0832_rockwell_panelview-plus-terminal-7-performance-1500_SBOM.json,ICS-0832,pkg:oss:libxml2,libxml2,2.10.4,CVE-2023-45322
ICS-0833_schneider_magelis-gtu-hmi-hmidt551_SBOM.json,ICS-0833,pkg:oss:dropbear,Dropbear SSH,2019.78,CVE-2018-15599;CVE-2020-36254
ICS-0833_schneider_magelis-gtu-hmi-hmidt551_SBOM.json,ICS-0833,pkg:oss:musl,musl libc,1.2.2,CVE-2020-28928
ICS-0833_schneider_magelis-gtu-hmi-hmidt551_SBOM.json,ICS-0833,pkg:oss:libxml2,libxml2,2.9.10,CVE-2021-3517;CVE-2021-3518;CVE-2022-29824
ICS-0834_mitsubishi_got2000-graphic-terminal-gt2510-vtba_SBOM.json,ICS-0834,pkg:oss:lwip,lwIP,2.0.3,CVE-2020-22283;CVE-2020-22284;CVE-2020-22288
ICS-0834_mitsubishi_got2000-graphic-terminal-gt2510-vtba_SBOM.json,ICS-0834,pkg:oss:expat,Expat,2.4.1,CVE-2022-25236;CVE-2022-25315
ICS-0834_mitsubishi_got2000-graphic-terminal-gt2510-vtba_SBOM.json,ICS-0834,pkg:oss:wolfssl,wolfSSL,5.5.0,CVE-2022-42905;CVE-2023-3724
ICS-0834_mitsubishi_got2000-graphic-terminal-gt2510-vtba_SBOM.json,ICS-0834,pkg:oss:zlib,zlib,1.2.8,CVE-2016-9840;CVE-2016-9841;CVE-2018-25032
ICS-0835_advantech_webop-operator-panel-wop-3070t_SBOM.json,ICS-0835,pkg:oss:musl,musl libc,1.2.2,CVE-2020-28928
ICS-0835_advantech_webop-operator-panel-wop-3070t_SBOM.json,ICS-0835,pkg:oss:openssh,OpenSSH,8.2p1,CVE-2020-15778;CVE-2021-41617;CVE-2023-48795
ICS-0835_advantech_webop-operator-panel-wop-3070t_SBOM.json,ICS-0835,pkg:oss:wpa-supplicant,wpa_supplicant,2.6,CVE-2017-13077;CVE-2017-13078;CVE-2018-14526
ICS-0835_advantech_webop-operator-panel-wop-3070t_SBOM.json,ICS-0835,pkg:oss:busybox,BusyBox,1.35.0,CVE-2022-28391
ICS-0835_advantech_webop-operator-panel-wop-3070t_SBOM.json,ICS-0835,pkg:oss:glibc,GNU C Library,2.35,CVE-2023-4911;CVE-2024-2961
ICS-0835_advantech_webop-operator-panel-wop-3070t_SBOM.json,ICS-0835,pkg:oss:zlib,zlib,1.2.11,CVE-2018-25032;CVE-2022-37434
ICS-0836_delta_dop-100-hmi-dop-110cs_SBOM.json,ICS-0836,pkg:oss:treck-tcpip,Treck TCP/IP Stack,6.0.1.67,CVE-2020-11898;CVE-2020-11900
ICS-0836_delta_dop-100-hmi-dop-110cs_SBOM.json,ICS-0836,pkg:oss:lwip,lwIP,1.4.1,CVE-2014-1912;CVE-2020-22283;CVE-2020-22284
ICS-0836_delta_dop-100-hmi-dop-110cs_SBOM.json,ICS-0836,pkg:oss:ntp,NTP Daemon,4.2.8p13,CVE-2019-8936;CVE-2020-11868
ICS-0836_delta_dop-100-hmi-dop-110cs_SBOM.json,ICS-0836,pkg:oss:wolfssl,wolfSSL,4.5.0,CVE-2021-3336;CVE-2021-24116
ICS-0837_omron_na-series-hmi-na5-9w_SBOM.json,ICS-0837,pkg:oss:libxml2,libxml2,2.9.14,CVE-2022-40303;CVE-2022-40304;CVE-2023-28484
ICS-0837_omron_na-series-hmi-na5-9w_SBOM.json,ICS-0837,pkg:oss:sqlite,SQLite,3.41.2,CVE-2023-7104
ICS-0837_omron_na-series-hmi-na5-9w_SBOM.json,ICS-0837,pkg:oss:expat,Expat,2.4.1,CVE-2022-25236;CVE-2022-25315
ICS-0838_pilz_pmi-operator-terminal-pmi-v812_SBOM.json,ICS-0838,pkg:oss:goahead,GoAhead Embedded Web Server,4.1.0,CVE-2021-42342
ICS-0838_pilz_pmi-operator-terminal-pmi-v812_SBOM.json,ICS-0838,pkg:oss:musl,musl libc,1.1.24,CVE-2020-28928
ICS-0838_pilz_pmi-operator-terminal-pmi-v812_SBOM.json,ICS-0838,pkg:oss:libxml2,libxml2,2.9.14,CVE-2022-40303;CVE-2022-40304;CVE-2023-28484
ICS-0838_pilz_pmi-operator-terminal-pmi-v812_SBOM.json,ICS-0838,pkg:oss:wpa-supplicant,wpa_supplicant,2.10,CVE-2023-52160
ICS-0838_pilz_pmi-operator-terminal-pmi-v812_SBOM.json,ICS-0838,pkg:oss:linux-kernel,Linux Kernel,4.19.325,CVE-2022-0847;CVE-2023-32233
ICS-0839_aveva_aveva-plant-scada-2023_SBOM.json,ICS-0839,pkg:oss:sqlserver-express,Microsoft SQL Server Express,2019 CU22,CVE-2023-21528
ICS-0839_aveva_aveva-plant-scada-2023_SBOM.json,ICS-0839,pkg:oss:sqlite,SQLite,3.22.0,CVE-2018-8740;CVE-2019-8457;CVE-2020-11655
ICS-0839_aveva_aveva-plant-scada-2023_SBOM.json,ICS-0839,pkg:oss:zlib,zlib,1.2.11,CVE-2018-25032;CVE-2022-37434
ICS-0839_aveva_aveva-plant-scada-2023_SBOM.json,ICS-0839,pkg:oss:expat,Expat,2.2.0,CVE-2018-20843;CVE-2019-15903
ICS-0839_aveva_aveva-plant-scada-2023_SBOM.json,ICS-0839,pkg:oss:dotnet,Microsoft .NET Framework,4.7.2,CVE-2020-1147;CVE-2021-24112;CVE-2021-26701
ICS-0840_inductive_ignition-scada-platform-8-1-edge_SBOM.json,ICS-0840,pkg:oss:zlib,zlib,1.2.8,CVE-2016-9840;CVE-2016-9841;CVE-2018-25032
ICS-0840_inductive_ignition-scada-platform-8-1-edge_SBOM.json,ICS-0840,pkg:oss:spring,Spring Framework,5.3.17,CVE-2022-22965;CVE-2022-22968;CVE-2022-22970
ICS-0840_inductive_ignition-scada-platform-8-1-edge_SBOM.json,ICS-0840,pkg:oss:openjdk,OpenJDK Runtime,8u202,CVE-2019-2602;CVE-2019-2699;CVE-2020-2803
ICS-0840_inductive_ignition-scada-platform-8-1-edge_SBOM.json,ICS-0840,pkg:oss:jackson,Jackson Databind,2.13.4,CVE-2022-42003;CVE-2022-42004
ICS-0840_inductive_ignition-scada-platform-8-1-edge_SBOM.json,ICS-0840,pkg:oss:sqlite,SQLite,3.22.0,CVE-2018-8740;CVE-2019-8457;CVE-2020-11655
ICS-0841_copadata_zenon-supervisor-11_SBOM.json,ICS-0841,pkg:oss:dotnet,Microsoft .NET Framework,4.8,CVE-2021-26701;CVE-2023-21808
ICS-0841_copadata_zenon-supervisor-11_SBOM.json,ICS-0841,pkg:oss:sqlserver-express,Microsoft SQL Server Express,2016 SP2,CVE-2019-1068;CVE-2020-0618
ICS-0841_copadata_zenon-supervisor-11_SBOM.json,ICS-0841,pkg:oss:sqlite,SQLite,3.31.1,CVE-2020-13434;CVE-2020-13630;CVE-2021-20227
ICS-0842_siemens_simatic-wincc-v8-0_SBOM.json,ICS-0842,pkg:oss:dotnet,Microsoft .NET Framework,4.8,CVE-2021-26701;CVE-2023-21808
ICS-0842_siemens_simatic-wincc-v8-0_SBOM.json,ICS-0842,pkg:oss:sqlite,SQLite,3.22.0,CVE-2018-8740;CVE-2019-8457;CVE-2020-11655
ICS-0843_ge_cimplicity-hmi-scada-2022_SBOM.json,ICS-0843,pkg:oss:openssl,OpenSSL,3.0.7,CVE-2023-0286;CVE-2023-0215;CVE-2022-4304
ICS-0843_ge_cimplicity-hmi-scada-2022_SBOM.json,ICS-0843,pkg:oss:dotnet,Microsoft .NET Framework,4.7.2,CVE-2020-1147;CVE-2021-24112;CVE-2021-26701
ICS-0844_schneider_ecostruxure-geo-scada-expert-2022_SBOM.json,ICS-0844,pkg:oss:zlib,zlib,1.2.12,CVE-2022-37434
ICS-0844_schneider_ecostruxure-geo-scada-expert-2022_SBOM.json,ICS-0844,pkg:oss:sqlserver-express,Microsoft SQL Server Express,2017 CU31,CVE-2022-29143;CVE-2023-21528
ICS-0844_schneider_ecostruxure-geo-scada-expert-2022_SBOM.json,ICS-0844,pkg:oss:expat,Expat,2.4.1,CVE-2022-25236;CVE-2022-25315
ICS-0844_schneider_ecostruxure-geo-scada-expert-2022_SBOM.json,ICS-0844,pkg:oss:dotnet,Microsoft .NET Framework,4.7.2,CVE-2020-1147;CVE-2021-24112;CVE-2021-26701
ICS-0844_schneider_ecostruxure-geo-scada-expert-2022_SBOM.json,ICS-0844,pkg:oss:libxml2,libxml2,2.9.10,CVE-2021-3517;CVE-2021-3518;CVE-2022-29824
ICS-0845_rockwell_factorytalk-view-se-13-00_SBOM.json,ICS-0845,pkg:oss:dotnet,Microsoft .NET Framework,4.6.2,CVE-2018-8421;CVE-2019-0545;CVE-2020-1147
ICS-0845_rockwell_factorytalk-view-se-13-00_SBOM.json,ICS-0845,pkg:oss:expat,Expat,2.5.0,CVE-2023-52425
ICS-0845_rockwell_factorytalk-view-se-13-00_SBOM.json,ICS-0845,pkg:oss:libcurl,libcurl,7.29.0,CVE-2016-8615;CVE-2018-1000120;CVE-2019-5482
ICS-0845_rockwell_factorytalk-view-se-13-00_SBOM.json,ICS-0845,pkg:oss:zlib,zlib,1.2.11,CVE-2018-25032;CVE-2022-37434
ICS-0845_rockwell_factorytalk-view-se-13-00_SBOM.json,ICS-0845,pkg:oss:sqlserver-express,Microsoft SQL Server Express,2016 SP2,CVE-2019-1068;CVE-2020-0618
ICS-0846_aveva_aveva-historian-2023_SBOM.json,ICS-0846,pkg:oss:dotnet,Microsoft .NET Framework,4.8,CVE-2021-26701;CVE-2023-21808
ICS-0846_aveva_aveva-historian-2023_SBOM.json,ICS-0846,pkg:oss:libcurl,libcurl,7.29.0,CVE-2016-8615;CVE-2018-1000120;CVE-2019-5482
ICS-0846_aveva_aveva-historian-2023_SBOM.json,ICS-0846,pkg:oss:sqlserver-express,Microsoft SQL Server Express,2016 SP2,CVE-2019-1068;CVE-2020-0618
ICS-0846_aveva_aveva-historian-2023_SBOM.json,ICS-0846,pkg:oss:sqlite,SQLite,3.31.1,CVE-2020-13434;CVE-2020-13630;CVE-2021-20227
ICS-0846_aveva_aveva-historian-2023_SBOM.json,ICS-0846,pkg:oss:expat,Expat,2.2.10,CVE-2022-22822;CVE-2022-23852;CVE-2022-25235
ICS-0847_ge_proficy-historian-2023_SBOM.json,ICS-0847,pkg:oss:libcurl,libcurl,7.64.0,CVE-2019-5481;CVE-2019-5482;CVE-2020-8177
ICS-0847_ge_proficy-historian-2023_SBOM.json,ICS-0847,pkg:oss:openssl,OpenSSL,1.1.1n,CVE-2022-1292;CVE-2022-2068;CVE-2022-4304
ICS-0847_ge_proficy-historian-2023_SBOM.json,ICS-0847,pkg:oss:libxml2,libxml2,2.9.14,CVE-2022-40303;CVE-2022-40304;CVE-2023-28484
ICS-0847_ge_proficy-historian-2023_SBOM.json,ICS-0847,pkg:oss:zlib,zlib,1.2.8,CVE-2016-9840;CVE-2016-9841;CVE-2018-25032
ICS-0847_ge_proficy-historian-2023_SBOM.json,ICS-0847,pkg:oss:sqlserver-express,Microsoft SQL Server Express,2019 CU22,CVE-2023-21528
ICS-0848_honeywell_uniformance-phd-historian-r400_SBOM.json,ICS-0848,pkg:oss:libxml2,libxml2,2.9.4,CVE-2016-9318;CVE-2017-5969;CVE-2018-14567
ICS-0848_honeywell_uniformance-phd-historian-r400_SBOM.json,ICS-0848,pkg:oss:openssl,OpenSSL,1.0.2k,CVE-2017-3731;CVE-2017-3732;CVE-2016-7055
ICS-0848_honeywell_uniformance-phd-historian-r400_SBOM.json,ICS-0848,pkg:oss:expat,Expat,2.2.10,CVE-2022-22822;CVE-2022-23852;CVE-2022-25235
ICS-0848_honeywell_uniformance-phd-historian-r400_SBOM.json,ICS-0848,pkg:oss:dotnet,Microsoft .NET Framework,4.6.2,CVE-2018-8421;CVE-2019-0545;CVE-2020-1147
ICS-0849_emerson_deltav-continuous-historian-14-lts_SBOM.json,ICS-0849,pkg:oss:libcurl,libcurl,7.79.1,CVE-2022-22576;CVE-2022-27774;CVE-2022-32221
ICS-0849_emerson_deltav-continuous-historian-14-lts_SBOM.json,ICS-0849,pkg:oss:openssl,OpenSSL,1.1.1k,CVE-2021-3711;CVE-2021-3712;CVE-2022-0778
ICS-0849_emerson_deltav-continuous-historian-14-lts_SBOM.json,ICS-0849,pkg:oss:dotnet,Microsoft .NET Framework,4.6.2,CVE-2018-8421;CVE-2019-0545;CVE-2020-1147
ICS-0849_emerson_deltav-continuous-historian-14-lts_SBOM.json,ICS-0849,pkg:oss:zlib,zlib,1.2.8,CVE-2016-9840;CVE-2016-9841;CVE-2018-25032
ICS-0849_emerson_deltav-continuous-historian-14-lts_SBOM.json,ICS-0849,pkg:oss:expat,Expat,2.5.0,CVE-2023-52425
ICS-0850_yokogawa_exaquantum-plant-information-system-r3-15_SBOM.json,ICS-0850,pkg:oss:sqlite,SQLite,3.22.0,CVE-2018-8740;CVE-2019-8457;CVE-2020-11655
ICS-0850_yokogawa_exaquantum-plant-information-system-r3-15_SBOM.json,ICS-0850,pkg:oss:sqlserver-express,Microsoft SQL Server Express,2019 CU22,CVE-2023-21528
ICS-0850_yokogawa_exaquantum-plant-information-system-r3-15_SBOM.json,ICS-0850,pkg:oss:libxml2,libxml2,2.9.4,CVE-2016-9318;CVE-2017-5969;CVE-2018-14567
ICS-0850_yokogawa_exaquantum-plant-information-system-r3-15_SBOM.json,ICS-0850,pkg:oss:expat,Expat,2.2.10,CVE-2022-22822;CVE-2022-23852;CVE-2022-25235
ICS-0850_yokogawa_exaquantum-plant-information-system-r3-15_SBOM.json,ICS-0850,pkg:oss:dotnet,Microsoft .NET Framework,4.7.2,CVE-2020-1147;CVE-2021-24112;CVE-2021-26701
ICS-0851_siemens_tia-portal-engineering-suite-v18_SBOM.json,ICS-0851,pkg:oss:sqlite,SQLite,3.41.2,CVE-2023-7104
ICS-0851_siemens_tia-portal-engineering-suite-v18_SBOM.json,ICS-0851,pkg:oss:sqlserver-express,Microsoft SQL Server Express,2016 SP2,CVE-2019-1068;CVE-2020-0618
ICS-0851_siemens_tia-portal-engineering-suite-v18_SBOM.json,ICS-0851,pkg:oss:libcurl,libcurl,7.79.1,CVE-2022-22576;CVE-2022-27774;CVE-2022-32221
ICS-0851_siemens_tia-portal-engineering-suite-v18_SBOM.json,ICS-0851,pkg:oss:libxml2,libxml2,2.10.4,CVE-2023-45322
ICS-0851_siemens_tia-portal-engineering-suite-v18_SBOM.json,ICS-0851,pkg:oss:zlib,zlib,1.2.11,CVE-2018-25032;CVE-2022-37434
ICS-0851_siemens_tia-portal-engineering-suite-v18_SBOM.json,ICS-0851,pkg:oss:dotnet,Microsoft .NET Framework,4.7.2,CVE-2020-1147;CVE-2021-24112;CVE-2021-26701
ICS-0851_siemens_tia-portal-engineering-suite-v18_SBOM.json,ICS-0851,pkg:oss:expat,Expat,2.4.1,CVE-2022-25236;CVE-2022-25315
ICS-0852_rockwell_studio-5000-logix-designer-35-00_SBOM.json,ICS-0852,pkg:oss:libcurl,libcurl,8.4.0,CVE-2023-46218;CVE-2024-2379
ICS-0852_rockwell_studio-5000-logix-designer-35-00_SBOM.json,ICS-0852,pkg:oss:sqlserver-express,Microsoft SQL Server Express,2016 SP2,CVE-2019-1068;CVE-2020-0618
ICS-0852_rockwell_studio-5000-logix-designer-35-00_SBOM.json,ICS-0852,pkg:oss:expat,Expat,2.4.1,CVE-2022-25236;CVE-2022-25315
ICS-0852_rockwell_studio-5000-logix-designer-35-00_SBOM.json,ICS-0852,pkg:oss:dotnet,Microsoft .NET Framework,4.8,CVE-2021-26701;CVE-2023-21808
ICS-0853_schneider_ecostruxure-control-expert-v16-0_SBOM.json,ICS-0853,pkg:oss:dotnet,Microsoft .NET Framework,4.6.2,CVE-2018-8421;CVE-2019-0545;CVE-2020-1147
ICS-0853_schneider_ecostruxure-control-expert-v16-0_SBOM.json,ICS-0853,pkg:oss:libxml2,libxml2,2.10.4,CVE-2023-45322
ICS-0853_schneider_ecostruxure-control-expert-v16-0_SBOM.json,ICS-0853,pkg:oss:openssl,OpenSSL,1.1.1n,CVE-2022-1292;CVE-2022-2068;CVE-2022-4304
ICS-0853_schneider_ecostruxure-control-expert-v16-0_SBOM.json,ICS-0853,pkg:oss:zlib,zlib,1.2.8,CVE-2016-9840;CVE-2016-9841;CVE-2018-25032
ICS-0853_schneider_ecostruxure-control-expert-v16-0_SBOM.json,ICS-0853,pkg:oss:sqlite,SQLite,3.41.2,CVE-2023-7104
ICS-0853_schneider_ecostruxure-control-expert-v16-0_SBOM.json,ICS-0853,pkg:oss:codesys-rt,CODESYS Control Runtime System,3.5.16.0,CVE-2021-30186;CVE-2021-30188;CVE-2021-30189
ICS-0854_mitsubishi_gx-works3-engineering-tool-1-090u_SBOM.json,ICS-0854,pkg:oss:zlib,zlib,1.2.11,CVE-2018-25032;CVE-2022-37434
ICS-0854_mitsubishi_gx-works3-engineering-tool-1-090u_SBOM.json,ICS-0854,pkg:oss:dotnet,Microsoft .NET Framework,4.6.2,CVE-2018-8421;CVE-2019-0545;CVE-2020-1147
ICS-0854_mitsubishi_gx-works3-engineering-tool-1-090u_SBOM.json,ICS-0854,pkg:oss:libcurl,libcurl,7.79.1,CVE-2022-22576;CVE-2022-27774;CVE-2022-32221
ICS-0854_mitsubishi_gx-works3-engineering-tool-1-090u_SBOM.json,ICS-0854,pkg:oss:openssl,OpenSSL,1.0.2u,CVE-2021-23840;CVE-2021-3712
ICS-0854_mitsubishi_gx-works3-engineering-tool-1-090u_SBOM.json,ICS-0854,pkg:oss:libxml2,libxml2,2.9.10,CVE-2021-3517;CVE-2021-3518;CVE-2022-29824
ICS-0855_codesys_codesys-development-system-v3-5-sp18_SBOM.json,ICS-0855,pkg:oss:openssl,OpenSSL,1.0.2u,CVE-2021-23840;CVE-2021-3712
ICS-0855_codesys_codesys-development-system-v3-5-sp18_SBOM.json,ICS-0855,pkg:oss:expat,Expat,2.2.10,CVE-2022-22822;CVE-2022-23852;CVE-2022-25235
ICS-0855_codesys_codesys-development-system-v3-5-sp18_SBOM.json,ICS-0855,pkg:oss:libcurl,libcurl,8.4.0,CVE-2023-46218;CVE-2024-2379
ICS-0855_codesys_codesys-development-system-v3-5-sp18_SBOM.json,ICS-0855,pkg:oss:codesys-rt,CODESYS Control Runtime System,3.5.19.20,CVE-2023-3663;CVE-2023-3665
ICS-0856_abb_automation-builder-2-6_SBOM.json,ICS-0856,pkg:oss:sqlserver-express,Microsoft SQL Server Express,2019 CU22,CVE-2023-21528
ICS-0856_abb_automation-builder-2-6_SBOM.json,ICS-0856,pkg:oss:expat,Expat,2.2.0,CVE-2018-20843;CVE-2019-15903
ICS-0856_abb_automation-builder-2-6_SBOM.json,ICS-0856,pkg:oss:dotnet,Microsoft .NET Framework,4.7.2,CVE-2020-1147;CVE-2021-24112;CVE-2021-26701
ICS-0856_abb_automation-builder-2-6_SBOM.json,ICS-0856,pkg:oss:zlib,zlib,1.2.8,CVE-2016-9840;CVE-2016-9841;CVE-2018-25032
ICS-0856_abb_automation-builder-2-6_SBOM.json,ICS-0856,pkg:oss:codesys-rt,CODESYS Control Runtime System,3.5.19.20,CVE-2023-3663;CVE-2023-3665
ICS-0857_emerson_deltav-md-plus-controller-sx_SBOM.json,ICS-0857,pkg:oss:libcurl,libcurl,7.64.0,CVE-2019-5481;CVE-2019-5482;CVE-2020-8177
ICS-0857_emerson_deltav-md-plus-controller-sx_SBOM.json,ICS-0857,pkg:oss:zlib,zlib,1.2.11,CVE-2018-25032;CVE-2022-37434
ICS-0857_emerson_deltav-md-plus-controller-sx_SBOM.json,ICS-0857,pkg:oss:ntp,NTP Daemon,4.2.8p10,CVE-2018-7182;CVE-2018-7183;CVE-2018-7184
ICS-0857_emerson_deltav-md-plus-controller-sx_SBOM.json,ICS-0857,pkg:oss:libxml2,libxml2,2.10.4,CVE-2023-45322
ICS-0857_emerson_deltav-md-plus-controller-sx_SBOM.json,ICS-0857,pkg:oss:sqlite,SQLite,3.22.0,CVE-2018-8740;CVE-2019-8457;CVE-2020-11655
ICS-0857_emerson_deltav-md-plus-controller-sx_SBOM.json,ICS-0857,pkg:oss:open62541,open62541 OPC UA Stack,1.2.2,CVE-2021-40206;CVE-2022-25761
ICS-0857_emerson_deltav-md-plus-controller-sx_SBOM.json,ICS-0857,pkg:oss:libmodbus,libmodbus,3.1.4,CVE-2019-14462;CVE-2019-14463
ICS-0857_emerson_deltav-md-plus-controller-sx_SBOM.json,ICS-0857,pkg:oss:net-snmp,Net-SNMP,5.7.3,CVE-2018-18065;CVE-2019-20892;CVE-2020-15862
ICS-0857_emerson_deltav-md-plus-controller-sx_SBOM.json,ICS-0857,pkg:oss:ipnet,Interpeak IPnet TCP/IP Stack,6.9,CVE-2019-12255;CVE-2019-12256;CVE-2019-12257;CVE-2019-12260
ICS-0858_honeywell_experion-c300-controller-c200e_SBOM.json,ICS-0858,pkg:oss:open62541,open62541 OPC UA Stack,1.2.2,CVE-2021-40206;CVE-2022-25761
ICS-0858_honeywell_experion-c300-controller-c200e_SBOM.json,ICS-0858,pkg:oss:ntp,NTP Daemon,4.2.8p15,CVE-2023-26551
ICS-0858_honeywell_experion-c300-controller-c200e_SBOM.json,ICS-0858,pkg:oss:net-snmp,Net-SNMP,5.7.3,CVE-2018-18065;CVE-2019-20892;CVE-2020-15862
ICS-0858_honeywell_experion-c300-controller-c200e_SBOM.json,ICS-0858,pkg:oss:sqlite,SQLite,3.39.4,CVE-2022-46908;CVE-2023-7104
ICS-0858_honeywell_experion-c300-controller-c200e_SBOM.json,ICS-0858,pkg:oss:libxml2,libxml2,2.9.10,CVE-2021-3517;CVE-2021-3518;CVE-2022-29824
ICS-0858_honeywell_experion-c300-controller-c200e_SBOM.json,ICS-0858,pkg:oss:libmodbus,libmodbus,3.0.6,CVE-2019-14462;CVE-2019-14463
ICS-0858_honeywell_experion-c300-controller-c200e_SBOM.json,ICS-0858,pkg:oss:libcurl,libcurl,7.64.0,CVE-2019-5481;CVE-2019-5482;CVE-2020-8177
ICS-0859_yokogawa_centum-vp-field-control-station-afv10d_SBOM.json,ICS-0859,pkg:oss:expat,Expat,2.5.0,CVE-2023-52425
ICS-0859_yokogawa_centum-vp-field-control-station-afv10d_SBOM.json,ICS-0859,pkg:oss:mbedtls,Mbed TLS,2.16.3,CVE-2020-10932;CVE-2020-16150;CVE-2021-24119
ICS-0859_yokogawa_centum-vp-field-control-station-afv10d_SBOM.json,ICS-0859,pkg:oss:zlib,zlib,1.2.12,CVE-2022-37434
ICS-0859_yokogawa_centum-vp-field-control-station-afv10d_SBOM.json,ICS-0859,pkg:oss:lwip,lwIP,2.0.3,CVE-2020-22283;CVE-2020-22284;CVE-2020-22288
ICS-0860_abb_ac-800m-controller-pm891_SBOM.json,ICS-0860,pkg:oss:zlib,zlib,1.2.11,CVE-2018-25032;CVE-2022-37434
ICS-0860_abb_ac-800m-controller-pm891_SBOM.json,ICS-0860,pkg:oss:sqlite,SQLite,3.39.4,CVE-2022-46908;CVE-2023-7104
ICS-0860_abb_ac-800m-controller-pm891_SBOM.json,ICS-0860,pkg:oss:net-snmp,Net-SNMP,5.7.3,CVE-2018-18065;CVE-2019-20892;CVE-2020-15862
ICS-0860_abb_ac-800m-controller-pm891_SBOM.json,ICS-0860,pkg:oss:libcurl,libcurl,7.64.0,CVE-2019-5481;CVE-2019-5482;CVE-2020-8177
ICS-0860_abb_ac-800m-controller-pm891_SBOM.json,ICS-0860,pkg:oss:openssl,OpenSSL,1.1.1g,CVE-2020-1971;CVE-2021-3450;CVE-2021-3711
ICS-0860_abb_ac-800m-controller-pm891_SBOM.json,ICS-0860,pkg:oss:ipnet,Interpeak IPnet TCP/IP Stack,7.0,CVE-2019-12258;CVE-2019-12259;CVE-2019-12262
ICS-0861_siemens_simatic-pcs-7-as-controller-as-417-4_SBOM.json,ICS-0861,pkg:oss:mbedtls,Mbed TLS,2.28.0,CVE-2022-35409;CVE-2023-43615
ICS-0861_siemens_simatic-pcs-7-as-controller-as-417-4_SBOM.json,ICS-0861,pkg:oss:libmodbus,libmodbus,3.0.6,CVE-2019-14462;CVE-2019-14463
ICS-0861_siemens_simatic-pcs-7-as-controller-as-417-4_SBOM.json,ICS-0861,pkg:oss:openssl,OpenSSL,1.1.1g,CVE-2020-1971;CVE-2021-3450;CVE-2021-3711
ICS-0862_hitachi-energy_symphony-plus-hpc800-brc410_SBOM.json,ICS-0862,pkg:oss:openssl,OpenSSL,1.1.1g,CVE-2020-1971;CVE-2021-3450;CVE-2021-3711
ICS-0862_hitachi-energy_symphony-plus-hpc800-brc410_SBOM.json,ICS-0862,pkg:oss:ntp,NTP Daemon,4.2.8p13,CVE-2019-8936;CVE-2020-11868
ICS-0862_hitachi-energy_symphony-plus-hpc800-brc410_SBOM.json,ICS-0862,pkg:oss:zlib,zlib,1.2.8,CVE-2016-9840;CVE-2016-9841;CVE-2018-25032
ICS-0862_hitachi-energy_symphony-plus-hpc800-brc410_SBOM.json,ICS-0862,pkg:oss:libcurl,libcurl,8.4.0,CVE-2023-46218;CVE-2024-2379
ICS-0862_hitachi-energy_symphony-plus-hpc800-brc410_SBOM.json,ICS-0862,pkg:oss:net-snmp,Net-SNMP,5.8,CVE-2020-15861;CVE-2020-15862;CVE-2022-24805
ICS-0862_hitachi-energy_symphony-plus-hpc800-brc410_SBOM.json,ICS-0862,pkg:oss:open62541,open62541 OPC UA Stack,1.2.2,CVE-2021-40206;CVE-2022-25761
ICS-0862_hitachi-energy_symphony-plus-hpc800-brc410_SBOM.json,ICS-0862,pkg:oss:libxml2,libxml2,2.9.10,CVE-2021-3517;CVE-2021-3518;CVE-2022-29824
ICS-0863_schneider_triconex-tricon-cx-controller-trident-3_SBOM.json,ICS-0863,pkg:oss:ntp,NTP Daemon,4.2.8p10,CVE-2018-7182;CVE-2018-7183;CVE-2018-7184
ICS-0863_schneider_triconex-tricon-cx-controller-trident-3_SBOM.json,ICS-0863,pkg:oss:lwip,lwIP,2.1.3,CVE-2023-5188
ICS-0863_schneider_triconex-tricon-cx-controller-trident-3_SBOM.json,ICS-0863,pkg:oss:mbedtls,Mbed TLS,2.28.0,CVE-2022-35409;CVE-2023-43615
ICS-0863_schneider_triconex-tricon-cx-controller-trident-3_SBOM.json,ICS-0863,pkg:oss:wolfssl,wolfSSL,4.5.0,CVE-2021-3336;CVE-2021-24116
ICS-0863_schneider_triconex-tricon-cx-controller-trident-3_SBOM.json,ICS-0863,pkg:oss:libmodbus,libmodbus,3.0.6,CVE-2019-14462;CVE-2019-14463
ICS-0863_schneider_triconex-tricon-cx-controller-trident-3_SBOM.json,ICS-0863,pkg:oss:treck-tcpip,Treck TCP/IP Stack,6.0.1.66,CVE-2020-11896;CVE-2020-11897;CVE-2020-11901
ICS-0864_hima_himax-safety-controller-x-cpu-01_SBOM.json,ICS-0864,pkg:oss:libmodbus,libmodbus,3.1.4,CVE-2019-14462;CVE-2019-14463
ICS-0864_hima_himax-safety-controller-x-cpu-01_SBOM.json,ICS-0864,pkg:oss:treck-tcpip,Treck TCP/IP Stack,6.0.1.66,CVE-2020-11896;CVE-2020-11897;CVE-2020-11901
ICS-0864_hima_himax-safety-controller-x-cpu-01_SBOM.json,ICS-0864,pkg:oss:ntp,NTP Daemon,4.2.8p15,CVE-2023-26551
ICS-0864_hima_himax-safety-controller-x-cpu-01_SBOM.json,ICS-0864,pkg:oss:mbedtls,Mbed TLS,3.4.0,CVE-2023-43615
ICS-0865_pilz_pss-4000-safety-controller-pssu-h-fs_SBOM.json,ICS-0865,pkg:oss:wolfssl,wolfSSL,5.5.0,CVE-2022-42905;CVE-2023-3724
ICS-0865_pilz_pss-4000-safety-controller-pssu-h-fs_SBOM.json,ICS-0865,pkg:oss:lwip,lwIP,2.1.3,CVE-2023-5188
ICS-0865_pilz_pss-4000-safety-controller-pssu-h-fs_SBOM.json,ICS-0865,pkg:oss:ntp,NTP Daemon,4.2.8p13,CVE-2019-8936;CVE-2020-11868
ICS-0865_pilz_pss-4000-safety-controller-pssu-h-fs_SBOM.json,ICS-0865,pkg:oss:mbedtls,Mbed TLS,2.16.3,CVE-2020-10932;CVE-2020-16150;CVE-2021-24119
ICS-0866_siemens_simatic-s7-1500f-safety-cpu-1516f-3-pn-dp_SBOM.json,ICS-0866,pkg:oss:wolfssl,wolfSSL,4.5.0,CVE-2021-3336;CVE-2021-24116
ICS-0866_siemens_simatic-s7-1500f-safety-cpu-1516f-3-pn-dp_SBOM.json,ICS-0866,pkg:oss:ntp,NTP Daemon,4.2.8p13,CVE-2019-8936;CVE-2020-11868
ICS-0866_siemens_simatic-s7-1500f-safety-cpu-1516f-3-pn-dp_SBOM.json,ICS-0866,pkg:oss:treck-tcpip,Treck TCP/IP Stack,6.0.1.67,CVE-2020-11898;CVE-2020-11900
ICS-0866_siemens_simatic-s7-1500f-safety-cpu-1516f-3-pn-dp_SBOM.json,ICS-0866,pkg:oss:mbedtls,Mbed TLS,3.4.0,CVE-2023-43615
ICS-0866_siemens_simatic-s7-1500f-safety-cpu-1516f-3-pn-dp_SBOM.json,ICS-0866,pkg:oss:lwip,lwIP,2.1.3,CVE-2023-5188
ICS-0866_siemens_simatic-s7-1500f-safety-cpu-1516f-3-pn-dp_SBOM.json,ICS-0866,pkg:oss:libmodbus,libmodbus,3.0.6,CVE-2019-14462;CVE-2019-14463
ICS-0867_rockwell_guardlogix-safety-controller-1756-l83es_SBOM.json,ICS-0867,pkg:oss:expat,Expat,2.4.1,CVE-2022-25236;CVE-2022-25315
ICS-0867_rockwell_guardlogix-safety-controller-1756-l83es_SBOM.json,ICS-0867,pkg:oss:libcurl,libcurl,7.29.0,CVE-2016-8615;CVE-2018-1000120;CVE-2019-5482
ICS-0867_rockwell_guardlogix-safety-controller-1756-l83es_SBOM.json,ICS-0867,pkg:oss:net-snmp,Net-SNMP,5.9.1,CVE-2022-24805;CVE-2022-24809
ICS-0867_rockwell_guardlogix-safety-controller-1756-l83es_SBOM.json,ICS-0867,pkg:oss:open62541,open62541 OPC UA Stack,1.2.2,CVE-2021-40206;CVE-2022-25761
ICS-0868_moxa_mgate-protocol-gateway-eip3170i_SBOM.json,ICS-0868,pkg:oss:goahead,GoAhead Embedded Web Server,4.1.0,CVE-2021-42342
ICS-0868_moxa_mgate-protocol-gateway-eip3170i_SBOM.json,ICS-0868,pkg:oss:libxml2,libxml2,2.10.4,CVE-2023-45322
ICS-0868_moxa_mgate-protocol-gateway-eip3170i_SBOM.json,ICS-0868,pkg:oss:zlib,zlib,1.2.12,CVE-2022-37434
ICS-0868_moxa_mgate-protocol-gateway-eip3170i_SBOM.json,ICS-0868,pkg:oss:glibc,GNU C Library,2.35,CVE-2023-4911;CVE-2024-2961
ICS-0868_moxa_mgate-protocol-gateway-eip3170i_SBOM.json,ICS-0868,pkg:oss:dropbear,Dropbear SSH,2016.74,CVE-2016-7406;CVE-2016-7407;CVE-2016-7408
ICS-0868_moxa_mgate-protocol-gateway-eip3170i_SBOM.json,ICS-0868,pkg:oss:libpcap,libpcap,1.9.1,CVE-2019-15165;CVE-2023-7256
ICS-0868_moxa_mgate-protocol-gateway-eip3170i_SBOM.json,ICS-0868,pkg:oss:expat,Expat,2.4.1,CVE-2022-25236;CVE-2022-25315
ICS-0868_moxa_mgate-protocol-gateway-eip3170i_SBOM.json,ICS-0868,pkg:oss:open62541,open62541 OPC UA Stack,1.2.2,CVE-2021-40206;CVE-2022-25761
ICS-0868_moxa_mgate-protocol-gateway-eip3170i_SBOM.json,ICS-0868,pkg:oss:lighttpd,lighttpd,1.4.55,CVE-2022-22707;CVE-2023-44487
ICS-0869_softing_edgeaggregator-gateway-ea-300_SBOM.json,ICS-0869,pkg:oss:zlib,zlib,1.2.11,CVE-2018-25032;CVE-2022-37434
ICS-0869_softing_edgeaggregator-gateway-ea-300_SBOM.json,ICS-0869,pkg:oss:wpa-supplicant,wpa_supplicant,2.9,CVE-2021-27803;CVE-2021-30004;CVE-2022-23303
ICS-0869_softing_edgeaggregator-gateway-ea-300_SBOM.json,ICS-0869,pkg:oss:ntp,NTP Daemon,4.2.8p10,CVE-2018-7182;CVE-2018-7183;CVE-2018-7184
ICS-0869_softing_edgeaggregator-gateway-ea-300_SBOM.json,ICS-0869,pkg:oss:nginx,nginx,1.20.1,CVE-2022-41741;CVE-2022-41742
ICS-0869_softing_edgeaggregator-gateway-ea-300_SBOM.json,ICS-0869,pkg:oss:musl,musl libc,1.2.2,CVE-2020-28928
ICS-0869_softing_edgeaggregator-gateway-ea-300_SBOM.json,ICS-0869,pkg:oss:goahead,GoAhead Embedded Web Server,3.6.5,CVE-2017-17562;CVE-2019-5096;CVE-2019-5097
ICS-0870_advantech_ecu-1251-edge-gateway-ecu-1051_SBOM.json,ICS-0870,pkg:oss:goahead,GoAhead Embedded Web Server,3.6.5,CVE-2017-17562;CVE-2019-5096;CVE-2019-5097
ICS-0870_advantech_ecu-1251-edge-gateway-ecu-1051_SBOM.json,ICS-0870,pkg:oss:nginx,nginx,1.18.0,CVE-2021-23017;CVE-2022-41741;CVE-2022-41742
ICS-0870_advantech_ecu-1251-edge-gateway-ecu-1051_SBOM.json,ICS-0870,pkg:oss:libxml2,libxml2,2.9.14,CVE-2022-40303;CVE-2022-40304;CVE-2023-28484
ICS-0870_advantech_ecu-1251-edge-gateway-ecu-1051_SBOM.json,ICS-0870,pkg:oss:zlib,zlib,1.2.11,CVE-2018-25032;CVE-2022-37434
ICS-0870_advantech_ecu-1251-edge-gateway-ecu-1051_SBOM.json,ICS-0870,pkg:oss:ntp,NTP Daemon,4.2.8p15,CVE-2023-26551
ICS-0870_advantech_ecu-1251-edge-gateway-ecu-1051_SBOM.json,ICS-0870,pkg:oss:musl,musl libc,1.2.2,CVE-2020-28928
ICS-0870_advantech_ecu-1251-edge-gateway-ecu-1051_SBOM.json,ICS-0870,pkg:oss:open62541,open62541 OPC UA Stack,1.2.2,CVE-2021-40206;CVE-2022-25761
ICS-0871_phoenix_fl-mguard-security-appliance-rs2000_SBOM.json,ICS-0871,pkg:oss:openvpn,OpenVPN,2.4.7,CVE-2020-11810;CVE-2020-15078
ICS-0871_phoenix_fl-mguard-security-appliance-rs2000_SBOM.json,ICS-0871,pkg:oss:expat,Expat,2.2.10,CVE-2022-22822;CVE-2022-23852;CVE-2022-25235
ICS-0871_phoenix_fl-mguard-security-appliance-rs2000_SBOM.json,ICS-0871,pkg:oss:wpa-supplicant,wpa_supplicant,2.10,CVE-2023-52160
ICS-0871_phoenix_fl-mguard-security-appliance-rs2000_SBOM.json,ICS-0871,pkg:oss:libcurl,libcurl,7.79.1,CVE-2022-22576;CVE-2022-27774;CVE-2022-32221
ICS-0871_phoenix_fl-mguard-security-appliance-rs2000_SBOM.json,ICS-0871,pkg:oss:linux-kernel,Linux Kernel,5.4.278,CVE-2023-32233;CVE-2024-1086
ICS-0871_phoenix_fl-mguard-security-appliance-rs2000_SBOM.json,ICS-0871,pkg:oss:mosquitto,Eclipse Mosquitto,2.0.11,CVE-2021-34431;CVE-2021-41039;CVE-2023-0809
ICS-0871_phoenix_fl-mguard-security-appliance-rs2000_SBOM.json,ICS-0871,pkg:oss:open62541,open62541 OPC UA Stack,1.2.2,CVE-2021-40206;CVE-2022-25761
ICS-0871_phoenix_fl-mguard-security-appliance-rs2000_SBOM.json,ICS-0871,pkg:oss:ntp,NTP Daemon,4.2.8p13,CVE-2019-8936;CVE-2020-11868
ICS-0871_phoenix_fl-mguard-security-appliance-rs2000_SBOM.json,ICS-0871,pkg:oss:openssh,OpenSSH,9.3p1,CVE-2023-38408;CVE-2023-48795;CVE-2024-6387
ICS-0871_phoenix_fl-mguard-security-appliance-rs2000_SBOM.json,ICS-0871,pkg:oss:busybox,BusyBox,1.35.0,CVE-2022-28391
ICS-0872_belden_eagle40-industrial-firewall-eagle30_SBOM.json,ICS-0872,pkg:oss:openvpn,OpenVPN,2.5.5,CVE-2022-0547;CVE-2023-46849;CVE-2023-46850
ICS-0872_belden_eagle40-industrial-firewall-eagle30_SBOM.json,ICS-0872,pkg:oss:sqlite,SQLite,3.22.0,CVE-2018-8740;CVE-2019-8457;CVE-2020-11655
ICS-0872_belden_eagle40-industrial-firewall-eagle30_SBOM.json,ICS-0872,pkg:oss:nginx,nginx,1.14.2,CVE-2019-9511;CVE-2019-9513;CVE-2019-20372
ICS-0872_belden_eagle40-industrial-firewall-eagle30_SBOM.json,ICS-0872,pkg:oss:musl,musl libc,1.2.2,CVE-2020-28928
ICS-0872_belden_eagle40-industrial-firewall-eagle30_SBOM.json,ICS-0872,pkg:oss:linux-kernel,Linux Kernel,3.10.108,CVE-2017-1000112;CVE-2018-5333;CVE-2019-11477
ICS-0872_belden_eagle40-industrial-firewall-eagle30_SBOM.json,ICS-0872,pkg:oss:dropbear,Dropbear SSH,2022.83,CVE-2023-48795
ICS-0872_belden_eagle40-industrial-firewall-eagle30_SBOM.json,ICS-0872,pkg:oss:ntp,NTP Daemon,4.2.8p10,CVE-2018-7182;CVE-2018-7183;CVE-2018-7184
ICS-0873_belden_rsp-managed-switch-rsp20_SBOM.json,ICS-0873,pkg:oss:u-boot,Das U-Boot,2021.10,CVE-2022-30767;CVE-2022-33967
ICS-0873_belden_rsp-managed-switch-rsp20_SBOM.json,ICS-0873,pkg:oss:dnsmasq,dnsmasq,2.78,CVE-2017-14491;CVE-2017-14492;CVE-2020-25681
ICS-0873_belden_rsp-managed-switch-rsp20_SBOM.json,ICS-0873,pkg:oss:libxml2,libxml2,2.9.14,CVE-2022-40303;CVE-2022-40304;CVE-2023-28484
ICS-0873_belden_rsp-managed-switch-rsp20_SBOM.json,ICS-0873,pkg:oss:mosquitto,Eclipse Mosquitto,2.0.11,CVE-2021-34431;CVE-2021-41039;CVE-2023-0809
ICS-0873_belden_rsp-managed-switch-rsp20_SBOM.json,ICS-0873,pkg:oss:openssh,OpenSSH,7.4p1,CVE-2018-15473;CVE-2019-6111;CVE-2016-10708
ICS-0873_belden_rsp-managed-switch-rsp20_SBOM.json,ICS-0873,pkg:oss:openssl,OpenSSL,1.0.2k,CVE-2017-3731;CVE-2017-3732;CVE-2016-7055
ICS-0874_westermo_lynx-dss-managed-switch-lynx-5612_SBOM.json,ICS-0874,pkg:oss:zlib,zlib,1.2.11,CVE-2018-25032;CVE-2022-37434
ICS-0874_westermo_lynx-dss-managed-switch-lynx-5612_SBOM.json,ICS-0874,pkg:oss:glibc,GNU C Library,2.35,CVE-2023-4911;CVE-2024-2961
ICS-0874_westermo_lynx-dss-managed-switch-lynx-5612_SBOM.json,ICS-0874,pkg:oss:busybox,BusyBox,1.20.2,CVE-2017-16544;CVE-2016-2147;CVE-2018-1000500
ICS-0874_westermo_lynx-dss-managed-switch-lynx-5612_SBOM.json,ICS-0874,pkg:oss:dnsmasq,dnsmasq,2.82,CVE-2020-25681;CVE-2020-25684;CVE-2021-3448
ICS-0875_moxa_eds-managed-ethernet-switch-eds-508a_SBOM.json,ICS-0875,pkg:oss:expat,Expat,2.2.10,CVE-2022-22822;CVE-2022-23852;CVE-2022-25235
ICS-0875_moxa_eds-managed-ethernet-switch-eds-508a_SBOM.json,ICS-0875,pkg:oss:linux-kernel,Linux Kernel,3.10.108,CVE-2017-1000112;CVE-2018-5333;CVE-2019-11477
ICS-0875_moxa_eds-managed-ethernet-switch-eds-508a_SBOM.json,ICS-0875,pkg:oss:sqlite,SQLite,3.22.0,CVE-2018-8740;CVE-2019-8457;CVE-2020-11655
ICS-0875_moxa_eds-managed-ethernet-switch-eds-508a_SBOM.json,ICS-0875,pkg:oss:lighttpd,lighttpd,1.4.55,CVE-2022-22707;CVE-2023-44487
ICS-0876_siemens_scalance-x-industrial-switch-x308-2_SBOM.json,ICS-0876,pkg:oss:wpa-supplicant,wpa_supplicant,2.10,CVE-2023-52160
ICS-0876_siemens_scalance-x-industrial-switch-x308-2_SBOM.json,ICS-0876,pkg:oss:linux-kernel,Linux Kernel,4.9.337,CVE-2019-11477;CVE-2021-33909;CVE-2022-0847
ICS-0876_siemens_scalance-x-industrial-switch-x308-2_SBOM.json,ICS-0876,pkg:oss:sqlite,SQLite,3.39.4,CVE-2022-46908;CVE-2023-7104
ICS-0876_siemens_scalance-x-industrial-switch-x308-2_SBOM.json,ICS-0876,pkg:oss:ntp,NTP Daemon,4.2.8p13,CVE-2019-8936;CVE-2020-11868
ICS-0876_siemens_scalance-x-industrial-switch-x308-2_SBOM.json,ICS-0876,pkg:oss:dropbear,Dropbear SSH,2019.78,CVE-2018-15599;CVE-2020-36254
ICS-0877_siemens_ruggedcom-rx1500-router-rx1400_SBOM.json,ICS-0877,pkg:oss:sqlite,SQLite,3.41.2,CVE-2023-7104
ICS-0877_siemens_ruggedcom-rx1500-router-rx1400_SBOM.json,ICS-0877,pkg:oss:dnsmasq,dnsmasq,2.78,CVE-2017-14491;CVE-2017-14492;CVE-2020-25681
ICS-0877_siemens_ruggedcom-rx1500-router-rx1400_SBOM.json,ICS-0877,pkg:oss:dropbear,Dropbear SSH,2016.74,CVE-2016-7406;CVE-2016-7407;CVE-2016-7408
ICS-0878_abb_acs880-industrial-drive-acs880-07_SBOM.json,ICS-0878,pkg:oss:ntp,NTP Daemon,4.2.8p13,CVE-2019-8936;CVE-2020-11868
ICS-0878_abb_acs880-industrial-drive-acs880-07_SBOM.json,ICS-0878,pkg:oss:expat,Expat,2.5.0,CVE-2023-52425
ICS-0878_abb_acs880-industrial-drive-acs880-07_SBOM.json,ICS-0878,pkg:oss:lwip,lwIP,2.0.3,CVE-2020-22283;CVE-2020-22284;CVE-2020-22288
ICS-0878_abb_acs880-industrial-drive-acs880-07_SBOM.json,ICS-0878,pkg:oss:treck-tcpip,Treck TCP/IP Stack,6.0.1.67,CVE-2020-11898;CVE-2020-11900
ICS-0879_siemens_sinamics-s120-drive-cu310-2-pn_SBOM.json,ICS-0879,pkg:oss:lwip,lwIP,1.4.1,CVE-2014-1912;CVE-2020-22283;CVE-2020-22284
ICS-0879_siemens_sinamics-s120-drive-cu310-2-pn_SBOM.json,ICS-0879,pkg:oss:mbedtls,Mbed TLS,2.16.3,CVE-2020-10932;CVE-2020-16150;CVE-2021-24119
ICS-0879_siemens_sinamics-s120-drive-cu310-2-pn_SBOM.json,ICS-0879,pkg:oss:treck-tcpip,Treck TCP/IP Stack,6.0.1.67,CVE-2020-11898;CVE-2020-11900
ICS-0879_siemens_sinamics-s120-drive-cu310-2-pn_SBOM.json,ICS-0879,pkg:oss:wolfssl,wolfSSL,4.5.0,CVE-2021-3336;CVE-2021-24116
ICS-0879_siemens_sinamics-s120-drive-cu310-2-pn_SBOM.json,ICS-0879,pkg:oss:openssl,OpenSSL,1.1.1k,CVE-2021-3711;CVE-2021-3712;CVE-2022-0778
ICS-0880_danfoss_vlt-automationdrive-fc-102_SBOM.json,ICS-0880,pkg:oss:lwip,lwIP,2.1.2,CVE-2020-22283;CVE-2020-22285;CVE-2020-22286
ICS-0880_danfoss_vlt-automationdrive-fc-102_SBOM.json,ICS-0880,pkg:oss:wolfssl,wolfSSL,5.5.0,CVE-2022-42905;CVE-2023-3724
ICS-0880_danfoss_vlt-automationdrive-fc-102_SBOM.json,ICS-0880,pkg:oss:zlib,zlib,1.2.8,CVE-2016-9840;CVE-2016-9841;CVE-2018-25032
ICS-0880_danfoss_vlt-automationdrive-fc-102_SBOM.json,ICS-0880,pkg:oss:mbedtls,Mbed TLS,2.28.0,CVE-2022-35409;CVE-2023-43615
ICS-0880_danfoss_vlt-automationdrive-fc-102_SBOM.json,ICS-0880,pkg:oss:expat,Expat,2.4.1,CVE-2022-25236;CVE-2022-25315
ICS-0881_rockwell_powerflex-755-drive-755t_SBOM.json,ICS-0881,pkg:oss:wolfssl,wolfSSL,5.5.0,CVE-2022-42905;CVE-2023-3724
ICS-0881_rockwell_powerflex-755-drive-755t_SBOM.json,ICS-0881,pkg:oss:lwip,lwIP,2.1.2,CVE-2020-22283;CVE-2020-22285;CVE-2020-22286
ICS-0881_rockwell_powerflex-755-drive-755t_SBOM.json,ICS-0881,pkg:oss:mbedtls,Mbed TLS,2.28.0,CVE-2022-35409;CVE-2023-43615
ICS-0881_rockwell_powerflex-755-drive-755t_SBOM.json,ICS-0881,pkg:oss:openssl,OpenSSL,1.1.1n,CVE-2022-1292;CVE-2022-2068;CVE-2022-4304
ICS-0882_bosch-rexroth_indradrive-controller-hcs02_SBOM.json,ICS-0882,pkg:oss:openssl,OpenSSL,1.1.1n,CVE-2022-1292;CVE-2022-2068;CVE-2022-4304
ICS-0882_bosch-rexroth_indradrive-controller-hcs02_SBOM.json,ICS-0882,pkg:oss:libmodbus,libmodbus,3.0.6,CVE-2019-14462;CVE-2019-14463
ICS-0882_bosch-rexroth_indradrive-controller-hcs02_SBOM.json,ICS-0882,pkg:oss:mbedtls,Mbed TLS,2.16.3,CVE-2020-10932;CVE-2020-16150;CVE-2021-24119
ICS-0882_bosch-rexroth_indradrive-controller-hcs02_SBOM.json,ICS-0882,pkg:oss:zlib,zlib,1.2.8,CVE-2016-9840;CVE-2016-9841;CVE-2018-25032
ICS-0882_bosch-rexroth_indradrive-controller-hcs02_SBOM.json,ICS-0882,pkg:oss:treck-tcpip,Treck TCP/IP Stack,6.0.1.66,CVE-2020-11896;CVE-2020-11897;CVE-2020-11901
ICS-0883_bosch-rexroth_indramotion-mlc-xm42_SBOM.json,ICS-0883,pkg:oss:libssh2,libssh2,1.9.0,CVE-2019-17498;CVE-2020-22218
ICS-0883_bosch-rexroth_indramotion-mlc-xm42_SBOM.json,ICS-0883,pkg:oss:net-snmp,Net-SNMP,5.9.1,CVE-2022-24805;CVE-2022-24809
ICS-0883_bosch-rexroth_indramotion-mlc-xm42_SBOM.json,ICS-0883,pkg:oss:linux-kernel,Linux Kernel,5.4.278,CVE-2023-32233;CVE-2024-1086
ICS-0883_bosch-rexroth_indramotion-mlc-xm42_SBOM.json,ICS-0883,pkg:oss:openvpn,OpenVPN,2.4.7,CVE-2020-11810;CVE-2020-15078
ICS-0883_bosch-rexroth_indramotion-mlc-xm42_SBOM.json,ICS-0883,pkg:oss:u-boot,Das U-Boot,2020.04,CVE-2020-10648;CVE-2021-27097;CVE-2022-30767
ICS-0883_bosch-rexroth_indramotion-mlc-xm42_SBOM.json,ICS-0883,pkg:oss:libxml2,libxml2,2.9.4,CVE-2016-9318;CVE-2017-5969;CVE-2018-14567
ICS-0883_bosch-rexroth_indramotion-mlc-xm42_SBOM.json,ICS-0883,pkg:oss:openssl,OpenSSL,1.1.1g,CVE-2020-1971;CVE-2021-3450;CVE-2021-3711
ICS-0883_bosch-rexroth_indramotion-mlc-xm42_SBOM.json,ICS-0883,pkg:oss:codesys-rt,CODESYS Control Runtime System,3.5.19.20,CVE-2023-3663;CVE-2023-3665
ICS-0884_fuji_frenic-ace-inverter-frn0012e2s_SBOM.json,ICS-0884,pkg:oss:lwip,lwIP,1.4.1,CVE-2014-1912;CVE-2020-22283;CVE-2020-22284
ICS-0884_fuji_frenic-ace-inverter-frn0012e2s_SBOM.json,ICS-0884,pkg:oss:mbedtls,Mbed TLS,2.28.0,CVE-2022-35409;CVE-2023-43615
ICS-0884_fuji_frenic-ace-inverter-frn0012e2s_SBOM.json,ICS-0884,pkg:oss:zlib,zlib,1.2.11,CVE-2018-25032;CVE-2022-37434
ICS-0884_fuji_frenic-ace-inverter-frn0012e2s_SBOM.json,ICS-0884,pkg:oss:treck-tcpip,Treck TCP/IP Stack,6.0.1.66,CVE-2020-11896;CVE-2020-11897;CVE-2020-11901
ICS-0884_fuji_frenic-ace-inverter-frn0012e2s_SBOM.json,ICS-0884,pkg:oss:wolfssl,wolfSSL,5.5.0,CVE-2022-42905;CVE-2023-3724
ICS-0884_fuji_frenic-ace-inverter-frn0012e2s_SBOM.json,ICS-0884,pkg:oss:ntp,NTP Daemon,4.2.8p10,CVE-2018-7182;CVE-2018-7183;CVE-2018-7184
ICS-0885_mitsubishi_melfa-robot-controller-cr800-r_SBOM.json,ICS-0885,pkg:oss:lwip,lwIP,2.1.3,CVE-2023-5188
ICS-0885_mitsubishi_melfa-robot-controller-cr800-r_SBOM.json,ICS-0885,pkg:oss:mbedtls,Mbed TLS,2.16.3,CVE-2020-10932;CVE-2020-16150;CVE-2021-24119
ICS-0885_mitsubishi_melfa-robot-controller-cr800-r_SBOM.json,ICS-0885,pkg:oss:ntp,NTP Daemon,4.2.8p15,CVE-2023-26551
ICS-0886_abb_irc5-robot-controller-irc5-single_SBOM.json,ICS-0886,pkg:oss:open62541,open62541 OPC UA Stack,1.3.6,CVE-2023-31048
ICS-0886_abb_irc5-robot-controller-irc5-single_SBOM.json,ICS-0886,pkg:oss:libxml2,libxml2,2.9.10,CVE-2021-3517;CVE-2021-3518;CVE-2022-29824
ICS-0886_abb_irc5-robot-controller-irc5-single_SBOM.json,ICS-0886,pkg:oss:net-snmp,Net-SNMP,5.8,CVE-2020-15861;CVE-2020-15862;CVE-2022-24805
ICS-0886_abb_irc5-robot-controller-irc5-single_SBOM.json,ICS-0886,pkg:oss:libmodbus,libmodbus,3.0.6,CVE-2019-14462;CVE-2019-14463
ICS-0886_abb_irc5-robot-controller-irc5-single_SBOM.json,ICS-0886,pkg:oss:ntp,NTP Daemon,4.2.8p15,CVE-2023-26551
ICS-0886_abb_irc5-robot-controller-irc5-single_SBOM.json,ICS-0886,pkg:oss:zlib,zlib,1.2.12,CVE-2022-37434
ICS-0886_abb_irc5-robot-controller-irc5-single_SBOM.json,ICS-0886,pkg:oss:libcurl,libcurl,7.29.0,CVE-2016-8615;CVE-2018-1000120;CVE-2019-5482
ICS-0887_keyence_cnc-motion-unit-mc-2_SBOM.json,ICS-0887,pkg:oss:zlib,zlib,1.2.12,CVE-2022-37434
ICS-0887_keyence_cnc-motion-unit-mc-2_SBOM.json,ICS-0887,pkg:oss:expat,Expat,2.5.0,CVE-2023-52425
ICS-0887_keyence_cnc-motion-unit-mc-2_SBOM.json,ICS-0887,pkg:oss:treck-tcpip,Treck TCP/IP Stack,6.0.1.66,CVE-2020-11896;CVE-2020-11897;CVE-2020-11901
ICS-0887_keyence_cnc-motion-unit-mc-2_SBOM.json,ICS-0887,pkg:oss:libmodbus,libmodbus,3.1.4,CVE-2019-14462;CVE-2019-14463
ICS-0887_keyence_cnc-motion-unit-mc-2_SBOM.json,ICS-0887,pkg:oss:openssl,OpenSSL,1.0.2u,CVE-2021-23840;CVE-2021-3712
ICS-0887_keyence_cnc-motion-unit-mc-2_SBOM.json,ICS-0887,pkg:oss:ntp,NTP Daemon,4.2.8p10,CVE-2018-7182;CVE-2018-7183;CVE-2018-7184
ICS-0887_keyence_cnc-motion-unit-mc-2_SBOM.json,ICS-0887,pkg:oss:lwip,lwIP,2.0.3,CVE-2020-22283;CVE-2020-22284;CVE-2020-22288
ICS-0888_mitsubishi_m800-cnc-controller-m850w_SBOM.json,ICS-0888,pkg:oss:mbedtls,Mbed TLS,2.28.0,CVE-2022-35409;CVE-2023-43615
ICS-0888_mitsubishi_m800-cnc-controller-m850w_SBOM.json,ICS-0888,pkg:oss:treck-tcpip,Treck TCP/IP Stack,6.0.1.66,CVE-2020-11896;CVE-2020-11897;CVE-2020-11901
ICS-0888_mitsubishi_m800-cnc-controller-m850w_SBOM.json,ICS-0888,pkg:oss:openssl,OpenSSL,1.0.2k,CVE-2017-3731;CVE-2017-3732;CVE-2016-7055
ICS-0888_mitsubishi_m800-cnc-controller-m850w_SBOM.json,ICS-0888,pkg:oss:zlib,zlib,1.2.12,CVE-2022-37434
ICS-0888_mitsubishi_m800-cnc-controller-m850w_SBOM.json,ICS-0888,pkg:oss:expat,Expat,2.5.0,CVE-2023-52425
ICS-0889_emerson_rosemount-3051s-transmitter-3051smv_SBOM.json,ICS-0889,pkg:oss:lwip,lwIP,2.1.2,CVE-2020-22283;CVE-2020-22285;CVE-2020-22286
ICS-0889_emerson_rosemount-3051s-transmitter-3051smv_SBOM.json,ICS-0889,pkg:oss:wolfssl,wolfSSL,4.5.0,CVE-2021-3336;CVE-2021-24116
ICS-0889_emerson_rosemount-3051s-transmitter-3051smv_SBOM.json,ICS-0889,pkg:oss:treck-tcpip,Treck TCP/IP Stack,6.0.1.66,CVE-2020-11896;CVE-2020-11897;CVE-2020-11901
ICS-0889_emerson_rosemount-3051s-transmitter-3051smv_SBOM.json,ICS-0889,pkg:oss:mbedtls,Mbed TLS,2.16.3,CVE-2020-10932;CVE-2020-16150;CVE-2021-24119
ICS-0890_yokogawa_eja-e-series-transmitter-eja430e_SBOM.json,ICS-0890,pkg:oss:lwip,lwIP,1.4.1,CVE-2014-1912;CVE-2020-22283;CVE-2020-22284
ICS-0890_yokogawa_eja-e-series-transmitter-eja430e_SBOM.json,ICS-0890,pkg:oss:wolfssl,wolfSSL,4.5.0,CVE-2021-3336;CVE-2021-24116
ICS-0890_yokogawa_eja-e-series-transmitter-eja430e_SBOM.json,ICS-0890,pkg:oss:treck-tcpip,Treck TCP/IP Stack,6.0.1.67,CVE-2020-11898;CVE-2020-11900
ICS-0890_yokogawa_eja-e-series-transmitter-eja430e_SBOM.json,ICS-0890,pkg:oss:mbedtls,Mbed TLS,2.28.0,CVE-2022-35409;CVE-2023-43615
ICS-0891_honeywell_smartline-st800-transmitter-st700_SBOM.json,ICS-0891,pkg:oss:treck-tcpip,Treck TCP/IP Stack,6.0.1.67,CVE-2020-11898;CVE-2020-11900
ICS-0891_honeywell_smartline-st800-transmitter-st700_SBOM.json,ICS-0891,pkg:oss:mbedtls,Mbed TLS,2.28.0,CVE-2022-35409;CVE-2023-43615
ICS-0891_honeywell_smartline-st800-transmitter-st700_SBOM.json,ICS-0891,pkg:oss:wolfssl,wolfSSL,4.5.0,CVE-2021-3336;CVE-2021-24116
ICS-0892_abb_merging-unit-sam600-sam600-ct_SBOM.json,ICS-0892,pkg:oss:openssl,OpenSSL,1.1.1k,CVE-2021-3711;CVE-2021-3712;CVE-2022-0778
ICS-0892_abb_merging-unit-sam600-sam600-ct_SBOM.json,ICS-0892,pkg:oss:mbedtls,Mbed TLS,2.28.0,CVE-2022-35409;CVE-2023-43615
ICS-0892_abb_merging-unit-sam600-sam600-ct_SBOM.json,ICS-0892,pkg:oss:expat,Expat,2.2.0,CVE-2018-20843;CVE-2019-15903
ICS-0892_abb_merging-unit-sam600-sam600-ct_SBOM.json,ICS-0892,pkg:oss:wolfssl,wolfSSL,5.5.0,CVE-2022-42905;CVE-2023-3724
ICS-0892_abb_merging-unit-sam600-sam600-ct_SBOM.json,ICS-0892,pkg:oss:lwip,lwIP,2.1.3,CVE-2023-5188
ICS-0892_abb_merging-unit-sam600-sam600-ct_SBOM.json,ICS-0892,pkg:oss:zlib,zlib,1.2.8,CVE-2016-9840;CVE-2016-9841;CVE-2018-25032
ICS-0892_abb_merging-unit-sam600-sam600-ct_SBOM.json,ICS-0892,pkg:oss:treck-tcpip,Treck TCP/IP Stack,6.0.1.66,CVE-2020-11896;CVE-2020-11897;CVE-2020-11901
ICS-0893_schneider_powerlogic-ion9000-meter-ion7650_SBOM.json,ICS-0893,pkg:oss:sqlite,SQLite,3.39.4,CVE-2022-46908;CVE-2023-7104
ICS-0893_schneider_powerlogic-ion9000-meter-ion7650_SBOM.json,ICS-0893,pkg:oss:libpcap,libpcap,1.8.1,CVE-2018-16301;CVE-2019-15165
ICS-0893_schneider_powerlogic-ion9000-meter-ion7650_SBOM.json,ICS-0893,pkg:oss:ntp,NTP Daemon,4.2.8p13,CVE-2019-8936;CVE-2020-11868
ICS-0893_schneider_powerlogic-ion9000-meter-ion7650_SBOM.json,ICS-0893,pkg:oss:libssh2,libssh2,1.9.0,CVE-2019-17498;CVE-2020-22218
ICS-0893_schneider_powerlogic-ion9000-meter-ion7650_SBOM.json,ICS-0893,pkg:oss:libmodbus,libmodbus,3.0.6,CVE-2019-14462;CVE-2019-14463
ICS-0893_schneider_powerlogic-ion9000-meter-ion7650_SBOM.json,ICS-0893,pkg:oss:openvpn,OpenVPN,2.5.5,CVE-2022-0547;CVE-2023-46849;CVE-2023-46850
ICS-0893_schneider_powerlogic-ion9000-meter-ion7650_SBOM.json,ICS-0893,pkg:oss:nginx,nginx,1.14.2,CVE-2019-9511;CVE-2019-9513;CVE-2019-20372
ICS-0893_schneider_powerlogic-ion9000-meter-ion7650_SBOM.json,ICS-0893,pkg:oss:net-snmp,Net-SNMP,5.7.3,CVE-2018-18065;CVE-2019-20892;CVE-2020-15862
ICS-0893_schneider_powerlogic-ion9000-meter-ion7650_SBOM.json,ICS-0893,pkg:oss:libcurl,libcurl,7.29.0,CVE-2016-8615;CVE-2018-1000120;CVE-2019-5482
ICS-0894_ge_epm-9900-power-meter-epm7000_SBOM.json,ICS-0894,pkg:oss:treck-tcpip,Treck TCP/IP Stack,6.0.1.67,CVE-2020-11898;CVE-2020-11900
ICS-0894_ge_epm-9900-power-meter-epm7000_SBOM.json,ICS-0894,pkg:oss:lwip,lwIP,2.1.3,CVE-2023-5188
ICS-0894_ge_epm-9900-power-meter-epm7000_SBOM.json,ICS-0894,pkg:oss:expat,Expat,2.2.10,CVE-2022-22822;CVE-2022-23852;CVE-2022-25235
ICS-0894_ge_epm-9900-power-meter-epm7000_SBOM.json,ICS-0894,pkg:oss:wolfssl,wolfSSL,4.5.0,CVE-2021-3336;CVE-2021-24116
ICS-0895_ptc_kepserverex-connectivity-platform-6-13_SBOM.json,ICS-0895,pkg:oss:sqlite,SQLite,3.22.0,CVE-2018-8740;CVE-2019-8457;CVE-2020-11655
ICS-0895_ptc_kepserverex-connectivity-platform-6-13_SBOM.json,ICS-0895,pkg:oss:sqlserver-express,Microsoft SQL Server Express,2017 CU31,CVE-2022-29143;CVE-2023-21528
ICS-0895_ptc_kepserverex-connectivity-platform-6-13_SBOM.json,ICS-0895,pkg:oss:dotnet,Microsoft .NET Framework,4.6.2,CVE-2018-8421;CVE-2019-0545;CVE-2020-1147
ICS-0895_ptc_kepserverex-connectivity-platform-6-13_SBOM.json,ICS-0895,pkg:oss:libxml2,libxml2,2.9.14,CVE-2022-40303;CVE-2022-40304;CVE-2023-28484
ICS-0895_ptc_kepserverex-connectivity-platform-6-13_SBOM.json,ICS-0895,pkg:oss:zlib,zlib,1.2.8,CVE-2016-9840;CVE-2016-9841;CVE-2018-25032
ICS-0895_ptc_kepserverex-connectivity-platform-6-13_SBOM.json,ICS-0895,pkg:oss:openssl,OpenSSL,1.0.2k,CVE-2017-3731;CVE-2017-3732;CVE-2016-7055
ICS-0896_softing_datafeed-opc-suite-v5-22_SBOM.json,ICS-0896,pkg:oss:libxml2,libxml2,2.9.10,CVE-2021-3517;CVE-2021-3518;CVE-2022-29824
ICS-0896_softing_datafeed-opc-suite-v5-22_SBOM.json,ICS-0896,pkg:oss:openssl,OpenSSL,1.0.2k,CVE-2017-3731;CVE-2017-3732;CVE-2016-7055
ICS-0896_softing_datafeed-opc-suite-v5-22_SBOM.json,ICS-0896,pkg:oss:expat,Expat,2.5.0,CVE-2023-52425
ICS-0897_aveva_aveva-opc-ua-server-2023_SBOM.json,ICS-0897,pkg:oss:sqlite,SQLite,3.22.0,CVE-2018-8740;CVE-2019-8457;CVE-2020-11655
ICS-0897_aveva_aveva-opc-ua-server-2023_SBOM.json,ICS-0897,pkg:oss:dotnet,Microsoft .NET Framework,4.8,CVE-2021-26701;CVE-2023-21808
ICS-0897_aveva_aveva-opc-ua-server-2023_SBOM.json,ICS-0897,pkg:oss:sqlserver-express,Microsoft SQL Server Express,2019 CU22,CVE-2023-21528
ICS-0897_aveva_aveva-opc-ua-server-2023_SBOM.json,ICS-0897,pkg:oss:libcurl,libcurl,8.4.0,CVE-2023-46218;CVE-2024-2379
ICS-0898_honeywell_excel-web-ii-bacnet-controller-xl1000c1000_SBOM.json,ICS-0898,pkg:oss:goahead,GoAhead Embedded Web Server,3.6.5,CVE-2017-17562;CVE-2019-5096;CVE-2019-5097
ICS-0898_honeywell_excel-web-ii-bacnet-controller-xl1000c1000_SBOM.json,ICS-0898,pkg:oss:expat,Expat,2.4.1,CVE-2022-25236;CVE-2022-25315
ICS-0898_honeywell_excel-web-ii-bacnet-controller-xl1000c1000_SBOM.json,ICS-0898,pkg:oss:u-boot,Das U-Boot,2021.10,CVE-2022-30767;CVE-2022-33967
ICS-0898_honeywell_excel-web-ii-bacnet-controller-xl1000c1000_SBOM.json,ICS-0898,pkg:oss:lighttpd,lighttpd,1.4.55,CVE-2022-22707;CVE-2023-44487
ICS-0898_honeywell_excel-web-ii-bacnet-controller-xl1000c1000_SBOM.json,ICS-0898,pkg:oss:openssh,OpenSSH,9.3p1,CVE-2023-38408;CVE-2023-48795;CVE-2024-6387
ICS-0899_siemens_desigo-pxc-automation-station-pxc200-e-d_SBOM.json,ICS-0899,pkg:oss:libmodbus,libmodbus,3.1.4,CVE-2019-14462;CVE-2019-14463
ICS-0899_siemens_desigo-pxc-automation-station-pxc200-e-d_SBOM.json,ICS-0899,pkg:oss:mbedtls,Mbed TLS,2.16.3,CVE-2020-10932;CVE-2020-16150;CVE-2021-24119
ICS-0899_siemens_desigo-pxc-automation-station-pxc200-e-d_SBOM.json,ICS-0899,pkg:oss:ntp,NTP Daemon,4.2.8p10,CVE-2018-7182;CVE-2018-7183;CVE-2018-7184
ICS-0899_siemens_desigo-pxc-automation-station-pxc200-e-d_SBOM.json,ICS-0899,pkg:oss:lwip,lwIP,1.4.1,CVE-2014-1912;CVE-2020-22283;CVE-2020-22284
ICS-0900_schneider_smartx-as-p-controller-as-b_SBOM.json,ICS-0900,pkg:oss:open62541,open62541 OPC UA Stack,1.2.2,CVE-2021-40206;CVE-2022-25761
ICS-0900_schneider_smartx-as-p-controller-as-b_SBOM.json,ICS-0900,pkg:oss:wpa-supplicant,wpa_supplicant,2.9,CVE-2021-27803;CVE-2021-30004;CVE-2022-23303
ICS-0900_schneider_smartx-as-p-controller-as-b_SBOM.json,ICS-0900,pkg:oss:libssh2,libssh2,1.9.0,CVE-2019-17498;CVE-2020-22218
ICS-0900_schneider_smartx-as-p-controller-as-b_SBOM.json,ICS-0900,pkg:oss:openssh,OpenSSH,9.3p1,CVE-2023-38408;CVE-2023-48795;CVE-2024-6387
ICS-0900_schneider_smartx-as-p-controller-as-b_SBOM.json,ICS-0900,pkg:oss:mosquitto,Eclipse Mosquitto,2.0.11,CVE-2021-34431;CVE-2021-41039;CVE-2023-0809
ICS-0900_schneider_smartx-as-p-controller-as-b_SBOM.json,ICS-0900,pkg:oss:expat,Expat,2.2.10,CVE-2022-22822;CVE-2022-23852;CVE-2022-25235
ICS-0900_schneider_smartx-as-p-controller-as-b_SBOM.json,ICS-0900,pkg:oss:dropbear,Dropbear SSH,2022.83,CVE-2023-48795
ICS-0901_delta_ez-building-controller-ezns-500_SBOM.json,ICS-0901,pkg:oss:libssh2,libssh2,1.8.0,CVE-2019-3855;CVE-2019-3856;CVE-2019-3858
ICS-0901_delta_ez-building-controller-ezns-500_SBOM.json,ICS-0901,pkg:oss:sqlite,SQLite,3.41.2,CVE-2023-7104
ICS-0901_delta_ez-building-controller-ezns-500_SBOM.json,ICS-0901,pkg:oss:libmodbus,libmodbus,3.1.4,CVE-2019-14462;CVE-2019-14463
ICS-0901_delta_ez-building-controller-ezns-500_SBOM.json,ICS-0901,pkg:oss:dropbear,Dropbear SSH,2019.78,CVE-2018-15599;CVE-2020-36254
ICS-0901_delta_ez-building-controller-ezns-500_SBOM.json,ICS-0901,pkg:oss:net-snmp,Net-SNMP,5.9.1,CVE-2022-24805;CVE-2022-24809
ICS-0901_delta_ez-building-controller-ezns-500_SBOM.json,ICS-0901,pkg:oss:open62541,open62541 OPC UA Stack,1.2.2,CVE-2021-40206;CVE-2022-25761
ICS-0902_phoenix_radioline-wireless-gateway-rad-900_SBOM.json,ICS-0902,pkg:oss:freertos,FreeRTOS Kernel,10.2.1,CVE-2021-31571;CVE-2021-31572
ICS-0902_phoenix_radioline-wireless-gateway-rad-900_SBOM.json,ICS-0902,pkg:oss:lwip,lwIP,2.1.2,CVE-2020-22283;CVE-2020-22285;CVE-2020-22286
ICS-0902_phoenix_radioline-wireless-gateway-rad-900_SBOM.json,ICS-0902,pkg:oss:wolfssl,wolfSSL,5.5.0,CVE-2022-42905;CVE-2023-3724
ICS-0903_moxa_awk-industrial-wireless-ap-awk-4131a_SBOM.json,ICS-0903,pkg:oss:mosquitto,Eclipse Mosquitto,2.0.15,CVE-2023-0809;CVE-2023-3592
ICS-0903_moxa_awk-industrial-wireless-ap-awk-4131a_SBOM.json,ICS-0903,pkg:oss:lighttpd,lighttpd,1.4.45,CVE-2018-19052;CVE-2019-11072
ICS-0903_moxa_awk-industrial-wireless-ap-awk-4131a_SBOM.json,ICS-0903,pkg:oss:expat,Expat,2.5.0,CVE-2023-52425
ICS-0903_moxa_awk-industrial-wireless-ap-awk-4131a_SBOM.json,ICS-0903,pkg:oss:libcurl,libcurl,7.64.0,CVE-2019-5481;CVE-2019-5482;CVE-2020-8177
ICS-0903_moxa_awk-industrial-wireless-ap-awk-4131a_SBOM.json,ICS-0903,pkg:oss:ntp,NTP Daemon,4.2.8p15,CVE-2023-26551
ICS-0903_moxa_awk-industrial-wireless-ap-awk-4131a_SBOM.json,ICS-0903,pkg:oss:libpcap,libpcap,1.8.1,CVE-2018-16301;CVE-2019-15165
ICS-0904_emerson_wireless-1420-gateway-1410s_SBOM.json,ICS-0904,pkg:oss:busybox,BusyBox,1.35.0,CVE-2022-28391
ICS-0904_emerson_wireless-1420-gateway-1410s_SBOM.json,ICS-0904,pkg:oss:net-snmp,Net-SNMP,5.7.3,CVE-2018-18065;CVE-2019-20892;CVE-2020-15862
ICS-0904_emerson_wireless-1420-gateway-1410s_SBOM.json,ICS-0904,pkg:oss:openssl,OpenSSL,1.0.2u,CVE-2021-23840;CVE-2021-3712
ICS-0904_emerson_wireless-1420-gateway-1410s_SBOM.json,ICS-0904,pkg:oss:linux-kernel,Linux Kernel,4.14.336,CVE-2021-33909;CVE-2022-0847
ICS-0905_siemens_simatic-s7-1500-cpu-1511-1-pn_SBOM.json,ICS-0905,pkg:oss:ntp,NTP Daemon,4.2.8p13,CVE-2019-8936;CVE-2020-11868
ICS-0905_siemens_simatic-s7-1500-cpu-1511-1-pn_SBOM.json,ICS-0905,pkg:oss:treck-tcpip,Treck TCP/IP Stack,6.0.1.66,CVE-2020-11896;CVE-2020-11897;CVE-2020-11901
ICS-0905_siemens_simatic-s7-1500-cpu-1511-1-pn_SBOM.json,ICS-0905,pkg:oss:expat,Expat,2.4.1,CVE-2022-25236;CVE-2022-25315
ICS-0905_siemens_simatic-s7-1500-cpu-1511-1-pn_SBOM.json,ICS-0905,pkg:oss:mbedtls,Mbed TLS,3.4.0,CVE-2023-43615
ICS-0905_siemens_simatic-s7-1500-cpu-1511-1-pn_SBOM.json,ICS-0905,pkg:oss:lwip,lwIP,1.4.1,CVE-2014-1912;CVE-2020-22283;CVE-2020-22284
ICS-0906_siemens_simatic-s7-1200-cpu-1212c_SBOM.json,ICS-0906,pkg:oss:lwip,lwIP,2.1.3,CVE-2023-5188
ICS-0906_siemens_simatic-s7-1200-cpu-1212c_SBOM.json,ICS-0906,pkg:oss:expat,Expat,2.5.0,CVE-2023-52425
ICS-0907_siemens_simatic-s7-400-cpu-417-4h_SBOM.json,ICS-0907,pkg:oss:wolfssl,wolfSSL,5.5.0,CVE-2022-42905;CVE-2023-3724
ICS-0907_siemens_simatic-s7-400-cpu-417-4h_SBOM.json,ICS-0907,pkg:oss:libmodbus,libmodbus,3.0.6,CVE-2019-14462;CVE-2019-14463
ICS-0907_siemens_simatic-s7-400-cpu-417-4h_SBOM.json,ICS-0907,pkg:oss:zlib,zlib,1.2.8,CVE-2016-9840;CVE-2016-9841;CVE-2018-25032
ICS-0907_siemens_simatic-s7-400-cpu-417-4h_SBOM.json,ICS-0907,pkg:oss:expat,Expat,2.2.10,CVE-2022-22822;CVE-2022-23852;CVE-2022-25235
ICS-0907_siemens_simatic-s7-400-cpu-417-4h_SBOM.json,ICS-0907,pkg:oss:mbedtls,Mbed TLS,2.16.3,CVE-2020-10932;CVE-2020-16150;CVE-2021-24119
ICS-0908_rockwell_controllogix-controller-1756-l71_SBOM.json,ICS-0908,pkg:oss:libmodbus,libmodbus,3.1.4,CVE-2019-14462;CVE-2019-14463
ICS-0908_rockwell_controllogix-controller-1756-l71_SBOM.json,ICS-0908,pkg:oss:sqlite,SQLite,3.41.2,CVE-2023-7104
ICS-0908_rockwell_controllogix-controller-1756-l71_SBOM.json,ICS-0908,pkg:oss:ipnet,Interpeak IPnet TCP/IP Stack,6.9,CVE-2019-12255;CVE-2019-12256;CVE-2019-12257;CVE-2019-12260
ICS-0908_rockwell_controllogix-controller-1756-l71_SBOM.json,ICS-0908,pkg:oss:expat,Expat,2.5.0,CVE-2023-52425
ICS-0908_rockwell_controllogix-controller-1756-l71_SBOM.json,ICS-0908,pkg:oss:libcurl,libcurl,8.4.0,CVE-2023-46218;CVE-2024-2379
ICS-0909_rockwell_compactlogix-controller-5370-l33er_SBOM.json,ICS-0909,pkg:oss:net-snmp,Net-SNMP,5.7.3,CVE-2018-18065;CVE-2019-20892;CVE-2020-15862
ICS-0909_rockwell_compactlogix-controller-5370-l33er_SBOM.json,ICS-0909,pkg:oss:libxml2,libxml2,2.9.10,CVE-2021-3517;CVE-2021-3518;CVE-2022-29824
ICS-0909_rockwell_compactlogix-controller-5370-l33er_SBOM.json,ICS-0909,pkg:oss:sqlite,SQLite,3.22.0,CVE-2018-8740;CVE-2019-8457;CVE-2020-11655
ICS-0909_rockwell_compactlogix-controller-5370-l33er_SBOM.json,ICS-0909,pkg:oss:ipnet,Interpeak IPnet TCP/IP Stack,6.9,CVE-2019-12255;CVE-2019-12256;CVE-2019-12257;CVE-2019-12260
ICS-0909_rockwell_compactlogix-controller-5370-l33er_SBOM.json,ICS-0909,pkg:oss:libcurl,libcurl,7.79.1,CVE-2022-22576;CVE-2022-27774;CVE-2022-32221
ICS-0910_rockwell_micrologix-controller-1200-e_SBOM.json,ICS-0910,pkg:oss:ntp,NTP Daemon,4.2.8p13,CVE-2019-8936;CVE-2020-11868
ICS-0910_rockwell_micrologix-controller-1200-e_SBOM.json,ICS-0910,pkg:oss:expat,Expat,2.4.1,CVE-2022-25236;CVE-2022-25315
ICS-0910_rockwell_micrologix-controller-1200-e_SBOM.json,ICS-0910,pkg:oss:libmodbus,libmodbus,3.1.4,CVE-2019-14462;CVE-2019-14463
ICS-0911_schneider_modicon-m340-controller-bmxp342030_SBOM.json,ICS-0911,pkg:oss:ntp,NTP Daemon,4.2.8p10,CVE-2018-7182;CVE-2018-7183;CVE-2018-7184
ICS-0911_schneider_modicon-m340-controller-bmxp342030_SBOM.json,ICS-0911,pkg:oss:libcurl,libcurl,8.0.1,CVE-2023-27533;CVE-2023-27536;CVE-2023-38545
ICS-0911_schneider_modicon-m340-controller-bmxp342030_SBOM.json,ICS-0911,pkg:oss:open62541,open62541 OPC UA Stack,1.3.6,CVE-2023-31048
ICS-0911_schneider_modicon-m340-controller-bmxp342030_SBOM.json,ICS-0911,pkg:oss:ipnet,Interpeak IPnet TCP/IP Stack,6.9,CVE-2019-12255;CVE-2019-12256;CVE-2019-12257;CVE-2019-12260
ICS-0911_schneider_modicon-m340-controller-bmxp342030_SBOM.json,ICS-0911,pkg:oss:expat,Expat,2.2.10,CVE-2022-22822;CVE-2022-23852;CVE-2022-25235
ICS-0911_schneider_modicon-m340-controller-bmxp342030_SBOM.json,ICS-0911,pkg:oss:zlib,zlib,1.2.11,CVE-2018-25032;CVE-2022-37434
ICS-0911_schneider_modicon-m340-controller-bmxp342030_SBOM.json,ICS-0911,pkg:oss:libmodbus,libmodbus,3.0.6,CVE-2019-14462;CVE-2019-14463
ICS-0911_schneider_modicon-m340-controller-bmxp342030_SBOM.json,ICS-0911,pkg:oss:codesys-rt,CODESYS Control Runtime System,3.5.17.0,CVE-2022-22515;CVE-2022-22517;CVE-2022-31802
ICS-0912_schneider_modicon-m580-epac-bmeh586040_SBOM.json,ICS-0912,pkg:oss:dropbear,Dropbear SSH,2019.78,CVE-2018-15599;CVE-2020-36254
ICS-0912_schneider_modicon-m580-epac-bmeh586040_SBOM.json,ICS-0912,pkg:oss:glibc,GNU C Library,2.28,CVE-2021-3999;CVE-2021-33574;CVE-2023-4911
ICS-0912_schneider_modicon-m580-epac-bmeh586040_SBOM.json,ICS-0912,pkg:oss:codesys-rt,CODESYS Control Runtime System,3.5.16.0,CVE-2021-30186;CVE-2021-30188;CVE-2021-30189
ICS-0913_mitsubishi_melsec-iq-r-cpu-r04cpu_SBOM.json,ICS-0913,pkg:oss:treck-tcpip,Treck TCP/IP Stack,6.0.1.67,CVE-2020-11898;CVE-2020-11900
ICS-0913_mitsubishi_melsec-iq-r-cpu-r04cpu_SBOM.json,ICS-0913,pkg:oss:ntp,NTP Daemon,4.2.8p13,CVE-2019-8936;CVE-2020-11868
ICS-0913_mitsubishi_melsec-iq-r-cpu-r04cpu_SBOM.json,ICS-0913,pkg:oss:expat,Expat,2.2.0,CVE-2018-20843;CVE-2019-15903
ICS-0913_mitsubishi_melsec-iq-r-cpu-r04cpu_SBOM.json,ICS-0913,pkg:oss:openssl,OpenSSL,1.0.2u,CVE-2021-23840;CVE-2021-3712
ICS-0913_mitsubishi_melsec-iq-r-cpu-r04cpu_SBOM.json,ICS-0913,pkg:oss:mbedtls,Mbed TLS,2.28.0,CVE-2022-35409;CVE-2023-43615
ICS-0913_mitsubishi_melsec-iq-r-cpu-r04cpu_SBOM.json,ICS-0913,pkg:oss:libmodbus,libmodbus,3.1.4,CVE-2019-14462;CVE-2019-14463
ICS-0914_mitsubishi_melsec-q-series-cpu-q13udh_SBOM.json,ICS-0914,pkg:oss:expat,Expat,2.5.0,CVE-2023-52425
ICS-0914_mitsubishi_melsec-q-series-cpu-q13udh_SBOM.json,ICS-0914,pkg:oss:ntp,NTP Daemon,4.2.8p15,CVE-2023-26551
ICS-0914_mitsubishi_melsec-q-series-cpu-q13udh_SBOM.json,ICS-0914,pkg:oss:lwip,lwIP,2.0.3,CVE-2020-22283;CVE-2020-22284;CVE-2020-22288
ICS-0915_omron_sysmac-nj-machine-controller-nj501-1500_SBOM.json,ICS-0915,pkg:oss:zlib,zlib,1.2.11,CVE-2018-25032;CVE-2022-37434
ICS-0915_omron_sysmac-nj-machine-controller-nj501-1500_SBOM.json,ICS-0915,pkg:oss:mbedtls,Mbed TLS,3.4.0,CVE-2023-43615
ICS-0915_omron_sysmac-nj-machine-controller-nj501-1500_SBOM.json,ICS-0915,pkg:oss:treck-tcpip,Treck TCP/IP Stack,6.0.1.66,CVE-2020-11896;CVE-2020-11897;CVE-2020-11901
ICS-0916_omron_sysmac-cj2-plc-cj2h-cpu68_SBOM.json,ICS-0916,pkg:oss:expat,Expat,2.5.0,CVE-2023-52425
ICS-0916_omron_sysmac-cj2-plc-cj2h-cpu68_SBOM.json,ICS-0916,pkg:oss:wolfssl,wolfSSL,4.5.0,CVE-2021-3336;CVE-2021-24116
ICS-0916_omron_sysmac-cj2-plc-cj2h-cpu68_SBOM.json,ICS-0916,pkg:oss:treck-tcpip,Treck TCP/IP Stack,6.0.1.67,CVE-2020-11898;CVE-2020-11900
ICS-0916_omron_sysmac-cj2-plc-cj2h-cpu68_SBOM.json,ICS-0916,pkg:oss:libmodbus,libmodbus,3.0.6,CVE-2019-14462;CVE-2019-14463
ICS-0916_omron_sysmac-cj2-plc-cj2h-cpu68_SBOM.json,ICS-0916,pkg:oss:openssl,OpenSSL,1.1.1n,CVE-2022-1292;CVE-2022-2068;CVE-2022-4304
ICS-0917_beckhoff_twincat-runtime-controller-cx2043_SBOM.json,ICS-0917,pkg:oss:libcurl,libcurl,8.0.1,CVE-2023-27533;CVE-2023-27536;CVE-2023-38545
ICS-0917_beckhoff_twincat-runtime-controller-cx2043_SBOM.json,ICS-0917,pkg:oss:openssl,OpenSSL,1.0.2k,CVE-2017-3731;CVE-2017-3732;CVE-2016-7055
ICS-0917_beckhoff_twincat-runtime-controller-cx2043_SBOM.json,ICS-0917,pkg:oss:libxml2,libxml2,2.9.14,CVE-2022-40303;CVE-2022-40304;CVE-2023-28484
ICS-0917_beckhoff_twincat-runtime-controller-cx2043_SBOM.json,ICS-0917,pkg:oss:sqlserver-express,Microsoft SQL Server Express,2017 CU31,CVE-2022-29143;CVE-2023-21528
ICS-0917_beckhoff_twincat-runtime-controller-cx2043_SBOM.json,ICS-0917,pkg:oss:sqlite,SQLite,3.31.1,CVE-2020-13434;CVE-2020-13630;CVE-2021-20227
ICS-0917_beckhoff_twincat-runtime-controller-cx2043_SBOM.json,ICS-0917,pkg:oss:dotnet,Microsoft .NET Framework,4.6.2,CVE-2018-8421;CVE-2019-0545;CVE-2020-1147
ICS-0918_wago_pfc200-controller-750-8212_SBOM.json,ICS-0918,pkg:oss:dnsmasq,dnsmasq,2.82,CVE-2020-25681;CVE-2020-25684;CVE-2021-3448
ICS-0918_wago_pfc200-controller-750-8212_SBOM.json,ICS-0918,pkg:oss:wpa-supplicant,wpa_supplicant,2.10,CVE-2023-52160
ICS-0918_wago_pfc200-controller-750-8212_SBOM.json,ICS-0918,pkg:oss:busybox,BusyBox,1.20.2,CVE-2017-16544;CVE-2016-2147;CVE-2018-1000500
ICS-0918_wago_pfc200-controller-750-8212_SBOM.json,ICS-0918,pkg:oss:mosquitto,Eclipse Mosquitto,2.0.11,CVE-2021-34431;CVE-2021-41039;CVE-2023-0809
ICS-0918_wago_pfc200-controller-750-8212_SBOM.json,ICS-0918,pkg:oss:linux-kernel,Linux Kernel,4.14.336,CVE-2021-33909;CVE-2022-0847
ICS-0918_wago_pfc200-controller-750-8212_SBOM.json,ICS-0918,pkg:oss:ntp,NTP Daemon,4.2.8p10,CVE-2018-7182;CVE-2018-7183;CVE-2018-7184
ICS-0918_wago_pfc200-controller-750-8212_SBOM.json,ICS-0918,pkg:oss:libssh2,libssh2,1.8.0,CVE-2019-3855;CVE-2019-3856;CVE-2019-3858
ICS-0918_wago_pfc200-controller-750-8212_SBOM.json,ICS-0918,pkg:oss:codesys-rt,CODESYS Control Runtime System,3.5.19.20,CVE-2023-3663;CVE-2023-3665
ICS-0919_phoenix_axc-f-2152-controller-axc-f-1152_SBOM.json,ICS-0919,pkg:oss:expat,Expat,2.2.0,CVE-2018-20843;CVE-2019-15903
ICS-0919_phoenix_axc-f-2152-controller-axc-f-1152_SBOM.json,ICS-0919,pkg:oss:mosquitto,Eclipse Mosquitto,1.5.8,CVE-2019-11779;CVE-2021-28166
ICS-0919_phoenix_axc-f-2152-controller-axc-f-1152_SBOM.json,ICS-0919,pkg:oss:linux-kernel,Linux Kernel,5.10.220,CVE-2024-1086
ICS-0919_phoenix_axc-f-2152-controller-axc-f-1152_SBOM.json,ICS-0919,pkg:oss:musl,musl libc,1.1.24,CVE-2020-28928
ICS-0919_phoenix_axc-f-2152-controller-axc-f-1152_SBOM.json,ICS-0919,pkg:oss:nginx,nginx,1.20.1,CVE-2022-41741;CVE-2022-41742
ICS-0919_phoenix_axc-f-2152-controller-axc-f-1152_SBOM.json,ICS-0919,pkg:oss:glibc,GNU C Library,2.31,CVE-2021-35942;CVE-2023-4911
ICS-0919_phoenix_axc-f-2152-controller-axc-f-1152_SBOM.json,ICS-0919,pkg:oss:libcurl,libcurl,7.64.0,CVE-2019-5481;CVE-2019-5482;CVE-2020-8177
ICS-0919_phoenix_axc-f-2152-controller-axc-f-1152_SBOM.json,ICS-0919,pkg:oss:codesys-rt,CODESYS Control Runtime System,3.5.18.20,CVE-2023-37559;CVE-2023-37560
ICS-0920_br_x20-controller-x20cp0484_SBOM.json,ICS-0920,pkg:oss:expat,Expat,2.2.0,CVE-2018-20843;CVE-2019-15903
ICS-0920_br_x20-controller-x20cp0484_SBOM.json,ICS-0920,pkg:oss:mbedtls,Mbed TLS,2.16.3,CVE-2020-10932;CVE-2020-16150;CVE-2021-24119
ICS-0920_br_x20-controller-x20cp0484_SBOM.json,ICS-0920,pkg:oss:ntp,NTP Daemon,4.2.8p13,CVE-2019-8936;CVE-2020-11868
ICS-0920_br_x20-controller-x20cp0484_SBOM.json,ICS-0920,pkg:oss:libmodbus,libmodbus,3.1.4,CVE-2019-14462;CVE-2019-14463
ICS-0920_br_x20-controller-x20cp0484_SBOM.json,ICS-0920,pkg:oss:openssl,OpenSSL,1.1.1n,CVE-2022-1292;CVE-2022-2068;CVE-2022-4304
ICS-0920_br_x20-controller-x20cp0484_SBOM.json,ICS-0920,pkg:oss:wolfssl,wolfSSL,5.5.0,CVE-2022-42905;CVE-2023-3724
ICS-0921_ls-electric_xgt-plc-cpu-xgr-cpuh_SBOM.json,ICS-0921,pkg:oss:openssl,OpenSSL,1.0.2k,CVE-2017-3731;CVE-2017-3732;CVE-2016-7055
ICS-0921_ls-electric_xgt-plc-cpu-xgr-cpuh_SBOM.json,ICS-0921,pkg:oss:lwip,lwIP,2.1.2,CVE-2020-22283;CVE-2020-22285;CVE-2020-22286
ICS-0921_ls-electric_xgt-plc-cpu-xgr-cpuh_SBOM.json,ICS-0921,pkg:oss:zlib,zlib,1.2.11,CVE-2018-25032;CVE-2022-37434
ICS-0921_ls-electric_xgt-plc-cpu-xgr-cpuh_SBOM.json,ICS-0921,pkg:oss:treck-tcpip,Treck TCP/IP Stack,6.0.1.66,CVE-2020-11896;CVE-2020-11897;CVE-2020-11901
ICS-0921_ls-electric_xgt-plc-cpu-xgr-cpuh_SBOM.json,ICS-0921,pkg:oss:libmodbus,libmodbus,3.1.4,CVE-2019-14462;CVE-2019-14463
ICS-0921_ls-electric_xgt-plc-cpu-xgr-cpuh_SBOM.json,ICS-0921,pkg:oss:expat,Expat,2.4.1,CVE-2022-25236;CVE-2022-25315
ICS-0921_ls-electric_xgt-plc-cpu-xgr-cpuh_SBOM.json,ICS-0921,pkg:oss:wolfssl,wolfSSL,4.5.0,CVE-2021-3336;CVE-2021-24116
ICS-0922_delta_as-series-plc-as324mt-a_SBOM.json,ICS-0922,pkg:oss:mbedtls,Mbed TLS,3.4.0,CVE-2023-43615
ICS-0922_delta_as-series-plc-as324mt-a_SBOM.json,ICS-0922,pkg:oss:treck-tcpip,Treck TCP/IP Stack,6.0.1.67,CVE-2020-11898;CVE-2020-11900
ICS-0922_delta_as-series-plc-as324mt-a_SBOM.json,ICS-0922,pkg:oss:ntp,NTP Daemon,4.2.8p15,CVE-2023-26551
ICS-0922_delta_as-series-plc-as324mt-a_SBOM.json,ICS-0922,pkg:oss:lwip,lwIP,2.0.3,CVE-2020-22283;CVE-2020-22284;CVE-2020-22288
ICS-0922_delta_as-series-plc-as324mt-a_SBOM.json,ICS-0922,pkg:oss:openssl,OpenSSL,1.1.1k,CVE-2021-3711;CVE-2021-3712;CVE-2022-0778
ICS-0922_delta_as-series-plc-as324mt-a_SBOM.json,ICS-0922,pkg:oss:expat,Expat,2.5.0,CVE-2023-52425
ICS-0923_unitronics_unistream-plc-usc-b10-t24_SBOM.json,ICS-0923,pkg:oss:net-snmp,Net-SNMP,5.8,CVE-2020-15861;CVE-2020-15862;CVE-2022-24805
ICS-0923_unitronics_unistream-plc-usc-b10-t24_SBOM.json,ICS-0923,pkg:oss:sqlite,SQLite,3.22.0,CVE-2018-8740;CVE-2019-8457;CVE-2020-11655
ICS-0923_unitronics_unistream-plc-usc-b10-t24_SBOM.json,ICS-0923,pkg:oss:ntp,NTP Daemon,4.2.8p15,CVE-2023-26551
ICS-0923_unitronics_unistream-plc-usc-b10-t24_SBOM.json,ICS-0923,pkg:oss:goahead,GoAhead Embedded Web Server,4.1.0,CVE-2021-42342
ICS-0923_unitronics_unistream-plc-usc-b10-t24_SBOM.json,ICS-0923,pkg:oss:glibc,GNU C Library,2.31,CVE-2021-35942;CVE-2023-4911
ICS-0924_idec_microsmart-fc6a-plc-fc6a-c24r2c_SBOM.json,ICS-0924,pkg:oss:lwip,lwIP,2.1.3,CVE-2023-5188
ICS-0924_idec_microsmart-fc6a-plc-fc6a-c24r2c_SBOM.json,ICS-0924,pkg:oss:expat,Expat,2.2.0,CVE-2018-20843;CVE-2019-15903
ICS-0924_idec_microsmart-fc6a-plc-fc6a-c24r2c_SBOM.json,ICS-0924,pkg:oss:libmodbus,libmodbus,3.1.4,CVE-2019-14462;CVE-2019-14463
ICS-0925_panasonic_fp7-series-plc-afp7cps21_SBOM.json,ICS-0925,pkg:oss:lwip,lwIP,2.0.3,CVE-2020-22283;CVE-2020-22284;CVE-2020-22288
ICS-0925_panasonic_fp7-series-plc-afp7cps21_SBOM.json,ICS-0925,pkg:oss:openssl,OpenSSL,1.0.2k,CVE-2017-3731;CVE-2017-3732;CVE-2016-7055
ICS-0925_panasonic_fp7-series-plc-afp7cps21_SBOM.json,ICS-0925,pkg:oss:treck-tcpip,Treck TCP/IP Stack,6.0.1.66,CVE-2020-11896;CVE-2020-11897;CVE-2020-11901
ICS-0925_panasonic_fp7-series-plc-afp7cps21_SBOM.json,ICS-0925,pkg:oss:ntp,NTP Daemon,4.2.8p10,CVE-2018-7182;CVE-2018-7183;CVE-2018-7184
ICS-0925_panasonic_fp7-series-plc-afp7cps21_SBOM.json,ICS-0925,pkg:oss:expat,Expat,2.4.1,CVE-2022-25236;CVE-2022-25315
ICS-0925_panasonic_fp7-series-plc-afp7cps21_SBOM.json,ICS-0925,pkg:oss:libmodbus,libmodbus,3.0.6,CVE-2019-14462;CVE-2019-14463
ICS-0925_panasonic_fp7-series-plc-afp7cps21_SBOM.json,ICS-0925,pkg:oss:zlib,zlib,1.2.12,CVE-2022-37434
ICS-0926_keyence_kv-8000-plc-kv-5500_SBOM.json,ICS-0926,pkg:oss:openssl,OpenSSL,1.0.2u,CVE-2021-23840;CVE-2021-3712
ICS-0926_keyence_kv-8000-plc-kv-5500_SBOM.json,ICS-0926,pkg:oss:expat,Expat,2.2.10,CVE-2022-22822;CVE-2022-23852;CVE-2022-25235
ICS-0926_keyence_kv-8000-plc-kv-5500_SBOM.json,ICS-0926,pkg:oss:treck-tcpip,Treck TCP/IP Stack,6.0.1.67,CVE-2020-11898;CVE-2020-11900
ICS-0927_fuji_micrex-sx-plc-np1ps-117r_SBOM.json,ICS-0927,pkg:oss:expat,Expat,2.5.0,CVE-2023-52425
ICS-0927_fuji_micrex-sx-plc-np1ps-117r_SBOM.json,ICS-0927,pkg:oss:wolfssl,wolfSSL,5.5.0,CVE-2022-42905;CVE-2023-3724
ICS-0927_fuji_micrex-sx-plc-np1ps-117r_SBOM.json,ICS-0927,pkg:oss:libmodbus,libmodbus,3.1.4,CVE-2019-14462;CVE-2019-14463
ICS-0928_codesys_codesys-control-runtime-for-linux-sl_SBOM.json,ICS-0928,pkg:oss:mosquitto,Eclipse Mosquitto,2.0.11,CVE-2021-34431;CVE-2021-41039;CVE-2023-0809
ICS-0928_codesys_codesys-control-runtime-for-linux-sl_SBOM.json,ICS-0928,pkg:oss:openssl,OpenSSL,1.1.1n,CVE-2022-1292;CVE-2022-2068;CVE-2022-4304
ICS-0928_codesys_codesys-control-runtime-for-linux-sl_SBOM.json,ICS-0928,pkg:oss:net-snmp,Net-SNMP,5.8,CVE-2020-15861;CVE-2020-15862;CVE-2022-24805
ICS-0928_codesys_codesys-control-runtime-for-linux-sl_SBOM.json,ICS-0928,pkg:oss:openssh,OpenSSH,9.3p1,CVE-2023-38408;CVE-2023-48795;CVE-2024-6387
ICS-0928_codesys_codesys-control-runtime-for-linux-sl_SBOM.json,ICS-0928,pkg:oss:goahead,GoAhead Embedded Web Server,4.1.0,CVE-2021-42342
ICS-0928_codesys_codesys-control-runtime-for-linux-sl_SBOM.json,ICS-0928,pkg:oss:sqlite,SQLite,3.22.0,CVE-2018-8740;CVE-2019-8457;CVE-2020-11655
ICS-0928_codesys_codesys-control-runtime-for-linux-sl_SBOM.json,ICS-0928,pkg:oss:codesys-rt,CODESYS Control Runtime System,3.5.17.0,CVE-2022-22515;CVE-2022-22517;CVE-2022-31802
ICS-0929_abb_rtu560-telecontrol-unit-560cig10_SBOM.json,ICS-0929,pkg:oss:openssl,OpenSSL,1.0.2u,CVE-2021-23840;CVE-2021-3712
ICS-0929_abb_rtu560-telecontrol-unit-560cig10_SBOM.json,ICS-0929,pkg:oss:sqlite,SQLite,3.22.0,CVE-2018-8740;CVE-2019-8457;CVE-2020-11655
ICS-0929_abb_rtu560-telecontrol-unit-560cig10_SBOM.json,ICS-0929,pkg:oss:u-boot,Das U-Boot,2020.04,CVE-2020-10648;CVE-2021-27097;CVE-2022-30767
ICS-0929_abb_rtu560-telecontrol-unit-560cig10_SBOM.json,ICS-0929,pkg:oss:libssh2,libssh2,1.8.0,CVE-2019-3855;CVE-2019-3856;CVE-2019-3858
ICS-0929_abb_rtu560-telecontrol-unit-560cig10_SBOM.json,ICS-0929,pkg:oss:glibc,GNU C Library,2.31,CVE-2021-35942;CVE-2023-4911
ICS-0929_abb_rtu560-telecontrol-unit-560cig10_SBOM.json,ICS-0929,pkg:oss:codesys-rt,CODESYS Control Runtime System,3.5.17.0,CVE-2022-22515;CVE-2022-22517;CVE-2022-31802
ICS-0930_schneider_scadapack-rtu-474i_SBOM.json,ICS-0930,pkg:oss:net-snmp,Net-SNMP,5.9.1,CVE-2022-24805;CVE-2022-24809
ICS-0930_schneider_scadapack-rtu-474i_SBOM.json,ICS-0930,pkg:oss:ipnet,Interpeak IPnet TCP/IP Stack,7.0,CVE-2019-12258;CVE-2019-12259;CVE-2019-12262
ICS-0930_schneider_scadapack-rtu-474i_SBOM.json,ICS-0930,pkg:oss:codesys-rt,CODESYS Control Runtime System,3.5.17.0,CVE-2022-22515;CVE-2022-22517;CVE-2022-31802
ICS-0931_ge_d20-mx-substation-controller-d400_SBOM.json,ICS-0931,pkg:oss:libxml2,libxml2,2.10.4,CVE-2023-45322
ICS-0931_ge_d20-mx-substation-controller-d400_SBOM.json,ICS-0931,pkg:oss:open62541,open62541 OPC UA Stack,1.3.6,CVE-2023-31048
ICS-0931_ge_d20-mx-substation-controller-d400_SBOM.json,ICS-0931,pkg:oss:openssl,OpenSSL,1.0.2u,CVE-2021-23840;CVE-2021-3712
ICS-0931_ge_d20-mx-substation-controller-d400_SBOM.json,ICS-0931,pkg:oss:ntp,NTP Daemon,4.2.8p15,CVE-2023-26551
ICS-0931_ge_d20-mx-substation-controller-d400_SBOM.json,ICS-0931,pkg:oss:busybox,BusyBox,1.30.1,CVE-2021-42374;CVE-2021-42378;CVE-2021-42386
ICS-0931_ge_d20-mx-substation-controller-d400_SBOM.json,ICS-0931,pkg:oss:glibc,GNU C Library,2.35,CVE-2023-4911;CVE-2024-2961
ICS-0931_ge_d20-mx-substation-controller-d400_SBOM.json,ICS-0931,pkg:oss:net-snmp,Net-SNMP,5.8,CVE-2020-15861;CVE-2020-15862;CVE-2022-24805
ICS-0932_siemens_sicam-a8000-rtu-cp-8000_SBOM.json,ICS-0932,pkg:oss:libmodbus,libmodbus,3.1.4,CVE-2019-14462;CVE-2019-14463
ICS-0932_siemens_sicam-a8000-rtu-cp-8000_SBOM.json,ICS-0932,pkg:oss:open62541,open62541 OPC UA Stack,1.3.6,CVE-2023-31048
ICS-0932_siemens_sicam-a8000-rtu-cp-8000_SBOM.json,ICS-0932,pkg:oss:dropbear,Dropbear SSH,2019.78,CVE-2018-15599;CVE-2020-36254
ICS-0932_siemens_sicam-a8000-rtu-cp-8000_SBOM.json,ICS-0932,pkg:oss:linux-kernel,Linux Kernel,5.4.278,CVE-2023-32233;CVE-2024-1086
ICS-0932_siemens_sicam-a8000-rtu-cp-8000_SBOM.json,ICS-0932,pkg:oss:nginx,nginx,1.20.1,CVE-2022-41741;CVE-2022-41742
ICS-0932_siemens_sicam-a8000-rtu-cp-8000_SBOM.json,ICS-0932,pkg:oss:u-boot,Das U-Boot,2020.04,CVE-2020-10648;CVE-2021-27097;CVE-2022-30767
ICS-0932_siemens_sicam-a8000-rtu-cp-8000_SBOM.json,ICS-0932,pkg:oss:busybox,BusyBox,1.30.1,CVE-2021-42374;CVE-2021-42378;CVE-2021-42386
ICS-0932_siemens_sicam-a8000-rtu-cp-8000_SBOM.json,ICS-0932,pkg:oss:dnsmasq,dnsmasq,2.86,CVE-2022-0934;CVE-2023-28450
ICS-0932_siemens_sicam-a8000-rtu-cp-8000_SBOM.json,ICS-0932,pkg:oss:openssl,OpenSSL,1.0.2k,CVE-2017-3731;CVE-2017-3732;CVE-2016-7055
ICS-0933_hitachi-energy_rtu500-series-rtu540_SBOM.json,ICS-0933,pkg:oss:ntp,NTP Daemon,4.2.8p15,CVE-2023-26551
ICS-0933_hitachi-energy_rtu500-series-rtu540_SBOM.json,ICS-0933,pkg:oss:lwip,lwIP,2.0.3,CVE-2020-22283;CVE-2020-22284;CVE-2020-22288
ICS-0933_hitachi-energy_rtu500-series-rtu540_SBOM.json,ICS-0933,pkg:oss:wolfssl,wolfSSL,4.5.0,CVE-2021-3336;CVE-2021-24116
ICS-0933_hitachi-energy_rtu500-series-rtu540_SBOM.json,ICS-0933,pkg:oss:treck-tcpip,Treck TCP/IP Stack,6.0.1.66,CVE-2020-11896;CVE-2020-11897;CVE-2020-11901
ICS-0933_hitachi-energy_rtu500-series-rtu540_SBOM.json,ICS-0933,pkg:oss:expat,Expat,2.2.0,CVE-2018-20843;CVE-2019-15903
ICS-0933_hitachi-energy_rtu500-series-rtu540_SBOM.json,ICS-0933,pkg:oss:mbedtls,Mbed TLS,3.4.0,CVE-2023-43615
ICS-0934_moxa_iopac-programmable-controller-5542-c-t_SBOM.json,ICS-0934,pkg:oss:ntp,NTP Daemon,4.2.8p10,CVE-2018-7182;CVE-2018-7183;CVE-2018-7184
ICS-0934_moxa_iopac-programmable-controller-5542-c-t_SBOM.json,ICS-0934,pkg:oss:glibc,GNU C Library,2.31,CVE-2021-35942;CVE-2023-4911
ICS-0934_moxa_iopac-programmable-controller-5542-c-t_SBOM.json,ICS-0934,pkg:oss:wpa-supplicant,wpa_supplicant,2.9,CVE-2021-27803;CVE-2021-30004;CVE-2022-23303
ICS-0934_moxa_iopac-programmable-controller-5542-c-t_SBOM.json,ICS-0934,pkg:oss:musl,musl libc,1.1.24,CVE-2020-28928
ICS-0934_moxa_iopac-programmable-controller-5542-c-t_SBOM.json,ICS-0934,pkg:oss:libmodbus,libmodbus,3.1.4,CVE-2019-14462;CVE-2019-14463
ICS-0934_moxa_iopac-programmable-controller-5542-c-t_SBOM.json,ICS-0934,pkg:oss:net-snmp,Net-SNMP,5.9.1,CVE-2022-24805;CVE-2022-24809
ICS-0934_moxa_iopac-programmable-controller-5542-c-t_SBOM.json,ICS-0934,pkg:oss:codesys-rt,CODESYS Control Runtime System,3.5.16.0,CVE-2021-30186;CVE-2021-30188;CVE-2021-30189
ICS-0935_red-lion_data-station-plus-rtu-dspgt000_SBOM.json,ICS-0935,pkg:oss:openssl,OpenSSL,1.0.2u,CVE-2021-23840;CVE-2021-3712
ICS-0935_red-lion_data-station-plus-rtu-dspgt000_SBOM.json,ICS-0935,pkg:oss:codesys-rt,CODESYS Control Runtime System,3.5.16.0,CVE-2021-30186;CVE-2021-30188;CVE-2021-30189
ICS-0936_sel_sel-451-protection-system-451-5_SBOM.json,ICS-0936,pkg:oss:expat,Expat,2.4.1,CVE-2022-25236;CVE-2022-25315
ICS-0936_sel_sel-451-protection-system-451-5_SBOM.json,ICS-0936,pkg:oss:wolfssl,wolfSSL,4.5.0,CVE-2021-3336;CVE-2021-24116
ICS-0936_sel_sel-451-protection-system-451-5_SBOM.json,ICS-0936,pkg:oss:treck-tcpip,Treck TCP/IP Stack,6.0.1.67,CVE-2020-11898;CVE-2020-11900
ICS-0936_sel_sel-451-protection-system-451-5_SBOM.json,ICS-0936,pkg:oss:mbedtls,Mbed TLS,2.16.3,CVE-2020-10932;CVE-2020-16150;CVE-2021-24119
ICS-0937_sel_sel-3530-rtac-3555_SBOM.json,ICS-0937,pkg:oss:sqlite,SQLite,3.41.2,CVE-2023-7104
ICS-0937_sel_sel-3530-rtac-3555_SBOM.json,ICS-0937,pkg:oss:mosquitto,Eclipse Mosquitto,1.5.8,CVE-2019-11779;CVE-2021-28166
ICS-0937_sel_sel-3530-rtac-3555_SBOM.json,ICS-0937,pkg:oss:busybox,BusyBox,1.33.1,CVE-2021-42379;CVE-2021-42380;CVE-2022-28391
ICS-0937_sel_sel-3530-rtac-3555_SBOM.json,ICS-0937,pkg:oss:glibc,GNU C Library,2.35,CVE-2023-4911;CVE-2024-2961
ICS-0937_sel_sel-3530-rtac-3555_SBOM.json,ICS-0937,pkg:oss:musl,musl libc,1.2.2,CVE-2020-28928
ICS-0937_sel_sel-3530-rtac-3555_SBOM.json,ICS-0937,pkg:oss:libxml2,libxml2,2.9.14,CVE-2022-40303;CVE-2022-40304;CVE-2023-28484
ICS-0938_hitachi-energy_ref615-feeder-protection-relay-ref615_SBOM.json,ICS-0938,pkg:oss:lwip,lwIP,2.0.3,CVE-2020-22283;CVE-2020-22284;CVE-2020-22288
ICS-0938_hitachi-energy_ref615-feeder-protection-relay-ref615_SBOM.json,ICS-0938,pkg:oss:expat,Expat,2.5.0,CVE-2023-52425
ICS-0938_hitachi-energy_ref615-feeder-protection-relay-ref615_SBOM.json,ICS-0938,pkg:oss:wolfssl,wolfSSL,4.5.0,CVE-2021-3336;CVE-2021-24116
ICS-0938_hitachi-energy_ref615-feeder-protection-relay-ref615_SBOM.json,ICS-0938,pkg:oss:ntp,NTP Daemon,4.2.8p10,CVE-2018-7182;CVE-2018-7183;CVE-2018-7184
ICS-0938_hitachi-energy_ref615-feeder-protection-relay-ref615_SBOM.json,ICS-0938,pkg:oss:openssl,OpenSSL,1.1.1n,CVE-2022-1292;CVE-2022-2068;CVE-2022-4304
ICS-0938_hitachi-energy_ref615-feeder-protection-relay-ref615_SBOM.json,ICS-0938,pkg:oss:mbedtls,Mbed TLS,2.28.0,CVE-2022-35409;CVE-2023-43615
ICS-0939_siemens_siprotec-5-protection-relay-7sj85_SBOM.json,ICS-0939,pkg:oss:lwip,lwIP,1.4.1,CVE-2014-1912;CVE-2020-22283;CVE-2020-22284
ICS-0939_siemens_siprotec-5-protection-relay-7sj85_SBOM.json,ICS-0939,pkg:oss:libmodbus,libmodbus,3.1.4,CVE-2019-14462;CVE-2019-14463
ICS-0939_siemens_siprotec-5-protection-relay-7sj85_SBOM.json,ICS-0939,pkg:oss:ntp,NTP Daemon,4.2.8p15,CVE-2023-26551
ICS-0939_siemens_siprotec-5-protection-relay-7sj85_SBOM.json,ICS-0939,pkg:oss:wolfssl,wolfSSL,4.5.0,CVE-2021-3336;CVE-2021-24116
ICS-0940_ge_multilin-ur-relay-b30_SBOM.json,ICS-0940,pkg:oss:wolfssl,wolfSSL,4.5.0,CVE-2021-3336;CVE-2021-24116
ICS-0940_ge_multilin-ur-relay-b30_SBOM.json,ICS-0940,pkg:oss:libmodbus,libmodbus,3.0.6,CVE-2019-14462;CVE-2019-14463
ICS-0940_ge_multilin-ur-relay-b30_SBOM.json,ICS-0940,pkg:oss:openssl,OpenSSL,1.1.1g,CVE-2020-1971;CVE-2021-3450;CVE-2021-3711
ICS-0940_ge_multilin-ur-relay-b30_SBOM.json,ICS-0940,pkg:oss:mbedtls,Mbed TLS,2.28.0,CVE-2022-35409;CVE-2023-43615
ICS-0940_ge_multilin-ur-relay-b30_SBOM.json,ICS-0940,pkg:oss:expat,Expat,2.2.10,CVE-2022-22822;CVE-2022-23852;CVE-2022-25235
ICS-0941_schneider_easergy-p3-protection-relay-p3f30_SBOM.json,ICS-0941,pkg:oss:zlib,zlib,1.2.12,CVE-2022-37434
ICS-0941_schneider_easergy-p3-protection-relay-p3f30_SBOM.json,ICS-0941,pkg:oss:wolfssl,wolfSSL,4.5.0,CVE-2021-3336;CVE-2021-24116
ICS-0941_schneider_easergy-p3-protection-relay-p3f30_SBOM.json,ICS-0941,pkg:oss:lwip,lwIP,2.1.3,CVE-2023-5188
ICS-0942_nari_pcs-9611-feeder-protection-pcs-9671_SBOM.json,ICS-0942,pkg:oss:expat,Expat,2.2.10,CVE-2022-22822;CVE-2022-23852;CVE-2022-25235
ICS-0942_nari_pcs-9611-feeder-protection-pcs-9671_SBOM.json,ICS-0942,pkg:oss:openssl,OpenSSL,1.0.2u,CVE-2021-23840;CVE-2021-3712
ICS-0943_hd-hyundai_higen-protection-relay-hgr-300_SBOM.json,ICS-0943,pkg:oss:zlib,zlib,1.2.12,CVE-2022-37434
ICS-0943_hd-hyundai_higen-protection-relay-hgr-300_SBOM.json,ICS-0943,pkg:oss:libmodbus,libmodbus,3.0.6,CVE-2019-14462;CVE-2019-14463
ICS-0943_hd-hyundai_higen-protection-relay-hgr-300_SBOM.json,ICS-0943,pkg:oss:openssl,OpenSSL,3.0.7,CVE-2023-0286;CVE-2023-0215;CVE-2022-4304
ICS-0944_siemens_simatic-hmi-comfort-panel-tp1200_SBOM.json,ICS-0944,pkg:oss:zlib,zlib,1.2.12,CVE-2022-37434
ICS-0944_siemens_simatic-hmi-comfort-panel-tp1200_SBOM.json,ICS-0944,pkg:oss:libxml2,libxml2,2.9.10,CVE-2021-3517;CVE-2021-3518;CVE-2022-29824
ICS-0944_siemens_simatic-hmi-comfort-panel-tp1200_SBOM.json,ICS-0944,pkg:oss:sqlite,SQLite,3.39.4,CVE-2022-46908;CVE-2023-7104
ICS-0944_siemens_simatic-hmi-comfort-panel-tp1200_SBOM.json,ICS-0944,pkg:oss:openssl,OpenSSL,1.0.2u,CVE-2021-23840;CVE-2021-3712
ICS-0944_siemens_simatic-hmi-comfort-panel-tp1200_SBOM.json,ICS-0944,pkg:oss:libcurl,libcurl,8.0.1,CVE-2023-27533;CVE-2023-27536;CVE-2023-38545
ICS-0945_rockwell_panelview-plus-terminal-6-compact-600_SBOM.json,ICS-0945,pkg:oss:sqlserver-express,Microsoft SQL Server Express,2016 SP2,CVE-2019-1068;CVE-2020-0618
ICS-0945_rockwell_panelview-plus-terminal-6-compact-600_SBOM.json,ICS-0945,pkg:oss:dotnet,Microsoft .NET Framework,4.7.2,CVE-2020-1147;CVE-2021-24112;CVE-2021-26701
ICS-0945_rockwell_panelview-plus-terminal-6-compact-600_SBOM.json,ICS-0945,pkg:oss:openssl,OpenSSL,1.1.1k,CVE-2021-3711;CVE-2021-3712;CVE-2022-0778
ICS-0945_rockwell_panelview-plus-terminal-6-compact-600_SBOM.json,ICS-0945,pkg:oss:expat,Expat,2.5.0,CVE-2023-52425
ICS-0946_schneider_magelis-gtu-hmi-hmist6500_SBOM.json,ICS-0946,pkg:oss:libmodbus,libmodbus,3.0.6,CVE-2019-14462;CVE-2019-14463
ICS-0946_schneider_magelis-gtu-hmi-hmist6500_SBOM.json,ICS-0946,pkg:oss:zlib,zlib,1.2.11,CVE-2018-25032;CVE-2022-37434
ICS-0946_schneider_magelis-gtu-hmi-hmist6500_SBOM.json,ICS-0946,pkg:oss:sqlite,SQLite,3.22.0,CVE-2018-8740;CVE-2019-8457;CVE-2020-11655
ICS-0946_schneider_magelis-gtu-hmi-hmist6500_SBOM.json,ICS-0946,pkg:oss:dnsmasq,dnsmasq,2.86,CVE-2022-0934;CVE-2023-28450
ICS-0946_schneider_magelis-gtu-hmi-hmist6500_SBOM.json,ICS-0946,pkg:oss:net-snmp,Net-SNMP,5.8,CVE-2020-15861;CVE-2020-15862;CVE-2022-24805
ICS-0946_schneider_magelis-gtu-hmi-hmist6500_SBOM.json,ICS-0946,pkg:oss:libcurl,libcurl,7.79.1,CVE-2022-22576;CVE-2022-27774;CVE-2022-32221
ICS-0946_schneider_magelis-gtu-hmi-hmist6500_SBOM.json,ICS-0946,pkg:oss:lighttpd,lighttpd,1.4.64,CVE-2023-44487
ICS-0946_schneider_magelis-gtu-hmi-hmist6500_SBOM.json,ICS-0946,pkg:oss:libssh2,libssh2,1.9.0,CVE-2019-17498;CVE-2020-22218
ICS-0946_schneider_magelis-gtu-hmi-hmist6500_SBOM.json,ICS-0946,pkg:oss:openvpn,OpenVPN,2.5.5,CVE-2022-0547;CVE-2023-46849;CVE-2023-46850
ICS-0947_mitsubishi_got2000-graphic-terminal-gt2107-wtbd_SBOM.json,ICS-0947,pkg:oss:wolfssl,wolfSSL,5.5.0,CVE-2022-42905;CVE-2023-3724
ICS-0947_mitsubishi_got2000-graphic-terminal-gt2107-wtbd_SBOM.json,ICS-0947,pkg:oss:treck-tcpip,Treck TCP/IP Stack,6.0.1.66,CVE-2020-11896;CVE-2020-11897;CVE-2020-11901
ICS-0947_mitsubishi_got2000-graphic-terminal-gt2107-wtbd_SBOM.json,ICS-0947,pkg:oss:openssl,OpenSSL,1.0.2u,CVE-2021-23840;CVE-2021-3712
ICS-0947_mitsubishi_got2000-graphic-terminal-gt2107-wtbd_SBOM.json,ICS-0947,pkg:oss:libmodbus,libmodbus,3.1.4,CVE-2019-14462;CVE-2019-14463
ICS-0947_mitsubishi_got2000-graphic-terminal-gt2107-wtbd_SBOM.json,ICS-0947,pkg:oss:lwip,lwIP,2.1.2,CVE-2020-22283;CVE-2020-22285;CVE-2020-22286
ICS-0947_mitsubishi_got2000-graphic-terminal-gt2107-wtbd_SBOM.json,ICS-0947,pkg:oss:expat,Expat,2.5.0,CVE-2023-52425
ICS-0947_mitsubishi_got2000-graphic-terminal-gt2107-wtbd_SBOM.json,ICS-0947,pkg:oss:ntp,NTP Daemon,4.2.8p10,CVE-2018-7182;CVE-2018-7183;CVE-2018-7184
ICS-0948_advantech_webop-operator-panel-wop-2070t_SBOM.json,ICS-0948,pkg:oss:lighttpd,lighttpd,1.4.45,CVE-2018-19052;CVE-2019-11072
ICS-0948_advantech_webop-operator-panel-wop-2070t_SBOM.json,ICS-0948,pkg:oss:libxml2,libxml2,2.9.14,CVE-2022-40303;CVE-2022-40304;CVE-2023-28484
ICS-0948_advantech_webop-operator-panel-wop-2070t_SBOM.json,ICS-0948,pkg:oss:glibc,GNU C Library,2.17,CVE-2015-7547;CVE-2018-11236;CVE-2021-3999
ICS-0948_advantech_webop-operator-panel-wop-2070t_SBOM.json,ICS-0948,pkg:oss:mosquitto,Eclipse Mosquitto,2.0.11,CVE-2021-34431;CVE-2021-41039;CVE-2023-0809
ICS-0948_advantech_webop-operator-panel-wop-2070t_SBOM.json,ICS-0948,pkg:oss:openvpn,OpenVPN,2.4.7,CVE-2020-11810;CVE-2020-15078
ICS-0948_advantech_webop-operator-panel-wop-2070t_SBOM.json,ICS-0948,pkg:oss:sqlite,SQLite,3.31.1,CVE-2020-13434;CVE-2020-13630;CVE-2021-20227
ICS-0948_advantech_webop-operator-panel-wop-2070t_SBOM.json,ICS-0948,pkg:oss:u-boot,Das U-Boot,2020.04,CVE-2020-10648;CVE-2021-27097;CVE-2022-30767
ICS-0949_delta_dop-100-hmi-dop-103bq_SBOM.json,ICS-0949,pkg:oss:treck-tcpip,Treck TCP/IP Stack,6.0.1.66,CVE-2020-11896;CVE-2020-11897;CVE-2020-11901
ICS-0949_delta_dop-100-hmi-dop-103bq_SBOM.json,ICS-0949,pkg:oss:expat,Expat,2.4.1,CVE-2022-25236;CVE-2022-25315
ICS-0949_delta_dop-100-hmi-dop-103bq_SBOM.json,ICS-0949,pkg:oss:lwip,lwIP,2.1.2,CVE-2020-22283;CVE-2020-22285;CVE-2020-22286
ICS-0949_delta_dop-100-hmi-dop-103bq_SBOM.json,ICS-0949,pkg:oss:openssl,OpenSSL,3.0.7,CVE-2023-0286;CVE-2023-0215;CVE-2022-4304
ICS-0949_delta_dop-100-hmi-dop-103bq_SBOM.json,ICS-0949,pkg:oss:wolfssl,wolfSSL,5.5.0,CVE-2022-42905;CVE-2023-3724
ICS-0949_delta_dop-100-hmi-dop-103bq_SBOM.json,ICS-0949,pkg:oss:libmodbus,libmodbus,3.1.4,CVE-2019-14462;CVE-2019-14463
ICS-0949_delta_dop-100-hmi-dop-103bq_SBOM.json,ICS-0949,pkg:oss:ntp,NTP Daemon,4.2.8p10,CVE-2018-7182;CVE-2018-7183;CVE-2018-7184
ICS-0949_delta_dop-100-hmi-dop-103bq_SBOM.json,ICS-0949,pkg:oss:mbedtls,Mbed TLS,3.4.0,CVE-2023-43615
ICS-0950_omron_na-series-hmi-na5-15w_SBOM.json,ICS-0950,pkg:oss:expat,Expat,2.2.10,CVE-2022-22822;CVE-2022-23852;CVE-2022-25235
ICS-0950_omron_na-series-hmi-na5-15w_SBOM.json,ICS-0950,pkg:oss:libxml2,libxml2,2.9.14,CVE-2022-40303;CVE-2022-40304;CVE-2023-28484
ICS-0951_pilz_pmi-operator-terminal-pmi-5_SBOM.json,ICS-0951,pkg:oss:dnsmasq,dnsmasq,2.82,CVE-2020-25681;CVE-2020-25684;CVE-2021-3448
ICS-0951_pilz_pmi-operator-terminal-pmi-5_SBOM.json,ICS-0951,pkg:oss:libpcap,libpcap,1.9.1,CVE-2019-15165;CVE-2023-7256
ICS-0951_pilz_pmi-operator-terminal-pmi-5_SBOM.json,ICS-0951,pkg:oss:lighttpd,lighttpd,1.4.55,CVE-2022-22707;CVE-2023-44487
ICS-0951_pilz_pmi-operator-terminal-pmi-5_SBOM.json,ICS-0951,pkg:oss:ntp,NTP Daemon,4.2.8p13,CVE-2019-8936;CVE-2020-11868
ICS-0951_pilz_pmi-operator-terminal-pmi-5_SBOM.json,ICS-0951,pkg:oss:nginx,nginx,1.24.0,CVE-2023-44487
ICS-0951_pilz_pmi-operator-terminal-pmi-5_SBOM.json,ICS-0951,pkg:oss:busybox,BusyBox,1.33.1,CVE-2021-42379;CVE-2021-42380;CVE-2022-28391
ICS-0951_pilz_pmi-operator-terminal-pmi-5_SBOM.json,ICS-0951,pkg:oss:dropbear,Dropbear SSH,2019.78,CVE-2018-15599;CVE-2020-36254
ICS-0951_pilz_pmi-operator-terminal-pmi-5_SBOM.json,ICS-0951,pkg:oss:libcurl,libcurl,7.79.1,CVE-2022-22576;CVE-2022-27774;CVE-2022-32221
ICS-0952_aveva_aveva-plant-scada-2023-r2_SBOM.json,ICS-0952,pkg:oss:libxml2,libxml2,2.10.4,CVE-2023-45322
ICS-0952_aveva_aveva-plant-scada-2023-r2_SBOM.json,ICS-0952,pkg:oss:zlib,zlib,1.2.12,CVE-2022-37434
ICS-0952_aveva_aveva-plant-scada-2023-r2_SBOM.json,ICS-0952,pkg:oss:openssl,OpenSSL,1.0.2k,CVE-2017-3731;CVE-2017-3732;CVE-2016-7055
ICS-0953_inductive_ignition-scada-platform-8-3_SBOM.json,ICS-0953,pkg:oss:tomcat,Apache Tomcat,9.0.63,CVE-2022-42252;CVE-2023-28708;CVE-2023-44487
ICS-0953_inductive_ignition-scada-platform-8-3_SBOM.json,ICS-0953,pkg:oss:zlib,zlib,1.2.12,CVE-2022-37434
ICS-0953_inductive_ignition-scada-platform-8-3_SBOM.json,ICS-0953,pkg:oss:openssl,OpenSSL,1.1.1n,CVE-2022-1292;CVE-2022-2068;CVE-2022-4304
ICS-0953_inductive_ignition-scada-platform-8-3_SBOM.json,ICS-0953,pkg:oss:sqlite,SQLite,3.31.1,CVE-2020-13434;CVE-2020-13630;CVE-2021-20227
ICS-0953_inductive_ignition-scada-platform-8-3_SBOM.json,ICS-0953,pkg:oss:spring,Spring Framework,6.0.9,CVE-2023-34035
ICS-0954_copadata_zenon-supervisor-12_SBOM.json,ICS-0954,pkg:oss:dotnet,Microsoft .NET Framework,4.8,CVE-2021-26701;CVE-2023-21808
ICS-0954_copadata_zenon-supervisor-12_SBOM.json,ICS-0954,pkg:oss:expat,Expat,2.5.0,CVE-2023-52425
ICS-0954_copadata_zenon-supervisor-12_SBOM.json,ICS-0954,pkg:oss:sqlite,SQLite,3.39.4,CVE-2022-46908;CVE-2023-7104
ICS-0955_siemens_simatic-wincc-unified-v18_SBOM.json,ICS-0955,pkg:oss:libcurl,libcurl,8.0.1,CVE-2023-27533;CVE-2023-27536;CVE-2023-38545
ICS-0955_siemens_simatic-wincc-unified-v18_SBOM.json,ICS-0955,pkg:oss:libxml2,libxml2,2.9.10,CVE-2021-3517;CVE-2021-3518;CVE-2022-29824
ICS-0955_siemens_simatic-wincc-unified-v18_SBOM.json,ICS-0955,pkg:oss:dotnet,Microsoft .NET Framework,4.8,CVE-2021-26701;CVE-2023-21808
ICS-0955_siemens_simatic-wincc-unified-v18_SBOM.json,ICS-0955,pkg:oss:expat,Expat,2.4.1,CVE-2022-25236;CVE-2022-25315
ICS-0955_siemens_simatic-wincc-unified-v18_SBOM.json,ICS-0955,pkg:oss:openssl,OpenSSL,1.0.2k,CVE-2017-3731;CVE-2017-3732;CVE-2016-7055
ICS-0956_ge_cimplicity-hmi-scada-2023_SBOM.json,ICS-0956,pkg:oss:openssl,OpenSSL,1.1.1g,CVE-2020-1971;CVE-2021-3450;CVE-2021-3711
ICS-0956_ge_cimplicity-hmi-scada-2023_SBOM.json,ICS-0956,pkg:oss:expat,Expat,2.4.1,CVE-2022-25236;CVE-2022-25315
ICS-0956_ge_cimplicity-hmi-scada-2023_SBOM.json,ICS-0956,pkg:oss:libxml2,libxml2,2.9.4,CVE-2016-9318;CVE-2017-5969;CVE-2018-14567
ICS-0956_ge_cimplicity-hmi-scada-2023_SBOM.json,ICS-0956,pkg:oss:sqlite,SQLite,3.31.1,CVE-2020-13434;CVE-2020-13630;CVE-2021-20227
ICS-0956_ge_cimplicity-hmi-scada-2023_SBOM.json,ICS-0956,pkg:oss:sqlserver-express,Microsoft SQL Server Express,2017 CU31,CVE-2022-29143;CVE-2023-21528
ICS-0957_schneider_ecostruxure-geo-scada-expert-2023_SBOM.json,ICS-0957,pkg:oss:openssl,OpenSSL,1.0.2u,CVE-2021-23840;CVE-2021-3712
ICS-0957_schneider_ecostruxure-geo-scada-expert-2023_SBOM.json,ICS-0957,pkg:oss:expat,Expat,2.2.10,CVE-2022-22822;CVE-2022-23852;CVE-2022-25235
ICS-0957_schneider_ecostruxure-geo-scada-expert-2023_SBOM.json,ICS-0957,pkg:oss:libcurl,libcurl,8.0.1,CVE-2023-27533;CVE-2023-27536;CVE-2023-38545
ICS-0957_schneider_ecostruxure-geo-scada-expert-2023_SBOM.json,ICS-0957,pkg:oss:dotnet,Microsoft .NET Framework,4.6.2,CVE-2018-8421;CVE-2019-0545;CVE-2020-1147
ICS-0957_schneider_ecostruxure-geo-scada-expert-2023_SBOM.json,ICS-0957,pkg:oss:libxml2,libxml2,2.9.4,CVE-2016-9318;CVE-2017-5969;CVE-2018-14567
ICS-0957_schneider_ecostruxure-geo-scada-expert-2023_SBOM.json,ICS-0957,pkg:oss:zlib,zlib,1.2.12,CVE-2022-37434
ICS-0957_schneider_ecostruxure-geo-scada-expert-2023_SBOM.json,ICS-0957,pkg:oss:sqlserver-express,Microsoft SQL Server Express,2017 CU31,CVE-2022-29143;CVE-2023-21528
ICS-0958_rockwell_factorytalk-view-se-14-00_SBOM.json,ICS-0958,pkg:oss:zlib,zlib,1.2.11,CVE-2018-25032;CVE-2022-37434
ICS-0958_rockwell_factorytalk-view-se-14-00_SBOM.json,ICS-0958,pkg:oss:sqlserver-express,Microsoft SQL Server Express,2016 SP2,CVE-2019-1068;CVE-2020-0618
ICS-0958_rockwell_factorytalk-view-se-14-00_SBOM.json,ICS-0958,pkg:oss:libcurl,libcurl,7.29.0,CVE-2016-8615;CVE-2018-1000120;CVE-2019-5482
ICS-0958_rockwell_factorytalk-view-se-14-00_SBOM.json,ICS-0958,pkg:oss:sqlite,SQLite,3.22.0,CVE-2018-8740;CVE-2019-8457;CVE-2020-11655
ICS-0958_rockwell_factorytalk-view-se-14-00_SBOM.json,ICS-0958,pkg:oss:dotnet,Microsoft .NET Framework,4.8,CVE-2021-26701;CVE-2023-21808
ICS-0959_aveva_aveva-historian-2023-r2_SBOM.json,ICS-0959,pkg:oss:sqlite,SQLite,3.39.4,CVE-2022-46908;CVE-2023-7104
ICS-0959_aveva_aveva-historian-2023-r2_SBOM.json,ICS-0959,pkg:oss:libcurl,libcurl,8.0.1,CVE-2023-27533;CVE-2023-27536;CVE-2023-38545
ICS-0959_aveva_aveva-historian-2023-r2_SBOM.json,ICS-0959,pkg:oss:expat,Expat,2.5.0,CVE-2023-52425
ICS-0959_aveva_aveva-historian-2023-r2_SBOM.json,ICS-0959,pkg:oss:zlib,zlib,1.2.12,CVE-2022-37434
ICS-0959_aveva_aveva-historian-2023-r2_SBOM.json,ICS-0959,pkg:oss:dotnet,Microsoft .NET Framework,4.8,CVE-2021-26701;CVE-2023-21808
ICS-0960_ge_proficy-historian-9-1_SBOM.json,ICS-0960,pkg:oss:libcurl,libcurl,7.64.0,CVE-2019-5481;CVE-2019-5482;CVE-2020-8177
ICS-0960_ge_proficy-historian-9-1_SBOM.json,ICS-0960,pkg:oss:dotnet,Microsoft .NET Framework,4.8,CVE-2021-26701;CVE-2023-21808
ICS-0960_ge_proficy-historian-9-1_SBOM.json,ICS-0960,pkg:oss:sqlite,SQLite,3.41.2,CVE-2023-7104
ICS-0960_ge_proficy-historian-9-1_SBOM.json,ICS-0960,pkg:oss:libxml2,libxml2,2.10.4,CVE-2023-45322
ICS-0960_ge_proficy-historian-9-1_SBOM.json,ICS-0960,pkg:oss:expat,Expat,2.5.0,CVE-2023-52425
ICS-0961_honeywell_uniformance-phd-historian-r321_SBOM.json,ICS-0961,pkg:oss:expat,Expat,2.2.10,CVE-2022-22822;CVE-2022-23852;CVE-2022-25235
ICS-0961_honeywell_uniformance-phd-historian-r321_SBOM.json,ICS-0961,pkg:oss:libxml2,libxml2,2.10.4,CVE-2023-45322
ICS-0961_honeywell_uniformance-phd-historian-r321_SBOM.json,ICS-0961,pkg:oss:libcurl,libcurl,7.79.1,CVE-2022-22576;CVE-2022-27774;CVE-2022-32221
ICS-0961_honeywell_uniformance-phd-historian-r321_SBOM.json,ICS-0961,pkg:oss:dotnet,Microsoft .NET Framework,4.6.2,CVE-2018-8421;CVE-2019-0545;CVE-2020-1147
ICS-0962_emerson_deltav-continuous-historian-15-lts_SBOM.json,ICS-0962,pkg:oss:expat,Expat,2.2.0,CVE-2018-20843;CVE-2019-15903
ICS-0962_emerson_deltav-continuous-historian-15-lts_SBOM.json,ICS-0962,pkg:oss:libcurl,libcurl,8.4.0,CVE-2023-46218;CVE-2024-2379
ICS-0962_emerson_deltav-continuous-historian-15-lts_SBOM.json,ICS-0962,pkg:oss:zlib,zlib,1.2.8,CVE-2016-9840;CVE-2016-9841;CVE-2018-25032
ICS-0962_emerson_deltav-continuous-historian-15-lts_SBOM.json,ICS-0962,pkg:oss:sqlserver-express,Microsoft SQL Server Express,2016 SP2,CVE-2019-1068;CVE-2020-0618
ICS-0962_emerson_deltav-continuous-historian-15-lts_SBOM.json,ICS-0962,pkg:oss:sqlite,SQLite,3.39.4,CVE-2022-46908;CVE-2023-7104
ICS-0962_emerson_deltav-continuous-historian-15-lts_SBOM.json,ICS-0962,pkg:oss:dotnet,Microsoft .NET Framework,4.6.2,CVE-2018-8421;CVE-2019-0545;CVE-2020-1147
ICS-0963_yokogawa_exaquantum-plant-information-system-r3-30_SBOM.json,ICS-0963,pkg:oss:expat,Expat,2.2.0,CVE-2018-20843;CVE-2019-15903
ICS-0963_yokogawa_exaquantum-plant-information-system-r3-30_SBOM.json,ICS-0963,pkg:oss:sqlserver-express,Microsoft SQL Server Express,2019 CU22,CVE-2023-21528
ICS-0963_yokogawa_exaquantum-plant-information-system-r3-30_SBOM.json,ICS-0963,pkg:oss:zlib,zlib,1.2.12,CVE-2022-37434
ICS-0963_yokogawa_exaquantum-plant-information-system-r3-30_SBOM.json,ICS-0963,pkg:oss:dotnet,Microsoft .NET Framework,4.6.2,CVE-2018-8421;CVE-2019-0545;CVE-2020-1147
ICS-0963_yokogawa_exaquantum-plant-information-system-r3-30_SBOM.json,ICS-0963,pkg:oss:libxml2,libxml2,2.9.14,CVE-2022-40303;CVE-2022-40304;CVE-2023-28484
ICS-0963_yokogawa_exaquantum-plant-information-system-r3-30_SBOM.json,ICS-0963,pkg:oss:libcurl,libcurl,7.64.0,CVE-2019-5481;CVE-2019-5482;CVE-2020-8177
ICS-0964_siemens_tia-portal-engineering-suite-v19_SBOM.json,ICS-0964,pkg:oss:expat,Expat,2.2.0,CVE-2018-20843;CVE-2019-15903
ICS-0964_siemens_tia-portal-engineering-suite-v19_SBOM.json,ICS-0964,pkg:oss:dotnet,Microsoft .NET Framework,4.7.2,CVE-2020-1147;CVE-2021-24112;CVE-2021-26701
ICS-0964_siemens_tia-portal-engineering-suite-v19_SBOM.json,ICS-0964,pkg:oss:libxml2,libxml2,2.9.10,CVE-2021-3517;CVE-2021-3518;CVE-2022-29824
ICS-0964_siemens_tia-portal-engineering-suite-v19_SBOM.json,ICS-0964,pkg:oss:libcurl,libcurl,8.0.1,CVE-2023-27533;CVE-2023-27536;CVE-2023-38545
ICS-0964_siemens_tia-portal-engineering-suite-v19_SBOM.json,ICS-0964,pkg:oss:sqlserver-express,Microsoft SQL Server Express,2019 CU22,CVE-2023-21528
ICS-0964_siemens_tia-portal-engineering-suite-v19_SBOM.json,ICS-0964,pkg:oss:sqlite,SQLite,3.41.2,CVE-2023-7104
ICS-0965_rockwell_studio-5000-logix-designer-32-00_SBOM.json,ICS-0965,pkg:oss:openssl,OpenSSL,1.1.1n,CVE-2022-1292;CVE-2022-2068;CVE-2022-4304
ICS-0965_rockwell_studio-5000-logix-designer-32-00_SBOM.json,ICS-0965,pkg:oss:expat,Expat,2.2.0,CVE-2018-20843;CVE-2019-15903
ICS-0966_schneider_ecostruxure-control-expert-v16-1_SBOM.json,ICS-0966,pkg:oss:sqlite,SQLite,3.22.0,CVE-2018-8740;CVE-2019-8457;CVE-2020-11655
ICS-0966_schneider_ecostruxure-control-expert-v16-1_SBOM.json,ICS-0966,pkg:oss:dotnet,Microsoft .NET Framework,4.7.2,CVE-2020-1147;CVE-2021-24112;CVE-2021-26701
ICS-0966_schneider_ecostruxure-control-expert-v16-1_SBOM.json,ICS-0966,pkg:oss:expat,Expat,2.5.0,CVE-2023-52425
ICS-0966_schneider_ecostruxure-control-expert-v16-1_SBOM.json,ICS-0966,pkg:oss:libcurl,libcurl,8.4.0,CVE-2023-46218;CVE-2024-2379
ICS-0966_schneider_ecostruxure-control-expert-v16-1_SBOM.json,ICS-0966,pkg:oss:codesys-rt,CODESYS Control Runtime System,3.5.16.0,CVE-2021-30186;CVE-2021-30188;CVE-2021-30189
ICS-0967_mitsubishi_gx-works3-engineering-tool-1-100e_SBOM.json,ICS-0967,pkg:oss:libcurl,libcurl,8.0.1,CVE-2023-27533;CVE-2023-27536;CVE-2023-38545
ICS-0967_mitsubishi_gx-works3-engineering-tool-1-100e_SBOM.json,ICS-0967,pkg:oss:sqlserver-express,Microsoft SQL Server Express,2017 CU31,CVE-2022-29143;CVE-2023-21528
ICS-0967_mitsubishi_gx-works3-engineering-tool-1-100e_SBOM.json,ICS-0967,pkg:oss:zlib,zlib,1.2.12,CVE-2022-37434
ICS-0968_codesys_codesys-development-system-v3-5-sp19_SBOM.json,ICS-0968,pkg:oss:libcurl,libcurl,7.29.0,CVE-2016-8615;CVE-2018-1000120;CVE-2019-5482
ICS-0968_codesys_codesys-development-system-v3-5-sp19_SBOM.json,ICS-0968,pkg:oss:libxml2,libxml2,2.10.4,CVE-2023-45322
ICS-0968_codesys_codesys-development-system-v3-5-sp19_SBOM.json,ICS-0968,pkg:oss:zlib,zlib,1.2.8,CVE-2016-9840;CVE-2016-9841;CVE-2018-25032
ICS-0968_codesys_codesys-development-system-v3-5-sp19_SBOM.json,ICS-0968,pkg:oss:dotnet,Microsoft .NET Framework,4.6.2,CVE-2018-8421;CVE-2019-0545;CVE-2020-1147
ICS-0968_codesys_codesys-development-system-v3-5-sp19_SBOM.json,ICS-0968,pkg:oss:sqlite,SQLite,3.39.4,CVE-2022-46908;CVE-2023-7104
ICS-0968_codesys_codesys-development-system-v3-5-sp19_SBOM.json,ICS-0968,pkg:oss:openssl,OpenSSL,1.1.1k,CVE-2021-3711;CVE-2021-3712;CVE-2022-0778
ICS-0968_codesys_codesys-development-system-v3-5-sp19_SBOM.json,ICS-0968,pkg:oss:sqlserver-express,Microsoft SQL Server Express,2016 SP2,CVE-2019-1068;CVE-2020-0618
ICS-0968_codesys_codesys-development-system-v3-5-sp19_SBOM.json,ICS-0968,pkg:oss:expat,Expat,2.4.1,CVE-2022-25236;CVE-2022-25315
ICS-0968_codesys_codesys-development-system-v3-5-sp19_SBOM.json,ICS-0968,pkg:oss:codesys-rt,CODESYS Control Runtime System,3.5.17.0,CVE-2022-22515;CVE-2022-22517;CVE-2022-31802
ICS-0969_abb_automation-builder-2-7_SBOM.json,ICS-0969,pkg:oss:libxml2,libxml2,2.9.14,CVE-2022-40303;CVE-2022-40304;CVE-2023-28484
ICS-0969_abb_automation-builder-2-7_SBOM.json,ICS-0969,pkg:oss:sqlserver-express,Microsoft SQL Server Express,2017 CU31,CVE-2022-29143;CVE-2023-21528
ICS-0969_abb_automation-builder-2-7_SBOM.json,ICS-0969,pkg:oss:sqlite,SQLite,3.41.2,CVE-2023-7104
ICS-0969_abb_automation-builder-2-7_SBOM.json,ICS-0969,pkg:oss:expat,Expat,2.4.1,CVE-2022-25236;CVE-2022-25315
ICS-0969_abb_automation-builder-2-7_SBOM.json,ICS-0969,pkg:oss:dotnet,Microsoft .NET Framework,4.8,CVE-2021-26701;CVE-2023-21808
ICS-0969_abb_automation-builder-2-7_SBOM.json,ICS-0969,pkg:oss:openssl,OpenSSL,1.1.1k,CVE-2021-3711;CVE-2021-3712;CVE-2022-0778
ICS-0969_abb_automation-builder-2-7_SBOM.json,ICS-0969,pkg:oss:libcurl,libcurl,8.0.1,CVE-2023-27533;CVE-2023-27536;CVE-2023-38545
ICS-0969_abb_automation-builder-2-7_SBOM.json,ICS-0969,pkg:oss:codesys-rt,CODESYS Control Runtime System,3.5.18.20,CVE-2023-37559;CVE-2023-37560
ICS-0970_emerson_deltav-md-plus-controller-pk_SBOM.json,ICS-0970,pkg:oss:zlib,zlib,1.2.11,CVE-2018-25032;CVE-2022-37434
ICS-0970_emerson_deltav-md-plus-controller-pk_SBOM.json,ICS-0970,pkg:oss:ipnet,Interpeak IPnet TCP/IP Stack,6.9,CVE-2019-12255;CVE-2019-12256;CVE-2019-12257;CVE-2019-12260
ICS-0970_emerson_deltav-md-plus-controller-pk_SBOM.json,ICS-0970,pkg:oss:libcurl,libcurl,8.4.0,CVE-2023-46218;CVE-2024-2379
ICS-0970_emerson_deltav-md-plus-controller-pk_SBOM.json,ICS-0970,pkg:oss:net-snmp,Net-SNMP,5.7.3,CVE-2018-18065;CVE-2019-20892;CVE-2020-15862
ICS-0970_emerson_deltav-md-plus-controller-pk_SBOM.json,ICS-0970,pkg:oss:expat,Expat,2.4.1,CVE-2022-25236;CVE-2022-25315
ICS-0970_emerson_deltav-md-plus-controller-pk_SBOM.json,ICS-0970,pkg:oss:ntp,NTP Daemon,4.2.8p13,CVE-2019-8936;CVE-2020-11868
ICS-0971_honeywell_experion-c300-controller-uoc_SBOM.json,ICS-0971,pkg:oss:zlib,zlib,1.2.11,CVE-2018-25032;CVE-2022-37434
ICS-0971_honeywell_experion-c300-controller-uoc_SBOM.json,ICS-0971,pkg:oss:libcurl,libcurl,7.29.0,CVE-2016-8615;CVE-2018-1000120;CVE-2019-5482
ICS-0971_honeywell_experion-c300-controller-uoc_SBOM.json,ICS-0971,pkg:oss:sqlite,SQLite,3.22.0,CVE-2018-8740;CVE-2019-8457;CVE-2020-11655
ICS-0971_honeywell_experion-c300-controller-uoc_SBOM.json,ICS-0971,pkg:oss:openssl,OpenSSL,1.1.1n,CVE-2022-1292;CVE-2022-2068;CVE-2022-4304
ICS-0972_yokogawa_centum-vp-field-control-station-afv40s_SBOM.json,ICS-0972,pkg:oss:ntp,NTP Daemon,4.2.8p13,CVE-2019-8936;CVE-2020-11868
ICS-0972_yokogawa_centum-vp-field-control-station-afv40s_SBOM.json,ICS-0972,pkg:oss:lwip,lwIP,2.1.3,CVE-2023-5188
ICS-0972_yokogawa_centum-vp-field-control-station-afv40s_SBOM.json,ICS-0972,pkg:oss:expat,Expat,2.4.1,CVE-2022-25236;CVE-2022-25315
ICS-0973_abb_ac-800m-controller-pm864a_SBOM.json,ICS-0973,pkg:oss:libcurl,libcurl,7.29.0,CVE-2016-8615;CVE-2018-1000120;CVE-2019-5482
ICS-0973_abb_ac-800m-controller-pm864a_SBOM.json,ICS-0973,pkg:oss:openssl,OpenSSL,3.0.7,CVE-2023-0286;CVE-2023-0215;CVE-2022-4304
ICS-0973_abb_ac-800m-controller-pm864a_SBOM.json,ICS-0973,pkg:oss:net-snmp,Net-SNMP,5.7.3,CVE-2018-18065;CVE-2019-20892;CVE-2020-15862
ICS-0973_abb_ac-800m-controller-pm864a_SBOM.json,ICS-0973,pkg:oss:libxml2,libxml2,2.9.10,CVE-2021-3517;CVE-2021-3518;CVE-2022-29824
ICS-0973_abb_ac-800m-controller-pm864a_SBOM.json,ICS-0973,pkg:oss:ipnet,Interpeak IPnet TCP/IP Stack,7.0,CVE-2019-12258;CVE-2019-12259;CVE-2019-12262
ICS-0973_abb_ac-800m-controller-pm864a_SBOM.json,ICS-0973,pkg:oss:libmodbus,libmodbus,3.1.4,CVE-2019-14462;CVE-2019-14463
ICS-0973_abb_ac-800m-controller-pm864a_SBOM.json,ICS-0973,pkg:oss:ntp,NTP Daemon,4.2.8p10,CVE-2018-7182;CVE-2018-7183;CVE-2018-7184
ICS-0973_abb_ac-800m-controller-pm864a_SBOM.json,ICS-0973,pkg:oss:expat,Expat,2.2.10,CVE-2022-22822;CVE-2022-23852;CVE-2022-25235
ICS-0974_siemens_simatic-pcs-7-as-controller-as-416-3_SBOM.json,ICS-0974,pkg:oss:treck-tcpip,Treck TCP/IP Stack,6.0.1.67,CVE-2020-11898;CVE-2020-11900
ICS-0974_siemens_simatic-pcs-7-as-controller-as-416-3_SBOM.json,ICS-0974,pkg:oss:expat,Expat,2.2.10,CVE-2022-22822;CVE-2022-23852;CVE-2022-25235
ICS-0974_siemens_simatic-pcs-7-as-controller-as-416-3_SBOM.json,ICS-0974,pkg:oss:mbedtls,Mbed TLS,2.28.0,CVE-2022-35409;CVE-2023-43615
ICS-0974_siemens_simatic-pcs-7-as-controller-as-416-3_SBOM.json,ICS-0974,pkg:oss:ntp,NTP Daemon,4.2.8p15,CVE-2023-26551
ICS-0974_siemens_simatic-pcs-7-as-controller-as-416-3_SBOM.json,ICS-0974,pkg:oss:openssl,OpenSSL,1.0.2u,CVE-2021-23840;CVE-2021-3712
ICS-0975_hitachi-energy_symphony-plus-hpc800-spc700_SBOM.json,ICS-0975,pkg:oss:openssl,OpenSSL,1.1.1n,CVE-2022-1292;CVE-2022-2068;CVE-2022-4304
ICS-0975_hitachi-energy_symphony-plus-hpc800-spc700_SBOM.json,ICS-0975,pkg:oss:sqlite,SQLite,3.41.2,CVE-2023-7104
ICS-0975_hitachi-energy_symphony-plus-hpc800-spc700_SBOM.json,ICS-0975,pkg:oss:net-snmp,Net-SNMP,5.7.3,CVE-2018-18065;CVE-2019-20892;CVE-2020-15862
ICS-0975_hitachi-energy_symphony-plus-hpc800-spc700_SBOM.json,ICS-0975,pkg:oss:libxml2,libxml2,2.9.14,CVE-2022-40303;CVE-2022-40304;CVE-2023-28484
ICS-0975_hitachi-energy_symphony-plus-hpc800-spc700_SBOM.json,ICS-0975,pkg:oss:zlib,zlib,1.2.8,CVE-2016-9840;CVE-2016-9841;CVE-2018-25032
ICS-0975_hitachi-energy_symphony-plus-hpc800-spc700_SBOM.json,ICS-0975,pkg:oss:libcurl,libcurl,8.0.1,CVE-2023-27533;CVE-2023-27536;CVE-2023-38545
ICS-0975_hitachi-energy_symphony-plus-hpc800-spc700_SBOM.json,ICS-0975,pkg:oss:ntp,NTP Daemon,4.2.8p13,CVE-2019-8936;CVE-2020-11868
ICS-0975_hitachi-energy_symphony-plus-hpc800-spc700_SBOM.json,ICS-0975,pkg:oss:expat,Expat,2.2.10,CVE-2022-22822;CVE-2022-23852;CVE-2022-25235
ICS-0975_hitachi-energy_symphony-plus-hpc800-spc700_SBOM.json,ICS-0975,pkg:oss:ipnet,Interpeak IPnet TCP/IP Stack,6.9,CVE-2019-12255;CVE-2019-12256;CVE-2019-12257;CVE-2019-12260
ICS-0976_schneider_triconex-tricon-cx-controller-tri-gp_SBOM.json,ICS-0976,pkg:oss:treck-tcpip,Treck TCP/IP Stack,6.0.1.66,CVE-2020-11896;CVE-2020-11897;CVE-2020-11901
ICS-0976_schneider_triconex-tricon-cx-controller-tri-gp_SBOM.json,ICS-0976,pkg:oss:lwip,lwIP,2.1.2,CVE-2020-22283;CVE-2020-22285;CVE-2020-22286
ICS-0976_schneider_triconex-tricon-cx-controller-tri-gp_SBOM.json,ICS-0976,pkg:oss:expat,Expat,2.5.0,CVE-2023-52425
ICS-0976_schneider_triconex-tricon-cx-controller-tri-gp_SBOM.json,ICS-0976,pkg:oss:openssl,OpenSSL,1.1.1k,CVE-2021-3711;CVE-2021-3712;CVE-2022-0778
ICS-0977_hima_himax-safety-controller-himatrix-f35_SBOM.json,ICS-0977,pkg:oss:mbedtls,Mbed TLS,2.16.3,CVE-2020-10932;CVE-2020-16150;CVE-2021-24119
ICS-0977_hima_himax-safety-controller-himatrix-f35_SBOM.json,ICS-0977,pkg:oss:lwip,lwIP,2.1.3,CVE-2023-5188
ICS-0978_pilz_pss-4000-safety-controller-pss-4000-r_SBOM.json,ICS-0978,pkg:oss:treck-tcpip,Treck TCP/IP Stack,6.0.1.67,CVE-2020-11898;CVE-2020-11900
ICS-0978_pilz_pss-4000-safety-controller-pss-4000-r_SBOM.json,ICS-0978,pkg:oss:ntp,NTP Daemon,4.2.8p13,CVE-2019-8936;CVE-2020-11868
ICS-0978_pilz_pss-4000-safety-controller-pss-4000-r_SBOM.json,ICS-0978,pkg:oss:zlib,zlib,1.2.11,CVE-2018-25032;CVE-2022-37434
ICS-0978_pilz_pss-4000-safety-controller-pss-4000-r_SBOM.json,ICS-0978,pkg:oss:openssl,OpenSSL,1.0.2k,CVE-2017-3731;CVE-2017-3732;CVE-2016-7055
ICS-0978_pilz_pss-4000-safety-controller-pss-4000-r_SBOM.json,ICS-0978,pkg:oss:lwip,lwIP,2.0.3,CVE-2020-22283;CVE-2020-22284;CVE-2020-22288
ICS-0979_siemens_simatic-s7-1500f-safety-cpu-1518f-4-pn-dp_SBOM.json,ICS-0979,pkg:oss:wolfssl,wolfSSL,5.5.0,CVE-2022-42905;CVE-2023-3724
ICS-0979_siemens_simatic-s7-1500f-safety-cpu-1518f-4-pn-dp_SBOM.json,ICS-0979,pkg:oss:mbedtls,Mbed TLS,2.28.0,CVE-2022-35409;CVE-2023-43615
ICS-0979_siemens_simatic-s7-1500f-safety-cpu-1518f-4-pn-dp_SBOM.json,ICS-0979,pkg:oss:ntp,NTP Daemon,4.2.8p13,CVE-2019-8936;CVE-2020-11868
ICS-0979_siemens_simatic-s7-1500f-safety-cpu-1518f-4-pn-dp_SBOM.json,ICS-0979,pkg:oss:openssl,OpenSSL,1.0.2k,CVE-2017-3731;CVE-2017-3732;CVE-2016-7055
ICS-0979_siemens_simatic-s7-1500f-safety-cpu-1518f-4-pn-dp_SBOM.json,ICS-0979,pkg:oss:libmodbus,libmodbus,3.1.4,CVE-2019-14462;CVE-2019-14463
ICS-0980_rockwell_guardlogix-safety-controller-5069-l306ers2_SBOM.json,ICS-0980,pkg:oss:expat,Expat,2.2.10,CVE-2022-22822;CVE-2022-23852;CVE-2022-25235
ICS-0980_rockwell_guardlogix-safety-controller-5069-l306ers2_SBOM.json,ICS-0980,pkg:oss:ntp,NTP Daemon,4.2.8p15,CVE-2023-26551
ICS-0980_rockwell_guardlogix-safety-controller-5069-l306ers2_SBOM.json,ICS-0980,pkg:oss:sqlite,SQLite,3.31.1,CVE-2020-13434;CVE-2020-13630;CVE-2021-20227
ICS-0980_rockwell_guardlogix-safety-controller-5069-l306ers2_SBOM.json,ICS-0980,pkg:oss:libcurl,libcurl,8.4.0,CVE-2023-46218;CVE-2024-2379
ICS-0981_moxa_mgate-protocol-gateway-5105-mb-eip_SBOM.json,ICS-0981,pkg:oss:glibc,GNU C Library,2.17,CVE-2015-7547;CVE-2018-11236;CVE-2021-3999
ICS-0981_moxa_mgate-protocol-gateway-5105-mb-eip_SBOM.json,ICS-0981,pkg:oss:ntp,NTP Daemon,4.2.8p15,CVE-2023-26551
ICS-0981_moxa_mgate-protocol-gateway-5105-mb-eip_SBOM.json,ICS-0981,pkg:oss:dropbear,Dropbear SSH,2016.74,CVE-2016-7406;CVE-2016-7407;CVE-2016-7408
ICS-0981_moxa_mgate-protocol-gateway-5105-mb-eip_SBOM.json,ICS-0981,pkg:oss:openssh,OpenSSH,9.3p1,CVE-2023-38408;CVE-2023-48795;CVE-2024-6387
ICS-0981_moxa_mgate-protocol-gateway-5105-mb-eip_SBOM.json,ICS-0981,pkg:oss:zlib,zlib,1.2.8,CVE-2016-9840;CVE-2016-9841;CVE-2018-25032
ICS-0981_moxa_mgate-protocol-gateway-5105-mb-eip_SBOM.json,ICS-0981,pkg:oss:expat,Expat,2.5.0,CVE-2023-52425
ICS-0981_moxa_mgate-protocol-gateway-5105-mb-eip_SBOM.json,ICS-0981,pkg:oss:sqlite,SQLite,3.22.0,CVE-2018-8740;CVE-2019-8457;CVE-2020-11655
ICS-0981_moxa_mgate-protocol-gateway-5105-mb-eip_SBOM.json,ICS-0981,pkg:oss:open62541,open62541 OPC UA Stack,1.2.2,CVE-2021-40206;CVE-2022-25761
ICS-0981_moxa_mgate-protocol-gateway-5105-mb-eip_SBOM.json,ICS-0981,pkg:oss:nginx,nginx,1.20.1,CVE-2022-41741;CVE-2022-41742
ICS-0982_softing_edgeaggregator-gateway-uagate-si_SBOM.json,ICS-0982,pkg:oss:ntp,NTP Daemon,4.2.8p13,CVE-2019-8936;CVE-2020-11868
ICS-0982_softing_edgeaggregator-gateway-uagate-si_SBOM.json,ICS-0982,pkg:oss:sqlite,SQLite,3.31.1,CVE-2020-13434;CVE-2020-13630;CVE-2021-20227
ICS-0982_softing_edgeaggregator-gateway-uagate-si_SBOM.json,ICS-0982,pkg:oss:dropbear,Dropbear SSH,2022.83,CVE-2023-48795
ICS-0982_softing_edgeaggregator-gateway-uagate-si_SBOM.json,ICS-0982,pkg:oss:glibc,GNU C Library,2.28,CVE-2021-3999;CVE-2021-33574;CVE-2023-4911
ICS-0982_softing_edgeaggregator-gateway-uagate-si_SBOM.json,ICS-0982,pkg:oss:libxml2,libxml2,2.9.4,CVE-2016-9318;CVE-2017-5969;CVE-2018-14567
ICS-0982_softing_edgeaggregator-gateway-uagate-si_SBOM.json,ICS-0982,pkg:oss:openvpn,OpenVPN,2.4.7,CVE-2020-11810;CVE-2020-15078
ICS-0982_softing_edgeaggregator-gateway-uagate-si_SBOM.json,ICS-0982,pkg:oss:net-snmp,Net-SNMP,5.8,CVE-2020-15861;CVE-2020-15862;CVE-2022-24805
ICS-0982_softing_edgeaggregator-gateway-uagate-si_SBOM.json,ICS-0982,pkg:oss:openssh,OpenSSH,9.6p1,CVE-2024-6387
ICS-0983_advantech_ecu-1251-edge-gateway-ecu-4784_SBOM.json,ICS-0983,pkg:oss:open62541,open62541 OPC UA Stack,1.2.2,CVE-2021-40206;CVE-2022-25761
ICS-0983_advantech_ecu-1251-edge-gateway-ecu-4784_SBOM.json,ICS-0983,pkg:oss:u-boot,Das U-Boot,2020.04,CVE-2020-10648;CVE-2021-27097;CVE-2022-30767
ICS-0983_advantech_ecu-1251-edge-gateway-ecu-4784_SBOM.json,ICS-0983,pkg:oss:glibc,GNU C Library,2.28,CVE-2021-3999;CVE-2021-33574;CVE-2023-4911
ICS-0983_advantech_ecu-1251-edge-gateway-ecu-4784_SBOM.json,ICS-0983,pkg:oss:dropbear,Dropbear SSH,2019.78,CVE-2018-15599;CVE-2020-36254
ICS-0983_advantech_ecu-1251-edge-gateway-ecu-4784_SBOM.json,ICS-0983,pkg:oss:libcurl,libcurl,7.79.1,CVE-2022-22576;CVE-2022-27774;CVE-2022-32221
ICS-0984_phoenix_fl-mguard-security-appliance-centerport_SBOM.json,ICS-0984,pkg:oss:glibc,GNU C Library,2.31,CVE-2021-35942;CVE-2023-4911
ICS-0984_phoenix_fl-mguard-security-appliance-centerport_SBOM.json,ICS-0984,pkg:oss:mosquitto,Eclipse Mosquitto,2.0.15,CVE-2023-0809;CVE-2023-3592
ICS-0984_phoenix_fl-mguard-security-appliance-centerport_SBOM.json,ICS-0984,pkg:oss:goahead,GoAhead Embedded Web Server,3.6.5,CVE-2017-17562;CVE-2019-5096;CVE-2019-5097
ICS-0984_phoenix_fl-mguard-security-appliance-centerport_SBOM.json,ICS-0984,pkg:oss:ntp,NTP Daemon,4.2.8p10,CVE-2018-7182;CVE-2018-7183;CVE-2018-7184
ICS-0984_phoenix_fl-mguard-security-appliance-centerport_SBOM.json,ICS-0984,pkg:oss:open62541,open62541 OPC UA Stack,1.3.6,CVE-2023-31048
ICS-0984_phoenix_fl-mguard-security-appliance-centerport_SBOM.json,ICS-0984,pkg:oss:openssh,OpenSSH,9.3p1,CVE-2023-38408;CVE-2023-48795;CVE-2024-6387
ICS-0984_phoenix_fl-mguard-security-appliance-centerport_SBOM.json,ICS-0984,pkg:oss:libxml2,libxml2,2.9.4,CVE-2016-9318;CVE-2017-5969;CVE-2018-14567
ICS-0985_belden_eagle40-industrial-firewall-eagle20_SBOM.json,ICS-0985,pkg:oss:libpcap,libpcap,1.8.1,CVE-2018-16301;CVE-2019-15165
ICS-0985_belden_eagle40-industrial-firewall-eagle20_SBOM.json,ICS-0985,pkg:oss:dropbear,Dropbear SSH,2022.83,CVE-2023-48795
ICS-0985_belden_eagle40-industrial-firewall-eagle20_SBOM.json,ICS-0985,pkg:oss:goahead,GoAhead Embedded Web Server,3.6.5,CVE-2017-17562;CVE-2019-5096;CVE-2019-5097
ICS-0985_belden_eagle40-industrial-firewall-eagle20_SBOM.json,ICS-0985,pkg:oss:open62541,open62541 OPC UA Stack,1.2.2,CVE-2021-40206;CVE-2022-25761
ICS-0985_belden_eagle40-industrial-firewall-eagle20_SBOM.json,ICS-0985,pkg:oss:ntp,NTP Daemon,4.2.8p15,CVE-2023-26551
ICS-0985_belden_eagle40-industrial-firewall-eagle20_SBOM.json,ICS-0985,pkg:oss:openssl,OpenSSL,1.1.1n,CVE-2022-1292;CVE-2022-2068;CVE-2022-4304
ICS-0986_belden_rsp-managed-switch-rspe37_SBOM.json,ICS-0986,pkg:oss:openvpn,OpenVPN,2.4.7,CVE-2020-11810;CVE-2020-15078
ICS-0986_belden_rsp-managed-switch-rspe37_SBOM.json,ICS-0986,pkg:oss:libxml2,libxml2,2.10.4,CVE-2023-45322
ICS-0986_belden_rsp-managed-switch-rspe37_SBOM.json,ICS-0986,pkg:oss:sqlite,SQLite,3.41.2,CVE-2023-7104
ICS-0987_westermo_lynx-dss-managed-switch-redfox-5528_SBOM.json,ICS-0987,pkg:oss:net-snmp,Net-SNMP,5.7.3,CVE-2018-18065;CVE-2019-20892;CVE-2020-15862
ICS-0987_westermo_lynx-dss-managed-switch-redfox-5528_SBOM.json,ICS-0987,pkg:oss:expat,Expat,2.5.0,CVE-2023-52425
ICS-0987_westermo_lynx-dss-managed-switch-redfox-5528_SBOM.json,ICS-0987,pkg:oss:linux-kernel,Linux Kernel,5.4.278,CVE-2023-32233;CVE-2024-1086
ICS-0987_westermo_lynx-dss-managed-switch-redfox-5528_SBOM.json,ICS-0987,pkg:oss:glibc,GNU C Library,2.17,CVE-2015-7547;CVE-2018-11236;CVE-2021-3999
ICS-0987_westermo_lynx-dss-managed-switch-redfox-5528_SBOM.json,ICS-0987,pkg:oss:open62541,open62541 OPC UA Stack,1.3.6,CVE-2023-31048
ICS-0987_westermo_lynx-dss-managed-switch-redfox-5528_SBOM.json,ICS-0987,pkg:oss:u-boot,Das U-Boot,2021.10,CVE-2022-30767;CVE-2022-33967
ICS-0987_westermo_lynx-dss-managed-switch-redfox-5528_SBOM.json,ICS-0987,pkg:oss:openssh,OpenSSH,9.6p1,CVE-2024-6387
ICS-0988_moxa_eds-managed-ethernet-switch-eds-g516e_SBOM.json,ICS-0988,pkg:oss:busybox,BusyBox,1.20.2,CVE-2017-16544;CVE-2016-2147;CVE-2018-1000500
ICS-0988_moxa_eds-managed-ethernet-switch-eds-g516e_SBOM.json,ICS-0988,pkg:oss:dropbear,Dropbear SSH,2019.78,CVE-2018-15599;CVE-2020-36254
ICS-0988_moxa_eds-managed-ethernet-switch-eds-g516e_SBOM.json,ICS-0988,pkg:oss:glibc,GNU C Library,2.31,CVE-2021-35942;CVE-2023-4911
ICS-0988_moxa_eds-managed-ethernet-switch-eds-g516e_SBOM.json,ICS-0988,pkg:oss:expat,Expat,2.2.10,CVE-2022-22822;CVE-2022-23852;CVE-2022-25235
ICS-0988_moxa_eds-managed-ethernet-switch-eds-g516e_SBOM.json,ICS-0988,pkg:oss:mosquitto,Eclipse Mosquitto,1.5.8,CVE-2019-11779;CVE-2021-28166
ICS-0988_moxa_eds-managed-ethernet-switch-eds-g516e_SBOM.json,ICS-0988,pkg:oss:libcurl,libcurl,7.29.0,CVE-2016-8615;CVE-2018-1000120;CVE-2019-5482
ICS-0988_moxa_eds-managed-ethernet-switch-eds-g516e_SBOM.json,ICS-0988,pkg:oss:net-snmp,Net-SNMP,5.7.3,CVE-2018-18065;CVE-2019-20892;CVE-2020-15862
ICS-0989_siemens_scalance-x-industrial-switch-xm416-4c_SBOM.json,ICS-0989,pkg:oss:u-boot,Das U-Boot,2020.04,CVE-2020-10648;CVE-2021-27097;CVE-2022-30767
ICS-0989_siemens_scalance-x-industrial-switch-xm416-4c_SBOM.json,ICS-0989,pkg:oss:libssh2,libssh2,1.9.0,CVE-2019-17498;CVE-2020-22218
ICS-0989_siemens_scalance-x-industrial-switch-xm416-4c_SBOM.json,ICS-0989,pkg:oss:mosquitto,Eclipse Mosquitto,2.0.11,CVE-2021-34431;CVE-2021-41039;CVE-2023-0809
ICS-0989_siemens_scalance-x-industrial-switch-xm416-4c_SBOM.json,ICS-0989,pkg:oss:goahead,GoAhead Embedded Web Server,3.6.5,CVE-2017-17562;CVE-2019-5096;CVE-2019-5097
ICS-0989_siemens_scalance-x-industrial-switch-xm416-4c_SBOM.json,ICS-0989,pkg:oss:net-snmp,Net-SNMP,5.7.3,CVE-2018-18065;CVE-2019-20892;CVE-2020-15862
ICS-0989_siemens_scalance-x-industrial-switch-xm416-4c_SBOM.json,ICS-0989,pkg:oss:sqlite,SQLite,3.22.0,CVE-2018-8740;CVE-2019-8457;CVE-2020-11655
ICS-0989_siemens_scalance-x-industrial-switch-xm416-4c_SBOM.json,ICS-0989,pkg:oss:zlib,zlib,1.2.8,CVE-2016-9840;CVE-2016-9841;CVE-2018-25032
ICS-0990_siemens_ruggedcom-rx1500-router-rx5000_SBOM.json,ICS-0990,pkg:oss:libpcap,libpcap,1.9.1,CVE-2019-15165;CVE-2023-7256
ICS-0990_siemens_ruggedcom-rx1500-router-rx5000_SBOM.json,ICS-0990,pkg:oss:lighttpd,lighttpd,1.4.55,CVE-2022-22707;CVE-2023-44487
ICS-0990_siemens_ruggedcom-rx1500-router-rx5000_SBOM.json,ICS-0990,pkg:oss:goahead,GoAhead Embedded Web Server,3.6.5,CVE-2017-17562;CVE-2019-5096;CVE-2019-5097
ICS-0990_siemens_ruggedcom-rx1500-router-rx5000_SBOM.json,ICS-0990,pkg:oss:openssh,OpenSSH,9.6p1,CVE-2024-6387
ICS-0990_siemens_ruggedcom-rx1500-router-rx5000_SBOM.json,ICS-0990,pkg:oss:u-boot,Das U-Boot,2021.10,CVE-2022-30767;CVE-2022-33967
ICS-0990_siemens_ruggedcom-rx1500-router-rx5000_SBOM.json,ICS-0990,pkg:oss:libmodbus,libmodbus,3.0.6,CVE-2019-14462;CVE-2019-14463
ICS-0990_siemens_ruggedcom-rx1500-router-rx5000_SBOM.json,ICS-0990,pkg:oss:linux-kernel,Linux Kernel,4.14.336,CVE-2021-33909;CVE-2022-0847
ICS-0991_abb_acs880-industrial-drive-acs580-01_SBOM.json,ICS-0991,pkg:oss:mbedtls,Mbed TLS,2.28.0,CVE-2022-35409;CVE-2023-43615
ICS-0991_abb_acs880-industrial-drive-acs580-01_SBOM.json,ICS-0991,pkg:oss:wolfssl,wolfSSL,5.5.0,CVE-2022-42905;CVE-2023-3724
ICS-0991_abb_acs880-industrial-drive-acs580-01_SBOM.json,ICS-0991,pkg:oss:libmodbus,libmodbus,3.0.6,CVE-2019-14462;CVE-2019-14463
ICS-0991_abb_acs880-industrial-drive-acs580-01_SBOM.json,ICS-0991,pkg:oss:zlib,zlib,1.2.11,CVE-2018-25032;CVE-2022-37434
ICS-0991_abb_acs880-industrial-drive-acs580-01_SBOM.json,ICS-0991,pkg:oss:openssl,OpenSSL,1.0.2k,CVE-2017-3731;CVE-2017-3732;CVE-2016-7055
ICS-0991_abb_acs880-industrial-drive-acs580-01_SBOM.json,ICS-0991,pkg:oss:lwip,lwIP,2.0.3,CVE-2020-22283;CVE-2020-22284;CVE-2020-22288
ICS-0992_siemens_sinamics-s120-drive-s210_SBOM.json,ICS-0992,pkg:oss:wolfssl,wolfSSL,4.5.0,CVE-2021-3336;CVE-2021-24116
ICS-0992_siemens_sinamics-s120-drive-s210_SBOM.json,ICS-0992,pkg:oss:mbedtls,Mbed TLS,2.16.3,CVE-2020-10932;CVE-2020-16150;CVE-2021-24119
ICS-0992_siemens_sinamics-s120-drive-s210_SBOM.json,ICS-0992,pkg:oss:zlib,zlib,1.2.11,CVE-2018-25032;CVE-2022-37434
ICS-0992_siemens_sinamics-s120-drive-s210_SBOM.json,ICS-0992,pkg:oss:openssl,OpenSSL,1.0.2k,CVE-2017-3731;CVE-2017-3732;CVE-2016-7055
ICS-0992_siemens_sinamics-s120-drive-s210_SBOM.json,ICS-0992,pkg:oss:ntp,NTP Daemon,4.2.8p13,CVE-2019-8936;CVE-2020-11868
ICS-0993_danfoss_vlt-automationdrive-fc-360_SBOM.json,ICS-0993,pkg:oss:ntp,NTP Daemon,4.2.8p13,CVE-2019-8936;CVE-2020-11868
ICS-0993_danfoss_vlt-automationdrive-fc-360_SBOM.json,ICS-0993,pkg:oss:lwip,lwIP,2.0.3,CVE-2020-22283;CVE-2020-22284;CVE-2020-22288
ICS-0993_danfoss_vlt-automationdrive-fc-360_SBOM.json,ICS-0993,pkg:oss:libmodbus,libmodbus,3.1.4,CVE-2019-14462;CVE-2019-14463
ICS-0993_danfoss_vlt-automationdrive-fc-360_SBOM.json,ICS-0993,pkg:oss:treck-tcpip,Treck TCP/IP Stack,6.0.1.67,CVE-2020-11898;CVE-2020-11900
ICS-0993_danfoss_vlt-automationdrive-fc-360_SBOM.json,ICS-0993,pkg:oss:mbedtls,Mbed TLS,3.4.0,CVE-2023-43615
ICS-0993_danfoss_vlt-automationdrive-fc-360_SBOM.json,ICS-0993,pkg:oss:openssl,OpenSSL,1.1.1n,CVE-2022-1292;CVE-2022-2068;CVE-2022-4304
ICS-0993_danfoss_vlt-automationdrive-fc-360_SBOM.json,ICS-0993,pkg:oss:zlib,zlib,1.2.8,CVE-2016-9840;CVE-2016-9841;CVE-2018-25032
ICS-0994_rockwell_powerflex-755-drive-527_SBOM.json,ICS-0994,pkg:oss:zlib,zlib,1.2.8,CVE-2016-9840;CVE-2016-9841;CVE-2018-25032
ICS-0994_rockwell_powerflex-755-drive-527_SBOM.json,ICS-0994,pkg:oss:libmodbus,libmodbus,3.1.4,CVE-2019-14462;CVE-2019-14463
ICS-0994_rockwell_powerflex-755-drive-527_SBOM.json,ICS-0994,pkg:oss:mbedtls,Mbed TLS,3.4.0,CVE-2023-43615
ICS-0994_rockwell_powerflex-755-drive-527_SBOM.json,ICS-0994,pkg:oss:lwip,lwIP,2.1.3,CVE-2023-5188
ICS-0995_bosch-rexroth_indradrive-controller-hms01_SBOM.json,ICS-0995,pkg:oss:ntp,NTP Daemon,4.2.8p15,CVE-2023-26551
ICS-0995_bosch-rexroth_indradrive-controller-hms01_SBOM.json,ICS-0995,pkg:oss:expat,Expat,2.5.0,CVE-2023-52425
ICS-0995_bosch-rexroth_indradrive-controller-hms01_SBOM.json,ICS-0995,pkg:oss:treck-tcpip,Treck TCP/IP Stack,6.0.1.66,CVE-2020-11896;CVE-2020-11897;CVE-2020-11901
ICS-0995_bosch-rexroth_indradrive-controller-hms01_SBOM.json,ICS-0995,pkg:oss:codesys-rt,CODESYS Control Runtime System,3.5.18.20,CVE-2023-37559;CVE-2023-37560
ICS-0996_bosch-rexroth_indramotion-mlc-l75_SBOM.json,ICS-0996,pkg:oss:net-snmp,Net-SNMP,5.7.3,CVE-2018-18065;CVE-2019-20892;CVE-2020-15862
ICS-0996_bosch-rexroth_indramotion-mlc-l75_SBOM.json,ICS-0996,pkg:oss:glibc,GNU C Library,2.28,CVE-2021-3999;CVE-2021-33574;CVE-2023-4911
ICS-0996_bosch-rexroth_indramotion-mlc-l75_SBOM.json,ICS-0996,pkg:oss:libpcap,libpcap,1.8.1,CVE-2018-16301;CVE-2019-15165
ICS-0996_bosch-rexroth_indramotion-mlc-l75_SBOM.json,ICS-0996,pkg:oss:libcurl,libcurl,7.64.0,CVE-2019-5481;CVE-2019-5482;CVE-2020-8177
ICS-0996_bosch-rexroth_indramotion-mlc-l75_SBOM.json,ICS-0996,pkg:oss:musl,musl libc,1.2.2,CVE-2020-28928
ICS-0996_bosch-rexroth_indramotion-mlc-l75_SBOM.json,ICS-0996,pkg:oss:zlib,zlib,1.2.12,CVE-2022-37434
ICS-0996_bosch-rexroth_indramotion-mlc-l75_SBOM.json,ICS-0996,pkg:oss:lighttpd,lighttpd,1.4.55,CVE-2022-22707;CVE-2023-44487
ICS-0996_bosch-rexroth_indramotion-mlc-l75_SBOM.json,ICS-0996,pkg:oss:libxml2,libxml2,2.9.10,CVE-2021-3517;CVE-2021-3518;CVE-2022-29824
ICS-0996_bosch-rexroth_indramotion-mlc-l75_SBOM.json,ICS-0996,pkg:oss:codesys-rt,CODESYS Control Runtime System,3.5.18.20,CVE-2023-37559;CVE-2023-37560
ICS-0997_fuji_frenic-ace-inverter-frn0022e2s_SBOM.json,ICS-0997,pkg:oss:expat,Expat,2.5.0,CVE-2023-52425
ICS-0997_fuji_frenic-ace-inverter-frn0022e2s_SBOM.json,ICS-0997,pkg:oss:mbedtls,Mbed TLS,3.4.0,CVE-2023-43615
ICS-0997_fuji_frenic-ace-inverter-frn0022e2s_SBOM.json,ICS-0997,pkg:oss:wolfssl,wolfSSL,4.5.0,CVE-2021-3336;CVE-2021-24116
ICS-0998_mitsubishi_melfa-robot-controller-cr750-q_SBOM.json,ICS-0998,pkg:oss:lwip,lwIP,2.0.3,CVE-2020-22283;CVE-2020-22284;CVE-2020-22288
ICS-0998_mitsubishi_melfa-robot-controller-cr750-q_SBOM.json,ICS-0998,pkg:oss:openssl,OpenSSL,1.1.1k,CVE-2021-3711;CVE-2021-3712;CVE-2022-0778
ICS-0998_mitsubishi_melfa-robot-controller-cr750-q_SBOM.json,ICS-0998,pkg:oss:treck-tcpip,Treck TCP/IP Stack,6.0.1.67,CVE-2020-11898;CVE-2020-11900
ICS-0998_mitsubishi_melfa-robot-controller-cr750-q_SBOM.json,ICS-0998,pkg:oss:ntp,NTP Daemon,4.2.8p10,CVE-2018-7182;CVE-2018-7183;CVE-2018-7184
ICS-0999_abb_irc5-robot-controller-omnicore-c30_SBOM.json,ICS-0999,pkg:oss:libmodbus,libmodbus,3.1.4,CVE-2019-14462;CVE-2019-14463
ICS-0999_abb_irc5-robot-controller-omnicore-c30_SBOM.json,ICS-0999,pkg:oss:sqlite,SQLite,3.22.0,CVE-2018-8740;CVE-2019-8457;CVE-2020-11655
ICS-0999_abb_irc5-robot-controller-omnicore-c30_SBOM.json,ICS-0999,pkg:oss:expat,Expat,2.5.0,CVE-2023-52425
ICS-0999_abb_irc5-robot-controller-omnicore-c30_SBOM.json,ICS-0999,pkg:oss:ntp,NTP Daemon,4.2.8p15,CVE-2023-26551
ICS-0999_abb_irc5-robot-controller-omnicore-c30_SBOM.json,ICS-0999,pkg:oss:libxml2,libxml2,2.9.10,CVE-2021-3517;CVE-2021-3518;CVE-2022-29824
ICS-0999_abb_irc5-robot-controller-omnicore-c30_SBOM.json,ICS-0999,pkg:oss:libcurl,libcurl,8.4.0,CVE-2023-46218;CVE-2024-2379
ICS-1000_keyence_cnc-motion-unit-mc-4_SBOM.json,ICS-1000,pkg:oss:mbedtls,Mbed TLS,2.28.0,CVE-2022-35409;CVE-2023-43615
ICS-1000_keyence_cnc-motion-unit-mc-4_SBOM.json,ICS-1000,pkg:oss:expat,Expat,2.4.1,CVE-2022-25236;CVE-2022-25315
ICS-1000_keyence_cnc-motion-unit-mc-4_SBOM.json,ICS-1000,pkg:oss:treck-tcpip,Treck TCP/IP Stack,6.0.1.67,CVE-2020-11898;CVE-2020-11900
ICS-1000_keyence_cnc-motion-unit-mc-4_SBOM.json,ICS-1000,pkg:oss:zlib,zlib,1.2.8,CVE-2016-9840;CVE-2016-9841;CVE-2018-25032
ICS-1000_keyence_cnc-motion-unit-mc-4_SBOM.json,ICS-1000,pkg:oss:lwip,lwIP,1.4.1,CVE-2014-1912;CVE-2020-22283;CVE-2020-22284
