file,asset_id,serial,vendor,product,version,device_class,cdx_type,purdue_level,base_platform,sector,network_exposure,lifecycle,tlp,safety_sil,protocols,component_count,vulnerable_component_count
ICS-0001_siemens_simatic-s7-1500-cpu-1511-1-pn_SBOM.json,ICS-0001,urn:uuid:d000fb60-b2ae-5413-b4ec-177a5a8c9d9b,Siemens AG,SIMATIC S7-1500 CPU 1511-1 PN,6.7.29,plc,firmware,1,proprietary-rtos,wastewater,isolated-cell,operations,RED,SIL2,profinet;s7comm-plus;opc-ua;modbus-tcp,16,5
ICS-0002_siemens_simatic-s7-1200-cpu-1212c_SBOM.json,ICS-0002,urn:uuid:cc6c3121-c219-571f-916f-c033ad657bb2,Siemens AG,SIMATIC S7-1200 CPU 1212C,4.22.35,plc,firmware,1,proprietary-rtos,manufacturing-process,remote-accessible,post-build,GREEN,SIL2,profinet;s7comm-plus;modbus-tcp,15,4
ICS-0003_siemens_simatic-s7-400-cpu-414-3_SBOM.json,ICS-0003,urn:uuid:03656f40-e815-5a91-893e-c03298e5e7d8,Siemens AG,SIMATIC S7-400 CPU 414-3,6.17.2,plc,firmware,1,proprietary-rtos,manufacturing-process,control-network,build,AMBER+STRICT,,profibus;s7comm;industrial-ethernet,14,4
ICS-0004_rockwell_controllogix-controller-1756-l71_SBOM.json,ICS-0004,urn:uuid:577bfafb-e8d5-5243-8601-39b39750db64,Rockwell Automation,ControlLogix Controller 1756-L71,8.3.23,plc,firmware,1,vxworks,power-distribution,isolated-cell,operations,RED,,ethernet-ip;cip;devicenet,19,6
ICS-0005_rockwell_compactlogix-controller-5069-l306er_SBOM.json,ICS-0005,urn:uuid:f619058e-d9d1-58dc-a63a-e9febd272a34,Rockwell Automation,CompactLogix Controller 5069-L306ER,9.3.25,plc,firmware,1,vxworks,oil-and-gas-upstream,dmz-routable,decommission,CLEAR,PLd (ISO 13849),ethernet-ip;cip;modbus-tcp,18,8
ICS-0006_rockwell_micrologix-controller-1400-b_SBOM.json,ICS-0006,urn:uuid:319c2928-ffd7-543c-993e-e053e593a3d5,Rockwell Automation,MicroLogix Controller 1400-B,5.14.23,plc,firmware,1,proprietary-rtos,power-distribution,isolated-cell,post-build,RED,,ethernet-ip;df1,14,6
ICS-0007_schneider_modicon-m340-controller-bmxp342020_SBOM.json,ICS-0007,urn:uuid:6c4f5381-1bf4-504e-8b78-1be5497ce75b,Schneider Electric,Modicon M340 Controller BMXP342020,1.2.5,plc,firmware,1,vxworks,oil-and-gas-midstream,control-network,post-build,GREEN,SIL2,modbus-tcp;ethernet-ip;canopen,15,7
ICS-0008_schneider_modicon-m580-epac-bmep582040_SBOM.json,ICS-0008,urn:uuid:fe043fc7-fef4-50a3-8c5c-0886cce6b6e7,Schneider Electric,Modicon M580 ePAC BMEP582040,8.11.1,plc,firmware,1,linux,power-transmission,dmz-routable,design,AMBER+STRICT,SIL2,modbus-tcp;ethernet-ip;opc-ua;dnp3,23,8
ICS-0009_mitsubishi_melsec-iq-r-cpu-r04cpu_SBOM.json,ICS-0009,urn:uuid:21a8feff-1bfe-58f3-8776-c37c91a35733,Mitsubishi Electric,MELSEC iQ-R CPU R04CPU,1.4.22,plc,firmware,1,proprietary-rtos,water-treatment,dmz-routable,post-build,CLEAR,,cc-link-ie;melsoft;modbus-tcp;slmp,19,8
ICS-0010_mitsubishi_melsec-q-series-cpu-q03ude_SBOM.json,ICS-0010,urn:uuid:7c8d9588-f6b8-5f9b-ab46-9edb2695a768,Mitsubishi Electric,MELSEC-Q Series CPU Q03UDE,4.19.36,plc,firmware,1,proprietary-rtos,steel-and-metals,remote-accessible,design,CLEAR,,cc-link;melsoft;modbus-tcp,14,4
ICS-0011_omron_sysmac-nj-machine-controller-nj101-1000_SBOM.json,ICS-0011,urn:uuid:7052affb-4ee7-56a4-add0-f415ed3c76f2,OMRON Corporation,SYSMAC NJ Machine Controller NJ101-1000,7.8.34,plc,firmware,1,proprietary-rtos,building-automation,dmz-routable,decommission,AMBER,SIL2,ethercat;ethernet-ip;opc-ua,16,5
ICS-0012_omron_sysmac-cj2-plc-cj2m-cpu31_SBOM.json,ICS-0012,urn:uuid:c64c99b5-e50a-5f39-aced-496e3253cf8b,OMRON Corporation,SYSMAC CJ2 PLC CJ2M-CPU31,8.17.32,plc,firmware,1,proprietary-rtos,semiconductor-fab,remote-accessible,post-build,AMBER+STRICT,PLd (ISO 13849),fins;ethernet-ip;modbus-tcp,15,5
ICS-0013_beckhoff_twincat-runtime-controller-cx5140_SBOM.json,ICS-0013,urn:uuid:26bf1632-15d3-59fd-8d67-64ce4f363d5c,Beckhoff Automation,TwinCAT Runtime Controller CX5140,9.6.28,plc,application,1,windows,power-distribution,remote-accessible,decommission,AMBER,PLd (ISO 13849),ethercat;opc-ua;modbus-tcp;profinet,18,5
ICS-0014_wago_pfc200-controller-750-8202_SBOM.json,ICS-0014,urn:uuid:e17b6cf4-cf62-5da8-a373-b5e30f8397f6,WAGO GmbH,PFC200 Controller 750-8202,2.23.31,plc,firmware,1,linux,water-treatment,dmz-routable,operations,AMBER+STRICT,,modbus-tcp;profinet;canopen;mqtt;opc-ua,23,9
ICS-0015_phoenix_axc-f-2152-controller-axc-f-2152_SBOM.json,ICS-0015,urn:uuid:16324b1b-d89f-5075-bf0e-061e3df47283,Phoenix Contact,AXC F 2152 Controller AXC-F-2152,3.23.15,plc,firmware,1,linux,port-and-logistics,dmz-routable,build,AMBER+STRICT,SIL2,profinet;opc-ua;modbus-tcp;mqtt,22,6
ICS-0016_br_x20-controller-x20cp1586_SBOM.json,ICS-0016,urn:uuid:f16136d5-9931-5f8a-9dd4-b296665cae6b,B&R Industrial Automation,X20 Controller X20CP1586,2.17.1,plc,firmware,1,proprietary-rtos,power-generation,isolated-cell,operations,AMBER+STRICT,SIL2,powerlink;opc-ua;modbus-tcp,16,5
ICS-0017_ls-electric_xgt-plc-cpu-xgk-cpuh_SBOM.json,ICS-0017,urn:uuid:86c875c5-10b4-55ae-9d7d-0f3de93c30ff,LS ELECTRIC,XGT PLC CPU XGK-CPUH,2.8.2,plc,firmware,1,proprietary-rtos,transportation-metro,isolated-cell,post-build,AMBER,,modbus-tcp;rapienet;ethernet-ip,12,5
ICS-0018_delta_as-series-plc-as228t-a_SBOM.json,ICS-0018,urn:uuid:bcbfd35e-4b1f-5a13-bc3a-c15cfd0a57da,Delta Electronics,AS Series PLC AS228T-A,2.22.38,plc,firmware,1,proprietary-rtos,transportation-rail,isolated-cell,operations,CLEAR,PLd (ISO 13849),modbus-tcp;ethernet-ip;canopen,12,5
ICS-0019_unitronics_unistream-plc-usp-070-b10_SBOM.json,ICS-0019,urn:uuid:7fc2b8cb-5de7-50c0-bffe-f818f70a4318,Unitronics,UniStream PLC USP-070-B10,4.18.1,plc,firmware,1,linux,pulp-and-paper,remote-accessible,post-build,AMBER+STRICT,,modbus-tcp;canopen;mqtt,18,7
ICS-0020_idec_microsmart-fc6a-plc-fc6a-c40r1ae_SBOM.json,ICS-0020,urn:uuid:baaf8732-5679-5b8d-a43b-b75174c394f5,IDEC Corporation,MicroSmart FC6A PLC FC6A-C40R1AE,3.7.9,plc,firmware,1,proprietary-rtos,pulp-and-paper,remote-accessible,build,CLEAR,,modbus-tcp;bacnet-ip,14,3
ICS-0021_panasonic_fp7-series-plc-afp7cps41_SBOM.json,ICS-0021,urn:uuid:79dbef18-e5cf-5c43-a6ee-67487152b5f3,"Panasonic Industry Co., Ltd.",FP7 Series PLC AFP7CPS41,7.14.23,plc,firmware,1,proprietary-rtos,pulp-and-paper,control-network,post-build,GREEN,SIL2,modbus-tcp;mewtocol,12,4
ICS-0022_keyence_kv-8000-plc-kv-8000_SBOM.json,ICS-0022,urn:uuid:8bd46e4d-db13-5c3c-960f-598d15f4e292,KEYENCE Corporation,KV-8000 PLC KV-8000,5.2.17,plc,firmware,1,proprietary-rtos,petrochemical,dmz-routable,build,GREEN,PLd (ISO 13849),ethernet-ip;modbus-tcp;kv-protocol,14,5
ICS-0023_fuji_micrex-sx-plc-np1ps-245r_SBOM.json,ICS-0023,urn:uuid:e6b1c4b2-6f92-5bd6-997a-183475c1b518,Fuji Electric,MICREX-SX PLC NP1PS-245R,4.5.32,plc,firmware,1,proprietary-rtos,port-and-logistics,control-network,post-build,CLEAR,SIL2,modbus-tcp;fl-net,15,8
ICS-0024_codesys_codesys-control-runtime-for-linux-sl_SBOM.json,ICS-0024,urn:uuid:7c68646d-2986-541b-80e9-274a61fe6150,CODESYS GmbH,CODESYS Control Runtime for Linux SL,2.9.23,plc-runtime,application,1,linux,pharmaceutical,dmz-routable,decommission,AMBER,,modbus-tcp;opc-ua;ethercat;canopen;profinet,19,7
ICS-0025_abb_rtu560-telecontrol-unit-560cmu05_SBOM.json,ICS-0025,urn:uuid:cee57d43-3075-521e-bd4d-42508804d83f,ABB Ltd,RTU560 Telecontrol Unit 560CMU05,6.22.28,rtu,firmware,1,linux,oil-and-gas-upstream,dmz-routable,post-build,GREEN,,iec-60870-5-104;dnp3;iec-61850-mms;modbus-tcp,16,7
ICS-0026_schneider_scadapack-rtu-474i_SBOM.json,ICS-0026,urn:uuid:b6ea3e78-fe37-58c6-8d63-cecd73fc3cd9,Schneider Electric,SCADAPack RTU 474i,6.23.2,rtu,firmware,1,vxworks,transportation-rail,control-network,operations,CLEAR,,dnp3;modbus-tcp;iec-60870-5-104,13,5
ICS-0027_ge_d20-mx-substation-controller-d20mx_SBOM.json,ICS-0027,urn:uuid:e18bca38-1191-51b3-8c45-760b2f1d633b,GE Vernova,D20 MX Substation Controller D20MX,5.15.10,rtu,firmware,1,linux,semiconductor-fab,dmz-routable,operations,GREEN,,dnp3;iec-61850-mms;modbus-tcp,14,4
ICS-0028_siemens_sicam-a8000-rtu-cp-8050_SBOM.json,ICS-0028,urn:uuid:ab354b44-6c2d-5f55-90ab-cf218ddd9872,Siemens AG,SICAM A8000 RTU CP-8050,5.5.14,rtu,firmware,1,linux,transportation-rail,isolated-cell,decommission,AMBER,,iec-60870-5-104;iec-61850-mms;dnp3;modbus-tcp,15,5
ICS-0029_hitachi-energy_rtu500-series-560cmu80_SBOM.json,ICS-0029,urn:uuid:f64ea563-cff5-508a-bd79-007d764dd204,Hitachi Energy,RTU500 Series 560CMU80,3.24.1,rtu,firmware,1,proprietary-rtos,oil-and-gas-upstream,control-network,operations,AMBER,,iec-60870-5-104;iec-61850-mms;dnp3,17,8
ICS-0030_moxa_iopac-programmable-controller-8600-cpu30_SBOM.json,ICS-0030,urn:uuid:3c5addd5-9cfc-500c-8d81-18b37b2777eb,Moxa Inc.,ioPAC Programmable Controller 8600-CPU30,2.23.10,rtu,firmware,1,linux,port-and-logistics,control-network,decommission,GREEN,,modbus-tcp;dnp3;mqtt,21,9
ICS-0031_red-lion_data-station-plus-rtu-dspsx000_SBOM.json,ICS-0031,urn:uuid:ece3b100-a7fe-5752-9b69-41dd647dc158,Red Lion Controls,Data Station Plus RTU DSPSX000,8.21.5,rtu,firmware,1,linux,transportation-metro,dmz-routable,design,AMBER,,modbus-tcp;dnp3;ethernet-ip;mqtt,22,10
ICS-0032_sel_sel-451-protection-system-451-5_SBOM.json,ICS-0032,urn:uuid:d6ac9a67-8acb-51c8-98ff-4d8ef73d4002,Schweitzer Engineering Laboratories,SEL-451 Protection System 451-5,5.16.24,ied,firmware,1,proprietary-rtos,power-generation,isolated-cell,decommission,AMBER,,iec-61850-mms;iec-61850-goose;dnp3;modbus-tcp,17,6
ICS-0033_sel_sel-3530-rtac-3530_SBOM.json,ICS-0033,urn:uuid:540a0785-bd92-51a2-8845-64a6930d6e80,Schweitzer Engineering Laboratories,SEL-3530 RTAC 3530,2.2.17,ied,firmware,1,linux,manufacturing-process,control-network,post-build,AMBER,,dnp3;iec-61850-mms;modbus-tcp;iec-60870-5-104,15,6
ICS-0034_hitachi-energy_ref615-feeder-protection-relay-ref615_SBOM.json,ICS-0034,urn:uuid:ac47d61f-33fa-503f-a316-6b1c53c89e69,Hitachi Energy,REF615 Feeder Protection Relay REF615,4.2.18,ied,firmware,1,proprietary-rtos,petrochemical,dmz-routable,decommission,AMBER+STRICT,,iec-61850-mms;iec-61850-goose;modbus-tcp;dnp3,17,5
ICS-0035_siemens_siprotec-5-protection-relay-7sj85_SBOM.json,ICS-0035,urn:uuid:c8199cb8-b83b-5115-b045-1b0cbef2cee0,Siemens AG,SIPROTEC 5 Protection Relay 7SJ85,7.11.7,ied,firmware,1,proprietary-rtos,power-transmission,control-network,decommission,RED,,iec-61850-mms;iec-61850-goose;dnp3;iec-60870-5-103,16,5
ICS-0036_ge_multilin-ur-relay-b30_SBOM.json,ICS-0036,urn:uuid:3f359173-d6b3-5810-b129-e6c1ed4b0787,GE Vernova,Multilin UR Relay B30,6.7.8,ied,firmware,1,proprietary-rtos,power-transmission,isolated-cell,post-build,AMBER+STRICT,,iec-61850-mms;iec-61850-goose;dnp3;modbus-tcp,17,5
ICS-0037_schneider_easergy-p3-protection-relay-p3u30_SBOM.json,ICS-0037,urn:uuid:c4d5807a-204e-5507-8945-fb7a5fe92709,Schneider Electric,Easergy P3 Protection Relay P3U30,3.6.12,ied,firmware,1,proprietary-rtos,pulp-and-paper,remote-accessible,design,GREEN,,iec-61850-mms;modbus-tcp;dnp3,14,2
ICS-0038_nari_pcs-9611-feeder-protection-pcs-9611_SBOM.json,ICS-0038,urn:uuid:f7936a89-bb4f-5927-88ff-652037a57c2a,NARI Technology,PCS-9611 Feeder Protection PCS-9611,1.21.36,ied,firmware,1,proprietary-rtos,wastewater,isolated-cell,build,RED,,iec-61850-mms;iec-61850-goose;modbus-tcp,13,5
ICS-0039_hd-hyundai_higen-protection-relay-hgr-100_SBOM.json,ICS-0039,urn:uuid:f593d8b1-d637-52fd-8c3f-ae2d4e192e15,HD Hyundai Electric,HiGEN Protection Relay HGR-100,1.18.16,ied,firmware,1,proprietary-rtos,steel-and-metals,control-network,operations,CLEAR,,iec-61850-mms;modbus-tcp;dnp3,16,3
ICS-0040_siemens_simatic-hmi-comfort-panel-tp1200_SBOM.json,ICS-0040,urn:uuid:4dc88f92-5dde-5192-b7cb-23495ef76d39,Siemens AG,SIMATIC HMI Comfort Panel TP1200,6.13.37,hmi,firmware,2,windows,steel-and-metals,remote-accessible,post-build,AMBER,,profinet;opc-ua;s7comm-plus,13,2
ICS-0041_rockwell_panelview-plus-terminal-7-standard-1000_SBOM.json,ICS-0041,urn:uuid:4643fc05-e229-5135-8b3c-ee1bf8613153,Rockwell Automation,PanelView Plus Terminal 7 Standard 1000,9.4.24,hmi,firmware,2,windows,automotive,dmz-routable,build,AMBER,,ethernet-ip;cip,14,4
ICS-0042_schneider_magelis-gtu-hmi-hmigtu655_SBOM.json,ICS-0042,urn:uuid:0f9bb6be-255d-5d92-8fbc-a8a1eb3c8550,Schneider Electric,Magelis GTU HMI HMIGTU655,8.11.40,hmi,firmware,2,linux,transportation-rail,dmz-routable,decommission,CLEAR,,modbus-tcp;ethernet-ip;opc-ua,21,8
ICS-0043_mitsubishi_got2000-graphic-terminal-gt2712-stba_SBOM.json,ICS-0043,urn:uuid:2c8bbff8-8e31-57b3-b51a-4cc9042b24f5,Mitsubishi Electric,GOT2000 Graphic Terminal GT2712-STBA,6.5.20,hmi,firmware,2,proprietary-rtos,oil-and-gas-upstream,isolated-cell,design,AMBER,,cc-link-ie;melsoft;modbus-tcp,14,4
ICS-0044_advantech_webop-operator-panel-wop-2100t_SBOM.json,ICS-0044,urn:uuid:943ff735-7329-5fa6-89ca-8452c89ac3a0,"Advantech Co., Ltd.",WebOP Operator Panel WOP-2100T,6.22.34,hmi,firmware,2,linux,steel-and-metals,isolated-cell,design,AMBER,,modbus-tcp;ethernet-ip;mqtt,18,6
ICS-0045_delta_dop-100-hmi-dop-107bv_SBOM.json,ICS-0045,urn:uuid:a99e9e14-c825-528c-a3fe-5fbb29fa2928,Delta Electronics,DOP-100 HMI DOP-107BV,4.13.4,hmi,firmware,2,proprietary-rtos,power-transmission,dmz-routable,build,RED,,modbus-tcp;canopen,11,2
ICS-0046_omron_na-series-hmi-na5-12w_SBOM.json,ICS-0046,urn:uuid:609274cf-645f-53d3-8958-3d7cfbedcebe,OMRON Corporation,NA Series HMI NA5-12W,8.22.37,hmi,firmware,2,windows,building-automation,remote-accessible,decommission,AMBER,,ethernet-ip;opc-ua;modbus-tcp,15,5
ICS-0047_pilz_pmi-operator-terminal-pmi-6-primo_SBOM.json,ICS-0047,urn:uuid:32a25c11-a423-5581-9fff-66d14bf0404b,Pilz GmbH,PMI Operator Terminal PMI 6 primo,9.22.18,hmi,firmware,2,linux,petrochemical,remote-accessible,operations,AMBER,,profinet;modbus-tcp,12,1
ICS-0048_aveva_aveva-plant-scada-2020-r2_SBOM.json,ICS-0048,urn:uuid:2f5e18b3-0af8-5001-96a7-c04de491e712,AVEVA Group plc,AVEVA Plant SCADA 2020 R2,7.0.17,scada-server,application,2,windows,transportation-rail,remote-accessible,operations,AMBER,,opc-ua;opc-da;modbus-tcp;dnp3;iec-60870-5-104,17,4
ICS-0049_inductive_ignition-scada-platform-8-1_SBOM.json,ICS-0049,urn:uuid:d24c8d6f-9e11-5a17-b7af-684466838045,Inductive Automation,Ignition SCADA Platform 8.1,9.20.34,scada-server,application,2,java,semiconductor-fab,dmz-routable,decommission,AMBER+STRICT,,opc-ua;modbus-tcp;mqtt-sparkplug;dnp3,18,2
ICS-0050_copadata_zenon-supervisor-10_SBOM.json,ICS-0050,urn:uuid:64f234cc-5a41-53b0-a31b-4442b09adee2,COPA-DATA GmbH,zenon Supervisor 10,8.3.11,scada-server,application,2,windows,manufacturing-discrete,control-network,post-build,RED,,opc-ua;iec-61850-mms;iec-60870-5-104;modbus-tcp,19,7
ICS-0051_siemens_simatic-wincc-v7-5_SBOM.json,ICS-0051,urn:uuid:00b0adec-1270-53c8-8438-51fe1c1ad413,Siemens AG,SIMATIC WinCC V7.5,2.12.34,scada-server,application,2,windows,pharmaceutical,dmz-routable,operations,AMBER,,opc-ua;profinet;s7comm-plus,12,3
ICS-0052_ge_cimplicity-hmi-scada-11-1_SBOM.json,ICS-0052,urn:uuid:84282fea-fad8-50d4-a13e-d93bae22b2fc,GE Vernova,CIMPLICITY HMI/SCADA 11.1,1.22.3,scada-server,application,2,windows,semiconductor-fab,control-network,design,AMBER,,opc-ua;opc-da;modbus-tcp,12,3
ICS-0053_schneider_ecostruxure-geo-scada-expert-2021_SBOM.json,ICS-0053,urn:uuid:35df0189-21f2-5901-8908-9dc7f32aa0a7,Schneider Electric,EcoStruxure Geo SCADA Expert 2021,2.21.5,scada-server,application,2,windows,power-transmission,isolated-cell,post-build,RED,,dnp3;iec-60870-5-104;modbus-tcp;opc-ua,17,5
ICS-0054_rockwell_factorytalk-view-se-12-00_SBOM.json,ICS-0054,urn:uuid:985e8029-4a55-5be6-919b-56af50f92cd2,Rockwell Automation,FactoryTalk View SE 12.00,3.6.11,scada-server,application,2,windows,wastewater,dmz-routable,post-build,CLEAR,,ethernet-ip;opc-ua;cip,18,8
ICS-0055_aveva_aveva-historian-2020-r2_SBOM.json,ICS-0055,urn:uuid:11c538e6-e876-5bb6-9364-2764d3608f6a,AVEVA Group plc,AVEVA Historian 2020 R2,6.19.13,historian,application,3,windows,oil-and-gas-midstream,isolated-cell,post-build,AMBER,,opc-ua;opc-hda;sql,16,5
ICS-0056_ge_proficy-historian-2022_SBOM.json,ICS-0056,urn:uuid:6994e290-2583-55f0-a814-0d6e44fd5907,GE Vernova,Proficy Historian 2022,9.16.26,historian,application,3,windows,building-automation,control-network,design,GREEN,,opc-ua;opc-hda;sql,16,6
ICS-0057_honeywell_uniformance-phd-historian-r500_SBOM.json,ICS-0057,urn:uuid:5323428f-6182-5764-8976-4ba7f09e79f9,Honeywell International,Uniformance PHD Historian R500,9.5.4,historian,application,3,windows,automotive,dmz-routable,post-build,GREEN,,opc-ua;opc-hda;sql,11,4
ICS-0058_emerson_deltav-continuous-historian-14-3_SBOM.json,ICS-0058,urn:uuid:fb9be5ca-b77d-5704-bf01-918ed65ae6d2,Emerson Electric,DeltaV Continuous Historian 14.3,6.20.27,historian,application,3,windows,water-treatment,remote-accessible,build,GREEN,,opc-ua;opc-hda,15,5
ICS-0059_yokogawa_exaquantum-plant-information-system-r3-20_SBOM.json,ICS-0059,urn:uuid:1766b0b2-3a4e-579e-a20c-e4c2916c5f1b,Yokogawa Electric,Exaquantum Plant Information System R3.20,8.0.17,historian,application,3,windows,building-automation,dmz-routable,operations,RED,,opc-ua;opc-hda;sql,13,4
ICS-0060_siemens_tia-portal-engineering-suite-v17_SBOM.json,ICS-0060,urn:uuid:5cad1321-16b7-5961-8689-29a9ee9d63ce,Siemens AG,TIA Portal Engineering Suite V17,3.6.3,engineering-workstation,application,3,windows,steel-and-metals,remote-accessible,decommission,CLEAR,,profinet;s7comm-plus;opc-ua,17,6
ICS-0061_rockwell_studio-5000-logix-designer-32-00_SBOM.json,ICS-0061,urn:uuid:fadfe89e-e135-516c-b90f-662742ab4959,Rockwell Automation,Studio 5000 Logix Designer 32.00,3.11.6,engineering-workstation,application,3,windows,power-distribution,isolated-cell,post-build,AMBER,,ethernet-ip;cip,13,4
ICS-0062_schneider_ecostruxure-control-expert-v15-1_SBOM.json,ICS-0062,urn:uuid:518a27f6-a0d3-5705-9211-0a9943353e8b,Schneider Electric,EcoStruxure Control Expert V15.1,6.1.9,engineering-workstation,application,3,windows,district-heating,isolated-cell,design,CLEAR,,modbus-tcp;ethernet-ip;opc-ua,18,7
ICS-0063_mitsubishi_gx-works3-engineering-tool-1-080j_SBOM.json,ICS-0063,urn:uuid:a9171275-ab6e-56c6-ac66-7a3a62371c2f,Mitsubishi Electric,GX Works3 Engineering Tool 1.080J,5.0.36,engineering-workstation,application,3,windows,district-heating,remote-accessible,decommission,AMBER,,cc-link-ie;melsoft,12,4
ICS-0064_codesys_codesys-development-system-v3-5-sp17_SBOM.json,ICS-0064,urn:uuid:ce8217b6-e71c-5dc1-821c-3b5084bfc31e,CODESYS GmbH,CODESYS Development System V3.5 SP17,2.18.3,engineering-workstation,application,3,windows,manufacturing-discrete,control-network,post-build,CLEAR,,modbus-tcp;opc-ua;ethercat,16,5
ICS-0065_abb_automation-builder-2-5_SBOM.json,ICS-0065,urn:uuid:2c0f5aab-fd13-5c1d-821a-007b59f38bc8,ABB Ltd,Automation Builder 2.5,2.8.24,engineering-workstation,application,3,windows,oil-and-gas-midstream,isolated-cell,operations,RED,,modbus-tcp;profinet;ethercat,15,4
ICS-0066_emerson_deltav-md-plus-controller-md-plus_SBOM.json,ICS-0066,urn:uuid:8cf8d06c-32b9-5e4d-b706-a5bca0847c07,Emerson Electric,DeltaV MD Plus Controller MD Plus,9.24.30,dcs-controller,firmware,1,vxworks,food-and-beverage,dmz-routable,operations,AMBER+STRICT,,deltav-proprietary;modbus-tcp;opc-ua;hart-ip,15,6
ICS-0067_honeywell_experion-c300-controller-c300_SBOM.json,ICS-0067,urn:uuid:a379d771-91a5-5a46-9379-108b7b1a61f7,Honeywell International,Experion C300 Controller C300,2.15.34,dcs-controller,firmware,1,vxworks,transportation-rail,control-network,build,CLEAR,,fte;modbus-tcp;hart-ip;opc-ua,16,4
ICS-0068_yokogawa_centum-vp-field-control-station-afv30d_SBOM.json,ICS-0068,urn:uuid:ed4eeacf-ff6a-5a70-bc5c-9d0e302ae212,Yokogawa Electric,CENTUM VP Field Control Station AFV30D,5.22.26,dcs-controller,firmware,1,proprietary-rtos,petrochemical,isolated-cell,build,GREEN,PLd (ISO 13849),vnet-ip;modbus-tcp;hart-ip;foundation-fieldbus,12,4
ICS-0069_abb_ac-800m-controller-pm866_SBOM.json,ICS-0069,urn:uuid:6aae2534-3774-5c04-8910-0ca6c6852b8f,ABB Ltd,AC 800M Controller PM866,5.0.8,dcs-controller,firmware,1,vxworks,wastewater,remote-accessible,post-build,CLEAR,SIL2,profibus;modbus-tcp;iec-61850-mms;opc-ua,18,6
ICS-0070_siemens_simatic-pcs-7-as-controller-as-410-5h_SBOM.json,ICS-0070,urn:uuid:d921cf19-b9f0-5c98-9c62-1df39db91450,Siemens AG,SIMATIC PCS 7 AS Controller AS 410-5H,6.6.34,dcs-controller,firmware,1,proprietary-rtos,petrochemical,dmz-routable,post-build,CLEAR,SIL2,profibus;profinet;opc-ua,16,4
ICS-0071_hitachi-energy_symphony-plus-hpc800-hpc800_SBOM.json,ICS-0071,urn:uuid:0936983f-d47e-510b-91e8-7c9b692069f0,Hitachi Energy,Symphony Plus HPC800 HPC800,6.9.26,dcs-controller,firmware,1,vxworks,power-distribution,dmz-routable,decommission,AMBER+STRICT,PLd (ISO 13849),modbus-tcp;iec-61850-mms;opc-ua,14,7
ICS-0072_schneider_triconex-tricon-cx-controller-tricon-cx_SBOM.json,ICS-0072,urn:uuid:2319c4e5-493f-57b2-b198-359a224f7cf0,Schneider Electric,Triconex Tricon CX Controller Tricon CX,2.23.4,sis-logic-solver,firmware,1,proprietary-rtos,semiconductor-fab,isolated-cell,design,GREEN,SIL3,tristation;modbus-tcp;opc-ua,16,6
ICS-0073_hima_himax-safety-controller-x-cpu-31_SBOM.json,ICS-0073,urn:uuid:c7089370-7188-527c-9502-b37ddbea0446,HIMA Paul Hildebrandt GmbH,HIMax Safety Controller X-CPU 31,2.13.38,sis-logic-solver,firmware,1,proprietary-rtos,manufacturing-process,isolated-cell,post-build,RED,SIL2,safeethernet;modbus-tcp;opc-ua,13,2
ICS-0074_pilz_pss-4000-safety-controller-pssu-h-plc1_SBOM.json,ICS-0074,urn:uuid:8631bfc8-b86d-5ef9-81da-75edffeeb3a2,Pilz GmbH,PSS 4000 Safety Controller PSSu H PLC1,2.24.22,sis-logic-solver,firmware,1,proprietary-rtos,wastewater,isolated-cell,post-build,CLEAR,SIL3 (IEC 61508),safetynet-p;profinet;modbus-tcp,16,1
ICS-0075_siemens_simatic-s7-1500f-safety-cpu-1511f-1-pn_SBOM.json,ICS-0075,urn:uuid:bb37e630-c9ac-5216-a5f8-85e90c87a5d2,Siemens AG,SIMATIC S7-1500F Safety CPU 1511F-1 PN,8.21.31,sis-logic-solver,firmware,1,proprietary-rtos,manufacturing-process,dmz-routable,design,AMBER+STRICT,SIL3,profisafe;profinet;opc-ua,15,3
ICS-0076_rockwell_guardlogix-safety-controller-1756-l81es_SBOM.json,ICS-0076,urn:uuid:ff599ef0-63b8-52be-83eb-7d7a3bdb1138,Rockwell Automation,GuardLogix Safety Controller 1756-L81ES,3.6.11,sis-logic-solver,firmware,1,vxworks,petrochemical,isolated-cell,design,AMBER+STRICT,SIL2,cip-safety;ethernet-ip,15,5
ICS-0077_moxa_mgate-protocol-gateway-5105-mb-eip_SBOM.json,ICS-0077,urn:uuid:e70f3ac9-fbd7-5f94-bef2-c968945f9d62,Moxa Inc.,MGate Protocol Gateway 5105-MB-EIP,7.10.1,protocol-gateway,firmware,3.5,linux,semiconductor-fab,dmz-routable,decommission,RED,,modbus-tcp;ethernet-ip;profinet;dnp3;iec-60870-5-104,21,7
ICS-0078_softing_edgeaggregator-gateway-ea-500_SBOM.json,ICS-0078,urn:uuid:b51b24c3-5e19-5330-b69b-3d489c613f27,Softing Industrial Automation,edgeAggregator Gateway EA-500,5.15.30,protocol-gateway,application,3.5,linux,chemical,remote-accessible,decommission,AMBER,,opc-ua;mqtt;modbus-tcp;s7comm,18,6
ICS-0079_advantech_ecu-1251-edge-gateway-ecu-1251_SBOM.json,ICS-0079,urn:uuid:e566e919-652e-5e31-b2bf-7ed589c9bbb5,"Advantech Co., Ltd.",ECU-1251 Edge Gateway ECU-1251,4.6.14,protocol-gateway,firmware,3.5,linux,pharmaceutical,control-network,decommission,GREEN,,modbus-tcp;mqtt;opc-ua;dnp3,17,5
ICS-0080_phoenix_fl-mguard-security-appliance-rs4000_SBOM.json,ICS-0080,urn:uuid:ccc0494e-41bb-5d43-9334-ebf4beb14edb,Phoenix Contact,FL MGUARD Security Appliance RS4000,3.12.20,industrial-firewall,firmware,3.5,linux,pulp-and-paper,isolated-cell,post-build,AMBER+STRICT,,ipsec;modbus-tcp-dpi;opc-ua,16,6
ICS-0081_belden_eagle40-industrial-firewall-eagle40-4d_SBOM.json,ICS-0081,urn:uuid:3eb66728-7708-5314-a7a0-d2bd08da3505,Belden / Hirschmann,EAGLE40 Industrial Firewall EAGLE40-4D,4.20.18,industrial-firewall,firmware,3.5,linux,manufacturing-discrete,isolated-cell,build,GREEN,,modbus-tcp-dpi;iec-61850-dpi;ipsec,13,7
ICS-0082_belden_rsp-managed-switch-rsp35_SBOM.json,ICS-0082,urn:uuid:0de89712-8bd6-5a35-8ae0-66c7364ccfa4,Belden / Hirschmann,RSP Managed Switch RSP35,4.17.18,industrial-switch,firmware,2,linux,automotive,remote-accessible,design,GREEN,,prp;hsr;iec-61850-mms;snmp,17,6
ICS-0083_westermo_lynx-dss-managed-switch-lynx-3510_SBOM.json,ICS-0083,urn:uuid:c9272a72-6e11-5a24-87c7-8178d2dee03e,Westermo Network Technologies,Lynx DSS Managed Switch Lynx-3510,6.4.25,industrial-switch,firmware,2,linux,oil-and-gas-midstream,remote-accessible,build,CLEAR,,snmp;prp;modbus-tcp,17,7
ICS-0084_moxa_eds-managed-ethernet-switch-eds-4012_SBOM.json,ICS-0084,urn:uuid:fbc301b0-51eb-5f34-93b7-95ce6d655746,Moxa Inc.,EDS Managed Ethernet Switch EDS-4012,3.1.40,industrial-switch,firmware,2,linux,power-generation,dmz-routable,build,RED,,snmp;prp;modbus-tcp,13,5
ICS-0085_siemens_scalance-x-industrial-switch-xc216-4c_SBOM.json,ICS-0085,urn:uuid:718a00c0-db44-532e-89ca-5460198e4f9c,Siemens AG,SCALANCE X Industrial Switch XC216-4C,2.24.11,industrial-switch,firmware,2,linux,food-and-beverage,isolated-cell,post-build,AMBER,,profinet;snmp;prp,14,4
ICS-0086_siemens_ruggedcom-rx1500-router-rx1500_SBOM.json,ICS-0086,urn:uuid:f10a0064-c551-5ffd-b8c8-c35a07ee09ca,Siemens AG,RUGGEDCOM RX1500 Router RX1500,8.23.1,industrial-router,firmware,3.5,linux,chemical,dmz-routable,build,CLEAR,,snmp;ipsec;iec-61850-mms,20,8
ICS-0087_abb_acs880-industrial-drive-acs880-01_SBOM.json,ICS-0087,urn:uuid:cd470825-bc15-5713-b24c-7093a67b1e33,ABB Ltd,ACS880 Industrial Drive ACS880-01,8.20.13,vfd-drive,firmware,1,proprietary-rtos,pulp-and-paper,dmz-routable,design,AMBER+STRICT,,profinet;ethernet-ip;modbus-tcp;ethercat,16,4
ICS-0088_siemens_sinamics-s120-drive-cu320-2-pn_SBOM.json,ICS-0088,urn:uuid:edbe8b06-1fb2-5464-8564-e845d0c9394d,Siemens AG,SINAMICS S120 Drive CU320-2 PN,9.20.38,vfd-drive,firmware,1,proprietary-rtos,transportation-metro,control-network,operations,AMBER+STRICT,,profinet;profisafe;ethernet-ip,15,6
ICS-0089_danfoss_vlt-automationdrive-fc-302_SBOM.json,ICS-0089,urn:uuid:b9fb1789-8690-58da-8b7d-66fb006bcae3,Danfoss A/S,VLT AutomationDrive FC-302,3.23.20,vfd-drive,firmware,1,proprietary-rtos,pharmaceutical,control-network,operations,RED,,profinet;modbus-tcp;ethernet-ip,13,3
ICS-0090_rockwell_powerflex-755-drive-755_SBOM.json,ICS-0090,urn:uuid:f5072cbb-001d-578f-9c86-943999125bdd,Rockwell Automation,PowerFlex 755 Drive 755,8.5.7,vfd-drive,firmware,1,proprietary-rtos,petrochemical,control-network,operations,GREEN,,ethernet-ip;cip;devicenet,15,7
ICS-0091_bosch-rexroth_indradrive-controller-hcs01_SBOM.json,ICS-0091,urn:uuid:9f95985b-e7f4-5da4-ad35-c0af44340650,Bosch Rexroth AG,IndraDrive Controller HCS01,4.18.39,motion-controller,firmware,1,proprietary-rtos,district-heating,isolated-cell,build,RED,,sercos-iii;profinet;ethercat;ethernet-ip,20,7
ICS-0092_bosch-rexroth_indramotion-mlc-xm22_SBOM.json,ICS-0092,urn:uuid:6d4108d6-1abd-594b-966c-8e2e4da54f18,Bosch Rexroth AG,IndraMotion MLC XM22,8.15.31,motion-controller,firmware,1,linux,power-generation,dmz-routable,build,CLEAR,,sercos-iii;opc-ua;profinet,20,6
ICS-0093_fuji_frenic-ace-inverter-frn0006e2s_SBOM.json,ICS-0093,urn:uuid:5f560c06-9239-5f49-b040-2be472d49b1e,Fuji Electric,FRENIC-Ace Inverter FRN0006E2S,5.16.34,vfd-drive,firmware,1,proprietary-rtos,food-and-beverage,dmz-routable,design,CLEAR,,modbus-tcp;profinet,17,8
ICS-0094_mitsubishi_melfa-robot-controller-cr800-d_SBOM.json,ICS-0094,urn:uuid:e17bac3d-1fd8-53b6-86a6-1dbcff35fd9c,Mitsubishi Electric,MELFA Robot Controller CR800-D,2.23.6,robot-controller,firmware,1,proprietary-rtos,transportation-rail,dmz-routable,post-build,RED,PLd (ISO 13849),cc-link-ie;ethernet-ip;melsoft,17,8
ICS-0095_abb_irc5-robot-controller-irc5-compact_SBOM.json,ICS-0095,urn:uuid:d6b4026c-6b8f-5283-a74f-e0a95ec65ee5,ABB Ltd,IRC5 Robot Controller IRC5 Compact,5.23.19,robot-controller,firmware,1,vxworks,food-and-beverage,dmz-routable,decommission,AMBER+STRICT,SIL2,profinet;ethernet-ip;devicenet,16,6
ICS-0096_keyence_cnc-motion-unit-mc-1_SBOM.json,ICS-0096,urn:uuid:540d5100-a705-5341-8571-8fae7fba6f63,KEYENCE Corporation,CNC Motion Unit MC-1,2.9.0,cnc-controller,firmware,1,proprietary-rtos,petrochemical,control-network,decommission,AMBER,,ethernet-ip;modbus-tcp,14,6
ICS-0097_mitsubishi_m800-cnc-controller-m830w_SBOM.json,ICS-0097,urn:uuid:ac368c4a-010e-5790-b43f-83f4047011b4,Mitsubishi Electric,M800 CNC Controller M830W,3.22.26,cnc-controller,firmware,1,proprietary-rtos,food-and-beverage,control-network,post-build,GREEN,,cc-link-ie;melsoft;ethernet-ip,14,3
ICS-0098_emerson_rosemount-3051s-transmitter-3051s_SBOM.json,ICS-0098,urn:uuid:e8ebc770-ba92-5ca9-a6ed-d578fce8b2c4,Emerson Electric,Rosemount 3051S Transmitter 3051S,2.15.17,field-transmitter,firmware,0,bare-metal,port-and-logistics,dmz-routable,decommission,CLEAR,,hart;hart-ip;foundation-fieldbus,11,4
ICS-0099_yokogawa_eja-e-series-transmitter-eja110e_SBOM.json,ICS-0099,urn:uuid:eb6028fd-da1f-5a9b-a884-9f2311841e5c,Yokogawa Electric,EJA-E Series Transmitter EJA110E,7.11.12,field-transmitter,firmware,0,bare-metal,oil-and-gas-upstream,remote-accessible,operations,AMBER,,hart;foundation-fieldbus;profibus-pa,9,2
ICS-0100_honeywell_smartline-st800-transmitter-st800_SBOM.json,ICS-0100,urn:uuid:59507dd8-8274-51e3-8d34-5d61f023504d,Honeywell International,SmartLine ST800 Transmitter ST800,3.14.23,field-transmitter,firmware,0,bare-metal,food-and-beverage,control-network,post-build,CLEAR,,hart;foundation-fieldbus,9,3
ICS-0101_abb_merging-unit-sam600-sam600-io_SBOM.json,ICS-0101,urn:uuid:345f7863-d444-5026-bb8f-998ca06a9327,ABB Ltd,Merging Unit SAM600 SAM600-IO,6.13.7,merging-unit,firmware,0,proprietary-rtos,power-distribution,dmz-routable,post-build,RED,,iec-61850-sv;iec-61850-goose;ptp-1588,14,7
ICS-0102_schneider_powerlogic-ion9000-meter-ion9000_SBOM.json,ICS-0102,urn:uuid:5514bf3b-2df4-5ef6-98e7-76b6e7a1900d,Schneider Electric,PowerLogic ION9000 Meter ION9000,6.23.27,power-meter,firmware,1,linux,power-generation,isolated-cell,decommission,AMBER+STRICT,,modbus-tcp;dnp3;iec-61850-mms,14,2
ICS-0103_ge_epm-9900-power-meter-epm9900_SBOM.json,ICS-0103,urn:uuid:b6f65df3-ae9e-5fc4-990a-8aeccc4a8455,GE Vernova,EPM 9900 Power Meter EPM9900,7.18.37,power-meter,firmware,1,proprietary-rtos,water-treatment,remote-accessible,post-build,GREEN,,modbus-tcp;dnp3;iec-61850-mms,16,3
ICS-0104_ptc_kepserverex-connectivity-platform-6-11_SBOM.json,ICS-0104,urn:uuid:f9a7e764-9db2-5732-9a69-a3cdb4fa2df4,PTC Inc.,KEPServerEX Connectivity Platform 6.11,4.16.28,opc-server,application,3,windows,transportation-rail,remote-accessible,operations,CLEAR,,opc-ua;opc-da;modbus-tcp;ethernet-ip;s7comm,19,4
ICS-0105_softing_datafeed-opc-suite-v5-20_SBOM.json,ICS-0105,urn:uuid:999ff6b8-5925-5f88-bbf0-5a1c0a48ab37,Softing Industrial Automation,dataFEED OPC Suite V5.20,8.24.11,opc-server,application,3,windows,port-and-logistics,isolated-cell,post-build,CLEAR,,opc-ua;opc-da;mqtt;s7comm,17,5
ICS-0106_aveva_aveva-opc-ua-server-2020_SBOM.json,ICS-0106,urn:uuid:7ab70c90-b4ee-5aab-83be-c80d463e9018,AVEVA Group plc,AVEVA OPC UA Server 2020,7.2.12,opc-server,application,3,windows,steel-and-metals,isolated-cell,operations,CLEAR,,opc-ua;opc-da,17,4
ICS-0107_honeywell_excel-web-ii-bacnet-controller-xl1000c50_SBOM.json,ICS-0107,urn:uuid:4403b25f-c625-534a-b28e-e07854a1daff,Honeywell International,Excel Web II BACnet Controller XL1000C50,2.21.26,bas-controller,firmware,1,linux,oil-and-gas-midstream,dmz-routable,decommission,AMBER+STRICT,,bacnet-ip;modbus-tcp;lonworks,18,7
ICS-0108_siemens_desigo-pxc-automation-station-pxc100-e-d_SBOM.json,ICS-0108,urn:uuid:56804db8-fa4d-5aab-b79b-04cd79d07f5f,Siemens AG,Desigo PXC Automation Station PXC100-E.D,6.1.26,bas-controller,firmware,1,proprietary-rtos,pulp-and-paper,control-network,decommission,AMBER,,bacnet-ip;modbus-tcp;knx,12,5
ICS-0109_schneider_smartx-as-p-controller-as-p_SBOM.json,ICS-0109,urn:uuid:ba237fd2-db6f-5cfe-b0c7-329b0bdbf9c1,Schneider Electric,SmartX AS-P Controller AS-P,5.11.36,bas-controller,firmware,1,linux,building-automation,isolated-cell,operations,AMBER+STRICT,,bacnet-ip;modbus-tcp;lonworks,17,9
ICS-0110_delta_ez-building-controller-ezns-1000_SBOM.json,ICS-0110,urn:uuid:b417d2e3-449b-598f-b6c4-c45ef210d93a,Delta Electronics,eZ Building Controller eZNS-1000,8.23.36,bas-controller,firmware,1,linux,water-treatment,control-network,design,CLEAR,,bacnet-ip;modbus-tcp,16,7
ICS-0111_phoenix_radioline-wireless-gateway-rad-2400_SBOM.json,ICS-0111,urn:uuid:b8ab363d-4683-5479-a74e-d24e2a0df1fa,Phoenix Contact,Radioline Wireless Gateway RAD-2400,5.18.1,wireless-gateway,firmware,1,freertos,port-and-logistics,dmz-routable,decommission,RED,,modbus-tcp;trusted-wireless,13,4
ICS-0112_moxa_awk-industrial-wireless-ap-awk-3131a_SBOM.json,ICS-0112,urn:uuid:5f9cd1d9-ba22-57dd-bb71-119f68a89bda,Moxa Inc.,AWK Industrial Wireless AP AWK-3131A,7.14.34,wireless-gateway,firmware,2,linux,port-and-logistics,control-network,decommission,AMBER,,snmp;modbus-tcp;wpa2,17,7
ICS-0113_emerson_wireless-1420-gateway-1420_SBOM.json,ICS-0113,urn:uuid:56acf13f-e977-5a94-bf9f-f43b1f0f512e,Emerson Electric,Wireless 1420 Gateway 1420,8.11.7,wireless-gateway,firmware,1,linux,pulp-and-paper,control-network,operations,GREEN,,wirelesshart;modbus-tcp;opc-ua,15,6
ICS-0114_siemens_simatic-s7-1500-cpu-1513-1-pn_SBOM.json,ICS-0114,urn:uuid:7fa9d946-0287-560b-9d52-2c670e975398,Siemens AG,SIMATIC S7-1500 CPU 1513-1 PN,1.5.22,plc,firmware,1,proprietary-rtos,food-and-beverage,remote-accessible,design,AMBER+STRICT,,profinet;s7comm-plus;opc-ua;modbus-tcp,17,3
ICS-0115_siemens_simatic-s7-1200-cpu-1214c_SBOM.json,ICS-0115,urn:uuid:0bd4b7a5-0908-5f7b-9a34-b5d5db52ae55,Siemens AG,SIMATIC S7-1200 CPU 1214C,6.4.12,plc,firmware,1,proprietary-rtos,semiconductor-fab,isolated-cell,operations,RED,SIL2,profinet;s7comm-plus;modbus-tcp,14,4
ICS-0116_siemens_simatic-s7-400-cpu-416-3_SBOM.json,ICS-0116,urn:uuid:b10476ba-53e1-5e3b-86d2-2c3688f7421b,Siemens AG,SIMATIC S7-400 CPU 416-3,5.2.22,plc,firmware,1,proprietary-rtos,power-transmission,dmz-routable,design,GREEN,SIL2,profibus;s7comm;industrial-ethernet,17,5
ICS-0117_rockwell_controllogix-controller-1756-l73_SBOM.json,ICS-0117,urn:uuid:836cd7b0-381a-56d0-9824-995a87eb0f8d,Rockwell Automation,ControlLogix Controller 1756-L73,3.9.11,plc,firmware,1,vxworks,transportation-rail,remote-accessible,post-build,AMBER,,ethernet-ip;cip;devicenet,12,4
ICS-0118_rockwell_compactlogix-controller-5069-l320er_SBOM.json,ICS-0118,urn:uuid:a3acefb5-915f-58da-96e9-3e7521355118,Rockwell Automation,CompactLogix Controller 5069-L320ER,2.9.25,plc,firmware,1,vxworks,wastewater,isolated-cell,design,AMBER,PLd (ISO 13849),ethernet-ip;cip;modbus-tcp,16,7
ICS-0119_rockwell_micrologix-controller-1100-c_SBOM.json,ICS-0119,urn:uuid:6075fde7-c259-5272-85de-28d4dd19b5cf,Rockwell Automation,MicroLogix Controller 1100-C,6.0.15,plc,firmware,1,proprietary-rtos,oil-and-gas-midstream,isolated-cell,decommission,AMBER,,ethernet-ip;df1,14,3
ICS-0120_schneider_modicon-m340-controller-bmxp341000_SBOM.json,ICS-0120,urn:uuid:3043a7a7-8a1c-557f-be10-090f115e318b,Schneider Electric,Modicon M340 Controller BMXP341000,7.18.22,plc,firmware,1,vxworks,petrochemical,isolated-cell,decommission,CLEAR,,modbus-tcp;ethernet-ip;canopen,15,6
ICS-0121_schneider_modicon-m580-epac-bmep584040_SBOM.json,ICS-0121,urn:uuid:ed51ccca-67e0-5117-ab9a-c7be70e42290,Schneider Electric,Modicon M580 ePAC BMEP584040,8.2.11,plc,firmware,1,linux,power-distribution,remote-accessible,operations,AMBER,,modbus-tcp;ethernet-ip;opc-ua;dnp3,21,8
ICS-0122_mitsubishi_melsec-iq-r-cpu-r08cpu_SBOM.json,ICS-0122,urn:uuid:ce247fba-3d55-57d1-bc35-0eb9e1dd4138,Mitsubishi Electric,MELSEC iQ-R CPU R08CPU,1.9.15,plc,firmware,1,proprietary-rtos,building-automation,remote-accessible,build,RED,SIL2,cc-link-ie;melsoft;modbus-tcp;slmp,19,5
ICS-0123_mitsubishi_melsec-q-series-cpu-q06ude_SBOM.json,ICS-0123,urn:uuid:d2c9d15f-e63d-5a9b-a316-779d2fd3a940,Mitsubishi Electric,MELSEC-Q Series CPU Q06UDE,7.22.14,plc,firmware,1,proprietary-rtos,manufacturing-process,isolated-cell,design,AMBER,PLd (ISO 13849),cc-link;melsoft;modbus-tcp,16,5
ICS-0124_omron_sysmac-nj-machine-controller-nj301-1200_SBOM.json,ICS-0124,urn:uuid:5792a524-c550-50e2-8b6c-3dffff9f6ff6,OMRON Corporation,SYSMAC NJ Machine Controller NJ301-1200,7.24.4,plc,firmware,1,proprietary-rtos,food-and-beverage,dmz-routable,operations,CLEAR,SIL2,ethercat;ethernet-ip;opc-ua,17,3
ICS-0125_omron_sysmac-cj2-plc-cj2h-cpu64_SBOM.json,ICS-0125,urn:uuid:2fa17609-586d-531a-adf5-de42de5974f3,OMRON Corporation,SYSMAC CJ2 PLC CJ2H-CPU64,1.5.33,plc,firmware,1,proprietary-rtos,district-heating,remote-accessible,build,AMBER+STRICT,PLd (ISO 13849),fins;ethernet-ip;modbus-tcp,17,4
ICS-0126_beckhoff_twincat-runtime-controller-cx8190_SBOM.json,ICS-0126,urn:uuid:8b7e831e-cf87-57fd-9133-484f99e3b812,Beckhoff Automation,TwinCAT Runtime Controller CX8190,5.22.27,plc,application,1,windows,chemical,dmz-routable,design,CLEAR,,ethercat;opc-ua;modbus-tcp;profinet,17,5
ICS-0127_wago_pfc200-controller-750-8206_SBOM.json,ICS-0127,urn:uuid:6b337a4b-072a-50fc-9018-772e997367cb,WAGO GmbH,PFC200 Controller 750-8206,7.2.25,plc,firmware,1,linux,oil-and-gas-midstream,dmz-routable,operations,AMBER,,modbus-tcp;profinet;canopen;mqtt;opc-ua,21,7
ICS-0128_phoenix_axc-f-2152-controller-axc-f-3152_SBOM.json,ICS-0128,urn:uuid:f1a2e77e-a616-5980-afd0-b7a8cb6ae6c5,Phoenix Contact,AXC F 2152 Controller AXC-F-3152,4.3.24,plc,firmware,1,linux,power-transmission,isolated-cell,design,GREEN,,profinet;opc-ua;modbus-tcp;mqtt,17,7
ICS-0129_br_x20-controller-x20cp3586_SBOM.json,ICS-0129,urn:uuid:c3988512-a279-5f85-96a2-218a4bac7401,B&R Industrial Automation,X20 Controller X20CP3586,4.19.39,plc,firmware,1,proprietary-rtos,automotive,control-network,operations,CLEAR,PLd (ISO 13849),powerlink;opc-ua;modbus-tcp,17,5
ICS-0130_ls-electric_xgt-plc-cpu-xgi-cpuu_SBOM.json,ICS-0130,urn:uuid:8cb7b8e2-fa0d-5259-a26a-ec7555ff5f9c,LS ELECTRIC,XGT PLC CPU XGI-CPUU,9.7.6,plc,firmware,1,proprietary-rtos,automotive,dmz-routable,post-build,AMBER,,modbus-tcp;rapienet;ethernet-ip,16,4
ICS-0131_delta_as-series-plc-as332t-a_SBOM.json,ICS-0131,urn:uuid:35c138c5-bd89-5d19-9056-fc8b80f0afa5,Delta Electronics,AS Series PLC AS332T-A,5.8.37,plc,firmware,1,proprietary-rtos,transportation-rail,control-network,decommission,GREEN,,modbus-tcp;ethernet-ip;canopen,14,5
ICS-0132_unitronics_unistream-plc-usp-104-b10_SBOM.json,ICS-0132,urn:uuid:1e101280-d8b0-5959-b8ac-da50d6e48ed4,Unitronics,UniStream PLC USP-104-B10,3.5.36,plc,firmware,1,linux,pharmaceutical,control-network,build,AMBER+STRICT,,modbus-tcp;canopen;mqtt,17,6
ICS-0133_idec_microsmart-fc6a-plc-fc6a-d32k3_SBOM.json,ICS-0133,urn:uuid:a7dd5c87-876a-5f4b-8405-461750a638b1,IDEC Corporation,MicroSmart FC6A PLC FC6A-D32K3,9.5.31,plc,firmware,1,proprietary-rtos,chemical,control-network,decommission,GREEN,,modbus-tcp;bacnet-ip,14,3
ICS-0134_panasonic_fp7-series-plc-afp7cps31_SBOM.json,ICS-0134,urn:uuid:6a339524-e327-51a2-96d7-0280f5d371cd,"Panasonic Industry Co., Ltd.",FP7 Series PLC AFP7CPS31,1.7.27,plc,firmware,1,proprietary-rtos,oil-and-gas-midstream,control-network,post-build,GREEN,PLd (ISO 13849),modbus-tcp;mewtocol,14,3
ICS-0135_keyence_kv-8000-plc-kv-7500_SBOM.json,ICS-0135,urn:uuid:023a2532-e37c-58e3-8d78-3b99e96347b5,KEYENCE Corporation,KV-8000 PLC KV-7500,2.23.2,plc,firmware,1,proprietary-rtos,pharmaceutical,dmz-routable,design,AMBER,,ethernet-ip;modbus-tcp;kv-protocol,15,8
ICS-0136_fuji_micrex-sx-plc-np1pm-256e_SBOM.json,ICS-0136,urn:uuid:df0aac21-7eea-5a63-9f55-3251f68cf68d,Fuji Electric,MICREX-SX PLC NP1PM-256E,6.2.40,plc,firmware,1,proprietary-rtos,steel-and-metals,dmz-routable,build,AMBER+STRICT,SIL2,modbus-tcp;fl-net,14,4
ICS-0137_codesys_codesys-control-runtime-for-plcnext-sl_SBOM.json,ICS-0137,urn:uuid:2f8d20af-f614-5923-811f-4df9eed1fa47,CODESYS GmbH,CODESYS Control Runtime for PLCnext SL,2.22.3,plc-runtime,application,1,linux,manufacturing-process,dmz-routable,build,GREEN,,modbus-tcp;opc-ua;ethercat;canopen;profinet,18,3
ICS-0138_abb_rtu560-telecontrol-unit-560cmr01_SBOM.json,ICS-0138,urn:uuid:e90b57f6-8df5-5659-b614-d5a02acb4d16,ABB Ltd,RTU560 Telecontrol Unit 560CMR01,4.21.34,rtu,firmware,1,linux,oil-and-gas-midstream,remote-accessible,decommission,RED,,iec-60870-5-104;dnp3;iec-61850-mms;modbus-tcp,21,8
ICS-0139_schneider_scadapack-rtu-535e_SBOM.json,ICS-0139,urn:uuid:5aaf1bbf-8d89-5362-b200-b1a204401822,Schneider Electric,SCADAPack RTU 535E,8.3.21,rtu,firmware,1,vxworks,food-and-beverage,remote-accessible,build,CLEAR,,dnp3;modbus-tcp;iec-60870-5-104,21,5
ICS-0140_ge_d20-mx-substation-controller-d20eme_SBOM.json,ICS-0140,urn:uuid:319c4eea-ef71-5a37-9c9a-dc29c18b2fbd,GE Vernova,D20 MX Substation Controller D20EME,2.13.1,rtu,firmware,1,linux,oil-and-gas-upstream,remote-accessible,operations,CLEAR,,dnp3;iec-61850-mms;modbus-tcp,16,3
ICS-0141_siemens_sicam-a8000-rtu-cp-8031_SBOM.json,ICS-0141,urn:uuid:a7b90781-9509-5b6f-8f0a-76bb2aa1608a,Siemens AG,SICAM A8000 RTU CP-8031,1.22.28,rtu,firmware,1,linux,wastewater,isolated-cell,operations,CLEAR,,iec-60870-5-104;iec-61850-mms;dnp3;modbus-tcp,17,7
ICS-0142_hitachi-energy_rtu500-series-rtu520_SBOM.json,ICS-0142,urn:uuid:a69266dd-c3eb-5555-a0f2-a8024c99769c,Hitachi Energy,RTU500 Series RTU520,1.12.11,rtu,firmware,1,proprietary-rtos,chemical,isolated-cell,design,AMBER+STRICT,,iec-60870-5-104;iec-61850-mms;dnp3,15,3
ICS-0143_moxa_iopac-programmable-controller-8500-c-t_SBOM.json,ICS-0143,urn:uuid:46629027-e173-57e0-8260-d5d3a0cc5687,Moxa Inc.,ioPAC Programmable Controller 8500-C-T,3.1.3,rtu,firmware,1,linux,pharmaceutical,dmz-routable,post-build,AMBER,,modbus-tcp;dnp3;mqtt,20,5
ICS-0144_red-lion_data-station-plus-rtu-dspzr000_SBOM.json,ICS-0144,urn:uuid:42c8d539-adca-5c1f-bf82-9360d4312960,Red Lion Controls,Data Station Plus RTU DSPZR000,5.3.0,rtu,firmware,1,linux,pharmaceutical,dmz-routable,decommission,GREEN,,modbus-tcp;dnp3;ethernet-ip;mqtt,19,7
ICS-0145_sel_sel-451-protection-system-451-1_SBOM.json,ICS-0145,urn:uuid:d22fe94b-e244-5dff-8e0d-6c001387aa8f,Schweitzer Engineering Laboratories,SEL-451 Protection System 451-1,6.15.26,ied,firmware,1,proprietary-rtos,wastewater,isolated-cell,decommission,CLEAR,,iec-61850-mms;iec-61850-goose;dnp3;modbus-tcp,16,5
ICS-0146_sel_sel-3530-rtac-3530-4_SBOM.json,ICS-0146,urn:uuid:a3639f22-ce84-5906-ab8a-d40710748754,Schweitzer Engineering Laboratories,SEL-3530 RTAC 3530-4,8.24.33,ied,firmware,1,linux,power-distribution,dmz-routable,build,AMBER,,dnp3;iec-61850-mms;modbus-tcp;iec-60870-5-104,16,5
ICS-0147_hitachi-energy_ref615-feeder-protection-relay-ref620_SBOM.json,ICS-0147,urn:uuid:892bba74-9c09-59a6-96bd-e7fcd707f947,Hitachi Energy,REF615 Feeder Protection Relay REF620,7.24.24,ied,firmware,1,proprietary-rtos,power-distribution,isolated-cell,operations,AMBER,,iec-61850-mms;iec-61850-goose;modbus-tcp;dnp3,17,6
ICS-0148_siemens_siprotec-5-protection-relay-7sl86_SBOM.json,ICS-0148,urn:uuid:7f1e43de-de3c-53ea-a3af-052cea2045d3,Siemens AG,SIPROTEC 5 Protection Relay 7SL86,4.5.28,ied,firmware,1,proprietary-rtos,power-generation,control-network,design,GREEN,,iec-61850-mms;iec-61850-goose;dnp3;iec-60870-5-103,14,3
ICS-0149_ge_multilin-ur-relay-c60_SBOM.json,ICS-0149,urn:uuid:9b1f8c37-8ce1-5ef9-a8ae-7cd1552e5722,GE Vernova,Multilin UR Relay C60,9.24.15,ied,firmware,1,proprietary-rtos,semiconductor-fab,remote-accessible,decommission,GREEN,,iec-61850-mms;iec-61850-goose;dnp3;modbus-tcp,18,6
ICS-0150_schneider_easergy-p3-protection-relay-p3l30_SBOM.json,ICS-0150,urn:uuid:d001013d-e32b-533e-afad-5322c1394f08,Schneider Electric,Easergy P3 Protection Relay P3L30,7.12.16,ied,firmware,1,proprietary-rtos,transportation-rail,isolated-cell,operations,CLEAR,,iec-61850-mms;modbus-tcp;dnp3,16,5
ICS-0151_nari_pcs-9611-feeder-protection-pcs-9705_SBOM.json,ICS-0151,urn:uuid:38a527db-2996-5305-8cf3-a147a3c8dd04,NARI Technology,PCS-9611 Feeder Protection PCS-9705,8.18.22,ied,firmware,1,proprietary-rtos,transportation-metro,control-network,build,GREEN,,iec-61850-mms;iec-61850-goose;modbus-tcp,14,3
ICS-0152_hd-hyundai_higen-protection-relay-hgr-200_SBOM.json,ICS-0152,urn:uuid:aa030f1f-70e8-5eec-985f-aebe66bc700d,HD Hyundai Electric,HiGEN Protection Relay HGR-200,1.2.39,ied,firmware,1,proprietary-rtos,automotive,remote-accessible,design,CLEAR,,iec-61850-mms;modbus-tcp;dnp3,13,4
ICS-0153_siemens_simatic-hmi-comfort-panel-tp1500_SBOM.json,ICS-0153,urn:uuid:920b4796-b71a-5ac0-9cc4-830069e8bd1d,Siemens AG,SIMATIC HMI Comfort Panel TP1500,6.2.6,hmi,firmware,2,windows,transportation-metro,dmz-routable,operations,CLEAR,,profinet;opc-ua;s7comm-plus,15,5
ICS-0154_rockwell_panelview-plus-terminal-7-performance-1500_SBOM.json,ICS-0154,urn:uuid:f11a4863-ae29-5856-bf76-42b2a78efd40,Rockwell Automation,PanelView Plus Terminal 7 Performance 1500,4.23.14,hmi,firmware,2,windows,port-and-logistics,dmz-routable,design,GREEN,,ethernet-ip;cip,15,6
ICS-0155_schneider_magelis-gtu-hmi-hmidt551_SBOM.json,ICS-0155,urn:uuid:58d97b45-f0a8-5b0d-afd8-40dbee3925a1,Schneider Electric,Magelis GTU HMI HMIDT551,9.9.23,hmi,firmware,2,linux,power-transmission,remote-accessible,decommission,CLEAR,,modbus-tcp;ethernet-ip;opc-ua,15,5
ICS-0156_mitsubishi_got2000-graphic-terminal-gt2510-vtba_SBOM.json,ICS-0156,urn:uuid:c9595727-7af2-5e5a-9086-04012b64f16d,Mitsubishi Electric,GOT2000 Graphic Terminal GT2510-VTBA,4.3.24,hmi,firmware,2,proprietary-rtos,manufacturing-process,dmz-routable,post-build,CLEAR,,cc-link-ie;melsoft;modbus-tcp,19,8
ICS-0157_advantech_webop-operator-panel-wop-3070t_SBOM.json,ICS-0157,urn:uuid:10950fff-65a0-5abe-9719-2613c3054b79,"Advantech Co., Ltd.",WebOP Operator Panel WOP-3070T,9.20.8,hmi,firmware,2,linux,pharmaceutical,isolated-cell,operations,GREEN,,modbus-tcp;ethernet-ip;mqtt,18,7
ICS-0158_delta_dop-100-hmi-dop-110cs_SBOM.json,ICS-0158,urn:uuid:32043f6b-5ce5-5bd7-b97d-933f52485478,Delta Electronics,DOP-100 HMI DOP-110CS,4.8.36,hmi,firmware,2,proprietary-rtos,power-transmission,dmz-routable,post-build,AMBER+STRICT,,modbus-tcp;canopen,17,5
ICS-0159_omron_na-series-hmi-na5-9w_SBOM.json,ICS-0159,urn:uuid:52e65f0f-fa76-5660-aa33-fb80f3d4aef9,OMRON Corporation,NA Series HMI NA5-9W,8.10.17,hmi,firmware,2,windows,oil-and-gas-midstream,remote-accessible,build,AMBER+STRICT,,ethernet-ip;opc-ua;modbus-tcp,16,4
ICS-0160_pilz_pmi-operator-terminal-pmi-v812_SBOM.json,ICS-0160,urn:uuid:b477e7ee-4852-5686-9fc4-f6f37c987e08,Pilz GmbH,PMI Operator Terminal PMI v812,2.13.22,hmi,firmware,2,linux,power-distribution,isolated-cell,design,AMBER,,profinet;modbus-tcp,16,7
ICS-0161_aveva_aveva-plant-scada-2023_SBOM.json,ICS-0161,urn:uuid:c69aa40b-92f8-5937-9665-8188a80b8829,AVEVA Group plc,AVEVA Plant SCADA 2023,1.20.24,scada-server,application,2,windows,district-heating,control-network,build,CLEAR,,opc-ua;opc-da;modbus-tcp;dnp3;iec-60870-5-104,16,3
ICS-0162_inductive_ignition-scada-platform-8-1-edge_SBOM.json,ICS-0162,urn:uuid:bc0bdbac-557d-5b0b-be61-4a4adced3e68,Inductive Automation,Ignition SCADA Platform 8.1 Edge,3.7.1,scada-server,application,2,java,food-and-beverage,remote-accessible,decommission,CLEAR,,opc-ua;modbus-tcp;mqtt-sparkplug;dnp3,16,3
ICS-0163_copadata_zenon-supervisor-11_SBOM.json,ICS-0163,urn:uuid:3e4af8c6-f84f-5677-b1d7-8613a54485bb,COPA-DATA GmbH,zenon Supervisor 11,6.6.7,scada-server,application,2,windows,power-generation,isolated-cell,design,GREEN,,opc-ua;iec-61850-mms;iec-60870-5-104;modbus-tcp,18,7
ICS-0164_siemens_simatic-wincc-v8-0_SBOM.json,ICS-0164,urn:uuid:c930fc5f-d6f7-53bd-bc0b-dcfd8dd60f3b,Siemens AG,SIMATIC WinCC V8.0,7.0.15,scada-server,application,2,windows,manufacturing-discrete,dmz-routable,post-build,AMBER,,opc-ua;profinet;s7comm-plus,13,4
ICS-0165_ge_cimplicity-hmi-scada-2022_SBOM.json,ICS-0165,urn:uuid:60a830ef-afa5-5bf9-8b41-1a842264ba5b,GE Vernova,CIMPLICITY HMI/SCADA 2022,8.21.21,scada-server,application,2,windows,petrochemical,dmz-routable,post-build,CLEAR,,opc-ua;opc-da;modbus-tcp,15,5
ICS-0166_schneider_ecostruxure-geo-scada-expert-2022_SBOM.json,ICS-0166,urn:uuid:99e528b5-bcb3-594c-8b81-8145d84ca87e,Schneider Electric,EcoStruxure Geo SCADA Expert 2022,7.23.19,scada-server,application,2,windows,pharmaceutical,remote-accessible,design,AMBER+STRICT,,dnp3;iec-60870-5-104;modbus-tcp;opc-ua,18,6
ICS-0167_rockwell_factorytalk-view-se-13-00_SBOM.json,ICS-0167,urn:uuid:0ab25fa1-0386-57de-85cd-2adf0d492ee1,Rockwell Automation,FactoryTalk View SE 13.00,4.14.37,scada-server,application,2,windows,chemical,control-network,post-build,RED,,ethernet-ip;opc-ua;cip,12,4
ICS-0168_aveva_aveva-historian-2023_SBOM.json,ICS-0168,urn:uuid:5b9b3b8c-5a96-568d-a63c-435eabd35715,AVEVA Group plc,AVEVA Historian 2023,5.5.7,historian,application,3,windows,manufacturing-discrete,isolated-cell,post-build,RED,,opc-ua;opc-hda;sql,15,3
ICS-0169_ge_proficy-historian-2023_SBOM.json,ICS-0169,urn:uuid:6047789d-4def-53c5-a430-146c64b81d94,GE Vernova,Proficy Historian 2023,1.8.18,historian,application,3,windows,power-transmission,control-network,post-build,AMBER+STRICT,,opc-ua;opc-hda;sql,11,4
ICS-0170_honeywell_uniformance-phd-historian-r400_SBOM.json,ICS-0170,urn:uuid:e18f1357-c46a-52cd-b1de-60b2a2635d8c,Honeywell International,Uniformance PHD Historian R400,1.0.39,historian,application,3,windows,water-treatment,control-network,decommission,RED,,opc-ua;opc-hda;sql,13,3
ICS-0171_emerson_deltav-continuous-historian-14-lts_SBOM.json,ICS-0171,urn:uuid:5132cbe9-b8d3-5d6d-8f9a-ac18f8a172ee,Emerson Electric,DeltaV Continuous Historian 14.LTS,5.17.22,historian,application,3,windows,port-and-logistics,control-network,build,GREEN,,opc-ua;opc-hda,16,4
ICS-0172_yokogawa_exaquantum-plant-information-system-r3-15_SBOM.json,ICS-0172,urn:uuid:390e9a33-73d3-56fb-97d2-de3fc5ea0055,Yokogawa Electric,Exaquantum Plant Information System R3.15,9.21.14,historian,application,3,windows,port-and-logistics,remote-accessible,operations,AMBER,,opc-ua;opc-hda;sql,17,4
ICS-0173_siemens_tia-portal-engineering-suite-v18_SBOM.json,ICS-0173,urn:uuid:9ff03ebf-5da1-5948-8fa1-e6912168c839,Siemens AG,TIA Portal Engineering Suite V18,7.14.26,engineering-workstation,application,3,windows,oil-and-gas-upstream,control-network,design,RED,,profinet;s7comm-plus;opc-ua,15,5
ICS-0174_rockwell_studio-5000-logix-designer-33-00_SBOM.json,ICS-0174,urn:uuid:3d8b1ad3-65b6-5b37-a35f-2823e207d2ee,Rockwell Automation,Studio 5000 Logix Designer 33.00,3.9.34,engineering-workstation,application,3,windows,steel-and-metals,remote-accessible,post-build,AMBER+STRICT,,ethernet-ip;cip,11,4
ICS-0175_schneider_ecostruxure-control-expert-v16-0_SBOM.json,ICS-0175,urn:uuid:8301237d-eef4-582f-a841-08df59b24dfc,Schneider Electric,EcoStruxure Control Expert V16.0,1.12.21,engineering-workstation,application,3,windows,power-generation,dmz-routable,operations,RED,,modbus-tcp;ethernet-ip;opc-ua,18,7
ICS-0176_mitsubishi_gx-works3-engineering-tool-1-090u_SBOM.json,ICS-0176,urn:uuid:9fddc91e-b77f-58c9-84c5-fb8a46e090bd,Mitsubishi Electric,GX Works3 Engineering Tool 1.090U,7.12.21,engineering-workstation,application,3,windows,water-treatment,isolated-cell,decommission,RED,,cc-link-ie;melsoft,14,4
ICS-0177_codesys_codesys-development-system-v3-5-sp18_SBOM.json,ICS-0177,urn:uuid:7db85042-e3f1-5a51-89d1-1689e2f25550,CODESYS GmbH,CODESYS Development System V3.5 SP18,8.8.40,engineering-workstation,application,3,windows,steel-and-metals,isolated-cell,decommission,CLEAR,,modbus-tcp;opc-ua;ethercat,19,8
ICS-0178_abb_automation-builder-2-6_SBOM.json,ICS-0178,urn:uuid:ab296a6b-e1fe-5be2-a660-0ad28a454cb1,ABB Ltd,Automation Builder 2.6,2.11.38,engineering-workstation,application,3,windows,food-and-beverage,isolated-cell,design,AMBER,,modbus-tcp;profinet;ethercat,14,5
ICS-0179_emerson_deltav-md-plus-controller-sx_SBOM.json,ICS-0179,urn:uuid:0a437249-d7cc-58b5-87cf-ec14b1f6da05,Emerson Electric,DeltaV MD Plus Controller SX,2.1.13,dcs-controller,firmware,1,vxworks,transportation-metro,remote-accessible,decommission,GREEN,,deltav-proprietary;modbus-tcp;opc-ua;hart-ip,20,8
ICS-0180_honeywell_experion-c300-controller-c200e_SBOM.json,ICS-0180,urn:uuid:27a080d8-70b1-57e2-b403-e99d346f0f77,Honeywell International,Experion C300 Controller C200E,5.9.36,dcs-controller,firmware,1,vxworks,oil-and-gas-midstream,remote-accessible,build,CLEAR,SIL2,fte;modbus-tcp;hart-ip;opc-ua,21,7
ICS-0181_yokogawa_centum-vp-field-control-station-afv10d_SBOM.json,ICS-0181,urn:uuid:746185cb-390e-510a-9477-87253ec1ae1a,Yokogawa Electric,CENTUM VP Field Control Station AFV10D,5.2.20,dcs-controller,firmware,1,proprietary-rtos,wastewater,remote-accessible,operations,CLEAR,PLd (ISO 13849),vnet-ip;modbus-tcp;hart-ip;foundation-fieldbus,15,4
ICS-0182_abb_ac-800m-controller-pm891_SBOM.json,ICS-0182,urn:uuid:208c0313-269a-5331-befa-cf343884cab4,ABB Ltd,AC 800M Controller PM891,2.8.39,dcs-controller,firmware,1,vxworks,oil-and-gas-midstream,control-network,decommission,GREEN,,profibus;modbus-tcp;iec-61850-mms;opc-ua,19,7
ICS-0183_siemens_simatic-pcs-7-as-controller-as-417-4_SBOM.json,ICS-0183,urn:uuid:e7e3acb2-2272-56ca-bca1-768e2ad98380,Siemens AG,SIMATIC PCS 7 AS Controller AS 417-4,6.24.33,dcs-controller,firmware,1,proprietary-rtos,power-distribution,control-network,design,RED,PLd (ISO 13849),profibus;profinet;opc-ua,15,4
ICS-0184_hitachi-energy_symphony-plus-hpc800-brc410_SBOM.json,ICS-0184,urn:uuid:e8b17f2f-28f5-5ebf-9bee-788afadb7a01,Hitachi Energy,Symphony Plus HPC800 BRC410,5.3.39,dcs-controller,firmware,1,vxworks,power-generation,dmz-routable,operations,AMBER,PLd (ISO 13849),modbus-tcp;iec-61850-mms;opc-ua,19,6
ICS-0185_schneider_triconex-tricon-cx-controller-trident-3_SBOM.json,ICS-0185,urn:uuid:8645b5e2-9c2d-5c50-9150-94a8b54e15c4,Schneider Electric,Triconex Tricon CX Controller Trident 3,5.17.20,sis-logic-solver,firmware,1,proprietary-rtos,petrochemical,isolated-cell,decommission,CLEAR,SIL2,tristation;modbus-tcp;opc-ua,15,5
ICS-0186_hima_himax-safety-controller-x-cpu-01_SBOM.json,ICS-0186,urn:uuid:d4a71db3-847c-5de2-a2f2-df5923806ac9,HIMA Paul Hildebrandt GmbH,HIMax Safety Controller X-CPU 01,2.16.9,sis-logic-solver,firmware,1,proprietary-rtos,oil-and-gas-midstream,remote-accessible,design,RED,SIL3,safeethernet;modbus-tcp;opc-ua,15,4
ICS-0187_pilz_pss-4000-safety-controller-pssu-h-fs_SBOM.json,ICS-0187,urn:uuid:d5bd6457-5b97-527c-8236-1bb262215344,Pilz GmbH,PSS 4000 Safety Controller PSSu H FS,1.4.2,sis-logic-solver,firmware,1,proprietary-rtos,pharmaceutical,isolated-cell,post-build,AMBER,SIL3 (IEC 61508),safetynet-p;profinet;modbus-tcp,17,4
ICS-0188_siemens_simatic-s7-1500f-safety-cpu-1516f-3-pn-dp_SBOM.json,ICS-0188,urn:uuid:705a276c-011a-58b4-9f30-851fe5a015a7,Siemens AG,SIMATIC S7-1500F Safety CPU 1516F-3 PN/DP,7.3.13,sis-logic-solver,firmware,1,proprietary-rtos,food-and-beverage,control-network,design,AMBER+STRICT,SIL3 (IEC 61508),profisafe;profinet;opc-ua,12,3
ICS-0189_rockwell_guardlogix-safety-controller-1756-l83es_SBOM.json,ICS-0189,urn:uuid:b4940286-b0bc-5e44-a802-f113250e5345,Rockwell Automation,GuardLogix Safety Controller 1756-L83ES,1.3.6,sis-logic-solver,firmware,1,vxworks,power-transmission,dmz-routable,post-build,CLEAR,SIL3,cip-safety;ethernet-ip,11,4
ICS-0190_moxa_mgate-protocol-gateway-5119_SBOM.json,ICS-0190,urn:uuid:a676716f-c737-5475-bedf-dc35a13637d4,Moxa Inc.,MGate Protocol Gateway 5119,6.14.9,protocol-gateway,firmware,3.5,linux,transportation-metro,control-network,decommission,RED,,modbus-tcp;ethernet-ip;profinet;dnp3;iec-60870-5-104,15,4
ICS-0191_softing_edgeaggregator-gateway-ea-300_SBOM.json,ICS-0191,urn:uuid:9dfe0603-51a8-598b-8d3c-4baf4efb5247,Softing Industrial Automation,edgeAggregator Gateway EA-300,1.12.7,protocol-gateway,application,3.5,linux,building-automation,dmz-routable,post-build,AMBER,,opc-ua;mqtt;modbus-tcp;s7comm,22,10
ICS-0192_advantech_ecu-1251-edge-gateway-ecu-1051_SBOM.json,ICS-0192,urn:uuid:c8c01569-fb15-5d5e-9294-8419de333239,"Advantech Co., Ltd.",ECU-1251 Edge Gateway ECU-1051,4.6.23,protocol-gateway,firmware,3.5,linux,food-and-beverage,dmz-routable,operations,AMBER,,modbus-tcp;mqtt;opc-ua;dnp3,16,1
ICS-0193_phoenix_fl-mguard-security-appliance-rs2000_SBOM.json,ICS-0193,urn:uuid:c429bb03-e692-592f-a729-0a71189b45bc,Phoenix Contact,FL MGUARD Security Appliance RS2000,1.17.0,industrial-firewall,firmware,3.5,linux,pharmaceutical,remote-accessible,decommission,GREEN,,ipsec;modbus-tcp-dpi;opc-ua,16,6
ICS-0194_belden_eagle40-industrial-firewall-eagle30_SBOM.json,ICS-0194,urn:uuid:2518169a-558c-503b-bc2f-bb1e0d619cfe,Belden / Hirschmann,EAGLE40 Industrial Firewall EAGLE30,1.5.31,industrial-firewall,firmware,3.5,linux,wastewater,control-network,decommission,CLEAR,,modbus-tcp-dpi;iec-61850-dpi;ipsec,10,4
ICS-0195_belden_rsp-managed-switch-rsp20_SBOM.json,ICS-0195,urn:uuid:a7d7d76e-91a8-5580-b67b-ee2ddb954adb,Belden / Hirschmann,RSP Managed Switch RSP20,9.23.33,industrial-switch,firmware,2,linux,manufacturing-discrete,remote-accessible,design,GREEN,,prp;hsr;iec-61850-mms;snmp,16,5
ICS-0196_westermo_lynx-dss-managed-switch-lynx-5612_SBOM.json,ICS-0196,urn:uuid:092b8a72-a844-55f0-a3fc-d8873c0e7532,Westermo Network Technologies,Lynx DSS Managed Switch Lynx-5612,5.8.4,industrial-switch,firmware,2,linux,oil-and-gas-upstream,control-network,operations,RED,,snmp;prp;modbus-tcp,14,4
ICS-0197_moxa_eds-managed-ethernet-switch-eds-508a_SBOM.json,ICS-0197,urn:uuid:6a981679-c371-532e-a3cd-7ea2558946d4,Moxa Inc.,EDS Managed Ethernet Switch EDS-508A,4.9.8,industrial-switch,firmware,2,linux,water-treatment,remote-accessible,post-build,RED,,snmp;prp;modbus-tcp,16,6
ICS-0198_siemens_scalance-x-industrial-switch-x308-2_SBOM.json,ICS-0198,urn:uuid:8593df0f-ab23-5379-9555-169db47a4e86,Siemens AG,SCALANCE X Industrial Switch X308-2,3.16.8,industrial-switch,firmware,2,linux,semiconductor-fab,dmz-routable,decommission,AMBER,,profinet;snmp;prp,19,8
ICS-0199_siemens_ruggedcom-rx1500-router-rx1400_SBOM.json,ICS-0199,urn:uuid:8b7e703d-6ef7-56a6-881d-4dc1b2c47db2,Siemens AG,RUGGEDCOM RX1500 Router RX1400,4.9.4,industrial-router,firmware,3.5,linux,power-transmission,isolated-cell,operations,CLEAR,,snmp;ipsec;iec-61850-mms,16,7
ICS-0200_abb_acs880-industrial-drive-acs880-07_SBOM.json,ICS-0200,urn:uuid:a7038f63-b6a4-574e-b7a3-e7e7f3c07c7b,ABB Ltd,ACS880 Industrial Drive ACS880-07,6.5.26,vfd-drive,firmware,1,proprietary-rtos,steel-and-metals,dmz-routable,build,CLEAR,,profinet;ethernet-ip;modbus-tcp;ethercat,19,8
ICS-0201_siemens_sinamics-s120-drive-cu310-2-pn_SBOM.json,ICS-0201,urn:uuid:d28fe359-880b-5fd4-a89a-b67434721649,Siemens AG,SINAMICS S120 Drive CU310-2 PN,4.13.27,vfd-drive,firmware,1,proprietary-rtos,steel-and-metals,isolated-cell,design,CLEAR,,profinet;profisafe;ethernet-ip,15,3
ICS-0202_danfoss_vlt-automationdrive-fc-102_SBOM.json,ICS-0202,urn:uuid:a1bc3e0d-8956-5544-a136-5718d064aaaf,Danfoss A/S,VLT AutomationDrive FC-102,9.3.23,vfd-drive,firmware,1,proprietary-rtos,manufacturing-discrete,dmz-routable,design,GREEN,,profinet;modbus-tcp;ethernet-ip,19,6
ICS-0203_rockwell_powerflex-755-drive-755t_SBOM.json,ICS-0203,urn:uuid:a90b38db-1338-509f-9a25-c55d59519c4c,Rockwell Automation,PowerFlex 755 Drive 755T,1.22.38,vfd-drive,firmware,1,proprietary-rtos,power-transmission,dmz-routable,decommission,CLEAR,,ethernet-ip;cip;devicenet,15,6
ICS-0204_bosch-rexroth_indradrive-controller-hcs02_SBOM.json,ICS-0204,urn:uuid:6cc11d4f-b836-5129-88af-6ba0e5757fc1,Bosch Rexroth AG,IndraDrive Controller HCS02,6.10.7,motion-controller,firmware,1,proprietary-rtos,power-distribution,control-network,operations,CLEAR,,sercos-iii;profinet;ethercat;ethernet-ip,21,7
ICS-0205_bosch-rexroth_indramotion-mlc-xm42_SBOM.json,ICS-0205,urn:uuid:9f56777f-92c4-5c3b-8032-7abe889d34b4,Bosch Rexroth AG,IndraMotion MLC XM42,4.1.19,motion-controller,firmware,1,linux,transportation-metro,control-network,build,AMBER+STRICT,,sercos-iii;opc-ua;profinet,16,6
ICS-0206_fuji_frenic-ace-inverter-frn0012e2s_SBOM.json,ICS-0206,urn:uuid:e879602f-3503-5c68-9646-3384e42cb164,Fuji Electric,FRENIC-Ace Inverter FRN0012E2S,2.0.1,vfd-drive,firmware,1,proprietary-rtos,petrochemical,remote-accessible,post-build,CLEAR,,modbus-tcp;profinet,12,4
ICS-0207_mitsubishi_melfa-robot-controller-cr800-r_SBOM.json,ICS-0207,urn:uuid:a4a360d7-72bc-5c78-879e-cf380ea8cce1,Mitsubishi Electric,MELFA Robot Controller CR800-R,1.24.9,robot-controller,firmware,1,proprietary-rtos,port-and-logistics,isolated-cell,design,RED,PLd (ISO 13849),cc-link-ie;ethernet-ip;melsoft,17,5
ICS-0208_abb_irc5-robot-controller-irc5-single_SBOM.json,ICS-0208,urn:uuid:58652400-2ca3-5e15-bdcd-d5160220b5ad,ABB Ltd,IRC5 Robot Controller IRC5 Single,1.17.25,robot-controller,firmware,1,vxworks,power-distribution,remote-accessible,build,AMBER+STRICT,,profinet;ethernet-ip;devicenet,15,7
ICS-0209_keyence_cnc-motion-unit-mc-2_SBOM.json,ICS-0209,urn:uuid:216a3528-1619-5c05-a0af-a3a237ad8d65,KEYENCE Corporation,CNC Motion Unit MC-2,9.1.27,cnc-controller,firmware,1,proprietary-rtos,power-transmission,control-network,post-build,CLEAR,,ethernet-ip;modbus-tcp,14,6
ICS-0210_mitsubishi_m800-cnc-controller-m850w_SBOM.json,ICS-0210,urn:uuid:025a811d-c645-5a34-a377-64864aae6980,Mitsubishi Electric,M800 CNC Controller M850W,6.12.23,cnc-controller,firmware,1,proprietary-rtos,pharmaceutical,control-network,design,GREEN,,cc-link-ie;melsoft;ethernet-ip,16,4
ICS-0211_emerson_rosemount-3051s-transmitter-3051smv_SBOM.json,ICS-0211,urn:uuid:5e54f249-cd72-52da-9ecc-5bc5abbede10,Emerson Electric,Rosemount 3051S Transmitter 3051SMV,6.13.27,field-transmitter,firmware,0,bare-metal,manufacturing-discrete,isolated-cell,design,RED,,hart;hart-ip;foundation-fieldbus,12,4
ICS-0212_yokogawa_eja-e-series-transmitter-eja430e_SBOM.json,ICS-0212,urn:uuid:362c7b5a-7e5a-5841-a74e-3699b87a059d,Yokogawa Electric,EJA-E Series Transmitter EJA430E,4.10.29,field-transmitter,firmware,0,bare-metal,water-treatment,isolated-cell,post-build,GREEN,,hart;foundation-fieldbus;profibus-pa,10,4
ICS-0213_honeywell_smartline-st800-transmitter-st700_SBOM.json,ICS-0213,urn:uuid:da9593ce-990a-5119-b849-8768e1e6b9f3,Honeywell International,SmartLine ST800 Transmitter ST700,2.15.11,field-transmitter,firmware,0,bare-metal,water-treatment,dmz-routable,operations,RED,,hart;foundation-fieldbus,10,3
ICS-0214_abb_merging-unit-sam600-sam600-ct_SBOM.json,ICS-0214,urn:uuid:a7b682b7-2c86-5c62-8b5f-82028ca750aa,ABB Ltd,Merging Unit SAM600 SAM600-CT,4.1.20,merging-unit,firmware,0,proprietary-rtos,district-heating,remote-accessible,decommission,CLEAR,,iec-61850-sv;iec-61850-goose;ptp-1588,17,5
ICS-0215_schneider_powerlogic-ion9000-meter-ion7650_SBOM.json,ICS-0215,urn:uuid:aa3d8e3c-28bc-5642-a632-a35b4a4ad541,Schneider Electric,PowerLogic ION9000 Meter ION7650,6.3.9,power-meter,firmware,1,linux,petrochemical,control-network,design,CLEAR,,modbus-tcp;dnp3;iec-61850-mms,18,5
ICS-0216_ge_epm-9900-power-meter-epm7000_SBOM.json,ICS-0216,urn:uuid:427249b2-f52f-5f3c-9839-2ff8e6f9ce02,GE Vernova,EPM 9900 Power Meter EPM7000,3.15.20,power-meter,firmware,1,proprietary-rtos,oil-and-gas-upstream,isolated-cell,post-build,AMBER,,modbus-tcp;dnp3;iec-61850-mms,14,4
ICS-0217_ptc_kepserverex-connectivity-platform-6-13_SBOM.json,ICS-0217,urn:uuid:79de9691-4f96-5f46-97dc-cbb0a7a12f6d,PTC Inc.,KEPServerEX Connectivity Platform 6.13,4.22.2,opc-server,application,3,windows,power-distribution,isolated-cell,operations,AMBER,,opc-ua;opc-da;modbus-tcp;ethernet-ip;s7comm,17,4
ICS-0218_softing_datafeed-opc-suite-v5-22_SBOM.json,ICS-0218,urn:uuid:cea672c8-6e21-53da-8241-10a18bb2c716,Softing Industrial Automation,dataFEED OPC Suite V5.22,1.21.30,opc-server,application,3,windows,pulp-and-paper,isolated-cell,build,AMBER+STRICT,,opc-ua;opc-da;mqtt;s7comm,17,5
ICS-0219_aveva_aveva-opc-ua-server-2023_SBOM.json,ICS-0219,urn:uuid:27e8f597-26f4-5a47-b9e0-cb468a856370,AVEVA Group plc,AVEVA OPC UA Server 2023,2.23.14,opc-server,application,3,windows,manufacturing-process,isolated-cell,build,CLEAR,,opc-ua;opc-da,12,3
ICS-0220_honeywell_excel-web-ii-bacnet-controller-xl1000c1000_SBOM.json,ICS-0220,urn:uuid:8f65f1ef-2868-5178-af8d-51b1e7fe088f,Honeywell International,Excel Web II BACnet Controller XL1000C1000,7.3.6,bas-controller,firmware,1,linux,district-heating,control-network,post-build,RED,,bacnet-ip;modbus-tcp;lonworks,17,9
ICS-0221_siemens_desigo-pxc-automation-station-pxc200-e-d_SBOM.json,ICS-0221,urn:uuid:8fca6753-ed91-54ec-92ad-012932abc3ed,Siemens AG,Desigo PXC Automation Station PXC200-E.D,3.14.15,bas-controller,firmware,1,proprietary-rtos,district-heating,dmz-routable,build,CLEAR,,bacnet-ip;modbus-tcp;knx,11,3
ICS-0222_schneider_smartx-as-p-controller-as-b_SBOM.json,ICS-0222,urn:uuid:be5e523b-45b6-537e-9f2e-08f9992b1667,Schneider Electric,SmartX AS-P Controller AS-B,1.6.5,bas-controller,firmware,1,linux,semiconductor-fab,remote-accessible,post-build,RED,,bacnet-ip;modbus-tcp;lonworks,13,4
ICS-0223_delta_ez-building-controller-ezns-500_SBOM.json,ICS-0223,urn:uuid:0fc58ab4-919c-564b-bc8a-14351536e164,Delta Electronics,eZ Building Controller eZNS-500,9.24.30,bas-controller,firmware,1,linux,district-heating,control-network,design,CLEAR,,bacnet-ip;modbus-tcp,13,3
ICS-0224_phoenix_radioline-wireless-gateway-rad-900_SBOM.json,ICS-0224,urn:uuid:a5f3cda9-a237-575b-ad31-ab1485820f82,Phoenix Contact,Radioline Wireless Gateway RAD-900,7.11.33,wireless-gateway,firmware,1,freertos,building-automation,isolated-cell,build,AMBER+STRICT,,modbus-tcp;trusted-wireless,11,5
ICS-0225_moxa_awk-industrial-wireless-ap-awk-4131a_SBOM.json,ICS-0225,urn:uuid:026116f3-0910-54e9-aef5-e996502db79a,Moxa Inc.,AWK Industrial Wireless AP AWK-4131A,5.17.24,wireless-gateway,firmware,2,linux,water-treatment,isolated-cell,build,AMBER+STRICT,,snmp;modbus-tcp;wpa2,18,8
ICS-0226_emerson_wireless-1420-gateway-1410s_SBOM.json,ICS-0226,urn:uuid:71a5cf64-a84f-5fa4-a9ce-62850aed4a3f,Emerson Electric,Wireless 1420 Gateway 1410S,7.24.29,wireless-gateway,firmware,1,linux,chemical,isolated-cell,design,AMBER+STRICT,,wirelesshart;modbus-tcp;opc-ua,13,5
ICS-0227_siemens_simatic-s7-1500-cpu-1516-3-pn-dp_SBOM.json,ICS-0227,urn:uuid:67dede22-f7a7-5892-b3e2-96702bcce7a6,Siemens AG,SIMATIC S7-1500 CPU 1516-3 PN/DP,9.21.13,plc,firmware,1,proprietary-rtos,manufacturing-process,isolated-cell,post-build,CLEAR,,profinet;s7comm-plus;opc-ua;modbus-tcp,18,7
ICS-0228_siemens_simatic-s7-1200-cpu-1215c_SBOM.json,ICS-0228,urn:uuid:894fc6a8-fc79-5009-a6b6-289b9a33053f,Siemens AG,SIMATIC S7-1200 CPU 1215C,2.15.17,plc,firmware,1,proprietary-rtos,manufacturing-process,remote-accessible,design,AMBER,PLd (ISO 13849),profinet;s7comm-plus;modbus-tcp,16,6
ICS-0229_siemens_simatic-s7-400-cpu-417-4h_SBOM.json,ICS-0229,urn:uuid:828ae741-a719-511e-9d8a-c669b61fbe09,Siemens AG,SIMATIC S7-400 CPU 417-4H,8.23.34,plc,firmware,1,proprietary-rtos,manufacturing-discrete,dmz-routable,build,GREEN,PLd (ISO 13849),profibus;s7comm;industrial-ethernet,14,5
ICS-0230_rockwell_controllogix-controller-1756-l81e_SBOM.json,ICS-0230,urn:uuid:657d2bb5-cddc-5453-9fa2-919df87786c0,Rockwell Automation,ControlLogix Controller 1756-L81E,4.10.34,plc,firmware,1,vxworks,chemical,remote-accessible,operations,CLEAR,,ethernet-ip;cip;devicenet,19,7
ICS-0231_rockwell_compactlogix-controller-5370-l33er_SBOM.json,ICS-0231,urn:uuid:e0e6890c-9861-5096-a782-dee0068dfab4,Rockwell Automation,CompactLogix Controller 5370-L33ER,6.3.25,plc,firmware,1,vxworks,pulp-and-paper,control-network,design,AMBER,,ethernet-ip;cip;modbus-tcp,15,7
ICS-0232_rockwell_micrologix-controller-1200-e_SBOM.json,ICS-0232,urn:uuid:f5b4b1d1-681a-51d5-8fdc-7f2f9c2ae602,Rockwell Automation,MicroLogix Controller 1200-E,6.24.5,plc,firmware,1,proprietary-rtos,semiconductor-fab,dmz-routable,build,CLEAR,,ethernet-ip;df1,14,5
ICS-0233_schneider_modicon-m340-controller-bmxp342030_SBOM.json,ICS-0233,urn:uuid:67f4835e-2f3e-5dcc-9a9e-5d7caab41761,Schneider Electric,Modicon M340 Controller BMXP342030,4.15.3,plc,firmware,1,vxworks,building-automation,remote-accessible,post-build,AMBER,PLd (ISO 13849),modbus-tcp;ethernet-ip;canopen,20,9
ICS-0234_schneider_modicon-m580-epac-bmeh586040_SBOM.json,ICS-0234,urn:uuid:ccb73724-8b95-5daf-95f8-b101e5d92141,Schneider Electric,Modicon M580 ePAC BMEH586040,7.13.15,plc,firmware,1,linux,semiconductor-fab,remote-accessible,build,GREEN,SIL2,modbus-tcp;ethernet-ip;opc-ua;dnp3,22,8
ICS-0235_mitsubishi_melsec-iq-r-cpu-r16cpu_SBOM.json,ICS-0235,urn:uuid:6eac2997-fd33-5207-a0ca-e186972bea12,Mitsubishi Electric,MELSEC iQ-R CPU R16CPU,9.0.31,plc,firmware,1,proprietary-rtos,food-and-beverage,control-network,design,RED,,cc-link-ie;melsoft;modbus-tcp;slmp,18,8
ICS-0236_mitsubishi_melsec-q-series-cpu-q13udh_SBOM.json,ICS-0236,urn:uuid:3b9b5d04-cb84-5fda-bbc5-aaa370137794,Mitsubishi Electric,MELSEC-Q Series CPU Q13UDH,3.19.9,plc,firmware,1,proprietary-rtos,district-heating,isolated-cell,operations,GREEN,,cc-link;melsoft;modbus-tcp,13,2
ICS-0237_omron_sysmac-nj-machine-controller-nj501-1500_SBOM.json,ICS-0237,urn:uuid:69df4ebb-7594-58fd-a2c2-ab61908868c7,OMRON Corporation,SYSMAC NJ Machine Controller NJ501-1500,2.14.37,plc,firmware,1,proprietary-rtos,water-treatment,control-network,design,RED,PLd (ISO 13849),ethercat;ethernet-ip;opc-ua,12,5
ICS-0238_omron_sysmac-cj2-plc-cj2h-cpu68_SBOM.json,ICS-0238,urn:uuid:6cbc6d85-376b-5485-97bf-28a5bf6219fb,OMRON Corporation,SYSMAC CJ2 PLC CJ2H-CPU68,1.4.26,plc,firmware,1,proprietary-rtos,wastewater,isolated-cell,post-build,AMBER,,fins;ethernet-ip;modbus-tcp,16,6
ICS-0239_beckhoff_twincat-runtime-controller-cx2043_SBOM.json,ICS-0239,urn:uuid:82c462b1-9af8-5026-bf81-cc3dc826d5f9,Beckhoff Automation,TwinCAT Runtime Controller CX2043,4.5.6,plc,application,1,windows,food-and-beverage,isolated-cell,post-build,CLEAR,SIL2,ethercat;opc-ua;modbus-tcp;profinet,16,4
ICS-0240_wago_pfc200-controller-750-8212_SBOM.json,ICS-0240,urn:uuid:a63f70fe-d85f-53ec-9247-9e8c738b1e0a,WAGO GmbH,PFC200 Controller 750-8212,7.19.2,plc,firmware,1,linux,wastewater,remote-accessible,operations,AMBER+STRICT,SIL2,modbus-tcp;profinet;canopen;mqtt;opc-ua,22,8
ICS-0241_phoenix_axc-f-2152-controller-axc-f-1152_SBOM.json,ICS-0241,urn:uuid:e3a270ff-64c4-5d0f-b627-08132541cd9d,Phoenix Contact,AXC F 2152 Controller AXC-F-1152,4.1.10,plc,firmware,1,linux,pharmaceutical,remote-accessible,decommission,GREEN,SIL2,profinet;opc-ua;modbus-tcp;mqtt,19,6
ICS-0242_br_x20-controller-x20cp0484_SBOM.json,ICS-0242,urn:uuid:875131fe-3a46-56c9-be8c-237c5515a6cc,B&R Industrial Automation,X20 Controller X20CP0484,4.13.21,plc,firmware,1,proprietary-rtos,district-heating,control-network,decommission,AMBER+STRICT,PLd (ISO 13849),powerlink;opc-ua;modbus-tcp,16,6
ICS-0243_ls-electric_xgt-plc-cpu-xgr-cpuh_SBOM.json,ICS-0243,urn:uuid:c77533c3-ab2c-5d50-ab92-ba4aeb7114ae,LS ELECTRIC,XGT PLC CPU XGR-CPUH,4.17.9,plc,firmware,1,proprietary-rtos,chemical,control-network,build,RED,PLd (ISO 13849),modbus-tcp;rapienet;ethernet-ip,11,5
ICS-0244_delta_as-series-plc-as324mt-a_SBOM.json,ICS-0244,urn:uuid:79a26d36-711d-582f-9b95-a256f6aa9633,Delta Electronics,AS Series PLC AS324MT-A,5.17.33,plc,firmware,1,proprietary-rtos,oil-and-gas-upstream,isolated-cell,decommission,RED,,modbus-tcp;ethernet-ip;canopen,17,4
ICS-0245_unitronics_unistream-plc-usc-b10-t24_SBOM.json,ICS-0245,urn:uuid:a644f430-a5b8-52f1-ba5d-aee4b7343d1e,Unitronics,UniStream PLC USC-B10-T24,2.6.39,plc,firmware,1,linux,building-automation,dmz-routable,operations,CLEAR,,modbus-tcp;canopen;mqtt,21,6
ICS-0246_idec_microsmart-fc6a-plc-fc6a-c24r2c_SBOM.json,ICS-0246,urn:uuid:ee88324f-9306-5e5c-b650-ed683234166e,IDEC Corporation,MicroSmart FC6A PLC FC6A-C24R2C,8.6.25,plc,firmware,1,proprietary-rtos,pharmaceutical,dmz-routable,design,CLEAR,,modbus-tcp;bacnet-ip,13,6
ICS-0247_panasonic_fp7-series-plc-afp7cps21_SBOM.json,ICS-0247,urn:uuid:0ee2d4b6-a894-5918-8609-2d08e4dde875,"Panasonic Industry Co., Ltd.",FP7 Series PLC AFP7CPS21,4.3.4,plc,firmware,1,proprietary-rtos,steel-and-metals,isolated-cell,operations,AMBER+STRICT,,modbus-tcp;mewtocol,11,4
ICS-0248_keyence_kv-8000-plc-kv-5500_SBOM.json,ICS-0248,urn:uuid:49673245-59e9-598c-9d8c-2a40caa2fb8b,KEYENCE Corporation,KV-8000 PLC KV-5500,4.16.26,plc,firmware,1,proprietary-rtos,oil-and-gas-upstream,remote-accessible,design,CLEAR,SIL2,ethernet-ip;modbus-tcp;kv-protocol,16,4
ICS-0249_fuji_micrex-sx-plc-np1ps-117r_SBOM.json,ICS-0249,urn:uuid:60f525cd-dfbf-54c0-8e2c-d56d6ece3eb5,Fuji Electric,MICREX-SX PLC NP1PS-117R,2.24.16,plc,firmware,1,proprietary-rtos,district-heating,isolated-cell,post-build,AMBER+STRICT,SIL2,modbus-tcp;fl-net,14,4
ICS-0250_codesys_codesys-control-runtime-rte-v3_SBOM.json,ICS-0250,urn:uuid:140368fd-cbe6-5eab-87cc-b1f769215cb2,CODESYS GmbH,CODESYS Control Runtime RTE V3,6.16.37,plc-runtime,application,1,linux,pulp-and-paper,isolated-cell,build,GREEN,,modbus-tcp;opc-ua;ethercat;canopen;profinet,23,10
ICS-0251_abb_rtu560-telecontrol-unit-560cig10_SBOM.json,ICS-0251,urn:uuid:b41dcc7e-d792-57b3-aca8-cd415e89b194,ABB Ltd,RTU560 Telecontrol Unit 560CIG10,3.20.38,rtu,firmware,1,linux,port-and-logistics,remote-accessible,post-build,AMBER,,iec-60870-5-104;dnp3;iec-61850-mms;modbus-tcp,15,4
ICS-0252_schneider_scadapack-rtu-570_SBOM.json,ICS-0252,urn:uuid:12ef3865-6dd4-5e47-901f-ec1030624196,Schneider Electric,SCADAPack RTU 570,4.17.40,rtu,firmware,1,vxworks,power-generation,isolated-cell,decommission,AMBER+STRICT,,dnp3;modbus-tcp;iec-60870-5-104,16,4
ICS-0253_ge_d20-mx-substation-controller-d400_SBOM.json,ICS-0253,urn:uuid:5e8f3eee-6461-5156-85b7-76c6e5b45963,GE Vernova,D20 MX Substation Controller D400,3.4.10,rtu,firmware,1,linux,power-generation,dmz-routable,post-build,AMBER+STRICT,,dnp3;iec-61850-mms;modbus-tcp,20,10
ICS-0254_siemens_sicam-a8000-rtu-cp-8000_SBOM.json,ICS-0254,urn:uuid:266808b5-ff34-50e4-ae79-37e835b8f7de,Siemens AG,SICAM A8000 RTU CP-8000,9.4.39,rtu,firmware,1,linux,semiconductor-fab,isolated-cell,design,RED,,iec-60870-5-104;iec-61850-mms;dnp3;modbus-tcp,20,9
ICS-0255_hitachi-energy_rtu500-series-rtu540_SBOM.json,ICS-0255,urn:uuid:2d12428e-4834-547e-b3a8-ee8dfae9ed9b,Hitachi Energy,RTU500 Series RTU540,1.8.37,rtu,firmware,1,proprietary-rtos,pharmaceutical,dmz-routable,operations,RED,,iec-60870-5-104;iec-61850-mms;dnp3,17,6
ICS-0256_moxa_iopac-programmable-controller-5542-c-t_SBOM.json,ICS-0256,urn:uuid:dc132303-a901-50e9-b74e-37e236e9bdd5,Moxa Inc.,ioPAC Programmable Controller 5542-C-T,8.3.24,rtu,firmware,1,linux,pulp-and-paper,control-network,build,CLEAR,,modbus-tcp;dnp3;mqtt,15,6
ICS-0257_red-lion_data-station-plus-rtu-dspgt000_SBOM.json,ICS-0257,urn:uuid:a264fe8a-372e-58b3-93cf-a9269b749f86,Red Lion Controls,Data Station Plus RTU DSPGT000,9.1.18,rtu,firmware,1,linux,semiconductor-fab,isolated-cell,post-build,AMBER+STRICT,,modbus-tcp;dnp3;ethernet-ip;mqtt,21,8
ICS-0258_sel_sel-451-protection-system-487e_SBOM.json,ICS-0258,urn:uuid:44fb6dc8-18ed-5e8f-9aa5-ff20d36928b7,Schweitzer Engineering Laboratories,SEL-451 Protection System 487E,7.24.11,ied,firmware,1,proprietary-rtos,building-automation,isolated-cell,design,CLEAR,,iec-61850-mms;iec-61850-goose;dnp3;modbus-tcp,15,6
ICS-0259_sel_sel-3530-rtac-3555_SBOM.json,ICS-0259,urn:uuid:63128845-09c0-5f98-98f6-8353716e5f8a,Schweitzer Engineering Laboratories,SEL-3530 RTAC 3555,2.10.10,ied,firmware,1,linux,manufacturing-discrete,isolated-cell,post-build,CLEAR,,dnp3;iec-61850-mms;modbus-tcp;iec-60870-5-104,16,3
ICS-0260_hitachi-energy_ref615-feeder-protection-relay-red615_SBOM.json,ICS-0260,urn:uuid:29596887-9a15-57c7-932e-8e0f027e88a3,Hitachi Energy,REF615 Feeder Protection Relay RED615,9.17.21,ied,firmware,1,proprietary-rtos,pharmaceutical,isolated-cell,build,GREEN,,iec-61850-mms;iec-61850-goose;modbus-tcp;dnp3,19,7
ICS-0261_siemens_siprotec-5-protection-relay-7ut85_SBOM.json,ICS-0261,urn:uuid:44d7290d-d4a6-564f-b7b2-1a91ae356938,Siemens AG,SIPROTEC 5 Protection Relay 7UT85,2.11.16,ied,firmware,1,proprietary-rtos,pharmaceutical,dmz-routable,design,GREEN,,iec-61850-mms;iec-61850-goose;dnp3;iec-60870-5-103,13,2
ICS-0262_ge_multilin-ur-relay-l90_SBOM.json,ICS-0262,urn:uuid:0863e2da-de73-5192-9f41-94dfb5c89ad1,GE Vernova,Multilin UR Relay L90,6.18.7,ied,firmware,1,proprietary-rtos,power-transmission,control-network,decommission,AMBER,,iec-61850-mms;iec-61850-goose;dnp3;modbus-tcp,15,3
ICS-0263_schneider_easergy-p3-protection-relay-p3f30_SBOM.json,ICS-0263,urn:uuid:2fcd5fe1-acff-5a9d-bc33-1a5c9cc83574,Schneider Electric,Easergy P3 Protection Relay P3F30,2.7.10,ied,firmware,1,proprietary-rtos,power-generation,control-network,design,AMBER,,iec-61850-mms;modbus-tcp;dnp3,17,5
ICS-0264_nari_pcs-9611-feeder-protection-pcs-9671_SBOM.json,ICS-0264,urn:uuid:bee00749-2e72-5705-8a84-6df4d6fa0c6d,NARI Technology,PCS-9611 Feeder Protection PCS-9671,7.9.6,ied,firmware,1,proprietary-rtos,port-and-logistics,dmz-routable,operations,RED,,iec-61850-mms;iec-61850-goose;modbus-tcp,16,5
ICS-0265_hd-hyundai_higen-protection-relay-hgr-300_SBOM.json,ICS-0265,urn:uuid:e3fb3b23-1df4-5a2e-9da4-54691d421f75,HD Hyundai Electric,HiGEN Protection Relay HGR-300,4.8.30,ied,firmware,1,proprietary-rtos,chemical,remote-accessible,operations,CLEAR,,iec-61850-mms;modbus-tcp;dnp3,14,4
ICS-0266_siemens_simatic-hmi-comfort-panel-kp700_SBOM.json,ICS-0266,urn:uuid:80aeaee2-d9ff-5acd-8738-c85fb25e0b75,Siemens AG,SIMATIC HMI Comfort Panel KP700,1.2.36,hmi,firmware,2,windows,transportation-metro,remote-accessible,design,AMBER+STRICT,,profinet;opc-ua;s7comm-plus,13,3
ICS-0267_rockwell_panelview-plus-terminal-6-compact-600_SBOM.json,ICS-0267,urn:uuid:e9948868-be77-510b-84e7-bcbc67d9b5c1,Rockwell Automation,PanelView Plus Terminal 6 Compact 600,6.18.24,hmi,firmware,2,windows,oil-and-gas-upstream,dmz-routable,design,CLEAR,,ethernet-ip;cip,12,4
ICS-0268_schneider_magelis-gtu-hmi-hmist6500_SBOM.json,ICS-0268,urn:uuid:bbf719c7-d5fc-5d31-b3d8-0a48ef31d3c8,Schneider Electric,Magelis GTU HMI HMIST6500,3.23.20,hmi,firmware,2,linux,steel-and-metals,control-network,design,RED,,modbus-tcp;ethernet-ip;opc-ua,17,5
ICS-0269_mitsubishi_got2000-graphic-terminal-gt2107-wtbd_SBOM.json,ICS-0269,urn:uuid:8848654b-0aac-5eff-ba7c-455b71305042,Mitsubishi Electric,GOT2000 Graphic Terminal GT2107-WTBD,5.8.9,hmi,firmware,2,proprietary-rtos,automotive,remote-accessible,design,CLEAR,,cc-link-ie;melsoft;modbus-tcp,17,7
ICS-0270_advantech_webop-operator-panel-wop-2070t_SBOM.json,ICS-0270,urn:uuid:9660f36e-2b23-5851-a356-a9153fc6a488,"Advantech Co., Ltd.",WebOP Operator Panel WOP-2070T,3.6.10,hmi,firmware,2,linux,port-and-logistics,remote-accessible,post-build,RED,,modbus-tcp;ethernet-ip;mqtt,19,6
ICS-0271_delta_dop-100-hmi-dop-103bq_SBOM.json,ICS-0271,urn:uuid:15bab2e4-bdca-5937-a734-3c521f91e679,Delta Electronics,DOP-100 HMI DOP-103BQ,8.14.39,hmi,firmware,2,proprietary-rtos,food-and-beverage,control-network,post-build,CLEAR,,modbus-tcp;canopen,17,8
ICS-0272_omron_na-series-hmi-na5-15w_SBOM.json,ICS-0272,urn:uuid:ab2d2a0e-40ac-5129-8946-bc5feef4b698,OMRON Corporation,NA Series HMI NA5-15W,9.12.40,hmi,firmware,2,windows,chemical,control-network,operations,RED,,ethernet-ip;opc-ua;modbus-tcp,16,3
ICS-0273_pilz_pmi-operator-terminal-pmi-5_SBOM.json,ICS-0273,urn:uuid:d979c902-0951-5844-891e-28ae09178f13,Pilz GmbH,PMI Operator Terminal PMI 5,1.17.25,hmi,firmware,2,linux,oil-and-gas-midstream,isolated-cell,build,RED,,profinet;modbus-tcp,14,2
ICS-0274_aveva_aveva-plant-scada-2023-r2_SBOM.json,ICS-0274,urn:uuid:f88d1e0c-2da8-5f71-9804-077b3dc43be6,AVEVA Group plc,AVEVA Plant SCADA 2023 R2,4.2.34,scada-server,application,2,windows,power-generation,control-network,decommission,CLEAR,,opc-ua;opc-da;modbus-tcp;dnp3;iec-60870-5-104,15,3
ICS-0275_inductive_ignition-scada-platform-8-3_SBOM.json,ICS-0275,urn:uuid:a04fbf16-3957-593c-b750-0b341162bbc1,Inductive Automation,Ignition SCADA Platform 8.3,5.17.23,scada-server,application,2,java,manufacturing-process,isolated-cell,build,GREEN,,opc-ua;modbus-tcp;mqtt-sparkplug;dnp3,13,4
ICS-0276_copadata_zenon-supervisor-12_SBOM.json,ICS-0276,urn:uuid:6d7bab35-075b-53f7-bc1b-8770617423cb,COPA-DATA GmbH,zenon Supervisor 12,1.6.16,scada-server,application,2,windows,power-distribution,isolated-cell,build,RED,,opc-ua;iec-61850-mms;iec-60870-5-104;modbus-tcp,15,4
ICS-0277_siemens_simatic-wincc-unified-v18_SBOM.json,ICS-0277,urn:uuid:e18b8acb-7170-5f01-abdd-721b803672f3,Siemens AG,SIMATIC WinCC Unified V18,6.22.15,scada-server,application,2,windows,wastewater,dmz-routable,decommission,CLEAR,,opc-ua;profinet;s7comm-plus,16,7
ICS-0278_ge_cimplicity-hmi-scada-2023_SBOM.json,ICS-0278,urn:uuid:22965712-3440-502d-9f98-4cbbd61fcffa,GE Vernova,CIMPLICITY HMI/SCADA 2023,4.11.2,scada-server,application,2,windows,power-generation,dmz-routable,operations,AMBER+STRICT,,opc-ua;opc-da;modbus-tcp,17,3
ICS-0279_schneider_ecostruxure-geo-scada-expert-2023_SBOM.json,ICS-0279,urn:uuid:cd66ebec-858a-5dba-839b-c6acf3565ea7,Schneider Electric,EcoStruxure Geo SCADA Expert 2023,8.23.5,scada-server,application,2,windows,power-distribution,remote-accessible,build,GREEN,,dnp3;iec-60870-5-104;modbus-tcp;opc-ua,17,5
ICS-0280_rockwell_factorytalk-view-se-14-00_SBOM.json,ICS-0280,urn:uuid:40aa685a-d023-558d-a223-fb49fee0cb30,Rockwell Automation,FactoryTalk View SE 14.00,5.13.8,scada-server,application,2,windows,power-distribution,dmz-routable,decommission,RED,,ethernet-ip;opc-ua;cip,16,5
ICS-0281_aveva_aveva-historian-2023-r2_SBOM.json,ICS-0281,urn:uuid:4dc73032-17eb-592f-b5ce-4f3878645bfb,AVEVA Group plc,AVEVA Historian 2023 R2,8.12.38,historian,application,3,windows,manufacturing-discrete,dmz-routable,post-build,RED,,opc-ua;opc-hda;sql,17,6
ICS-0282_ge_proficy-historian-9-1_SBOM.json,ICS-0282,urn:uuid:ee70e487-290f-5a99-900e-b85b1a2fc431,GE Vernova,Proficy Historian 9.1,3.12.27,historian,application,3,windows,food-and-beverage,isolated-cell,decommission,AMBER,,opc-ua;opc-hda;sql,15,5
ICS-0283_honeywell_uniformance-phd-historian-r321_SBOM.json,ICS-0283,urn:uuid:1cd70502-01ef-50c4-be1a-2c93f90ddade,Honeywell International,Uniformance PHD Historian R321,7.18.1,historian,application,3,windows,wastewater,isolated-cell,decommission,AMBER+STRICT,,opc-ua;opc-hda;sql,12,5
ICS-0284_emerson_deltav-continuous-historian-15-lts_SBOM.json,ICS-0284,urn:uuid:f804c719-4c01-501c-957c-73727cddd8a8,Emerson Electric,DeltaV Continuous Historian 15.LTS,4.24.23,historian,application,3,windows,building-automation,isolated-cell,post-build,AMBER+STRICT,,opc-ua;opc-hda,15,7
ICS-0285_yokogawa_exaquantum-plant-information-system-r3-30_SBOM.json,ICS-0285,urn:uuid:e3fb647a-452d-5e2d-b6e1-e7943bea14d2,Yokogawa Electric,Exaquantum Plant Information System R3.30,2.24.13,historian,application,3,windows,pharmaceutical,dmz-routable,build,RED,,opc-ua;opc-hda;sql,15,4
ICS-0286_siemens_tia-portal-engineering-suite-v19_SBOM.json,ICS-0286,urn:uuid:3a65804c-fe4a-5cc4-a996-dbe1dee289b3,Siemens AG,TIA Portal Engineering Suite V19,2.15.13,engineering-workstation,application,3,windows,pharmaceutical,control-network,build,AMBER,,profinet;s7comm-plus;opc-ua,13,3
ICS-0287_rockwell_studio-5000-logix-designer-34-00_SBOM.json,ICS-0287,urn:uuid:f345979f-c231-518b-9947-c7ddfb693428,Rockwell Automation,Studio 5000 Logix Designer 34.00,9.23.4,engineering-workstation,application,3,windows,petrochemical,dmz-routable,post-build,AMBER,,ethernet-ip;cip,12,4
ICS-0288_schneider_ecostruxure-control-expert-v16-1_SBOM.json,ICS-0288,urn:uuid:d53ef1a2-da70-5ec9-84da-b949cd9e1ac5,Schneider Electric,EcoStruxure Control Expert V16.1,2.10.16,engineering-workstation,application,3,windows,manufacturing-discrete,control-network,decommission,AMBER+STRICT,,modbus-tcp;ethernet-ip;opc-ua,15,6
ICS-0289_mitsubishi_gx-works3-engineering-tool-1-100e_SBOM.json,ICS-0289,urn:uuid:a3a95dd8-7eda-509b-afdc-d8b199847e9b,Mitsubishi Electric,GX Works3 Engineering Tool 1.100E,9.2.20,engineering-workstation,application,3,windows,semiconductor-fab,remote-accessible,design,AMBER+STRICT,,cc-link-ie;melsoft,16,5
ICS-0290_codesys_codesys-development-system-v3-5-sp19_SBOM.json,ICS-0290,urn:uuid:7fc0bf1c-754e-5775-ab9c-e18937785925,CODESYS GmbH,CODESYS Development System V3.5 SP19,3.3.2,engineering-workstation,application,3,windows,power-transmission,remote-accessible,build,RED,,modbus-tcp;opc-ua;ethercat,19,5
ICS-0291_abb_automation-builder-2-7_SBOM.json,ICS-0291,urn:uuid:a117ee9f-1b91-530c-acf6-f82cd47d07e5,ABB Ltd,Automation Builder 2.7,9.17.33,engineering-workstation,application,3,windows,food-and-beverage,isolated-cell,build,AMBER+STRICT,,modbus-tcp;profinet;ethercat,16,6
ICS-0292_emerson_deltav-md-plus-controller-pk_SBOM.json,ICS-0292,urn:uuid:c0dd7d53-76bb-5c91-a0c8-b6e2410b4749,Emerson Electric,DeltaV MD Plus Controller PK,4.9.2,dcs-controller,firmware,1,vxworks,water-treatment,isolated-cell,design,AMBER+STRICT,,deltav-proprietary;modbus-tcp;opc-ua;hart-ip,13,6
ICS-0293_honeywell_experion-c300-controller-uoc_SBOM.json,ICS-0293,urn:uuid:9c2bfb23-daf4-51e7-b374-cae5c7ec4be6,Honeywell International,Experion C300 Controller UOC,8.17.5,dcs-controller,firmware,1,vxworks,power-generation,isolated-cell,design,AMBER,PLd (ISO 13849),fte;modbus-tcp;hart-ip;opc-ua,13,4
ICS-0294_yokogawa_centum-vp-field-control-station-afv40s_SBOM.json,ICS-0294,urn:uuid:76369fc0-dbb5-5386-837a-de2b6dac32ec,Yokogawa Electric,CENTUM VP Field Control Station AFV40S,4.2.35,dcs-controller,firmware,1,proprietary-rtos,pharmaceutical,remote-accessible,design,GREEN,SIL2,vnet-ip;modbus-tcp;hart-ip;foundation-fieldbus,14,5
ICS-0295_abb_ac-800m-controller-pm864a_SBOM.json,ICS-0295,urn:uuid:c634af09-3d69-5df1-97d9-5e7919072f31,ABB Ltd,AC 800M Controller PM864A,4.13.36,dcs-controller,firmware,1,vxworks,chemical,dmz-routable,design,RED,,profibus;modbus-tcp;iec-61850-mms;opc-ua,16,6
ICS-0296_siemens_simatic-pcs-7-as-controller-as-416-3_SBOM.json,ICS-0296,urn:uuid:d11b2427-685b-5090-9555-8e331ad10d95,Siemens AG,SIMATIC PCS 7 AS Controller AS 416-3,8.12.33,dcs-controller,firmware,1,proprietary-rtos,pulp-and-paper,dmz-routable,decommission,CLEAR,,profibus;profinet;opc-ua,15,4
ICS-0297_hitachi-energy_symphony-plus-hpc800-spc700_SBOM.json,ICS-0297,urn:uuid:cb7769eb-c72c-5be9-9b3a-d31a2ac65a84,Hitachi Energy,Symphony Plus HPC800 SPC700,6.3.8,dcs-controller,firmware,1,vxworks,port-and-logistics,dmz-routable,operations,GREEN,,modbus-tcp;iec-61850-mms;opc-ua,15,6
ICS-0298_schneider_triconex-tricon-cx-controller-tri-gp_SBOM.json,ICS-0298,urn:uuid:d984275a-74c4-5869-9e61-b70dae32cbcb,Schneider Electric,Triconex Tricon CX Controller Tri-GP,7.9.5,sis-logic-solver,firmware,1,proprietary-rtos,transportation-metro,dmz-routable,post-build,RED,SIL2,tristation;modbus-tcp;opc-ua,18,6
ICS-0299_hima_himax-safety-controller-himatrix-f35_SBOM.json,ICS-0299,urn:uuid:6d661949-ebf6-5c53-95bb-a88fe264a653,HIMA Paul Hildebrandt GmbH,HIMax Safety Controller HIMatrix F35,3.13.39,sis-logic-solver,firmware,1,proprietary-rtos,port-and-logistics,isolated-cell,post-build,AMBER+STRICT,SIL3 (IEC 61508),safeethernet;modbus-tcp;opc-ua,13,5
ICS-0300_pilz_pss-4000-safety-controller-pss-4000-r_SBOM.json,ICS-0300,urn:uuid:9a407a1c-0f97-53f9-9fe0-17b423ff8a1d,Pilz GmbH,PSS 4000 Safety Controller PSS 4000-R,7.7.8,sis-logic-solver,firmware,1,proprietary-rtos,district-heating,isolated-cell,operations,RED,SIL2,safetynet-p;profinet;modbus-tcp,17,5
ICS-0301_siemens_simatic-s7-1500f-safety-cpu-1518f-4-pn-dp_SBOM.json,ICS-0301,urn:uuid:fd4ce5d8-ef9e-578e-a206-6feb611ca35d,Siemens AG,SIMATIC S7-1500F Safety CPU 1518F-4 PN/DP,4.3.32,sis-logic-solver,firmware,1,proprietary-rtos,oil-and-gas-midstream,control-network,build,CLEAR,SIL3 (IEC 61508),profisafe;profinet;opc-ua,11,4
ICS-0302_rockwell_guardlogix-safety-controller-5069-l306ers2_SBOM.json,ICS-0302,urn:uuid:b70badfb-2ede-54cd-abac-5cbcabb2b8fd,Rockwell Automation,GuardLogix Safety Controller 5069-L306ERS2,5.3.34,sis-logic-solver,firmware,1,vxworks,pharmaceutical,remote-accessible,build,GREEN,SIL2,cip-safety;ethernet-ip,10,4
ICS-0303_moxa_mgate-protocol-gateway-5217a_SBOM.json,ICS-0303,urn:uuid:ca3d7942-6795-5f1c-b533-3334247c06c4,Moxa Inc.,MGate Protocol Gateway 5217A,6.8.13,protocol-gateway,firmware,3.5,linux,transportation-metro,remote-accessible,operations,AMBER,,modbus-tcp;ethernet-ip;profinet;dnp3;iec-60870-5-104,19,5
ICS-0304_softing_edgeaggregator-gateway-uagate-si_SBOM.json,ICS-0304,urn:uuid:8332b3d6-c42f-58e6-9166-e1386fcd13d9,Softing Industrial Automation,edgeAggregator Gateway uaGate SI,4.0.27,protocol-gateway,application,3.5,linux,automotive,dmz-routable,build,AMBER+STRICT,,opc-ua;mqtt;modbus-tcp;s7comm,19,8
ICS-0305_advantech_ecu-1251-edge-gateway-ecu-4784_SBOM.json,ICS-0305,urn:uuid:f3497510-b9d1-57eb-8251-a9baa8eafc48,"Advantech Co., Ltd.",ECU-1251 Edge Gateway ECU-4784,2.2.28,protocol-gateway,firmware,3.5,linux,semiconductor-fab,dmz-routable,decommission,GREEN,,modbus-tcp;mqtt;opc-ua;dnp3,19,9
ICS-0306_phoenix_fl-mguard-security-appliance-centerport_SBOM.json,ICS-0306,urn:uuid:f294fa8f-9276-5055-a68c-ea1dbedea9d2,Phoenix Contact,FL MGUARD Security Appliance CENTERPORT,1.8.5,industrial-firewall,firmware,3.5,linux,port-and-logistics,remote-accessible,post-build,CLEAR,,ipsec;modbus-tcp-dpi;opc-ua,18,4
ICS-0307_belden_eagle40-industrial-firewall-eagle20_SBOM.json,ICS-0307,urn:uuid:37742f6e-cc08-558a-9471-2da7d229a44a,Belden / Hirschmann,EAGLE40 Industrial Firewall EAGLE20,9.12.20,industrial-firewall,firmware,3.5,linux,manufacturing-discrete,dmz-routable,operations,GREEN,,modbus-tcp-dpi;iec-61850-dpi;ipsec,16,8
ICS-0308_belden_rsp-managed-switch-rspe37_SBOM.json,ICS-0308,urn:uuid:16e201b9-fb5a-5437-ba9f-3071d0ebf91e,Belden / Hirschmann,RSP Managed Switch RSPE37,5.4.10,industrial-switch,firmware,2,linux,power-transmission,remote-accessible,operations,RED,,prp;hsr;iec-61850-mms;snmp,13,5
ICS-0309_westermo_lynx-dss-managed-switch-redfox-5528_SBOM.json,ICS-0309,urn:uuid:5ddae1e5-81bd-5ef6-adce-6d1bbdb4491c,Westermo Network Technologies,Lynx DSS Managed Switch RedFox-5528,1.5.20,industrial-switch,firmware,2,linux,chemical,dmz-routable,post-build,GREEN,,snmp;prp;modbus-tcp,13,5
ICS-0310_moxa_eds-managed-ethernet-switch-eds-g516e_SBOM.json,ICS-0310,urn:uuid:de9aed52-fe9b-5230-9260-7ed73b76b818,Moxa Inc.,EDS Managed Ethernet Switch EDS-G516E,5.18.35,industrial-switch,firmware,2,linux,district-heating,control-network,design,RED,,snmp;prp;modbus-tcp,13,4
ICS-0311_siemens_scalance-x-industrial-switch-xm416-4c_SBOM.json,ICS-0311,urn:uuid:0b89b9fe-971d-5a8d-b81b-12a3f973d33b,Siemens AG,SCALANCE X Industrial Switch XM416-4C,6.21.35,industrial-switch,firmware,2,linux,oil-and-gas-upstream,control-network,decommission,AMBER,,profinet;snmp;prp,15,7
ICS-0312_siemens_ruggedcom-rx1500-router-rx5000_SBOM.json,ICS-0312,urn:uuid:2b0649dd-c9fb-5940-bbbc-7537bdd04ca9,Siemens AG,RUGGEDCOM RX1500 Router RX5000,6.23.19,industrial-router,firmware,3.5,linux,pulp-and-paper,isolated-cell,build,AMBER+STRICT,,snmp;ipsec;iec-61850-mms,12,5
ICS-0313_abb_acs880-industrial-drive-acs580-01_SBOM.json,ICS-0313,urn:uuid:123ff46e-86b1-5bbc-8195-addc288a440e,ABB Ltd,ACS880 Industrial Drive ACS580-01,6.11.35,vfd-drive,firmware,1,proprietary-rtos,oil-and-gas-midstream,dmz-routable,decommission,RED,,profinet;ethernet-ip;modbus-tcp;ethercat,16,5
ICS-0314_siemens_sinamics-s120-drive-s210_SBOM.json,ICS-0314,urn:uuid:14107fc7-a948-5cf9-b8f6-ddb7f5f97ea4,Siemens AG,SINAMICS S120 Drive S210,8.12.28,vfd-drive,firmware,1,proprietary-rtos,wastewater,isolated-cell,build,CLEAR,,profinet;profisafe;ethernet-ip,17,5
ICS-0315_danfoss_vlt-automationdrive-fc-360_SBOM.json,ICS-0315,urn:uuid:af8787f0-2784-5249-8a37-b637955b08c4,Danfoss A/S,VLT AutomationDrive FC-360,6.6.10,vfd-drive,firmware,1,proprietary-rtos,water-treatment,dmz-routable,build,CLEAR,,profinet;modbus-tcp;ethernet-ip,14,3
ICS-0316_rockwell_powerflex-755-drive-527_SBOM.json,ICS-0316,urn:uuid:baf0dfd9-87da-5f3d-893b-75755196cc0f,Rockwell Automation,PowerFlex 755 Drive 527,5.17.18,vfd-drive,firmware,1,proprietary-rtos,power-transmission,dmz-routable,operations,RED,,ethernet-ip;cip;devicenet,14,4
ICS-0317_bosch-rexroth_indradrive-controller-hms01_SBOM.json,ICS-0317,urn:uuid:ed8f24c0-ca0c-5fbe-b5fe-3af93ed053b1,Bosch Rexroth AG,IndraDrive Controller HMS01,3.0.20,motion-controller,firmware,1,proprietary-rtos,transportation-metro,remote-accessible,operations,RED,,sercos-iii;profinet;ethercat;ethernet-ip,17,5
ICS-0318_bosch-rexroth_indramotion-mlc-l75_SBOM.json,ICS-0318,urn:uuid:ac60dd2d-9523-58da-a44a-8e02a5999506,Bosch Rexroth AG,IndraMotion MLC L75,1.24.7,motion-controller,firmware,1,linux,semiconductor-fab,remote-accessible,decommission,CLEAR,,sercos-iii;opc-ua;profinet,14,5
ICS-0319_fuji_frenic-ace-inverter-frn0022e2s_SBOM.json,ICS-0319,urn:uuid:b54e75e3-6007-5287-9cfd-2a35767cb5ae,Fuji Electric,FRENIC-Ace Inverter FRN0022E2S,1.14.20,vfd-drive,firmware,1,proprietary-rtos,pharmaceutical,control-network,post-build,RED,,modbus-tcp;profinet,16,7
ICS-0320_mitsubishi_melfa-robot-controller-cr750-q_SBOM.json,ICS-0320,urn:uuid:f1a4b5b4-b7d1-553e-bf7e-0df62a08812f,Mitsubishi Electric,MELFA Robot Controller CR750-Q,2.2.23,robot-controller,firmware,1,proprietary-rtos,water-treatment,isolated-cell,build,CLEAR,SIL2,cc-link-ie;ethernet-ip;melsoft,15,6
ICS-0321_abb_irc5-robot-controller-omnicore-c30_SBOM.json,ICS-0321,urn:uuid:f4354646-da7c-53d0-b609-146287511d41,ABB Ltd,IRC5 Robot Controller OmniCore C30,8.17.35,robot-controller,firmware,1,vxworks,food-and-beverage,isolated-cell,decommission,AMBER+STRICT,,profinet;ethernet-ip;devicenet,17,9
ICS-0322_keyence_cnc-motion-unit-mc-4_SBOM.json,ICS-0322,urn:uuid:81dffd85-3c32-5bd0-9dcb-59ff017d77b8,KEYENCE Corporation,CNC Motion Unit MC-4,6.8.7,cnc-controller,firmware,1,proprietary-rtos,port-and-logistics,dmz-routable,design,RED,,ethernet-ip;modbus-tcp,17,6
ICS-0323_mitsubishi_m800-cnc-controller-m80w_SBOM.json,ICS-0323,urn:uuid:16d67c16-46e5-523e-8777-99bb9ff0accb,Mitsubishi Electric,M800 CNC Controller M80W,6.6.23,cnc-controller,firmware,1,proprietary-rtos,manufacturing-process,remote-accessible,post-build,CLEAR,,cc-link-ie;melsoft;ethernet-ip,13,2
ICS-0324_emerson_rosemount-3051s-transmitter-3051cd_SBOM.json,ICS-0324,urn:uuid:68c2804a-53a2-53a0-8a35-4c7b0753b38b,Emerson Electric,Rosemount 3051S Transmitter 3051CD,1.10.21,field-transmitter,firmware,0,bare-metal,oil-and-gas-upstream,control-network,build,RED,,hart;hart-ip;foundation-fieldbus,11,4
ICS-0325_yokogawa_eja-e-series-transmitter-ejx910a_SBOM.json,ICS-0325,urn:uuid:b1af4eeb-9e67-5547-bd6c-e9af33cdbd69,Yokogawa Electric,EJA-E Series Transmitter EJX910A,2.3.38,field-transmitter,firmware,0,bare-metal,manufacturing-discrete,remote-accessible,decommission,GREEN,,hart;foundation-fieldbus;profibus-pa,8,2
ICS-0326_honeywell_smartline-st800-transmitter-stt850_SBOM.json,ICS-0326,urn:uuid:d01dd52a-d50a-519f-95f4-1758388a1439,Honeywell International,SmartLine ST800 Transmitter STT850,6.24.31,field-transmitter,firmware,0,bare-metal,power-transmission,remote-accessible,post-build,CLEAR,,hart;foundation-fieldbus,9,3
ICS-0327_abb_merging-unit-sam600-sam600-vt_SBOM.json,ICS-0327,urn:uuid:742ab772-5498-5891-9bf8-b822e1d80a2a,ABB Ltd,Merging Unit SAM600 SAM600-VT,9.17.9,merging-unit,firmware,0,proprietary-rtos,steel-and-metals,dmz-routable,design,AMBER,,iec-61850-sv;iec-61850-goose;ptp-1588,17,6
ICS-0328_schneider_powerlogic-ion9000-meter-pm8000_SBOM.json,ICS-0328,urn:uuid:2c12f2dc-927c-5076-8789-a71585e6c448,Schneider Electric,PowerLogic ION9000 Meter PM8000,9.23.5,power-meter,firmware,1,linux,transportation-rail,control-network,design,AMBER+STRICT,,modbus-tcp;dnp3;iec-61850-mms,19,7
ICS-0329_ge_epm-9900-power-meter-epm6100_SBOM.json,ICS-0329,urn:uuid:b14bc4d5-9cd8-5e5e-a252-71977de6632e,GE Vernova,EPM 9900 Power Meter EPM6100,5.2.20,power-meter,firmware,1,proprietary-rtos,water-treatment,remote-accessible,build,AMBER,,modbus-tcp;dnp3;iec-61850-mms,17,5
ICS-0330_ptc_kepserverex-connectivity-platform-6-15_SBOM.json,ICS-0330,urn:uuid:5af16dd5-4208-52f2-8109-bd96ff28d9ad,PTC Inc.,KEPServerEX Connectivity Platform 6.15,8.15.37,opc-server,application,3,windows,pharmaceutical,dmz-routable,decommission,CLEAR,,opc-ua;opc-da;modbus-tcp;ethernet-ip;s7comm,18,7
ICS-0331_softing_datafeed-opc-suite-v5-30_SBOM.json,ICS-0331,urn:uuid:16ac59f1-fec7-5a49-8616-83d37aa55430,Softing Industrial Automation,dataFEED OPC Suite V5.30,7.6.11,opc-server,application,3,windows,port-and-logistics,dmz-routable,operations,AMBER,,opc-ua;opc-da;mqtt;s7comm,14,3
ICS-0332_aveva_aveva-opc-ua-server-2023-r2_SBOM.json,ICS-0332,urn:uuid:77e499b1-182b-5577-9832-022515347910,AVEVA Group plc,AVEVA OPC UA Server 2023 R2,8.20.25,opc-server,application,3,windows,food-and-beverage,isolated-cell,decommission,RED,,opc-ua;opc-da,15,3
ICS-0333_honeywell_excel-web-ii-bacnet-controller-ciper-50_SBOM.json,ICS-0333,urn:uuid:58892ee5-b8dd-5a9c-a943-e05e9ca2c812,Honeywell International,Excel Web II BACnet Controller CIPer 50,2.23.25,bas-controller,firmware,1,linux,petrochemical,dmz-routable,build,RED,,bacnet-ip;modbus-tcp;lonworks,19,10
ICS-0334_siemens_desigo-pxc-automation-station-pxc7-modular_SBOM.json,ICS-0334,urn:uuid:e6f6a8a2-bfbd-5492-b246-b92a8691fa90,Siemens AG,Desigo PXC Automation Station PXC7 Modular,3.3.36,bas-controller,firmware,1,proprietary-rtos,pharmaceutical,dmz-routable,design,AMBER,,bacnet-ip;modbus-tcp;knx,13,2
ICS-0335_schneider_smartx-as-p-controller-rp-c_SBOM.json,ICS-0335,urn:uuid:21d0632d-40b4-5dbe-98c6-20249360c1b1,Schneider Electric,SmartX AS-P Controller RP-C,8.7.35,bas-controller,firmware,1,linux,wastewater,control-network,operations,CLEAR,,bacnet-ip;modbus-tcp;lonworks,16,6
ICS-0336_delta_ez-building-controller-dac-633_SBOM.json,ICS-0336,urn:uuid:94195774-6709-554e-a930-4958ea04b04b,Delta Electronics,eZ Building Controller DAC-633,6.19.39,bas-controller,firmware,1,linux,food-and-beverage,dmz-routable,decommission,GREEN,,bacnet-ip;modbus-tcp,17,8
ICS-0337_phoenix_radioline-wireless-gateway-rad-868_SBOM.json,ICS-0337,urn:uuid:e0d1f2ec-826f-5ca9-aa81-c02de01479a6,Phoenix Contact,Radioline Wireless Gateway RAD-868,1.7.23,wireless-gateway,firmware,1,freertos,petrochemical,dmz-routable,decommission,GREEN,,modbus-tcp;trusted-wireless,12,3
ICS-0338_moxa_awk-industrial-wireless-ap-awk-1137c_SBOM.json,ICS-0338,urn:uuid:8abd656f-fbfc-5cea-abed-d8fca0c84ae6,Moxa Inc.,AWK Industrial Wireless AP AWK-1137C,1.12.19,wireless-gateway,firmware,2,linux,power-transmission,dmz-routable,build,CLEAR,,snmp;modbus-tcp;wpa2,15,6
ICS-0339_emerson_wireless-1420-gateway-1552wu_SBOM.json,ICS-0339,urn:uuid:9eb269aa-e47f-5c72-a9cd-80eb6af0141a,Emerson Electric,Wireless 1420 Gateway 1552WU,9.6.9,wireless-gateway,firmware,1,linux,transportation-metro,dmz-routable,design,CLEAR,,wirelesshart;modbus-tcp;opc-ua,11,4
ICS-0340_siemens_simatic-s7-1500-cpu-1518-4-pn-dp_SBOM.json,ICS-0340,urn:uuid:9c327d1b-ca41-5b26-9d62-bf34dea5e626,Siemens AG,SIMATIC S7-1500 CPU 1518-4 PN/DP,7.3.21,plc,firmware,1,proprietary-rtos,power-generation,dmz-routable,operations,AMBER+STRICT,,profinet;s7comm-plus;opc-ua;modbus-tcp,16,5
ICS-0341_siemens_simatic-s7-1200-cpu-1217c_SBOM.json,ICS-0341,urn:uuid:0a181a29-afe4-59e2-9dba-7a84f65457fd,Siemens AG,SIMATIC S7-1200 CPU 1217C,3.5.4,plc,firmware,1,proprietary-rtos,manufacturing-discrete,control-network,decommission,CLEAR,,profinet;s7comm-plus;modbus-tcp,18,7
ICS-0342_siemens_simatic-s7-400-cpu-414-3_SBOM.json,ICS-0342,urn:uuid:3fbab1a9-2a7f-59ee-b19f-2a547d02b617,Siemens AG,SIMATIC S7-400 CPU 414-3,1.15.21,plc,firmware,1,proprietary-rtos,power-generation,dmz-routable,build,GREEN,SIL2,profibus;s7comm;industrial-ethernet,14,3
ICS-0343_rockwell_controllogix-controller-1756-l83e_SBOM.json,ICS-0343,urn:uuid:fa533ac9-6b1e-50e3-b297-8c38b960ff2f,Rockwell Automation,ControlLogix Controller 1756-L83E,5.4.11,plc,firmware,1,vxworks,district-heating,isolated-cell,post-build,RED,,ethernet-ip;cip;devicenet,13,4
ICS-0344_rockwell_compactlogix-controller-5069-l306er_SBOM.json,ICS-0344,urn:uuid:1d798114-6964-5112-8525-96cdc7b736b9,Rockwell Automation,CompactLogix Controller 5069-L306ER,2.11.33,plc,firmware,1,vxworks,water-treatment,remote-accessible,design,CLEAR,,ethernet-ip;cip;modbus-tcp,13,5
ICS-0345_rockwell_micrologix-controller-1400-b_SBOM.json,ICS-0345,urn:uuid:3474b599-c79f-5a35-bee8-bd1b10753c03,Rockwell Automation,MicroLogix Controller 1400-B,2.10.5,plc,firmware,1,proprietary-rtos,pharmaceutical,isolated-cell,decommission,AMBER,,ethernet-ip;df1,15,4
ICS-0346_schneider_modicon-m340-controller-bmxp342020_SBOM.json,ICS-0346,urn:uuid:e1c1a42a-559a-5948-9d26-4c088b68a6fb,Schneider Electric,Modicon M340 Controller BMXP342020,4.21.36,plc,firmware,1,vxworks,district-heating,remote-accessible,design,GREEN,PLd (ISO 13849),modbus-tcp;ethernet-ip;canopen,16,5
ICS-0347_schneider_modicon-m580-epac-bmep582040_SBOM.json,ICS-0347,urn:uuid:59aa40a2-5f15-52fa-93aa-80da7e72a9bb,Schneider Electric,Modicon M580 ePAC BMEP582040,7.14.22,plc,firmware,1,linux,wastewater,remote-accessible,decommission,GREEN,SIL2,modbus-tcp;ethernet-ip;opc-ua;dnp3,17,9
ICS-0348_mitsubishi_melsec-iq-r-cpu-r32cpu_SBOM.json,ICS-0348,urn:uuid:0594817d-707c-526a-a214-88ed385b4fa2,Mitsubishi Electric,MELSEC iQ-R CPU R32CPU,5.7.24,plc,firmware,1,proprietary-rtos,semiconductor-fab,control-network,operations,GREEN,PLd (ISO 13849),cc-link-ie;melsoft;modbus-tcp;slmp,19,8
ICS-0349_mitsubishi_melsec-q-series-cpu-q03ude_SBOM.json,ICS-0349,urn:uuid:42af7221-7a0f-5393-8e39-e4cf52d35ea4,Mitsubishi Electric,MELSEC-Q Series CPU Q03UDE,1.2.28,plc,firmware,1,proprietary-rtos,wastewater,isolated-cell,build,AMBER+STRICT,,cc-link;melsoft;modbus-tcp,14,5
ICS-0350_omron_sysmac-nj-machine-controller-nj101-1000_SBOM.json,ICS-0350,urn:uuid:91bdfc4d-25c0-58b8-a02e-3b46a6501be0,OMRON Corporation,SYSMAC NJ Machine Controller NJ101-1000,4.16.22,plc,firmware,1,proprietary-rtos,building-automation,control-network,operations,AMBER+STRICT,PLd (ISO 13849),ethercat;ethernet-ip;opc-ua,16,4
ICS-0351_omron_sysmac-cj2-plc-cj2m-cpu31_SBOM.json,ICS-0351,urn:uuid:1b556ea4-0fa0-5e4f-9fbd-d9db970a981c,OMRON Corporation,SYSMAC CJ2 PLC CJ2M-CPU31,6.9.14,plc,firmware,1,proprietary-rtos,port-and-logistics,dmz-routable,design,RED,,fins;ethernet-ip;modbus-tcp,14,4
ICS-0352_beckhoff_twincat-runtime-controller-cx5140_SBOM.json,ICS-0352,urn:uuid:9d14df06-850b-57b8-ac68-8ca50c47cc66,Beckhoff Automation,TwinCAT Runtime Controller CX5140,4.14.31,plc,application,1,windows,oil-and-gas-upstream,control-network,operations,AMBER+STRICT,,ethercat;opc-ua;modbus-tcp;profinet,17,5
ICS-0353_wago_pfc200-controller-750-8202_SBOM.json,ICS-0353,urn:uuid:d7528b52-33c1-5186-b689-ebac4b20664e,WAGO GmbH,PFC200 Controller 750-8202,2.11.22,plc,firmware,1,linux,steel-and-metals,isolated-cell,design,RED,PLd (ISO 13849),modbus-tcp;profinet;canopen;mqtt;opc-ua,18,5
ICS-0354_phoenix_axc-f-2152-controller-axc-f-2152_SBOM.json,ICS-0354,urn:uuid:0dd08121-aa0e-5cc6-99ba-ad00180b67b1,Phoenix Contact,AXC F 2152 Controller AXC-F-2152,2.5.2,plc,firmware,1,linux,power-generation,dmz-routable,post-build,RED,,profinet;opc-ua;modbus-tcp;mqtt,23,8
ICS-0355_br_x20-controller-x20cp1586_SBOM.json,ICS-0355,urn:uuid:533e3028-9446-56cf-a513-2d1d902b8cd0,B&R Industrial Automation,X20 Controller X20CP1586,1.3.20,plc,firmware,1,proprietary-rtos,semiconductor-fab,isolated-cell,post-build,CLEAR,,powerlink;opc-ua;modbus-tcp,14,2
ICS-0356_ls-electric_xgt-plc-cpu-xgk-cpuh_SBOM.json,ICS-0356,urn:uuid:a4e5e470-5038-5e91-a11f-c97d2002b6d2,LS ELECTRIC,XGT PLC CPU XGK-CPUH,3.3.29,plc,firmware,1,proprietary-rtos,building-automation,dmz-routable,build,AMBER,,modbus-tcp;rapienet;ethernet-ip,15,5
ICS-0357_delta_as-series-plc-as228t-a_SBOM.json,ICS-0357,urn:uuid:8a22ab56-9f55-511a-88d2-f54f6b449551,Delta Electronics,AS Series PLC AS228T-A,2.15.40,plc,firmware,1,proprietary-rtos,automotive,isolated-cell,operations,AMBER,,modbus-tcp;ethernet-ip;canopen,14,4
ICS-0358_unitronics_unistream-plc-usp-070-b10_SBOM.json,ICS-0358,urn:uuid:69d27180-942f-5198-a5d8-2642f2d29bf3,Unitronics,UniStream PLC USP-070-B10,2.18.9,plc,firmware,1,linux,pharmaceutical,isolated-cell,post-build,AMBER+STRICT,,modbus-tcp;canopen;mqtt,17,7
ICS-0359_idec_microsmart-fc6a-plc-fc6a-c40r1ae_SBOM.json,ICS-0359,urn:uuid:b2c944e8-2fc9-5ac9-a368-4c033cf1b148,IDEC Corporation,MicroSmart FC6A PLC FC6A-C40R1AE,6.22.29,plc,firmware,1,proprietary-rtos,wastewater,isolated-cell,build,AMBER+STRICT,SIL2,modbus-tcp;bacnet-ip,14,5
ICS-0360_panasonic_fp7-series-plc-afp7cps41_SBOM.json,ICS-0360,urn:uuid:6bfd0ef9-2d19-5343-b1c7-16af848bcfa4,"Panasonic Industry Co., Ltd.",FP7 Series PLC AFP7CPS41,9.15.39,plc,firmware,1,proprietary-rtos,petrochemical,isolated-cell,post-build,AMBER+STRICT,,modbus-tcp;mewtocol,13,6
ICS-0361_keyence_kv-8000-plc-kv-8000_SBOM.json,ICS-0361,urn:uuid:23f1b880-db6d-5983-b497-f67267c35878,KEYENCE Corporation,KV-8000 PLC KV-8000,6.8.28,plc,firmware,1,proprietary-rtos,chemical,isolated-cell,design,CLEAR,,ethernet-ip;modbus-tcp;kv-protocol,11,4
ICS-0362_fuji_micrex-sx-plc-np1ps-245r_SBOM.json,ICS-0362,urn:uuid:b19ec656-d323-5f7f-9dd8-af1f44418557,Fuji Electric,MICREX-SX PLC NP1PS-245R,9.13.0,plc,firmware,1,proprietary-rtos,pulp-and-paper,dmz-routable,decommission,GREEN,PLd (ISO 13849),modbus-tcp;fl-net,12,5
ICS-0363_codesys_codesys-control-runtime-for-beaglebone-sl_SBOM.json,ICS-0363,urn:uuid:dd273a8b-84d2-50e4-a823-eee2d6459171,CODESYS GmbH,CODESYS Control Runtime for BeagleBone SL,3.22.37,plc-runtime,application,1,linux,steel-and-metals,remote-accessible,operations,RED,,modbus-tcp;opc-ua;ethercat;canopen;profinet,21,8
ICS-0364_abb_rtu560-telecontrol-unit-560cmu05_SBOM.json,ICS-0364,urn:uuid:7089cba8-ef85-5986-b511-dd25a7d197d3,ABB Ltd,RTU560 Telecontrol Unit 560CMU05,8.16.4,rtu,firmware,1,linux,manufacturing-discrete,remote-accessible,build,CLEAR,,iec-60870-5-104;dnp3;iec-61850-mms;modbus-tcp,20,7
ICS-0365_schneider_scadapack-rtu-x70_SBOM.json,ICS-0365,urn:uuid:38e1579f-552b-5d65-9697-3e0c5351aec5,Schneider Electric,SCADAPack RTU x70,8.5.18,rtu,firmware,1,vxworks,power-distribution,isolated-cell,operations,AMBER,,dnp3;modbus-tcp;iec-60870-5-104,22,7
ICS-0366_ge_d20-mx-substation-controller-d20mx_SBOM.json,ICS-0366,urn:uuid:bfa5b3ce-cb2b-511c-886e-e3acf1aac368,GE Vernova,D20 MX Substation Controller D20MX,8.17.27,rtu,firmware,1,linux,automotive,remote-accessible,decommission,AMBER+STRICT,,dnp3;iec-61850-mms;modbus-tcp,13,4
ICS-0367_siemens_sicam-a8000-rtu-cp-8050_SBOM.json,ICS-0367,urn:uuid:6b374aa3-5959-51b0-8f84-638a80649d74,Siemens AG,SICAM A8000 RTU CP-8050,7.13.20,rtu,firmware,1,linux,pulp-and-paper,isolated-cell,build,AMBER,,iec-60870-5-104;iec-61850-mms;dnp3;modbus-tcp,18,7
ICS-0368_hitachi-energy_rtu500-series-560cmu80_SBOM.json,ICS-0368,urn:uuid:73a1e1fa-ece1-5911-9242-966ccb5647a0,Hitachi Energy,RTU500 Series 560CMU80,2.5.5,rtu,firmware,1,proprietary-rtos,manufacturing-discrete,isolated-cell,operations,AMBER,,iec-60870-5-104;iec-61850-mms;dnp3,13,5
ICS-0369_moxa_iopac-programmable-controller-8600-cpu30_SBOM.json,ICS-0369,urn:uuid:c326f296-ea5c-584e-8a3e-9b2de53dac58,Moxa Inc.,ioPAC Programmable Controller 8600-CPU30,5.10.20,rtu,firmware,1,linux,pulp-and-paper,remote-accessible,design,RED,,modbus-tcp;dnp3;mqtt,21,10
ICS-0370_red-lion_data-station-plus-rtu-dspsx000_SBOM.json,ICS-0370,urn:uuid:aa041b5b-09b7-58f3-9b7e-1c882d7fd6cc,Red Lion Controls,Data Station Plus RTU DSPSX000,5.8.15,rtu,firmware,1,linux,steel-and-metals,isolated-cell,operations,CLEAR,,modbus-tcp;dnp3;ethernet-ip;mqtt,17,4
ICS-0371_sel_sel-451-protection-system-421_SBOM.json,ICS-0371,urn:uuid:55f25ada-9f4a-5b54-9b6f-0d08bbd7d183,Schweitzer Engineering Laboratories,SEL-451 Protection System 421,1.0.28,ied,firmware,1,proprietary-rtos,power-distribution,isolated-cell,post-build,GREEN,,iec-61850-mms;iec-61850-goose;dnp3;modbus-tcp,15,7
ICS-0372_sel_sel-3530-rtac-3530_SBOM.json,ICS-0372,urn:uuid:20e43b00-f18a-5ce6-8e53-45a3448a5eb4,Schweitzer Engineering Laboratories,SEL-3530 RTAC 3530,1.9.6,ied,firmware,1,linux,petrochemical,control-network,post-build,RED,,dnp3;iec-61850-mms;modbus-tcp;iec-60870-5-104,16,4
ICS-0373_hitachi-energy_ref615-feeder-protection-relay-reu615_SBOM.json,ICS-0373,urn:uuid:4f70b6a9-c3fe-5476-ad19-c62421878e78,Hitachi Energy,REF615 Feeder Protection Relay REU615,1.8.7,ied,firmware,1,proprietary-rtos,food-and-beverage,control-network,post-build,AMBER,,iec-61850-mms;iec-61850-goose;modbus-tcp;dnp3,18,6
ICS-0374_siemens_siprotec-5-protection-relay-7sa86_SBOM.json,ICS-0374,urn:uuid:b98e4c9c-e1ef-5b0e-98a5-fd252163044d,Siemens AG,SIPROTEC 5 Protection Relay 7SA86,3.19.29,ied,firmware,1,proprietary-rtos,wastewater,dmz-routable,operations,RED,,iec-61850-mms;iec-61850-goose;dnp3;iec-60870-5-103,18,6
ICS-0375_ge_multilin-ur-relay-t35_SBOM.json,ICS-0375,urn:uuid:96bcd3f6-dc16-57fe-97f5-faf7ab1a40e1,GE Vernova,Multilin UR Relay T35,6.6.12,ied,firmware,1,proprietary-rtos,steel-and-metals,remote-accessible,post-build,CLEAR,,iec-61850-mms;iec-61850-goose;dnp3;modbus-tcp,16,4
ICS-0376_schneider_easergy-p3-protection-relay-p3u30_SBOM.json,ICS-0376,urn:uuid:925551d6-53c4-5c8e-ba53-f0581c05730b,Schneider Electric,Easergy P3 Protection Relay P3U30,9.17.10,ied,firmware,1,proprietary-rtos,manufacturing-discrete,dmz-routable,decommission,AMBER+STRICT,,iec-61850-mms;modbus-tcp;dnp3,16,3
ICS-0377_nari_pcs-9611-feeder-protection-pcs-9611_SBOM.json,ICS-0377,urn:uuid:9c749747-6f33-5c50-96f0-63b509442c6c,NARI Technology,PCS-9611 Feeder Protection PCS-9611,1.13.28,ied,firmware,1,proprietary-rtos,pulp-and-paper,remote-accessible,build,RED,,iec-61850-mms;iec-61850-goose;modbus-tcp,14,5
ICS-0378_hd-hyundai_higen-protection-relay-hgr-100_SBOM.json,ICS-0378,urn:uuid:c8132103-5c64-526b-9809-803262bd0126,HD Hyundai Electric,HiGEN Protection Relay HGR-100,2.15.23,ied,firmware,1,proprietary-rtos,petrochemical,control-network,post-build,GREEN,,iec-61850-mms;modbus-tcp;dnp3,18,4
ICS-0379_siemens_simatic-hmi-comfort-panel-tp2200_SBOM.json,ICS-0379,urn:uuid:69fd9171-3925-5864-90f0-768b1abf47d5,Siemens AG,SIMATIC HMI Comfort Panel TP2200,8.11.16,hmi,firmware,2,windows,port-and-logistics,isolated-cell,post-build,AMBER,,profinet;opc-ua;s7comm-plus,15,3
ICS-0380_rockwell_panelview-plus-terminal-7-standard-1000_SBOM.json,ICS-0380,urn:uuid:7799c5e5-0a7d-5804-b493-ceb65f125dae,Rockwell Automation,PanelView Plus Terminal 7 Standard 1000,2.9.25,hmi,firmware,2,windows,power-transmission,remote-accessible,design,GREEN,,ethernet-ip;cip,12,6
ICS-0381_schneider_magelis-gtu-hmi-hmigtu655_SBOM.json,ICS-0381,urn:uuid:009a0dc6-8a87-5441-98fd-3be3e6910c61,Schneider Electric,Magelis GTU HMI HMIGTU655,2.11.38,hmi,firmware,2,linux,power-transmission,isolated-cell,post-build,AMBER,,modbus-tcp;ethernet-ip;opc-ua,13,3
ICS-0382_mitsubishi_got2000-graphic-terminal-gt2712-stba_SBOM.json,ICS-0382,urn:uuid:b79cd6b0-e650-5fa9-9777-728bad79bd1c,Mitsubishi Electric,GOT2000 Graphic Terminal GT2712-STBA,6.10.21,hmi,firmware,2,proprietary-rtos,food-and-beverage,remote-accessible,operations,AMBER,,cc-link-ie;melsoft;modbus-tcp,13,5
ICS-0383_advantech_webop-operator-panel-wop-2100t_SBOM.json,ICS-0383,urn:uuid:225af222-ad97-54fd-878d-68ec5010fbe7,"Advantech Co., Ltd.",WebOP Operator Panel WOP-2100T,7.1.11,hmi,firmware,2,linux,transportation-rail,remote-accessible,decommission,AMBER,,modbus-tcp;ethernet-ip;mqtt,16,7
ICS-0384_delta_dop-100-hmi-dop-107bv_SBOM.json,ICS-0384,urn:uuid:9896b779-f269-58e9-97a9-dc9139d17bb5,Delta Electronics,DOP-100 HMI DOP-107BV,9.2.23,hmi,firmware,2,proprietary-rtos,steel-and-metals,remote-accessible,decommission,RED,,modbus-tcp;canopen,12,5
ICS-0385_omron_na-series-hmi-na5-12w_SBOM.json,ICS-0385,urn:uuid:62a03a08-7c53-54ae-ac9c-b91ae713abbd,OMRON Corporation,NA Series HMI NA5-12W,9.6.5,hmi,firmware,2,windows,oil-and-gas-midstream,dmz-routable,design,RED,,ethernet-ip;opc-ua;modbus-tcp,16,4
ICS-0386_pilz_pmi-operator-terminal-pmi-6-primo_SBOM.json,ICS-0386,urn:uuid:9c8e4888-dc4f-5cfc-8b4d-1aea6995acfc,Pilz GmbH,PMI Operator Terminal PMI 6 primo,9.23.36,hmi,firmware,2,linux,power-distribution,remote-accessible,post-build,GREEN,,profinet;modbus-tcp,12,5
ICS-0387_aveva_aveva-plant-scada-2020-r2_SBOM.json,ICS-0387,urn:uuid:5628ca01-af06-5f11-be45-791effa47063,AVEVA Group plc,AVEVA Plant SCADA 2020 R2,1.5.18,scada-server,application,2,windows,port-and-logistics,remote-accessible,build,RED,,opc-ua;opc-da;modbus-tcp;dnp3;iec-60870-5-104,17,5
ICS-0388_inductive_ignition-scada-platform-8-1_SBOM.json,ICS-0388,urn:uuid:c370dff5-5a39-5a18-a829-e8d2b3354468,Inductive Automation,Ignition SCADA Platform 8.1,6.19.34,scada-server,application,2,java,manufacturing-discrete,control-network,operations,AMBER+STRICT,,opc-ua;modbus-tcp;mqtt-sparkplug;dnp3,16,5
ICS-0389_copadata_zenon-supervisor-10_SBOM.json,ICS-0389,urn:uuid:fbd1f867-e788-53cf-93bd-4cec229788b1,COPA-DATA GmbH,zenon Supervisor 10,1.13.39,scada-server,application,2,windows,pulp-and-paper,isolated-cell,decommission,AMBER+STRICT,,opc-ua;iec-61850-mms;iec-60870-5-104;modbus-tcp,18,7
ICS-0390_siemens_simatic-wincc-v7-5_SBOM.json,ICS-0390,urn:uuid:bb4da4ea-3f99-581c-9307-a6ca95bffc14,Siemens AG,SIMATIC WinCC V7.5,2.15.1,scada-server,application,2,windows,power-distribution,isolated-cell,build,RED,,opc-ua;profinet;s7comm-plus,13,4
ICS-0391_ge_cimplicity-hmi-scada-11-1_SBOM.json,ICS-0391,urn:uuid:6b5da4bb-afee-5719-8244-f80b1db1453b,GE Vernova,CIMPLICITY HMI/SCADA 11.1,5.21.17,scada-server,application,2,windows,power-generation,remote-accessible,post-build,GREEN,,opc-ua;opc-da;modbus-tcp,18,8
ICS-0392_schneider_ecostruxure-geo-scada-expert-2021_SBOM.json,ICS-0392,urn:uuid:a489f126-fad6-5a3b-b264-5a4bb50bae92,Schneider Electric,EcoStruxure Geo SCADA Expert 2021,3.22.1,scada-server,application,2,windows,petrochemical,control-network,operations,CLEAR,,dnp3;iec-60870-5-104;modbus-tcp;opc-ua,19,5
ICS-0393_rockwell_factorytalk-view-se-12-00_SBOM.json,ICS-0393,urn:uuid:ad0ce827-752d-5725-9689-d1cfdca91323,Rockwell Automation,FactoryTalk View SE 12.00,6.20.1,scada-server,application,2,windows,manufacturing-process,remote-accessible,operations,AMBER,,ethernet-ip;opc-ua;cip,13,3
ICS-0394_aveva_aveva-historian-2020-r2_SBOM.json,ICS-0394,urn:uuid:62c1a9ca-548a-52d8-99e8-858f99188ca6,AVEVA Group plc,AVEVA Historian 2020 R2,8.16.38,historian,application,3,windows,wastewater,dmz-routable,design,RED,,opc-ua;opc-hda;sql,13,4
ICS-0395_ge_proficy-historian-2022_SBOM.json,ICS-0395,urn:uuid:763663c0-c820-5666-8c84-78c5b8aa6679,GE Vernova,Proficy Historian 2022,6.2.9,historian,application,3,windows,petrochemical,control-network,design,AMBER,,opc-ua;opc-hda;sql,14,3
ICS-0396_honeywell_uniformance-phd-historian-r500_SBOM.json,ICS-0396,urn:uuid:b132a0f1-7c33-55fd-9299-cd90d16b98c5,Honeywell International,Uniformance PHD Historian R500,2.16.34,historian,application,3,windows,wastewater,remote-accessible,decommission,GREEN,,opc-ua;opc-hda;sql,15,5
ICS-0397_emerson_deltav-continuous-historian-14-3_SBOM.json,ICS-0397,urn:uuid:7b0e63c7-1225-55ed-ac61-b30a9db0cf52,Emerson Electric,DeltaV Continuous Historian 14.3,9.4.31,historian,application,3,windows,pharmaceutical,dmz-routable,build,RED,,opc-ua;opc-hda,14,4
ICS-0398_yokogawa_exaquantum-plant-information-system-r3-20_SBOM.json,ICS-0398,urn:uuid:fdabb8a1-43fe-5d9b-a732-a0311e172eec,Yokogawa Electric,Exaquantum Plant Information System R3.20,8.12.40,historian,application,3,windows,power-distribution,control-network,design,GREEN,,opc-ua;opc-hda;sql,13,3
ICS-0399_siemens_tia-portal-engineering-suite-v17_SBOM.json,ICS-0399,urn:uuid:e45b4b70-8ead-550d-8dcb-7459bb74ab9a,Siemens AG,TIA Portal Engineering Suite V17,6.3.4,engineering-workstation,application,3,windows,food-and-beverage,dmz-routable,decommission,AMBER+STRICT,,profinet;s7comm-plus;opc-ua,14,4
ICS-0400_rockwell_studio-5000-logix-designer-35-00_SBOM.json,ICS-0400,urn:uuid:1499b6ec-1307-5114-80c7-88c926143740,Rockwell Automation,Studio 5000 Logix Designer 35.00,3.5.16,engineering-workstation,application,3,windows,transportation-metro,dmz-routable,post-build,AMBER+STRICT,,ethernet-ip;cip,10,2
ICS-0401_schneider_ecostruxure-control-expert-v15-1_SBOM.json,ICS-0401,urn:uuid:dd6f8b5e-9fd3-5a03-b394-977b76cbeded,Schneider Electric,EcoStruxure Control Expert V15.1,5.15.29,engineering-workstation,application,3,windows,oil-and-gas-upstream,remote-accessible,post-build,GREEN,,modbus-tcp;ethernet-ip;opc-ua,14,5
ICS-0402_mitsubishi_gx-works3-engineering-tool-1-080j_SBOM.json,ICS-0402,urn:uuid:9f8844cc-83ee-508c-b4f6-d62aee0fe2cc,Mitsubishi Electric,GX Works3 Engineering Tool 1.080J,9.10.13,engineering-workstation,application,3,windows,building-automation,isolated-cell,decommission,RED,,cc-link-ie;melsoft,15,2
ICS-0403_codesys_codesys-development-system-v3-5-sp17_SBOM.json,ICS-0403,urn:uuid:368979a9-b8c5-5542-9566-04c472fc756c,CODESYS GmbH,CODESYS Development System V3.5 SP17,8.15.7,engineering-workstation,application,3,windows,power-generation,control-network,build,RED,,modbus-tcp;opc-ua;ethercat,15,4
ICS-0404_abb_automation-builder-2-5_SBOM.json,ICS-0404,urn:uuid:3823ae7b-e21a-5838-bba2-de5ccbda0749,ABB Ltd,Automation Builder 2.5,8.23.2,engineering-workstation,application,3,windows,wastewater,isolated-cell,decommission,CLEAR,,modbus-tcp;profinet;ethercat,15,6
ICS-0405_emerson_deltav-md-plus-controller-md-plus_SBOM.json,ICS-0405,urn:uuid:b037d3e0-7fd4-57d7-bf80-2fc0a17faa63,Emerson Electric,DeltaV MD Plus Controller MD Plus,6.13.15,dcs-controller,firmware,1,vxworks,oil-and-gas-midstream,control-network,decommission,AMBER+STRICT,,deltav-proprietary;modbus-tcp;opc-ua;hart-ip,15,6
ICS-0406_honeywell_experion-c300-controller-c300_SBOM.json,ICS-0406,urn:uuid:19de4200-75cb-5b79-875c-e52c12595b10,Honeywell International,Experion C300 Controller C300,7.0.33,dcs-controller,firmware,1,vxworks,port-and-logistics,control-network,build,RED,,fte;modbus-tcp;hart-ip;opc-ua,17,6
ICS-0407_yokogawa_centum-vp-field-control-station-afv30d_SBOM.json,ICS-0407,urn:uuid:8c29f40e-3a10-5817-869d-ebb79925e238,Yokogawa Electric,CENTUM VP Field Control Station AFV30D,8.11.3,dcs-controller,firmware,1,proprietary-rtos,transportation-rail,remote-accessible,operations,GREEN,SIL2,vnet-ip;modbus-tcp;hart-ip;foundation-fieldbus,14,3
ICS-0408_abb_ac-800m-controller-pm866_SBOM.json,ICS-0408,urn:uuid:3c00ebf7-7382-5edb-8562-ef15c0b8e798,ABB Ltd,AC 800M Controller PM866,4.23.29,dcs-controller,firmware,1,vxworks,pharmaceutical,dmz-routable,post-build,RED,,profibus;modbus-tcp;iec-61850-mms;opc-ua,15,2
ICS-0409_siemens_simatic-pcs-7-as-controller-as-410-5h_SBOM.json,ICS-0409,urn:uuid:e069bb72-99a1-58cf-bdb9-ae33f5f319ca,Siemens AG,SIMATIC PCS 7 AS Controller AS 410-5H,9.22.24,dcs-controller,firmware,1,proprietary-rtos,power-transmission,control-network,decommission,CLEAR,,profibus;profinet;opc-ua,13,2
ICS-0410_hitachi-energy_symphony-plus-hpc800-hpc800_SBOM.json,ICS-0410,urn:uuid:ff2d5ec6-4596-5c5a-a34a-0d23425b88ec,Hitachi Energy,Symphony Plus HPC800 HPC800,4.24.40,dcs-controller,firmware,1,vxworks,port-and-logistics,control-network,decommission,AMBER,,modbus-tcp;iec-61850-mms;opc-ua,18,8
ICS-0411_schneider_triconex-tricon-cx-controller-tricon-cx_SBOM.json,ICS-0411,urn:uuid:0f3cc936-26e8-52e5-bbbb-edfb24ea65a6,Schneider Electric,Triconex Tricon CX Controller Tricon CX,3.10.23,sis-logic-solver,firmware,1,proprietary-rtos,food-and-beverage,remote-accessible,design,AMBER,SIL2,tristation;modbus-tcp;opc-ua,18,6
ICS-0412_hima_himax-safety-controller-x-cpu-31_SBOM.json,ICS-0412,urn:uuid:c443a866-8215-5816-a66e-f4dd432a76b0,HIMA Paul Hildebrandt GmbH,HIMax Safety Controller X-CPU 31,8.17.37,sis-logic-solver,firmware,1,proprietary-rtos,transportation-rail,dmz-routable,post-build,GREEN,SIL3,safeethernet;modbus-tcp;opc-ua,16,6
ICS-0413_pilz_pss-4000-safety-controller-pssu-h-plc1_SBOM.json,ICS-0413,urn:uuid:0c489c59-ccca-5deb-94f8-6a540c3440bd,Pilz GmbH,PSS 4000 Safety Controller PSSu H PLC1,5.11.28,sis-logic-solver,firmware,1,proprietary-rtos,water-treatment,dmz-routable,build,AMBER,SIL2,safetynet-p;profinet;modbus-tcp,15,3
ICS-0414_siemens_simatic-s7-1500f-safety-cpu-1511f-1-pn_SBOM.json,ICS-0414,urn:uuid:25557cec-c6a2-5f11-add2-b7d68dcda762,Siemens AG,SIMATIC S7-1500F Safety CPU 1511F-1 PN,7.15.39,sis-logic-solver,firmware,1,proprietary-rtos,petrochemical,dmz-routable,build,RED,SIL2,profisafe;profinet;opc-ua,16,4
ICS-0415_rockwell_guardlogix-safety-controller-1756-l81es_SBOM.json,ICS-0415,urn:uuid:ad211769-9142-5ef9-a918-d34471afd532,Rockwell Automation,GuardLogix Safety Controller 1756-L81ES,4.7.36,sis-logic-solver,firmware,1,vxworks,pharmaceutical,dmz-routable,operations,AMBER+STRICT,SIL3 (IEC 61508),cip-safety;ethernet-ip,13,4
ICS-0416_moxa_mgate-protocol-gateway-eip3170i_SBOM.json,ICS-0416,urn:uuid:92230ead-1b47-5b02-827e-bcaf0e293465,Moxa Inc.,MGate Protocol Gateway EIP3170I,3.21.23,protocol-gateway,firmware,3.5,linux,water-treatment,isolated-cell,decommission,GREEN,,modbus-tcp;ethernet-ip;profinet;dnp3;iec-60870-5-104,19,8
ICS-0417_softing_edgeaggregator-gateway-ea-500_SBOM.json,ICS-0417,urn:uuid:4d7bbeb0-7eaa-5278-be33-cfff8c8400b2,Softing Industrial Automation,edgeAggregator Gateway EA-500,8.9.21,protocol-gateway,application,3.5,linux,water-treatment,control-network,design,RED,,opc-ua;mqtt;modbus-tcp;s7comm,16,5
ICS-0418_advantech_ecu-1251-edge-gateway-ecu-1251_SBOM.json,ICS-0418,urn:uuid:859185bc-ff2f-5a67-8abe-5e52c241a141,"Advantech Co., Ltd.",ECU-1251 Edge Gateway ECU-1251,2.17.16,protocol-gateway,firmware,3.5,linux,manufacturing-discrete,isolated-cell,build,AMBER,,modbus-tcp;mqtt;opc-ua;dnp3,21,6
ICS-0419_phoenix_fl-mguard-security-appliance-rs4000_SBOM.json,ICS-0419,urn:uuid:abf530e5-d6af-5eee-9be0-f977559d076a,Phoenix Contact,FL MGUARD Security Appliance RS4000,2.10.0,industrial-firewall,firmware,3.5,linux,wastewater,dmz-routable,build,AMBER+STRICT,,ipsec;modbus-tcp-dpi;opc-ua,13,4
ICS-0420_belden_eagle40-industrial-firewall-eagle40-4d_SBOM.json,ICS-0420,urn:uuid:bd217800-9362-58e0-b6ec-9a3f1d8cc5a4,Belden / Hirschmann,EAGLE40 Industrial Firewall EAGLE40-4D,4.6.24,industrial-firewall,firmware,3.5,linux,transportation-metro,control-network,post-build,GREEN,,modbus-tcp-dpi;iec-61850-dpi;ipsec,16,8
ICS-0421_belden_rsp-managed-switch-rsp35_SBOM.json,ICS-0421,urn:uuid:e09f6a9b-0d69-5a70-94fe-a30dc002a0fa,Belden / Hirschmann,RSP Managed Switch RSP35,1.2.11,industrial-switch,firmware,2,linux,steel-and-metals,control-network,operations,CLEAR,,prp;hsr;iec-61850-mms;snmp,16,4
ICS-0422_westermo_lynx-dss-managed-switch-lynx-3510_SBOM.json,ICS-0422,urn:uuid:915184fd-0375-5225-8c52-1f8556e158e3,Westermo Network Technologies,Lynx DSS Managed Switch Lynx-3510,7.20.23,industrial-switch,firmware,2,linux,transportation-metro,remote-accessible,operations,GREEN,,snmp;prp;modbus-tcp,20,5
ICS-0423_moxa_eds-managed-ethernet-switch-eds-4012_SBOM.json,ICS-0423,urn:uuid:2062d1fe-11aa-5421-8d8a-f1fb9007f571,Moxa Inc.,EDS Managed Ethernet Switch EDS-4012,4.23.9,industrial-switch,firmware,2,linux,building-automation,remote-accessible,post-build,AMBER+STRICT,,snmp;prp;modbus-tcp,14,5
ICS-0424_siemens_scalance-x-industrial-switch-xc216-4c_SBOM.json,ICS-0424,urn:uuid:90cfef93-7d8e-545e-9c12-cebde81bb0e5,Siemens AG,SCALANCE X Industrial Switch XC216-4C,3.17.5,industrial-switch,firmware,2,linux,power-transmission,remote-accessible,decommission,CLEAR,,profinet;snmp;prp,15,3
ICS-0425_siemens_ruggedcom-rx1500-router-rx1500_SBOM.json,ICS-0425,urn:uuid:47293392-0d47-552b-b6cf-6ffc1e537fc3,Siemens AG,RUGGEDCOM RX1500 Router RX1500,7.20.13,industrial-router,firmware,3.5,linux,semiconductor-fab,remote-accessible,design,AMBER,,snmp;ipsec;iec-61850-mms,20,10
ICS-0426_abb_acs880-industrial-drive-acs880-01_SBOM.json,ICS-0426,urn:uuid:f06a7ea4-d103-5b8e-abac-20d9fc52f99e,ABB Ltd,ACS880 Industrial Drive ACS880-01,3.20.15,vfd-drive,firmware,1,proprietary-rtos,transportation-rail,control-network,design,CLEAR,,profinet;ethernet-ip;modbus-tcp;ethercat,17,4
ICS-0427_siemens_sinamics-s120-drive-cu320-2-pn_SBOM.json,ICS-0427,urn:uuid:385a4236-8640-5f8c-ba48-c1c5b8fb6e52,Siemens AG,SINAMICS S120 Drive CU320-2 PN,1.24.32,vfd-drive,firmware,1,proprietary-rtos,wastewater,control-network,post-build,RED,,profinet;profisafe;ethernet-ip,14,4
ICS-0428_danfoss_vlt-automationdrive-fc-302_SBOM.json,ICS-0428,urn:uuid:f2fd9fd4-ccb3-5a8d-a0a2-b60ade0c9e4b,Danfoss A/S,VLT AutomationDrive FC-302,2.13.30,vfd-drive,firmware,1,proprietary-rtos,automotive,control-network,design,AMBER,,profinet;modbus-tcp;ethernet-ip,15,6
ICS-0429_rockwell_powerflex-755-drive-755_SBOM.json,ICS-0429,urn:uuid:879360d3-7e79-597e-8897-4baf971a672f,Rockwell Automation,PowerFlex 755 Drive 755,2.11.16,vfd-drive,firmware,1,proprietary-rtos,pulp-and-paper,isolated-cell,design,AMBER,,ethernet-ip;cip;devicenet,16,3
ICS-0430_bosch-rexroth_indradrive-controller-hcs01_SBOM.json,ICS-0430,urn:uuid:a1ecbbe2-d31f-5b57-9a3e-bd00c864c014,Bosch Rexroth AG,IndraDrive Controller HCS01,6.12.18,motion-controller,firmware,1,proprietary-rtos,oil-and-gas-upstream,remote-accessible,design,GREEN,,sercos-iii;profinet;ethercat;ethernet-ip,18,5
ICS-0431_bosch-rexroth_indramotion-mlc-xm22_SBOM.json,ICS-0431,urn:uuid:1c59c981-8760-5046-b998-fbf64eb62ab1,Bosch Rexroth AG,IndraMotion MLC XM22,3.6.17,motion-controller,firmware,1,linux,manufacturing-process,isolated-cell,post-build,AMBER+STRICT,,sercos-iii;opc-ua;profinet,16,6
ICS-0432_fuji_frenic-ace-inverter-frn0006e2s_SBOM.json,ICS-0432,urn:uuid:b2344a6d-12d4-546a-91fd-1ba5ea6706a8,Fuji Electric,FRENIC-Ace Inverter FRN0006E2S,1.5.30,vfd-drive,firmware,1,proprietary-rtos,building-automation,remote-accessible,operations,AMBER,,modbus-tcp;profinet,16,7
ICS-0433_mitsubishi_melfa-robot-controller-cr800-d_SBOM.json,ICS-0433,urn:uuid:b778c4d7-915c-52d3-9b9d-aad730006a0e,Mitsubishi Electric,MELFA Robot Controller CR800-D,9.5.34,robot-controller,firmware,1,proprietary-rtos,transportation-rail,dmz-routable,post-build,AMBER,PLd (ISO 13849),cc-link-ie;ethernet-ip;melsoft,15,4
ICS-0434_abb_irc5-robot-controller-irc5-compact_SBOM.json,ICS-0434,urn:uuid:d4ef66e2-1fc5-5a3e-b822-964f875fa2e5,ABB Ltd,IRC5 Robot Controller IRC5 Compact,5.6.39,robot-controller,firmware,1,vxworks,power-transmission,remote-accessible,decommission,GREEN,,profinet;ethernet-ip;devicenet,14,6
ICS-0435_keyence_cnc-motion-unit-mc-1_SBOM.json,ICS-0435,urn:uuid:4497ecc2-7652-5baa-b4bc-18c6614e9a96,KEYENCE Corporation,CNC Motion Unit MC-1,8.15.6,cnc-controller,firmware,1,proprietary-rtos,power-distribution,remote-accessible,design,CLEAR,,ethernet-ip;modbus-tcp,13,6
ICS-0436_mitsubishi_m800-cnc-controller-m830w_SBOM.json,ICS-0436,urn:uuid:568f8c8c-e08a-50f2-b3e2-564494772554,Mitsubishi Electric,M800 CNC Controller M830W,8.19.25,cnc-controller,firmware,1,proprietary-rtos,pharmaceutical,isolated-cell,post-build,AMBER+STRICT,,cc-link-ie;melsoft;ethernet-ip,15,3
ICS-0437_emerson_rosemount-3051s-transmitter-3051s_SBOM.json,ICS-0437,urn:uuid:058a43a0-ed09-56f4-bb0d-bc4311bde0b6,Emerson Electric,Rosemount 3051S Transmitter 3051S,2.3.11,field-transmitter,firmware,0,bare-metal,power-transmission,remote-accessible,decommission,AMBER+STRICT,,hart;hart-ip;foundation-fieldbus,11,2
ICS-0438_yokogawa_eja-e-series-transmitter-eja110e_SBOM.json,ICS-0438,urn:uuid:f760cb57-8d2d-562d-bc49-eba1b4095b99,Yokogawa Electric,EJA-E Series Transmitter EJA110E,2.12.4,field-transmitter,firmware,0,bare-metal,transportation-rail,control-network,operations,AMBER+STRICT,,hart;foundation-fieldbus;profibus-pa,10,4
ICS-0439_honeywell_smartline-st800-transmitter-st800_SBOM.json,ICS-0439,urn:uuid:3b3562e8-baf9-57d7-af5b-637f56f35618,Honeywell International,SmartLine ST800 Transmitter ST800,6.13.17,field-transmitter,firmware,0,bare-metal,transportation-rail,dmz-routable,design,CLEAR,,hart;foundation-fieldbus,11,2
ICS-0440_abb_merging-unit-sam600-sam600-io_SBOM.json,ICS-0440,urn:uuid:400188cd-591d-5489-80f3-d624598b5cbf,ABB Ltd,Merging Unit SAM600 SAM600-IO,4.8.6,merging-unit,firmware,0,proprietary-rtos,transportation-rail,remote-accessible,design,AMBER,,iec-61850-sv;iec-61850-goose;ptp-1588,16,4
ICS-0441_schneider_powerlogic-ion9000-meter-ion9000_SBOM.json,ICS-0441,urn:uuid:12507e1e-9c8e-5e07-adf9-37a0d67eac2a,Schneider Electric,PowerLogic ION9000 Meter ION9000,9.24.1,power-meter,firmware,1,linux,petrochemical,control-network,design,GREEN,,modbus-tcp;dnp3;iec-61850-mms,20,10
ICS-0442_ge_epm-9900-power-meter-epm9900_SBOM.json,ICS-0442,urn:uuid:8a601bc5-e4bc-5d3a-966a-cf6c083c1103,GE Vernova,EPM 9900 Power Meter EPM9900,1.2.15,power-meter,firmware,1,proprietary-rtos,pulp-and-paper,isolated-cell,post-build,AMBER+STRICT,,modbus-tcp;dnp3;iec-61850-mms,14,6
ICS-0443_ptc_kepserverex-connectivity-platform-6-11_SBOM.json,ICS-0443,urn:uuid:1dab50ee-4025-5f37-a01f-51abd4d6b95a,PTC Inc.,KEPServerEX Connectivity Platform 6.11,8.15.32,opc-server,application,3,windows,port-and-logistics,control-network,design,GREEN,,opc-ua;opc-da;modbus-tcp;ethernet-ip;s7comm,16,5
ICS-0444_softing_datafeed-opc-suite-v5-20_SBOM.json,ICS-0444,urn:uuid:86b6203d-f136-5a1b-9dca-e4a51c9600a6,Softing Industrial Automation,dataFEED OPC Suite V5.20,1.16.38,opc-server,application,3,windows,building-automation,dmz-routable,post-build,AMBER+STRICT,,opc-ua;opc-da;mqtt;s7comm,17,4
ICS-0445_aveva_aveva-opc-ua-server-2020_SBOM.json,ICS-0445,urn:uuid:fc8aad27-f135-5fc2-a0cc-01769a13b56e,AVEVA Group plc,AVEVA OPC UA Server 2020,9.12.3,opc-server,application,3,windows,water-treatment,dmz-routable,decommission,RED,,opc-ua;opc-da,16,7
ICS-0446_honeywell_excel-web-ii-bacnet-controller-xl1000c50_SBOM.json,ICS-0446,urn:uuid:53da9388-441b-56ff-9a91-3baee367fd5e,Honeywell International,Excel Web II BACnet Controller XL1000C50,4.15.18,bas-controller,firmware,1,linux,steel-and-metals,remote-accessible,build,AMBER,,bacnet-ip;modbus-tcp;lonworks,17,6
ICS-0447_siemens_desigo-pxc-automation-station-pxc100-e-d_SBOM.json,ICS-0447,urn:uuid:d1224302-e1d8-5a16-8106-b4bfbb9d07b2,Siemens AG,Desigo PXC Automation Station PXC100-E.D,5.15.39,bas-controller,firmware,1,proprietary-rtos,district-heating,isolated-cell,operations,AMBER+STRICT,,bacnet-ip;modbus-tcp;knx,17,7
ICS-0448_schneider_smartx-as-p-controller-as-p_SBOM.json,ICS-0448,urn:uuid:7c860ac9-98e7-52ea-8dfc-0be44d7afe18,Schneider Electric,SmartX AS-P Controller AS-P,9.23.13,bas-controller,firmware,1,linux,semiconductor-fab,remote-accessible,post-build,RED,,bacnet-ip;modbus-tcp;lonworks,17,7
ICS-0449_delta_ez-building-controller-ezns-1000_SBOM.json,ICS-0449,urn:uuid:c01f45af-2cca-56f2-9604-02ba10eb8b66,Delta Electronics,eZ Building Controller eZNS-1000,7.15.3,bas-controller,firmware,1,linux,manufacturing-process,dmz-routable,build,AMBER,,bacnet-ip;modbus-tcp,16,5
ICS-0450_phoenix_radioline-wireless-gateway-rad-2400_SBOM.json,ICS-0450,urn:uuid:e3eb8f95-8dc0-5b1e-97c9-0b6e7304c81e,Phoenix Contact,Radioline Wireless Gateway RAD-2400,1.3.22,wireless-gateway,firmware,1,freertos,manufacturing-discrete,dmz-routable,operations,CLEAR,,modbus-tcp;trusted-wireless,14,4
ICS-0451_moxa_awk-industrial-wireless-ap-awk-3131a_SBOM.json,ICS-0451,urn:uuid:7778e3cd-e64f-54ec-a87c-df24ae6e4666,Moxa Inc.,AWK Industrial Wireless AP AWK-3131A,4.2.23,wireless-gateway,firmware,2,linux,manufacturing-process,isolated-cell,build,AMBER,,snmp;modbus-tcp;wpa2,19,8
ICS-0452_emerson_wireless-1420-gateway-1420_SBOM.json,ICS-0452,urn:uuid:df461fdd-d07a-590d-abde-b638720fe8ec,Emerson Electric,Wireless 1420 Gateway 1420,7.5.23,wireless-gateway,firmware,1,linux,pharmaceutical,isolated-cell,decommission,AMBER+STRICT,,wirelesshart;modbus-tcp;opc-ua,16,5
ICS-0453_siemens_simatic-s7-1500-cpu-1511-1-pn_SBOM.json,ICS-0453,urn:uuid:e51bd7bc-9b01-595f-a22e-9f0f339e6695,Siemens AG,SIMATIC S7-1500 CPU 1511-1 PN,9.12.40,plc,firmware,1,proprietary-rtos,pharmaceutical,remote-accessible,build,AMBER,,profinet;s7comm-plus;opc-ua;modbus-tcp,17,6
ICS-0454_siemens_simatic-s7-1200-cpu-1212c_SBOM.json,ICS-0454,urn:uuid:8b346601-73db-5311-8e01-34837c99305c,Siemens AG,SIMATIC S7-1200 CPU 1212C,3.3.24,plc,firmware,1,proprietary-rtos,wastewater,dmz-routable,build,RED,PLd (ISO 13849),profinet;s7comm-plus;modbus-tcp,14,4
ICS-0455_siemens_simatic-s7-400-cpu-416-3_SBOM.json,ICS-0455,urn:uuid:45d14cfc-30f6-5382-9557-19b882828daa,Siemens AG,SIMATIC S7-400 CPU 416-3,7.11.34,plc,firmware,1,proprietary-rtos,water-treatment,control-network,design,AMBER+STRICT,,profibus;s7comm;industrial-ethernet,14,5
ICS-0456_rockwell_controllogix-controller-1756-l71_SBOM.json,ICS-0456,urn:uuid:09d332e1-d3ab-564b-9018-b1c61ef3629e,Rockwell Automation,ControlLogix Controller 1756-L71,6.11.10,plc,firmware,1,vxworks,transportation-rail,remote-accessible,build,GREEN,,ethernet-ip;cip;devicenet,17,7
ICS-0457_rockwell_compactlogix-controller-5069-l320er_SBOM.json,ICS-0457,urn:uuid:ed273885-333d-5abc-90f5-feab40a66a82,Rockwell Automation,CompactLogix Controller 5069-L320ER,1.2.24,plc,firmware,1,vxworks,building-automation,control-network,decommission,RED,SIL2,ethernet-ip;cip;modbus-tcp,11,3
ICS-0458_rockwell_micrologix-controller-1100-c_SBOM.json,ICS-0458,urn:uuid:a9cf221d-28f0-5fc2-897b-ffb4696b9270,Rockwell Automation,MicroLogix Controller 1100-C,3.11.10,plc,firmware,1,proprietary-rtos,semiconductor-fab,dmz-routable,post-build,AMBER,,ethernet-ip;df1,11,3
ICS-0459_schneider_modicon-m340-controller-bmxp341000_SBOM.json,ICS-0459,urn:uuid:04b8d88a-7516-511d-a394-3d6dcdadb648,Schneider Electric,Modicon M340 Controller BMXP341000,9.9.32,plc,firmware,1,vxworks,wastewater,isolated-cell,post-build,RED,,modbus-tcp;ethernet-ip;canopen,19,5
ICS-0460_schneider_modicon-m580-epac-bmep584040_SBOM.json,ICS-0460,urn:uuid:ced9aaa5-bcc3-5e24-b73f-ba887e897750,Schneider Electric,Modicon M580 ePAC BMEP584040,6.10.2,plc,firmware,1,linux,chemical,remote-accessible,decommission,RED,,modbus-tcp;ethernet-ip;opc-ua;dnp3,17,7
ICS-0461_mitsubishi_melsec-iq-r-cpu-r04cpu_SBOM.json,ICS-0461,urn:uuid:80630422-66f8-5859-8041-91801af40d40,Mitsubishi Electric,MELSEC iQ-R CPU R04CPU,2.10.20,plc,firmware,1,proprietary-rtos,port-and-logistics,isolated-cell,design,AMBER,PLd (ISO 13849),cc-link-ie;melsoft;modbus-tcp;slmp,17,5
ICS-0462_mitsubishi_melsec-q-series-cpu-q06ude_SBOM.json,ICS-0462,urn:uuid:d8c5ec7a-11e4-50da-b42f-6fb580f7e449,Mitsubishi Electric,MELSEC-Q Series CPU Q06UDE,6.8.40,plc,firmware,1,proprietary-rtos,power-distribution,control-network,build,AMBER+STRICT,PLd (ISO 13849),cc-link;melsoft;modbus-tcp,17,8
ICS-0463_omron_sysmac-nj-machine-controller-nj301-1200_SBOM.json,ICS-0463,urn:uuid:33831716-da8f-5dae-b968-4df6fa556a31,OMRON Corporation,SYSMAC NJ Machine Controller NJ301-1200,2.23.10,plc,firmware,1,proprietary-rtos,water-treatment,dmz-routable,operations,AMBER+STRICT,,ethercat;ethernet-ip;opc-ua,15,3
ICS-0464_omron_sysmac-cj2-plc-cj2h-cpu64_SBOM.json,ICS-0464,urn:uuid:d7434fac-64ca-578c-89a8-1dcfef460d3f,OMRON Corporation,SYSMAC CJ2 PLC CJ2H-CPU64,4.5.19,plc,firmware,1,proprietary-rtos,pharmaceutical,isolated-cell,build,RED,PLd (ISO 13849),fins;ethernet-ip;modbus-tcp,15,5
ICS-0465_beckhoff_twincat-runtime-controller-cx8190_SBOM.json,ICS-0465,urn:uuid:204aa6b3-3178-5fae-8e8b-bdbcf4821657,Beckhoff Automation,TwinCAT Runtime Controller CX8190,6.6.19,plc,application,1,windows,food-and-beverage,remote-accessible,build,AMBER+STRICT,PLd (ISO 13849),ethercat;opc-ua;modbus-tcp;profinet,13,3
ICS-0466_wago_pfc200-controller-750-8206_SBOM.json,ICS-0466,urn:uuid:a9ac7636-9c25-57be-8d85-884ce1007522,WAGO GmbH,PFC200 Controller 750-8206,3.24.16,plc,firmware,1,linux,petrochemical,dmz-routable,operations,AMBER,,modbus-tcp;profinet;canopen;mqtt;opc-ua,17,7
ICS-0467_phoenix_axc-f-2152-controller-axc-f-3152_SBOM.json,ICS-0467,urn:uuid:e936c168-e2ff-5a8d-ae6a-62fd0a4ccee8,Phoenix Contact,AXC F 2152 Controller AXC-F-3152,4.14.31,plc,firmware,1,linux,chemical,isolated-cell,post-build,RED,,profinet;opc-ua;modbus-tcp;mqtt,16,5
ICS-0468_br_x20-controller-x20cp3586_SBOM.json,ICS-0468,urn:uuid:9f0aff6c-5de9-52cc-a99b-c54834a19f2c,B&R Industrial Automation,X20 Controller X20CP3586,1.4.8,plc,firmware,1,proprietary-rtos,oil-and-gas-midstream,isolated-cell,post-build,GREEN,,powerlink;opc-ua;modbus-tcp,13,3
ICS-0469_ls-electric_xgt-plc-cpu-xgi-cpuu_SBOM.json,ICS-0469,urn:uuid:1d4febb7-86fb-583c-8c05-322baef2c28c,LS ELECTRIC,XGT PLC CPU XGI-CPUU,5.10.17,plc,firmware,1,proprietary-rtos,power-distribution,dmz-routable,design,AMBER+STRICT,,modbus-tcp;rapienet;ethernet-ip,13,5
ICS-0470_delta_as-series-plc-as332t-a_SBOM.json,ICS-0470,urn:uuid:5947f345-5ed8-5b29-900e-d09ea8c6b393,Delta Electronics,AS Series PLC AS332T-A,4.6.15,plc,firmware,1,proprietary-rtos,power-transmission,dmz-routable,decommission,AMBER+STRICT,SIL2,modbus-tcp;ethernet-ip;canopen,15,5
ICS-0471_unitronics_unistream-plc-usp-104-b10_SBOM.json,ICS-0471,urn:uuid:8bfb6328-547b-5cd9-a2f7-0ee816d74240,Unitronics,UniStream PLC USP-104-B10,2.18.26,plc,firmware,1,linux,building-automation,isolated-cell,post-build,AMBER,,modbus-tcp;canopen;mqtt,20,11
ICS-0472_idec_microsmart-fc6a-plc-fc6a-d32k3_SBOM.json,ICS-0472,urn:uuid:b76b0974-4af0-51be-8a99-32e8ee66894c,IDEC Corporation,MicroSmart FC6A PLC FC6A-D32K3,6.17.1,plc,firmware,1,proprietary-rtos,building-automation,control-network,build,AMBER,,modbus-tcp;bacnet-ip,15,7
ICS-0473_panasonic_fp7-series-plc-afp7cps31_SBOM.json,ICS-0473,urn:uuid:717ca118-af77-51bf-8aa1-89bf170b9989,"Panasonic Industry Co., Ltd.",FP7 Series PLC AFP7CPS31,3.19.36,plc,firmware,1,proprietary-rtos,power-transmission,dmz-routable,design,RED,,modbus-tcp;mewtocol,15,5
ICS-0474_keyence_kv-8000-plc-kv-7500_SBOM.json,ICS-0474,urn:uuid:275d0b6f-e541-53b0-a467-10eb8e67c119,KEYENCE Corporation,KV-8000 PLC KV-7500,1.17.21,plc,firmware,1,proprietary-rtos,semiconductor-fab,dmz-routable,post-build,CLEAR,SIL2,ethernet-ip;modbus-tcp;kv-protocol,15,3
ICS-0475_fuji_micrex-sx-plc-np1pm-256e_SBOM.json,ICS-0475,urn:uuid:6e002f9f-9f70-5a22-8174-81d5c33e1b8d,Fuji Electric,MICREX-SX PLC NP1PM-256E,7.13.18,plc,firmware,1,proprietary-rtos,manufacturing-process,isolated-cell,design,AMBER+STRICT,PLd (ISO 13849),modbus-tcp;fl-net,10,4
ICS-0476_codesys_codesys-control-runtime-for-linux-sl_SBOM.json,ICS-0476,urn:uuid:d419f226-762e-50a5-91af-21f5bfa38165,CODESYS GmbH,CODESYS Control Runtime for Linux SL,6.18.20,plc-runtime,application,1,linux,port-and-logistics,isolated-cell,post-build,CLEAR,,modbus-tcp;opc-ua;ethercat;canopen;profinet,20,6
ICS-0477_abb_rtu560-telecontrol-unit-560cmr01_SBOM.json,ICS-0477,urn:uuid:1fb16ec3-6098-560b-a69d-fdd18e449242,ABB Ltd,RTU560 Telecontrol Unit 560CMR01,2.20.24,rtu,firmware,1,linux,water-treatment,control-network,operations,GREEN,,iec-60870-5-104;dnp3;iec-61850-mms;modbus-tcp,22,11
ICS-0478_schneider_scadapack-rtu-474i_SBOM.json,ICS-0478,urn:uuid:88557c03-6dd8-5e80-981e-bff16d6eea03,Schneider Electric,SCADAPack RTU 474i,3.5.30,rtu,firmware,1,vxworks,wastewater,remote-accessible,post-build,AMBER,,dnp3;modbus-tcp;iec-60870-5-104,17,4
ICS-0479_ge_d20-mx-substation-controller-d20eme_SBOM.json,ICS-0479,urn:uuid:ec7e8ec7-3b5e-5aaf-b3f6-993fb4c27fb4,GE Vernova,D20 MX Substation Controller D20EME,9.13.39,rtu,firmware,1,linux,automotive,control-network,decommission,AMBER+STRICT,,dnp3;iec-61850-mms;modbus-tcp,19,5
ICS-0480_siemens_sicam-a8000-rtu-cp-8031_SBOM.json,ICS-0480,urn:uuid:62012168-dab8-5986-a857-ba23e64c6f42,Siemens AG,SICAM A8000 RTU CP-8031,7.16.16,rtu,firmware,1,linux,food-and-beverage,control-network,build,GREEN,,iec-60870-5-104;iec-61850-mms;dnp3;modbus-tcp,16,4
ICS-0481_hitachi-energy_rtu500-series-rtu520_SBOM.json,ICS-0481,urn:uuid:989038ac-edd1-5ece-ba4b-071963004559,Hitachi Energy,RTU500 Series RTU520,2.20.24,rtu,firmware,1,proprietary-rtos,chemical,remote-accessible,post-build,GREEN,,iec-60870-5-104;iec-61850-mms;dnp3,16,6
ICS-0482_moxa_iopac-programmable-controller-8500-c-t_SBOM.json,ICS-0482,urn:uuid:6af7594f-dd5d-5186-b586-dd2afc0a3625,Moxa Inc.,ioPAC Programmable Controller 8500-C-T,5.10.30,rtu,firmware,1,linux,oil-and-gas-midstream,control-network,build,AMBER+STRICT,,modbus-tcp;dnp3;mqtt,19,6
ICS-0483_red-lion_data-station-plus-rtu-dspzr000_SBOM.json,ICS-0483,urn:uuid:8c57c95f-291b-5edd-9bc2-1a4bc633a962,Red Lion Controls,Data Station Plus RTU DSPZR000,1.2.36,rtu,firmware,1,linux,power-transmission,control-network,decommission,AMBER,,modbus-tcp;dnp3;ethernet-ip;mqtt,23,10
ICS-0484_sel_sel-451-protection-system-451-5_SBOM.json,ICS-0484,urn:uuid:6a814b3c-2e10-5db9-abfc-5720b09cd5ef,Schweitzer Engineering Laboratories,SEL-451 Protection System 451-5,3.4.22,ied,firmware,1,proprietary-rtos,automotive,control-network,design,AMBER,,iec-61850-mms;iec-61850-goose;dnp3;modbus-tcp,17,2
ICS-0485_sel_sel-3530-rtac-3530-4_SBOM.json,ICS-0485,urn:uuid:d03dd8ed-4ac6-5961-a9c2-5afd537f65de,Schweitzer Engineering Laboratories,SEL-3530 RTAC 3530-4,6.19.12,ied,firmware,1,linux,pulp-and-paper,remote-accessible,design,AMBER+STRICT,,dnp3;iec-61850-mms;modbus-tcp;iec-60870-5-104,14,3
ICS-0486_hitachi-energy_ref615-feeder-protection-relay-ref615_SBOM.json,ICS-0486,urn:uuid:9d7b6c2d-3c1d-539e-b455-6dcee2169c73,Hitachi Energy,REF615 Feeder Protection Relay REF615,2.24.33,ied,firmware,1,proprietary-rtos,power-distribution,control-network,build,RED,,iec-61850-mms;iec-61850-goose;modbus-tcp;dnp3,17,5
ICS-0487_siemens_siprotec-5-protection-relay-7sj85_SBOM.json,ICS-0487,urn:uuid:32faa459-cbbd-5fcb-b8c8-247dc5fdcdcd,Siemens AG,SIPROTEC 5 Protection Relay 7SJ85,7.14.13,ied,firmware,1,proprietary-rtos,power-transmission,dmz-routable,decommission,CLEAR,,iec-61850-mms;iec-61850-goose;dnp3;iec-60870-5-103,15,4
ICS-0488_ge_multilin-ur-relay-b30_SBOM.json,ICS-0488,urn:uuid:04a7280e-621d-55bd-ae34-ffc32d69cf6d,GE Vernova,Multilin UR Relay B30,7.6.25,ied,firmware,1,proprietary-rtos,power-transmission,isolated-cell,decommission,RED,,iec-61850-mms;iec-61850-goose;dnp3;modbus-tcp,19,8
ICS-0489_schneider_easergy-p3-protection-relay-p3l30_SBOM.json,ICS-0489,urn:uuid:ea68f100-a261-5ca7-8e9c-4d79879e825f,Schneider Electric,Easergy P3 Protection Relay P3L30,7.4.21,ied,firmware,1,proprietary-rtos,oil-and-gas-midstream,isolated-cell,operations,CLEAR,,iec-61850-mms;modbus-tcp;dnp3,17,9
ICS-0490_nari_pcs-9611-feeder-protection-pcs-9705_SBOM.json,ICS-0490,urn:uuid:12efef4f-5731-5acc-a3e9-7b55f3123864,NARI Technology,PCS-9611 Feeder Protection PCS-9705,6.17.40,ied,firmware,1,proprietary-rtos,water-treatment,control-network,build,AMBER+STRICT,,iec-61850-mms;iec-61850-goose;modbus-tcp,16,6
ICS-0491_hd-hyundai_higen-protection-relay-hgr-200_SBOM.json,ICS-0491,urn:uuid:27b2ff41-34aa-5bab-97af-a39d53ee2354,HD Hyundai Electric,HiGEN Protection Relay HGR-200,2.2.17,ied,firmware,1,proprietary-rtos,manufacturing-discrete,dmz-routable,decommission,AMBER,,iec-61850-mms;modbus-tcp;dnp3,13,5
ICS-0492_siemens_simatic-hmi-comfort-panel-tp1200_SBOM.json,ICS-0492,urn:uuid:c70d2ee9-f76e-579f-b23d-b8cb19213e61,Siemens AG,SIMATIC HMI Comfort Panel TP1200,2.12.40,hmi,firmware,2,windows,wastewater,remote-accessible,build,AMBER+STRICT,,profinet;opc-ua;s7comm-plus,13,3
ICS-0493_rockwell_panelview-plus-terminal-7-performance-1500_SBOM.json,ICS-0493,urn:uuid:92c258b3-192a-5b67-9597-279200123264,Rockwell Automation,PanelView Plus Terminal 7 Performance 1500,9.8.10,hmi,firmware,2,windows,power-transmission,remote-accessible,post-build,RED,,ethernet-ip;cip,14,6
ICS-0494_schneider_magelis-gtu-hmi-hmidt551_SBOM.json,ICS-0494,urn:uuid:d71d5493-0a79-5ac5-bde6-623987a82796,Schneider Electric,Magelis GTU HMI HMIDT551,7.11.34,hmi,firmware,2,linux,building-automation,dmz-routable,decommission,CLEAR,,modbus-tcp;ethernet-ip;opc-ua,20,7
ICS-0495_mitsubishi_got2000-graphic-terminal-gt2510-vtba_SBOM.json,ICS-0495,urn:uuid:041074f7-7fe1-56f1-9154-f4a5c6fdab57,Mitsubishi Electric,GOT2000 Graphic Terminal GT2510-VTBA,9.19.21,hmi,firmware,2,proprietary-rtos,power-transmission,dmz-routable,build,CLEAR,,cc-link-ie;melsoft;modbus-tcp,15,8
ICS-0496_advantech_webop-operator-panel-wop-3070t_SBOM.json,ICS-0496,urn:uuid:f5b9eb87-7db4-5094-8807-d7b3a1ada0e1,"Advantech Co., Ltd.",WebOP Operator Panel WOP-3070T,3.16.12,hmi,firmware,2,linux,district-heating,control-network,design,CLEAR,,modbus-tcp;ethernet-ip;mqtt,15,4
ICS-0497_delta_dop-100-hmi-dop-110cs_SBOM.json,ICS-0497,urn:uuid:b3d18455-0af5-58e2-b7bd-3220b39ab54a,Delta Electronics,DOP-100 HMI DOP-110CS,1.9.16,hmi,firmware,2,proprietary-rtos,oil-and-gas-upstream,dmz-routable,decommission,AMBER+STRICT,,modbus-tcp;canopen,12,3
ICS-0498_omron_na-series-hmi-na5-9w_SBOM.json,ICS-0498,urn:uuid:6bb1ced5-a2fa-5709-939f-1bb8e329d03d,OMRON Corporation,NA Series HMI NA5-9W,6.22.37,hmi,firmware,2,windows,transportation-metro,dmz-routable,design,AMBER,,ethernet-ip;opc-ua;modbus-tcp,16,5
ICS-0499_pilz_pmi-operator-terminal-pmi-v812_SBOM.json,ICS-0499,urn:uuid:839dae37-7e83-52e3-a271-b17ba5988895,Pilz GmbH,PMI Operator Terminal PMI v812,5.13.25,hmi,firmware,2,linux,power-generation,control-network,operations,AMBER,,profinet;modbus-tcp,18,8
ICS-0500_aveva_aveva-plant-scada-2023_SBOM.json,ICS-0500,urn:uuid:859c8c84-89a4-576c-a84e-b187f3c4c2c4,AVEVA Group plc,AVEVA Plant SCADA 2023,7.23.4,scada-server,application,2,windows,food-and-beverage,isolated-cell,design,RED,,opc-ua;opc-da;modbus-tcp;dnp3;iec-60870-5-104,18,5
ICS-0501_inductive_ignition-scada-platform-8-1-edge_SBOM.json,ICS-0501,urn:uuid:84a5b025-70ea-580e-85e4-d1b0a199a2aa,Inductive Automation,Ignition SCADA Platform 8.1 Edge,9.4.16,scada-server,application,2,java,pulp-and-paper,dmz-routable,decommission,CLEAR,,opc-ua;modbus-tcp;mqtt-sparkplug;dnp3,16,5
ICS-0502_copadata_zenon-supervisor-11_SBOM.json,ICS-0502,urn:uuid:8c7dd5ec-3133-5a3d-beec-d48976999e2a,COPA-DATA GmbH,zenon Supervisor 11,8.23.13,scada-server,application,2,windows,food-and-beverage,isolated-cell,operations,AMBER+STRICT,,opc-ua;iec-61850-mms;iec-60870-5-104;modbus-tcp,19,5
ICS-0503_siemens_simatic-wincc-v8-0_SBOM.json,ICS-0503,urn:uuid:3bd23e1c-444e-5d81-9ac0-56aa5f2913ab,Siemens AG,SIMATIC WinCC V8.0,7.16.33,scada-server,application,2,windows,district-heating,control-network,build,AMBER,,opc-ua;profinet;s7comm-plus,17,4
ICS-0504_ge_cimplicity-hmi-scada-2022_SBOM.json,ICS-0504,urn:uuid:ba0cb612-763d-57d4-abb6-a3d0fc3eab22,GE Vernova,CIMPLICITY HMI/SCADA 2022,8.21.16,scada-server,application,2,windows,transportation-rail,remote-accessible,decommission,CLEAR,,opc-ua;opc-da;modbus-tcp,15,3
ICS-0505_schneider_ecostruxure-geo-scada-expert-2022_SBOM.json,ICS-0505,urn:uuid:8b3476ed-5458-5e79-917c-5d7916294c6f,Schneider Electric,EcoStruxure Geo SCADA Expert 2022,3.7.4,scada-server,application,2,windows,pulp-and-paper,remote-accessible,design,AMBER+STRICT,,dnp3;iec-60870-5-104;modbus-tcp;opc-ua,16,2
ICS-0506_rockwell_factorytalk-view-se-13-00_SBOM.json,ICS-0506,urn:uuid:42f0b289-8669-517a-875a-641f52510c6e,Rockwell Automation,FactoryTalk View SE 13.00,6.1.10,scada-server,application,2,windows,water-treatment,remote-accessible,post-build,CLEAR,,ethernet-ip;opc-ua;cip,15,6
ICS-0507_aveva_aveva-historian-2023_SBOM.json,ICS-0507,urn:uuid:3635224c-4297-57df-baac-19fe0357e4cd,AVEVA Group plc,AVEVA Historian 2023,3.12.40,historian,application,3,windows,water-treatment,remote-accessible,design,CLEAR,,opc-ua;opc-hda;sql,11,3
ICS-0508_ge_proficy-historian-2023_SBOM.json,ICS-0508,urn:uuid:1be6fa27-36f6-572a-b02b-ac9ac55d6a9f,GE Vernova,Proficy Historian 2023,3.2.4,historian,application,3,windows,pharmaceutical,control-network,design,RED,,opc-ua;opc-hda;sql,14,3
ICS-0509_honeywell_uniformance-phd-historian-r400_SBOM.json,ICS-0509,urn:uuid:fbbcc587-a273-5d17-8fa8-c5f1fdaf9a3d,Honeywell International,Uniformance PHD Historian R400,8.9.23,historian,application,3,windows,semiconductor-fab,isolated-cell,operations,AMBER+STRICT,,opc-ua;opc-hda;sql,16,5
ICS-0510_emerson_deltav-continuous-historian-14-lts_SBOM.json,ICS-0510,urn:uuid:aa5f1b42-4248-5b88-bca7-f02a41b8c54f,Emerson Electric,DeltaV Continuous Historian 14.LTS,6.6.4,historian,application,3,windows,manufacturing-process,dmz-routable,build,AMBER+STRICT,,opc-ua;opc-hda,11,4
ICS-0511_yokogawa_exaquantum-plant-information-system-r3-15_SBOM.json,ICS-0511,urn:uuid:80bd2bc4-9a4b-5bdf-90f9-47d88821152c,Yokogawa Electric,Exaquantum Plant Information System R3.15,1.7.31,historian,application,3,windows,chemical,control-network,design,RED,,opc-ua;opc-hda;sql,15,4
ICS-0512_siemens_tia-portal-engineering-suite-v18_SBOM.json,ICS-0512,urn:uuid:e8832ae4-0084-539a-ad14-df447ca3c5ee,Siemens AG,TIA Portal Engineering Suite V18,2.21.11,engineering-workstation,application,3,windows,petrochemical,remote-accessible,post-build,GREEN,,profinet;s7comm-plus;opc-ua,14,4
ICS-0513_rockwell_studio-5000-logix-designer-32-00_SBOM.json,ICS-0513,urn:uuid:894124d8-f91c-5fe0-b9a9-ada48d9155d7,Rockwell Automation,Studio 5000 Logix Designer 32.00,3.20.35,engineering-workstation,application,3,windows,manufacturing-process,isolated-cell,design,RED,,ethernet-ip;cip,13,2
ICS-0514_schneider_ecostruxure-control-expert-v16-0_SBOM.json,ICS-0514,urn:uuid:28388305-7793-5a35-968a-397d1e044728,Schneider Electric,EcoStruxure Control Expert V16.0,5.19.25,engineering-workstation,application,3,windows,transportation-metro,control-network,build,AMBER,,modbus-tcp;ethernet-ip;opc-ua,17,3
ICS-0515_mitsubishi_gx-works3-engineering-tool-1-090u_SBOM.json,ICS-0515,urn:uuid:6dea9c4b-8f1c-5a46-b21e-bccdc944112e,Mitsubishi Electric,GX Works3 Engineering Tool 1.090U,9.18.40,engineering-workstation,application,3,windows,port-and-logistics,remote-accessible,decommission,AMBER+STRICT,,cc-link-ie;melsoft,12,2
ICS-0516_codesys_codesys-development-system-v3-5-sp18_SBOM.json,ICS-0516,urn:uuid:f09c7497-7473-53dd-b614-d4bfa26b206e,CODESYS GmbH,CODESYS Development System V3.5 SP18,2.24.14,engineering-workstation,application,3,windows,steel-and-metals,control-network,decommission,GREEN,,modbus-tcp;opc-ua;ethercat,17,5
ICS-0517_abb_automation-builder-2-6_SBOM.json,ICS-0517,urn:uuid:4dea5a40-d4b2-54c1-b6da-28babaa5aece,ABB Ltd,Automation Builder 2.6,3.10.10,engineering-workstation,application,3,windows,petrochemical,remote-accessible,operations,GREEN,,modbus-tcp;profinet;ethercat,17,5
ICS-0518_emerson_deltav-md-plus-controller-sx_SBOM.json,ICS-0518,urn:uuid:4d5db15b-c841-5f20-8595-b4e58dd9b829,Emerson Electric,DeltaV MD Plus Controller SX,2.12.11,dcs-controller,firmware,1,vxworks,chemical,remote-accessible,post-build,RED,SIL2,deltav-proprietary;modbus-tcp;opc-ua;hart-ip,16,7
ICS-0519_honeywell_experion-c300-controller-c200e_SBOM.json,ICS-0519,urn:uuid:0ae7e27b-2258-51d7-9b90-0d5e06aaa9d0,Honeywell International,Experion C300 Controller C200E,3.22.3,dcs-controller,firmware,1,vxworks,steel-and-metals,remote-accessible,post-build,CLEAR,SIL2,fte;modbus-tcp;hart-ip;opc-ua,16,8
ICS-0520_yokogawa_centum-vp-field-control-station-afv10d_SBOM.json,ICS-0520,urn:uuid:64ca650e-319d-557d-b3ae-41c5ebc0ac95,Yokogawa Electric,CENTUM VP Field Control Station AFV10D,3.4.40,dcs-controller,firmware,1,proprietary-rtos,district-heating,dmz-routable,design,RED,,vnet-ip;modbus-tcp;hart-ip;foundation-fieldbus,16,5
ICS-0521_abb_ac-800m-controller-pm891_SBOM.json,ICS-0521,urn:uuid:b6d8f93f-93b3-5d8f-ac8d-09f02d56f455,ABB Ltd,AC 800M Controller PM891,6.23.16,dcs-controller,firmware,1,vxworks,chemical,remote-accessible,build,AMBER+STRICT,SIL2,profibus;modbus-tcp;iec-61850-mms;opc-ua,19,6
ICS-0522_siemens_simatic-pcs-7-as-controller-as-417-4_SBOM.json,ICS-0522,urn:uuid:73a14c6c-1a10-535c-bfaf-175019b01b6e,Siemens AG,SIMATIC PCS 7 AS Controller AS 417-4,6.16.32,dcs-controller,firmware,1,proprietary-rtos,manufacturing-discrete,control-network,post-build,AMBER+STRICT,,profibus;profinet;opc-ua,17,4
ICS-0523_hitachi-energy_symphony-plus-hpc800-brc410_SBOM.json,ICS-0523,urn:uuid:b9cda89e-f071-5c00-99c2-c52da38b4db3,Hitachi Energy,Symphony Plus HPC800 BRC410,1.3.34,dcs-controller,firmware,1,vxworks,building-automation,remote-accessible,operations,GREEN,,modbus-tcp;iec-61850-mms;opc-ua,14,4
ICS-0524_schneider_triconex-tricon-cx-controller-trident-3_SBOM.json,ICS-0524,urn:uuid:6c73fe8e-6de0-578c-ad6b-5727098a20c5,Schneider Electric,Triconex Tricon CX Controller Trident 3,1.10.21,sis-logic-solver,firmware,1,proprietary-rtos,district-heating,dmz-routable,decommission,CLEAR,SIL3 (IEC 61508),tristation;modbus-tcp;opc-ua,12,5
ICS-0525_hima_himax-safety-controller-x-cpu-01_SBOM.json,ICS-0525,urn:uuid:328ec7e1-66b6-54fe-aedb-59478122b753,HIMA Paul Hildebrandt GmbH,HIMax Safety Controller X-CPU 01,7.12.27,sis-logic-solver,firmware,1,proprietary-rtos,transportation-metro,remote-accessible,build,GREEN,SIL3 (IEC 61508),safeethernet;modbus-tcp;opc-ua,12,5
ICS-0526_pilz_pss-4000-safety-controller-pssu-h-fs_SBOM.json,ICS-0526,urn:uuid:c129a05e-462b-55b8-aa88-7e914af748fe,Pilz GmbH,PSS 4000 Safety Controller PSSu H FS,6.21.1,sis-logic-solver,firmware,1,proprietary-rtos,transportation-rail,dmz-routable,build,GREEN,SIL3 (IEC 61508),safetynet-p;profinet;modbus-tcp,13,4
ICS-0527_siemens_simatic-s7-1500f-safety-cpu-1516f-3-pn-dp_SBOM.json,ICS-0527,urn:uuid:74a7ff98-778f-5cf3-bc34-c1dbb566a59e,Siemens AG,SIMATIC S7-1500F Safety CPU 1516F-3 PN/DP,4.13.12,sis-logic-solver,firmware,1,proprietary-rtos,automotive,dmz-routable,design,RED,SIL3,profisafe;profinet;opc-ua,15,6
ICS-0528_rockwell_guardlogix-safety-controller-1756-l83es_SBOM.json,ICS-0528,urn:uuid:5bd665f0-4869-5243-aa85-50d83815c3f1,Rockwell Automation,GuardLogix Safety Controller 1756-L83ES,1.23.15,sis-logic-solver,firmware,1,vxworks,semiconductor-fab,dmz-routable,operations,GREEN,SIL3 (IEC 61508),cip-safety;ethernet-ip,15,7
ICS-0529_moxa_mgate-protocol-gateway-5105-mb-eip_SBOM.json,ICS-0529,urn:uuid:bb8c6054-86af-5266-8a5f-674bc6b5d1ca,Moxa Inc.,MGate Protocol Gateway 5105-MB-EIP,6.5.12,protocol-gateway,firmware,3.5,linux,water-treatment,isolated-cell,decommission,CLEAR,,modbus-tcp;ethernet-ip;profinet;dnp3;iec-60870-5-104,18,7
ICS-0530_softing_edgeaggregator-gateway-ea-300_SBOM.json,ICS-0530,urn:uuid:9872146e-f2ca-558c-96bc-aef8af066888,Softing Industrial Automation,edgeAggregator Gateway EA-300,4.14.33,protocol-gateway,application,3.5,linux,power-generation,remote-accessible,post-build,AMBER+STRICT,,opc-ua;mqtt;modbus-tcp;s7comm,18,8
ICS-0531_advantech_ecu-1251-edge-gateway-ecu-1051_SBOM.json,ICS-0531,urn:uuid:0884c0d5-9f9f-553c-b51e-d07e62634b12,"Advantech Co., Ltd.",ECU-1251 Edge Gateway ECU-1051,9.22.40,protocol-gateway,firmware,3.5,linux,port-and-logistics,remote-accessible,design,AMBER+STRICT,,modbus-tcp;mqtt;opc-ua;dnp3,15,5
ICS-0532_phoenix_fl-mguard-security-appliance-rs2000_SBOM.json,ICS-0532,urn:uuid:32fcb3b7-0a71-569d-aef4-13f392a113c3,Phoenix Contact,FL MGUARD Security Appliance RS2000,1.9.9,industrial-firewall,firmware,3.5,linux,manufacturing-discrete,remote-accessible,post-build,CLEAR,,ipsec;modbus-tcp-dpi;opc-ua,16,7
ICS-0533_belden_eagle40-industrial-firewall-eagle30_SBOM.json,ICS-0533,urn:uuid:f7d51110-1102-5847-adf6-493788ac0c69,Belden / Hirschmann,EAGLE40 Industrial Firewall EAGLE30,5.20.11,industrial-firewall,firmware,3.5,linux,semiconductor-fab,isolated-cell,decommission,GREEN,,modbus-tcp-dpi;iec-61850-dpi;ipsec,12,5
ICS-0534_belden_rsp-managed-switch-rsp20_SBOM.json,ICS-0534,urn:uuid:b3530fff-a850-5d33-b76e-b61d98a1ea86,Belden / Hirschmann,RSP Managed Switch RSP20,3.5.22,industrial-switch,firmware,2,linux,automotive,dmz-routable,decommission,RED,,prp;hsr;iec-61850-mms;snmp,16,4
ICS-0535_westermo_lynx-dss-managed-switch-lynx-5612_SBOM.json,ICS-0535,urn:uuid:9318e061-b680-5465-9365-6aa2aae635e0,Westermo Network Technologies,Lynx DSS Managed Switch Lynx-5612,5.1.31,industrial-switch,firmware,2,linux,automotive,remote-accessible,design,RED,,snmp;prp;modbus-tcp,13,3
ICS-0536_moxa_eds-managed-ethernet-switch-eds-508a_SBOM.json,ICS-0536,urn:uuid:34570cdd-73da-51da-8b51-06a8ff2ce4cf,Moxa Inc.,EDS Managed Ethernet Switch EDS-508A,1.0.12,industrial-switch,firmware,2,linux,pharmaceutical,isolated-cell,build,AMBER,,snmp;prp;modbus-tcp,19,7
ICS-0537_siemens_scalance-x-industrial-switch-x308-2_SBOM.json,ICS-0537,urn:uuid:b13d704d-08b3-5fda-9f8e-104911ae4499,Siemens AG,SCALANCE X Industrial Switch X308-2,3.5.14,industrial-switch,firmware,2,linux,wastewater,isolated-cell,design,AMBER,,profinet;snmp;prp,21,7
ICS-0538_siemens_ruggedcom-rx1500-router-rx1400_SBOM.json,ICS-0538,urn:uuid:f0e29498-941f-5246-b3ee-a7d8aed55bbd,Siemens AG,RUGGEDCOM RX1500 Router RX1400,3.7.13,industrial-router,firmware,3.5,linux,chemical,dmz-routable,design,CLEAR,,snmp;ipsec;iec-61850-mms,19,3
ICS-0539_abb_acs880-industrial-drive-acs880-07_SBOM.json,ICS-0539,urn:uuid:007a70dd-2d28-5cec-92cc-b58ad0d7366e,ABB Ltd,ACS880 Industrial Drive ACS880-07,6.22.29,vfd-drive,firmware,1,proprietary-rtos,pulp-and-paper,control-network,decommission,GREEN,,profinet;ethernet-ip;modbus-tcp;ethercat,17,7
ICS-0540_siemens_sinamics-s120-drive-cu310-2-pn_SBOM.json,ICS-0540,urn:uuid:a1056fc1-0960-580d-a343-696b59d1696c,Siemens AG,SINAMICS S120 Drive CU310-2 PN,3.7.17,vfd-drive,firmware,1,proprietary-rtos,building-automation,control-network,build,AMBER,,profinet;profisafe;ethernet-ip,13,5
ICS-0541_danfoss_vlt-automationdrive-fc-102_SBOM.json,ICS-0541,urn:uuid:af57428b-fd67-55aa-af5d-1263a53004f0,Danfoss A/S,VLT AutomationDrive FC-102,4.22.8,vfd-drive,firmware,1,proprietary-rtos,transportation-metro,remote-accessible,operations,AMBER+STRICT,,profinet;modbus-tcp;ethernet-ip,17,3
ICS-0542_rockwell_powerflex-755-drive-755t_SBOM.json,ICS-0542,urn:uuid:26a66493-9587-5f6e-885f-2d0175ddc54a,Rockwell Automation,PowerFlex 755 Drive 755T,2.20.34,vfd-drive,firmware,1,proprietary-rtos,power-generation,control-network,decommission,RED,,ethernet-ip;cip;devicenet,13,5
ICS-0543_bosch-rexroth_indradrive-controller-hcs02_SBOM.json,ICS-0543,urn:uuid:0609fd70-0a62-5380-bad3-ae33c0487a48,Bosch Rexroth AG,IndraDrive Controller HCS02,3.23.14,motion-controller,firmware,1,proprietary-rtos,power-generation,isolated-cell,operations,CLEAR,,sercos-iii;profinet;ethercat;ethernet-ip,17,5
ICS-0544_bosch-rexroth_indramotion-mlc-xm42_SBOM.json,ICS-0544,urn:uuid:0cb65236-29bb-5e5e-9ca3-a4d2258cc56e,Bosch Rexroth AG,IndraMotion MLC XM42,3.3.14,motion-controller,firmware,1,linux,semiconductor-fab,isolated-cell,decommission,GREEN,,sercos-iii;opc-ua;profinet,19,10
ICS-0545_fuji_frenic-ace-inverter-frn0012e2s_SBOM.json,ICS-0545,urn:uuid:4257aa87-6d44-5db6-9920-eab42abcefcc,Fuji Electric,FRENIC-Ace Inverter FRN0012E2S,8.9.37,vfd-drive,firmware,1,proprietary-rtos,building-automation,dmz-routable,decommission,AMBER+STRICT,,modbus-tcp;profinet,15,3
ICS-0546_mitsubishi_melfa-robot-controller-cr800-r_SBOM.json,ICS-0546,urn:uuid:a6e42ff8-d46b-5d06-8283-4e05712618cc,Mitsubishi Electric,MELFA Robot Controller CR800-R,8.17.4,robot-controller,firmware,1,proprietary-rtos,district-heating,control-network,post-build,GREEN,PLd (ISO 13849),cc-link-ie;ethernet-ip;melsoft,15,6
ICS-0547_abb_irc5-robot-controller-irc5-single_SBOM.json,ICS-0547,urn:uuid:259de524-f126-5258-ac3d-3c1f2b87b147,ABB Ltd,IRC5 Robot Controller IRC5 Single,8.17.33,robot-controller,firmware,1,vxworks,petrochemical,remote-accessible,operations,RED,PLd (ISO 13849),profinet;ethernet-ip;devicenet,17,7
ICS-0548_keyence_cnc-motion-unit-mc-2_SBOM.json,ICS-0548,urn:uuid:1b74950e-2131-507d-bb65-d36b2957e138,KEYENCE Corporation,CNC Motion Unit MC-2,5.7.12,cnc-controller,firmware,1,proprietary-rtos,water-treatment,dmz-routable,post-build,AMBER,,ethernet-ip;modbus-tcp,14,4
ICS-0549_mitsubishi_m800-cnc-controller-m850w_SBOM.json,ICS-0549,urn:uuid:f222a7c7-02c2-5522-b1b8-18432bde4d0b,Mitsubishi Electric,M800 CNC Controller M850W,8.9.11,cnc-controller,firmware,1,proprietary-rtos,pulp-and-paper,remote-accessible,decommission,AMBER,,cc-link-ie;melsoft;ethernet-ip,18,7
ICS-0550_emerson_rosemount-3051s-transmitter-3051smv_SBOM.json,ICS-0550,urn:uuid:cbe0a960-acb6-59de-a054-1d51af14d6d6,Emerson Electric,Rosemount 3051S Transmitter 3051SMV,3.20.9,field-transmitter,firmware,0,bare-metal,wastewater,isolated-cell,build,RED,,hart;hart-ip;foundation-fieldbus,10,3
ICS-0551_yokogawa_eja-e-series-transmitter-eja430e_SBOM.json,ICS-0551,urn:uuid:1828b2fd-359a-5996-b972-b63c580361e7,Yokogawa Electric,EJA-E Series Transmitter EJA430E,1.8.39,field-transmitter,firmware,0,bare-metal,manufacturing-process,control-network,operations,GREEN,,hart;foundation-fieldbus;profibus-pa,10,3
ICS-0552_honeywell_smartline-st800-transmitter-st700_SBOM.json,ICS-0552,urn:uuid:d82219b0-a970-5509-a7a1-2c44b774bd0d,Honeywell International,SmartLine ST800 Transmitter ST700,2.22.33,field-transmitter,firmware,0,bare-metal,manufacturing-process,remote-accessible,build,RED,,hart;foundation-fieldbus,10,3
ICS-0553_abb_merging-unit-sam600-sam600-ct_SBOM.json,ICS-0553,urn:uuid:93c39436-deb9-5fa3-9b4f-cd0d47c2a9dd,ABB Ltd,Merging Unit SAM600 SAM600-CT,5.9.26,merging-unit,firmware,0,proprietary-rtos,power-distribution,control-network,design,GREEN,,iec-61850-sv;iec-61850-goose;ptp-1588,15,4
ICS-0554_schneider_powerlogic-ion9000-meter-ion7650_SBOM.json,ICS-0554,urn:uuid:efbe2cda-b702-559f-b85f-2ede4af47690,Schneider Electric,PowerLogic ION9000 Meter ION7650,7.2.15,power-meter,firmware,1,linux,oil-and-gas-upstream,isolated-cell,operations,AMBER+STRICT,,modbus-tcp;dnp3;iec-61850-mms,13,3
ICS-0555_ge_epm-9900-power-meter-epm7000_SBOM.json,ICS-0555,urn:uuid:9b3f4e46-84a5-5305-8003-418b8a4753a6,GE Vernova,EPM 9900 Power Meter EPM7000,8.18.11,power-meter,firmware,1,proprietary-rtos,wastewater,dmz-routable,decommission,RED,,modbus-tcp;dnp3;iec-61850-mms,16,4
ICS-0556_ptc_kepserverex-connectivity-platform-6-13_SBOM.json,ICS-0556,urn:uuid:5cd9c376-befe-5e29-8334-68cef148350f,PTC Inc.,KEPServerEX Connectivity Platform 6.13,1.4.16,opc-server,application,3,windows,power-generation,isolated-cell,design,RED,,opc-ua;opc-da;modbus-tcp;ethernet-ip;s7comm,16,3
ICS-0557_softing_datafeed-opc-suite-v5-22_SBOM.json,ICS-0557,urn:uuid:0cb143f6-c0ff-5d2b-8cf5-07938585c51c,Softing Industrial Automation,dataFEED OPC Suite V5.22,3.2.27,opc-server,application,3,windows,building-automation,isolated-cell,build,AMBER+STRICT,,opc-ua;opc-da;mqtt;s7comm,19,7
ICS-0558_aveva_aveva-opc-ua-server-2023_SBOM.json,ICS-0558,urn:uuid:cdc8979d-e8b7-5ebb-81ff-c537bee6037d,AVEVA Group plc,AVEVA OPC UA Server 2023,1.22.33,opc-server,application,3,windows,semiconductor-fab,isolated-cell,decommission,RED,,opc-ua;opc-da,13,3
ICS-0559_honeywell_excel-web-ii-bacnet-controller-xl1000c1000_SBOM.json,ICS-0559,urn:uuid:93f9358f-ae77-5a81-8ee2-44f9552c46f1,Honeywell International,Excel Web II BACnet Controller XL1000C1000,6.10.24,bas-controller,firmware,1,linux,pharmaceutical,remote-accessible,operations,AMBER,,bacnet-ip;modbus-tcp;lonworks,13,5
ICS-0560_siemens_desigo-pxc-automation-station-pxc200-e-d_SBOM.json,ICS-0560,urn:uuid:aa228a8a-4930-551e-b39b-a89533f11400,Siemens AG,Desigo PXC Automation Station PXC200-E.D,9.6.20,bas-controller,firmware,1,proprietary-rtos,automotive,remote-accessible,post-build,RED,,bacnet-ip;modbus-tcp;knx,16,6
ICS-0561_schneider_smartx-as-p-controller-as-b_SBOM.json,ICS-0561,urn:uuid:c8c6f3cb-bb39-507f-9637-0477f78f92f3,Schneider Electric,SmartX AS-P Controller AS-B,9.3.33,bas-controller,firmware,1,linux,oil-and-gas-midstream,isolated-cell,post-build,GREEN,,bacnet-ip;modbus-tcp;lonworks,13,4
ICS-0562_delta_ez-building-controller-ezns-500_SBOM.json,ICS-0562,urn:uuid:b6ce2d3f-2bb7-5d7b-a42c-fe81092a021a,Delta Electronics,eZ Building Controller eZNS-500,5.17.35,bas-controller,firmware,1,linux,water-treatment,control-network,post-build,AMBER,,bacnet-ip;modbus-tcp,13,5
ICS-0563_phoenix_radioline-wireless-gateway-rad-900_SBOM.json,ICS-0563,urn:uuid:6b377109-82a2-5460-b6cd-8616d0392e44,Phoenix Contact,Radioline Wireless Gateway RAD-900,6.7.11,wireless-gateway,firmware,1,freertos,automotive,dmz-routable,build,AMBER,,modbus-tcp;trusted-wireless,11,2
ICS-0564_moxa_awk-industrial-wireless-ap-awk-4131a_SBOM.json,ICS-0564,urn:uuid:6457f2c3-6e4d-5892-9e94-6c16d6618af9,Moxa Inc.,AWK Industrial Wireless AP AWK-4131A,5.7.16,wireless-gateway,firmware,2,linux,building-automation,control-network,decommission,AMBER+STRICT,,snmp;modbus-tcp;wpa2,13,6
ICS-0565_emerson_wireless-1420-gateway-1410s_SBOM.json,ICS-0565,urn:uuid:955298b3-c5b0-5c41-80fe-2aef431a43f0,Emerson Electric,Wireless 1420 Gateway 1410S,3.8.14,wireless-gateway,firmware,1,linux,pulp-and-paper,dmz-routable,post-build,GREEN,,wirelesshart;modbus-tcp;opc-ua,19,7
ICS-0566_siemens_simatic-s7-1500-cpu-1513-1-pn_SBOM.json,ICS-0566,urn:uuid:f4e0da93-5b14-5a81-b792-cbc4fa5a7ce8,Siemens AG,SIMATIC S7-1500 CPU 1513-1 PN,6.4.0,plc,firmware,1,proprietary-rtos,automotive,remote-accessible,design,AMBER+STRICT,PLd (ISO 13849),profinet;s7comm-plus;opc-ua;modbus-tcp,19,6
ICS-0567_siemens_simatic-s7-1200-cpu-1214c_SBOM.json,ICS-0567,urn:uuid:9534effc-098c-57bd-8ec1-0845df17da89,Siemens AG,SIMATIC S7-1200 CPU 1214C,9.4.12,plc,firmware,1,proprietary-rtos,pharmaceutical,control-network,operations,AMBER+STRICT,PLd (ISO 13849),profinet;s7comm-plus;modbus-tcp,15,4
ICS-0568_siemens_simatic-s7-400-cpu-417-4h_SBOM.json,ICS-0568,urn:uuid:c7908cc5-7bce-5a65-a7bc-d9bb8f961c15,Siemens AG,SIMATIC S7-400 CPU 417-4H,8.21.40,plc,firmware,1,proprietary-rtos,oil-and-gas-upstream,control-network,decommission,GREEN,PLd (ISO 13849),profibus;s7comm;industrial-ethernet,15,4
ICS-0569_rockwell_controllogix-controller-1756-l73_SBOM.json,ICS-0569,urn:uuid:8a171325-8759-5e6b-bc4b-5b76ac5afa0d,Rockwell Automation,ControlLogix Controller 1756-L73,8.23.37,plc,firmware,1,vxworks,pharmaceutical,control-network,operations,AMBER,PLd (ISO 13849),ethernet-ip;cip;devicenet,15,6
ICS-0570_rockwell_compactlogix-controller-5370-l33er_SBOM.json,ICS-0570,urn:uuid:eb715215-a95d-5add-a84d-da25f0658fae,Rockwell Automation,CompactLogix Controller 5370-L33ER,2.13.4,plc,firmware,1,vxworks,food-and-beverage,remote-accessible,operations,CLEAR,SIL2,ethernet-ip;cip;modbus-tcp,19,8
ICS-0571_rockwell_micrologix-controller-1200-e_SBOM.json,ICS-0571,urn:uuid:74edeeee-96e8-5990-a7b1-5412794e6954,Rockwell Automation,MicroLogix Controller 1200-E,9.14.34,plc,firmware,1,proprietary-rtos,power-distribution,control-network,operations,RED,,ethernet-ip;df1,14,5
ICS-0572_schneider_modicon-m340-controller-bmxp342030_SBOM.json,ICS-0572,urn:uuid:78095f77-33ec-5e12-b6c6-c31d907a5f2f,Schneider Electric,Modicon M340 Controller BMXP342030,5.14.22,plc,firmware,1,vxworks,manufacturing-discrete,isolated-cell,build,CLEAR,,modbus-tcp;ethernet-ip;canopen,20,9
ICS-0573_schneider_modicon-m580-epac-bmeh586040_SBOM.json,ICS-0573,urn:uuid:3eba8116-f806-5690-a6af-2803bcbabcbf,Schneider Electric,Modicon M580 ePAC BMEH586040,3.4.12,plc,firmware,1,linux,manufacturing-process,dmz-routable,operations,GREEN,,modbus-tcp;ethernet-ip;opc-ua;dnp3,20,8
ICS-0574_mitsubishi_melsec-iq-r-cpu-r08cpu_SBOM.json,ICS-0574,urn:uuid:5a31654d-2e02-5952-88aa-307ebd1f7c56,Mitsubishi Electric,MELSEC iQ-R CPU R08CPU,7.21.24,plc,firmware,1,proprietary-rtos,water-treatment,control-network,build,GREEN,,cc-link-ie;melsoft;modbus-tcp;slmp,18,6
ICS-0575_mitsubishi_melsec-q-series-cpu-q13udh_SBOM.json,ICS-0575,urn:uuid:5cac92f2-1c96-5858-8332-1d34dc447eb8,Mitsubishi Electric,MELSEC-Q Series CPU Q13UDH,5.17.3,plc,firmware,1,proprietary-rtos,manufacturing-process,control-network,decommission,RED,SIL2,cc-link;melsoft;modbus-tcp,15,5
ICS-0576_omron_sysmac-nj-machine-controller-nj501-1500_SBOM.json,ICS-0576,urn:uuid:80fa978d-f0da-507a-8fe5-f91a8b941cc8,OMRON Corporation,SYSMAC NJ Machine Controller NJ501-1500,9.23.15,plc,firmware,1,proprietary-rtos,district-heating,dmz-routable,design,AMBER,,ethercat;ethernet-ip;opc-ua,16,5
ICS-0577_omron_sysmac-cj2-plc-cj2h-cpu68_SBOM.json,ICS-0577,urn:uuid:99ffbbec-f7e4-50a7-892a-5f90e5405bd2,OMRON Corporation,SYSMAC CJ2 PLC CJ2H-CPU68,5.22.36,plc,firmware,1,proprietary-rtos,oil-and-gas-midstream,isolated-cell,post-build,GREEN,,fins;ethernet-ip;modbus-tcp,14,5
ICS-0578_beckhoff_twincat-runtime-controller-cx2043_SBOM.json,ICS-0578,urn:uuid:2744ca6f-5520-5496-94b2-49c492257ef4,Beckhoff Automation,TwinCAT Runtime Controller CX2043,5.5.26,plc,application,1,windows,semiconductor-fab,remote-accessible,build,AMBER+STRICT,,ethercat;opc-ua;modbus-tcp;profinet,18,5
ICS-0579_wago_pfc200-controller-750-8212_SBOM.json,ICS-0579,urn:uuid:4d46b32a-6fb3-525e-8946-cbcbd28ebff0,WAGO GmbH,PFC200 Controller 750-8212,8.21.3,plc,firmware,1,linux,district-heating,control-network,build,AMBER,SIL2,modbus-tcp;profinet;canopen;mqtt;opc-ua,21,10
ICS-0580_phoenix_axc-f-2152-controller-axc-f-1152_SBOM.json,ICS-0580,urn:uuid:3a85b2a1-00a5-5831-a823-e46abaf75a7a,Phoenix Contact,AXC F 2152 Controller AXC-F-1152,3.17.38,plc,firmware,1,linux,power-transmission,control-network,decommission,AMBER,SIL2,profinet;opc-ua;modbus-tcp;mqtt,17,6
ICS-0581_br_x20-controller-x20cp0484_SBOM.json,ICS-0581,urn:uuid:7f11d668-894c-557e-835e-7619ae10a0a5,B&R Industrial Automation,X20 Controller X20CP0484,3.11.4,plc,firmware,1,proprietary-rtos,pharmaceutical,isolated-cell,design,AMBER+STRICT,PLd (ISO 13849),powerlink;opc-ua;modbus-tcp,13,3
ICS-0582_ls-electric_xgt-plc-cpu-xgr-cpuh_SBOM.json,ICS-0582,urn:uuid:4e35fb17-9967-5cb8-a761-33ca261bf3aa,LS ELECTRIC,XGT PLC CPU XGR-CPUH,4.3.13,plc,firmware,1,proprietary-rtos,manufacturing-discrete,remote-accessible,design,AMBER,SIL2,modbus-tcp;rapienet;ethernet-ip,16,3
ICS-0583_delta_as-series-plc-as324mt-a_SBOM.json,ICS-0583,urn:uuid:86a80112-dac8-5b46-af28-2f7f166c48e9,Delta Electronics,AS Series PLC AS324MT-A,9.10.10,plc,firmware,1,proprietary-rtos,transportation-metro,dmz-routable,build,AMBER,PLd (ISO 13849),modbus-tcp;ethernet-ip;canopen,16,5
ICS-0584_unitronics_unistream-plc-usc-b10-t24_SBOM.json,ICS-0584,urn:uuid:97996ca8-e316-5cdc-85db-a4e4495c11ed,Unitronics,UniStream PLC USC-B10-T24,3.17.5,plc,firmware,1,linux,power-generation,control-network,build,AMBER,,modbus-tcp;canopen;mqtt,17,7
ICS-0585_idec_microsmart-fc6a-plc-fc6a-c24r2c_SBOM.json,ICS-0585,urn:uuid:ec59564c-99ae-5ced-96a9-20a0621a9f63,IDEC Corporation,MicroSmart FC6A PLC FC6A-C24R2C,2.7.4,plc,firmware,1,proprietary-rtos,petrochemical,control-network,operations,RED,,modbus-tcp;bacnet-ip,17,4
ICS-0586_panasonic_fp7-series-plc-afp7cps21_SBOM.json,ICS-0586,urn:uuid:32965222-35d6-5817-ab09-f3e50a1f4cbc,"Panasonic Industry Co., Ltd.",FP7 Series PLC AFP7CPS21,2.1.36,plc,firmware,1,proprietary-rtos,manufacturing-discrete,dmz-routable,operations,RED,,modbus-tcp;mewtocol,15,6
ICS-0587_keyence_kv-8000-plc-kv-5500_SBOM.json,ICS-0587,urn:uuid:e8898aff-5b0a-5a5f-a170-7d82ace9ea14,KEYENCE Corporation,KV-8000 PLC KV-5500,9.7.4,plc,firmware,1,proprietary-rtos,manufacturing-process,isolated-cell,post-build,CLEAR,,ethernet-ip;modbus-tcp;kv-protocol,15,4
ICS-0588_fuji_micrex-sx-plc-np1ps-117r_SBOM.json,ICS-0588,urn:uuid:6ef8d75e-2c1d-510e-a099-1a1f72f56dc5,Fuji Electric,MICREX-SX PLC NP1PS-117R,8.9.12,plc,firmware,1,proprietary-rtos,automotive,dmz-routable,decommission,AMBER+STRICT,PLd (ISO 13849),modbus-tcp;fl-net,15,5
ICS-0589_codesys_codesys-control-runtime-for-plcnext-sl_SBOM.json,ICS-0589,urn:uuid:694e9a83-f12f-5049-8cbc-923a3935a68c,CODESYS GmbH,CODESYS Control Runtime for PLCnext SL,4.8.17,plc-runtime,application,1,linux,water-treatment,isolated-cell,decommission,AMBER,,modbus-tcp;opc-ua;ethercat;canopen;profinet,18,8
ICS-0590_abb_rtu560-telecontrol-unit-560cig10_SBOM.json,ICS-0590,urn:uuid:0624afff-cf60-5439-976d-16a9dca0e9d0,ABB Ltd,RTU560 Telecontrol Unit 560CIG10,1.10.1,rtu,firmware,1,linux,transportation-rail,remote-accessible,build,RED,,iec-60870-5-104;dnp3;iec-61850-mms;modbus-tcp,20,11
ICS-0591_schneider_scadapack-rtu-535e_SBOM.json,ICS-0591,urn:uuid:af88b7d0-236b-5ce8-87ae-c966f34d08c5,Schneider Electric,SCADAPack RTU 535E,6.19.5,rtu,firmware,1,vxworks,pharmaceutical,dmz-routable,design,CLEAR,,dnp3;modbus-tcp;iec-60870-5-104,21,7
ICS-0592_ge_d20-mx-substation-controller-d400_SBOM.json,ICS-0592,urn:uuid:9b4aa109-5041-56d3-b67b-7d49c220df76,GE Vernova,D20 MX Substation Controller D400,8.14.4,rtu,firmware,1,linux,steel-and-metals,isolated-cell,post-build,AMBER,,dnp3;iec-61850-mms;modbus-tcp,14,7
ICS-0593_siemens_sicam-a8000-rtu-cp-8000_SBOM.json,ICS-0593,urn:uuid:066af1bc-30db-5606-9c71-27a8fef6fcbd,Siemens AG,SICAM A8000 RTU CP-8000,1.3.3,rtu,firmware,1,linux,water-treatment,control-network,build,RED,,iec-60870-5-104;iec-61850-mms;dnp3;modbus-tcp,14,4
ICS-0594_hitachi-energy_rtu500-series-rtu540_SBOM.json,ICS-0594,urn:uuid:c9d2ec14-e884-535e-b6e8-a31926b35515,Hitachi Energy,RTU500 Series RTU540,2.13.28,rtu,firmware,1,proprietary-rtos,manufacturing-process,control-network,build,AMBER,,iec-60870-5-104;iec-61850-mms;dnp3,12,3
ICS-0595_moxa_iopac-programmable-controller-5542-c-t_SBOM.json,ICS-0595,urn:uuid:73d72ffc-ac16-553f-9ee7-98ad866a6ded,Moxa Inc.,ioPAC Programmable Controller 5542-C-T,9.23.1,rtu,firmware,1,linux,power-transmission,control-network,post-build,AMBER+STRICT,,modbus-tcp;dnp3;mqtt,13,5
ICS-0596_red-lion_data-station-plus-rtu-dspgt000_SBOM.json,ICS-0596,urn:uuid:88dd5602-c02e-5970-8e4a-b90269210fb3,Red Lion Controls,Data Station Plus RTU DSPGT000,8.9.2,rtu,firmware,1,linux,transportation-rail,dmz-routable,decommission,GREEN,,modbus-tcp;dnp3;ethernet-ip;mqtt,19,6
ICS-0597_sel_sel-451-protection-system-451-1_SBOM.json,ICS-0597,urn:uuid:ec4d574d-ec31-5b93-8106-a48fdbbb91d8,Schweitzer Engineering Laboratories,SEL-451 Protection System 451-1,1.18.25,ied,firmware,1,proprietary-rtos,power-distribution,isolated-cell,design,RED,,iec-61850-mms;iec-61850-goose;dnp3;modbus-tcp,16,4
ICS-0598_sel_sel-3530-rtac-3555_SBOM.json,ICS-0598,urn:uuid:c28dc41a-637e-5897-aea3-c008e54380a9,Schweitzer Engineering Laboratories,SEL-3530 RTAC 3555,4.10.0,ied,firmware,1,linux,building-automation,remote-accessible,design,AMBER+STRICT,,dnp3;iec-61850-mms;modbus-tcp;iec-60870-5-104,14,2
ICS-0599_hitachi-energy_ref615-feeder-protection-relay-ref620_SBOM.json,ICS-0599,urn:uuid:a74c6e70-63dd-5b60-97e0-70343a491f2f,Hitachi Energy,REF615 Feeder Protection Relay REF620,9.3.40,ied,firmware,1,proprietary-rtos,power-distribution,dmz-routable,operations,AMBER,,iec-61850-mms;iec-61850-goose;modbus-tcp;dnp3,16,6
ICS-0600_siemens_siprotec-5-protection-relay-7sl86_SBOM.json,ICS-0600,urn:uuid:c4dc7d34-0709-5fa7-982e-ff3bab869a51,Siemens AG,SIPROTEC 5 Protection Relay 7SL86,8.14.38,ied,firmware,1,proprietary-rtos,steel-and-metals,isolated-cell,decommission,AMBER,,iec-61850-mms;iec-61850-goose;dnp3;iec-60870-5-103,14,5
ICS-0601_ge_multilin-ur-relay-c60_SBOM.json,ICS-0601,urn:uuid:c5e55fea-9206-56c9-bc44-c80a1204bba9,GE Vernova,Multilin UR Relay C60,3.7.31,ied,firmware,1,proprietary-rtos,building-automation,remote-accessible,build,AMBER+STRICT,,iec-61850-mms;iec-61850-goose;dnp3;modbus-tcp,17,4
ICS-0602_schneider_easergy-p3-protection-relay-p3f30_SBOM.json,ICS-0602,urn:uuid:135b161b-870f-5f24-a984-45325ea48255,Schneider Electric,Easergy P3 Protection Relay P3F30,8.13.36,ied,firmware,1,proprietary-rtos,power-generation,remote-accessible,decommission,AMBER,,iec-61850-mms;modbus-tcp;dnp3,13,3
ICS-0603_nari_pcs-9611-feeder-protection-pcs-9671_SBOM.json,ICS-0603,urn:uuid:07165a10-a8cb-5f56-963c-c772aeb5cd71,NARI Technology,PCS-9611 Feeder Protection PCS-9671,9.2.27,ied,firmware,1,proprietary-rtos,petrochemical,remote-accessible,post-build,GREEN,,iec-61850-mms;iec-61850-goose;modbus-tcp,15,5
ICS-0604_hd-hyundai_higen-protection-relay-hgr-300_SBOM.json,ICS-0604,urn:uuid:d8fe6661-25fd-528e-82e1-dfcaebbcee93,HD Hyundai Electric,HiGEN Protection Relay HGR-300,6.20.11,ied,firmware,1,proprietary-rtos,automotive,control-network,design,CLEAR,,iec-61850-mms;modbus-tcp;dnp3,15,5
ICS-0605_siemens_simatic-hmi-comfort-panel-tp1500_SBOM.json,ICS-0605,urn:uuid:e63a6c26-0464-5d42-85d6-bc139e4b0a32,Siemens AG,SIMATIC HMI Comfort Panel TP1500,6.18.2,hmi,firmware,2,windows,wastewater,remote-accessible,operations,RED,,profinet;opc-ua;s7comm-plus,19,5
ICS-0606_rockwell_panelview-plus-terminal-6-compact-600_SBOM.json,ICS-0606,urn:uuid:9a715e2c-5753-5120-8e29-a84fcac72639,Rockwell Automation,PanelView Plus Terminal 6 Compact 600,8.5.14,hmi,firmware,2,windows,power-transmission,remote-accessible,decommission,RED,,ethernet-ip;cip,14,5
ICS-0607_schneider_magelis-gtu-hmi-hmist6500_SBOM.json,ICS-0607,urn:uuid:4e261643-031d-52d9-b19c-ef452ce91b94,Schneider Electric,Magelis GTU HMI HMIST6500,7.9.19,hmi,firmware,2,linux,manufacturing-discrete,isolated-cell,post-build,CLEAR,,modbus-tcp;ethernet-ip;opc-ua,13,5
ICS-0608_mitsubishi_got2000-graphic-terminal-gt2107-wtbd_SBOM.json,ICS-0608,urn:uuid:ba2aa04b-c229-5ac5-98cc-5dc8a5237858,Mitsubishi Electric,GOT2000 Graphic Terminal GT2107-WTBD,8.20.29,hmi,firmware,2,proprietary-rtos,oil-and-gas-midstream,isolated-cell,post-build,AMBER+STRICT,,cc-link-ie;melsoft;modbus-tcp,16,5
ICS-0609_advantech_webop-operator-panel-wop-2070t_SBOM.json,ICS-0609,urn:uuid:11cb59f9-b88a-577f-bef8-48d739140991,"Advantech Co., Ltd.",WebOP Operator Panel WOP-2070T,8.14.11,hmi,firmware,2,linux,manufacturing-process,dmz-routable,post-build,GREEN,,modbus-tcp;ethernet-ip;mqtt,19,5
ICS-0610_delta_dop-100-hmi-dop-103bq_SBOM.json,ICS-0610,urn:uuid:5c12710e-6eb2-59c9-9f2c-0453ad5a1c7b,Delta Electronics,DOP-100 HMI DOP-103BQ,4.1.2,hmi,firmware,2,proprietary-rtos,semiconductor-fab,dmz-routable,decommission,GREEN,,modbus-tcp;canopen,14,8
ICS-0611_omron_na-series-hmi-na5-15w_SBOM.json,ICS-0611,urn:uuid:0d7b1ef4-9b7c-5645-aee8-c7ceaba729fe,OMRON Corporation,NA Series HMI NA5-15W,5.17.23,hmi,firmware,2,windows,pharmaceutical,dmz-routable,design,AMBER,,ethernet-ip;opc-ua;modbus-tcp,15,5
ICS-0612_pilz_pmi-operator-terminal-pmi-5_SBOM.json,ICS-0612,urn:uuid:b84c5b93-533a-56a2-b666-39593d32b6ee,Pilz GmbH,PMI Operator Terminal PMI 5,2.24.23,hmi,firmware,2,linux,transportation-metro,dmz-routable,post-build,CLEAR,,profinet;modbus-tcp,17,8
ICS-0613_aveva_aveva-plant-scada-2023-r2_SBOM.json,ICS-0613,urn:uuid:c0ed0b5d-5231-527e-a232-006bbe9b57ef,AVEVA Group plc,AVEVA Plant SCADA 2023 R2,1.3.24,scada-server,application,2,windows,pulp-and-paper,remote-accessible,decommission,CLEAR,,opc-ua;opc-da;modbus-tcp;dnp3;iec-60870-5-104,17,5
ICS-0614_inductive_ignition-scada-platform-8-3_SBOM.json,ICS-0614,urn:uuid:3096ce34-654a-5307-a6b1-6bc7b6fb3ef4,Inductive Automation,Ignition SCADA Platform 8.3,1.0.22,scada-server,application,2,java,power-transmission,control-network,post-build,RED,,opc-ua;modbus-tcp;mqtt-sparkplug;dnp3,18,6
ICS-0615_copadata_zenon-supervisor-12_SBOM.json,ICS-0615,urn:uuid:40a9bf4e-78e1-566e-8348-77d8b246b731,COPA-DATA GmbH,zenon Supervisor 12,5.19.39,scada-server,application,2,windows,power-generation,isolated-cell,operations,RED,,opc-ua;iec-61850-mms;iec-60870-5-104;modbus-tcp,16,6
ICS-0616_siemens_simatic-wincc-unified-v18_SBOM.json,ICS-0616,urn:uuid:8cb9b66c-fd33-544e-9f05-8bfcff11de33,Siemens AG,SIMATIC WinCC Unified V18,7.23.4,scada-server,application,2,windows,automotive,control-network,decommission,AMBER,,opc-ua;profinet;s7comm-plus,16,7
ICS-0617_ge_cimplicity-hmi-scada-2023_SBOM.json,ICS-0617,urn:uuid:fc5ddcd1-bcdf-5d08-84d9-2e6a59033a8f,GE Vernova,CIMPLICITY HMI/SCADA 2023,9.19.37,scada-server,application,2,windows,food-and-beverage,control-network,build,AMBER,,opc-ua;opc-da;modbus-tcp,15,6
ICS-0618_schneider_ecostruxure-geo-scada-expert-2023_SBOM.json,ICS-0618,urn:uuid:eeeceeb5-aded-50aa-b122-98dccdcc0003,Schneider Electric,EcoStruxure Geo SCADA Expert 2023,1.21.3,scada-server,application,2,windows,petrochemical,isolated-cell,operations,RED,,dnp3;iec-60870-5-104;modbus-tcp;opc-ua,17,3
ICS-0619_rockwell_factorytalk-view-se-14-00_SBOM.json,ICS-0619,urn:uuid:7809ed47-05a3-5373-90df-c8820f76c470,Rockwell Automation,FactoryTalk View SE 14.00,4.7.14,scada-server,application,2,windows,power-transmission,control-network,operations,RED,,ethernet-ip;opc-ua;cip,15,6
ICS-0620_aveva_aveva-historian-2023-r2_SBOM.json,ICS-0620,urn:uuid:7e7327eb-0f4b-572f-a9c2-67b62f33d79e,AVEVA Group plc,AVEVA Historian 2023 R2,3.11.27,historian,application,3,windows,building-automation,remote-accessible,decommission,CLEAR,,opc-ua;opc-hda;sql,15,7
ICS-0621_ge_proficy-historian-9-1_SBOM.json,ICS-0621,urn:uuid:2aede491-015c-596b-b5ef-49090509a5d2,GE Vernova,Proficy Historian 9.1,2.10.5,historian,application,3,windows,power-generation,dmz-routable,operations,AMBER,,opc-ua;opc-hda;sql,16,3
ICS-0622_honeywell_uniformance-phd-historian-r321_SBOM.json,ICS-0622,urn:uuid:f1c3848d-a117-516b-bb33-2c95e0a03bbc,Honeywell International,Uniformance PHD Historian R321,5.5.35,historian,application,3,windows,wastewater,control-network,post-build,RED,,opc-ua;opc-hda;sql,15,5
ICS-0623_emerson_deltav-continuous-historian-15-lts_SBOM.json,ICS-0623,urn:uuid:5b65112a-ef05-5f7d-b5de-9f66c9aeb122,Emerson Electric,DeltaV Continuous Historian 15.LTS,2.12.31,historian,application,3,windows,chemical,isolated-cell,design,AMBER,,opc-ua;opc-hda,13,4
ICS-0624_yokogawa_exaquantum-plant-information-system-r3-30_SBOM.json,ICS-0624,urn:uuid:44c4efc8-75f5-503f-aa90-6b6f12d9e8c8,Yokogawa Electric,Exaquantum Plant Information System R3.30,8.3.4,historian,application,3,windows,petrochemical,dmz-routable,build,AMBER,,opc-ua;opc-hda;sql,13,2
ICS-0625_siemens_tia-portal-engineering-suite-v19_SBOM.json,ICS-0625,urn:uuid:e9d4f350-c5cb-52f9-8898-c3d78f82f11b,Siemens AG,TIA Portal Engineering Suite V19,4.11.6,engineering-workstation,application,3,windows,pulp-and-paper,control-network,post-build,GREEN,,profinet;s7comm-plus;opc-ua,17,6
ICS-0626_rockwell_studio-5000-logix-designer-33-00_SBOM.json,ICS-0626,urn:uuid:e72aab72-5c15-59e8-99d8-b771707f561a,Rockwell Automation,Studio 5000 Logix Designer 33.00,7.8.7,engineering-workstation,application,3,windows,transportation-metro,dmz-routable,build,RED,,ethernet-ip;cip,17,3
ICS-0627_schneider_ecostruxure-control-expert-v16-1_SBOM.json,ICS-0627,urn:uuid:a029a76f-2c14-5e38-a193-727f301a6b54,Schneider Electric,EcoStruxure Control Expert V16.1,3.4.7,engineering-workstation,application,3,windows,transportation-metro,control-network,build,AMBER+STRICT,,modbus-tcp;ethernet-ip;opc-ua,14,4
ICS-0628_mitsubishi_gx-works3-engineering-tool-1-100e_SBOM.json,ICS-0628,urn:uuid:f92bbac6-3a72-504a-96e8-953e253246f4,Mitsubishi Electric,GX Works3 Engineering Tool 1.100E,9.13.14,engineering-workstation,application,3,windows,pharmaceutical,remote-accessible,design,RED,,cc-link-ie;melsoft,14,5
ICS-0629_codesys_codesys-development-system-v3-5-sp19_SBOM.json,ICS-0629,urn:uuid:0c156e92-d1a7-51c6-a27b-2cc89643fdf3,CODESYS GmbH,CODESYS Development System V3.5 SP19,1.0.32,engineering-workstation,application,3,windows,power-generation,control-network,decommission,CLEAR,,modbus-tcp;opc-ua;ethercat,20,8
ICS-0630_abb_automation-builder-2-7_SBOM.json,ICS-0630,urn:uuid:ecd40f23-9baa-56e8-a03b-2cac723d5bf9,ABB Ltd,Automation Builder 2.7,2.0.6,engineering-workstation,application,3,windows,transportation-metro,control-network,design,GREEN,,modbus-tcp;profinet;ethercat,14,3
ICS-0631_emerson_deltav-md-plus-controller-pk_SBOM.json,ICS-0631,urn:uuid:063778a1-4ed2-569e-a44d-ef6ec9171d72,Emerson Electric,DeltaV MD Plus Controller PK,8.0.5,dcs-controller,firmware,1,vxworks,semiconductor-fab,isolated-cell,post-build,CLEAR,PLd (ISO 13849),deltav-proprietary;modbus-tcp;opc-ua;hart-ip,14,6
ICS-0632_honeywell_experion-c300-controller-uoc_SBOM.json,ICS-0632,urn:uuid:42728dd8-0167-5ecc-8c4a-7db1fc866ede,Honeywell International,Experion C300 Controller UOC,7.22.12,dcs-controller,firmware,1,vxworks,building-automation,isolated-cell,operations,RED,,fte;modbus-tcp;hart-ip;opc-ua,16,7
ICS-0633_yokogawa_centum-vp-field-control-station-afv40s_SBOM.json,ICS-0633,urn:uuid:a04cedda-728a-500f-9ee1-336b9929311a,Yokogawa Electric,CENTUM VP Field Control Station AFV40S,9.13.29,dcs-controller,firmware,1,proprietary-rtos,manufacturing-process,remote-accessible,post-build,RED,,vnet-ip;modbus-tcp;hart-ip;foundation-fieldbus,14,3
ICS-0634_abb_ac-800m-controller-pm864a_SBOM.json,ICS-0634,urn:uuid:b55bcd4c-72dc-5689-a039-7638337282d9,ABB Ltd,AC 800M Controller PM864A,7.12.8,dcs-controller,firmware,1,vxworks,automotive,isolated-cell,design,AMBER,,profibus;modbus-tcp;iec-61850-mms;opc-ua,19,7
ICS-0635_siemens_simatic-pcs-7-as-controller-as-416-3_SBOM.json,ICS-0635,urn:uuid:cc87754a-979c-5acf-bd1a-9709e9016830,Siemens AG,SIMATIC PCS 7 AS Controller AS 416-3,3.15.40,dcs-controller,firmware,1,proprietary-rtos,food-and-beverage,isolated-cell,post-build,CLEAR,,profibus;profinet;opc-ua,13,5
ICS-0636_hitachi-energy_symphony-plus-hpc800-spc700_SBOM.json,ICS-0636,urn:uuid:a0dbb1e4-c976-5f33-b095-0023d04e3229,Hitachi Energy,Symphony Plus HPC800 SPC700,1.9.7,dcs-controller,firmware,1,vxworks,power-transmission,isolated-cell,decommission,AMBER+STRICT,,modbus-tcp;iec-61850-mms;opc-ua,19,9
ICS-0637_schneider_triconex-tricon-cx-controller-tri-gp_SBOM.json,ICS-0637,urn:uuid:9897f0fa-f325-522e-8971-f1b623812ee3,Schneider Electric,Triconex Tricon CX Controller Tri-GP,2.3.7,sis-logic-solver,firmware,1,proprietary-rtos,pulp-and-paper,control-network,build,AMBER+STRICT,SIL3 (IEC 61508),tristation;modbus-tcp;opc-ua,14,3
ICS-0638_hima_himax-safety-controller-himatrix-f35_SBOM.json,ICS-0638,urn:uuid:c8a40d52-931d-5f74-9d13-3721c2099342,HIMA Paul Hildebrandt GmbH,HIMax Safety Controller HIMatrix F35,4.12.38,sis-logic-solver,firmware,1,proprietary-rtos,building-automation,control-network,operations,CLEAR,SIL3 (IEC 61508),safeethernet;modbus-tcp;opc-ua,15,7
ICS-0639_pilz_pss-4000-safety-controller-pss-4000-r_SBOM.json,ICS-0639,urn:uuid:304cd612-594d-5afa-8aba-2728d5432d35,Pilz GmbH,PSS 4000 Safety Controller PSS 4000-R,4.17.26,sis-logic-solver,firmware,1,proprietary-rtos,pulp-and-paper,isolated-cell,build,CLEAR,SIL3 (IEC 61508),safetynet-p;profinet;modbus-tcp,13,4
ICS-0640_siemens_simatic-s7-1500f-safety-cpu-1518f-4-pn-dp_SBOM.json,ICS-0640,urn:uuid:6e841a35-36cd-5bc9-8bd0-6711e7de95c3,Siemens AG,SIMATIC S7-1500F Safety CPU 1518F-4 PN/DP,1.3.15,sis-logic-solver,firmware,1,proprietary-rtos,transportation-metro,dmz-routable,design,RED,SIL3 (IEC 61508),profisafe;profinet;opc-ua,14,3
ICS-0641_rockwell_guardlogix-safety-controller-5069-l306ers2_SBOM.json,ICS-0641,urn:uuid:283214dc-a819-51aa-8c6e-e0646627c427,Rockwell Automation,GuardLogix Safety Controller 5069-L306ERS2,1.23.18,sis-logic-solver,firmware,1,vxworks,petrochemical,dmz-routable,decommission,CLEAR,SIL2,cip-safety;ethernet-ip,13,4
ICS-0642_moxa_mgate-protocol-gateway-5119_SBOM.json,ICS-0642,urn:uuid:00d85c10-b45b-52b7-aeb6-a8c75bd46c1e,Moxa Inc.,MGate Protocol Gateway 5119,4.0.37,protocol-gateway,firmware,3.5,linux,chemical,remote-accessible,design,AMBER+STRICT,,modbus-tcp;ethernet-ip;profinet;dnp3;iec-60870-5-104,18,4
ICS-0643_softing_edgeaggregator-gateway-uagate-si_SBOM.json,ICS-0643,urn:uuid:15ab3cbc-b520-5f0c-890a-bea531484fb1,Softing Industrial Automation,edgeAggregator Gateway uaGate SI,8.4.34,protocol-gateway,application,3.5,linux,building-automation,isolated-cell,design,RED,,opc-ua;mqtt;modbus-tcp;s7comm,20,4
ICS-0644_advantech_ecu-1251-edge-gateway-ecu-4784_SBOM.json,ICS-0644,urn:uuid:b4121f51-5def-5653-980a-cc6ccd0ec914,"Advantech Co., Ltd.",ECU-1251 Edge Gateway ECU-4784,3.10.24,protocol-gateway,firmware,3.5,linux,steel-and-metals,dmz-routable,build,CLEAR,,modbus-tcp;mqtt;opc-ua;dnp3,19,7
ICS-0645_phoenix_fl-mguard-security-appliance-centerport_SBOM.json,ICS-0645,urn:uuid:bb709956-fc4e-58b0-a84c-8fa954965959,Phoenix Contact,FL MGUARD Security Appliance CENTERPORT,3.2.23,industrial-firewall,firmware,3.5,linux,water-treatment,isolated-cell,build,CLEAR,,ipsec;modbus-tcp-dpi;opc-ua,15,3
ICS-0646_belden_eagle40-industrial-firewall-eagle20_SBOM.json,ICS-0646,urn:uuid:7e8d3564-c9be-51c6-bd5b-ad1bfd3dc246,Belden / Hirschmann,EAGLE40 Industrial Firewall EAGLE20,1.13.18,industrial-firewall,firmware,3.5,linux,power-distribution,remote-accessible,build,CLEAR,,modbus-tcp-dpi;iec-61850-dpi;ipsec,14,4
ICS-0647_belden_rsp-managed-switch-rspe37_SBOM.json,ICS-0647,urn:uuid:31c24237-aa0e-5885-a7b2-d8d5ed0eb521,Belden / Hirschmann,RSP Managed Switch RSPE37,9.19.14,industrial-switch,firmware,2,linux,semiconductor-fab,remote-accessible,build,AMBER+STRICT,,prp;hsr;iec-61850-mms;snmp,17,6
ICS-0648_westermo_lynx-dss-managed-switch-redfox-5528_SBOM.json,ICS-0648,urn:uuid:6d4e3b9e-e7ec-59b6-908e-42aecd574b22,Westermo Network Technologies,Lynx DSS Managed Switch RedFox-5528,1.16.0,industrial-switch,firmware,2,linux,food-and-beverage,dmz-routable,design,AMBER,,snmp;prp;modbus-tcp,16,3
ICS-0649_moxa_eds-managed-ethernet-switch-eds-g516e_SBOM.json,ICS-0649,urn:uuid:b57ca064-f414-58dc-a32c-4aa27f9b4470,Moxa Inc.,EDS Managed Ethernet Switch EDS-G516E,6.22.20,industrial-switch,firmware,2,linux,port-and-logistics,isolated-cell,post-build,AMBER+STRICT,,snmp;prp;modbus-tcp,14,3
ICS-0650_siemens_scalance-x-industrial-switch-xm416-4c_SBOM.json,ICS-0650,urn:uuid:83e6c478-dd18-53bd-8885-95948ee87a95,Siemens AG,SCALANCE X Industrial Switch XM416-4C,6.17.24,industrial-switch,firmware,2,linux,power-distribution,remote-accessible,post-build,GREEN,,profinet;snmp;prp,18,8
ICS-0651_siemens_ruggedcom-rx1500-router-rx5000_SBOM.json,ICS-0651,urn:uuid:9eb055ab-4d40-5d25-a49f-9ef3eb6a8753,Siemens AG,RUGGEDCOM RX1500 Router RX5000,6.18.25,industrial-router,firmware,3.5,linux,building-automation,remote-accessible,post-build,AMBER+STRICT,,snmp;ipsec;iec-61850-mms,14,5
ICS-0652_abb_acs880-industrial-drive-acs580-01_SBOM.json,ICS-0652,urn:uuid:782734ed-8c2a-52f9-8807-c8d5b068c95b,ABB Ltd,ACS880 Industrial Drive ACS580-01,9.13.5,vfd-drive,firmware,1,proprietary-rtos,power-transmission,control-network,post-build,GREEN,,profinet;ethernet-ip;modbus-tcp;ethercat,16,7
ICS-0653_siemens_sinamics-s120-drive-s210_SBOM.json,ICS-0653,urn:uuid:38db5396-3d4e-5187-9bf6-31e1ef7e15fc,Siemens AG,SINAMICS S120 Drive S210,3.17.5,vfd-drive,firmware,1,proprietary-rtos,transportation-metro,remote-accessible,decommission,RED,,profinet;profisafe;ethernet-ip,13,3
ICS-0654_danfoss_vlt-automationdrive-fc-360_SBOM.json,ICS-0654,urn:uuid:6547a360-2f05-5b58-ba87-888425d7cc74,Danfoss A/S,VLT AutomationDrive FC-360,3.2.7,vfd-drive,firmware,1,proprietary-rtos,steel-and-metals,remote-accessible,post-build,AMBER,,profinet;modbus-tcp;ethernet-ip,14,3
ICS-0655_rockwell_powerflex-755-drive-527_SBOM.json,ICS-0655,urn:uuid:cb09d51d-0e8c-5315-b472-437ef66d232a,Rockwell Automation,PowerFlex 755 Drive 527,1.18.23,vfd-drive,firmware,1,proprietary-rtos,pulp-and-paper,control-network,post-build,AMBER+STRICT,,ethernet-ip;cip;devicenet,11,6
ICS-0656_bosch-rexroth_indradrive-controller-hms01_SBOM.json,ICS-0656,urn:uuid:9227603b-a6f9-5d01-a55e-2ef12fc1e3ab,Bosch Rexroth AG,IndraDrive Controller HMS01,8.19.19,motion-controller,firmware,1,proprietary-rtos,power-distribution,remote-accessible,design,AMBER+STRICT,,sercos-iii;profinet;ethercat;ethernet-ip,15,5
ICS-0657_bosch-rexroth_indramotion-mlc-l75_SBOM.json,ICS-0657,urn:uuid:7597b861-6505-52a5-be74-5897b2c005ea,Bosch Rexroth AG,IndraMotion MLC L75,2.17.31,motion-controller,firmware,1,linux,power-distribution,dmz-routable,post-build,RED,,sercos-iii;opc-ua;profinet,14,6
ICS-0658_fuji_frenic-ace-inverter-frn0022e2s_SBOM.json,ICS-0658,urn:uuid:bf5ac124-c7ba-53a5-906e-e4bb741ff149,Fuji Electric,FRENIC-Ace Inverter FRN0022E2S,7.24.36,vfd-drive,firmware,1,proprietary-rtos,pulp-and-paper,dmz-routable,decommission,RED,,modbus-tcp;profinet,15,6
ICS-0659_mitsubishi_melfa-robot-controller-cr750-q_SBOM.json,ICS-0659,urn:uuid:6d16262c-0a54-5352-82bf-d4c258f7fed3,Mitsubishi Electric,MELFA Robot Controller CR750-Q,4.13.16,robot-controller,firmware,1,proprietary-rtos,automotive,dmz-routable,post-build,AMBER+STRICT,,cc-link-ie;ethernet-ip;melsoft,15,3
ICS-0660_abb_irc5-robot-controller-omnicore-c30_SBOM.json,ICS-0660,urn:uuid:98a670d9-b0e5-5812-8320-2acbeee62c3f,ABB Ltd,IRC5 Robot Controller OmniCore C30,3.5.40,robot-controller,firmware,1,vxworks,semiconductor-fab,control-network,build,AMBER+STRICT,SIL2,profinet;ethernet-ip;devicenet,12,1
ICS-0661_keyence_cnc-motion-unit-mc-4_SBOM.json,ICS-0661,urn:uuid:d6f686a6-d391-568e-a4aa-bb4e6554f59d,KEYENCE Corporation,CNC Motion Unit MC-4,6.4.6,cnc-controller,firmware,1,proprietary-rtos,semiconductor-fab,dmz-routable,operations,AMBER,,ethernet-ip;modbus-tcp,14,4
ICS-0662_mitsubishi_m800-cnc-controller-m80w_SBOM.json,ICS-0662,urn:uuid:35ffb95d-e071-5918-a6fd-6544d55e7bf0,Mitsubishi Electric,M800 CNC Controller M80W,6.23.32,cnc-controller,firmware,1,proprietary-rtos,petrochemical,isolated-cell,post-build,CLEAR,,cc-link-ie;melsoft;ethernet-ip,18,6
ICS-0663_emerson_rosemount-3051s-transmitter-3051cd_SBOM.json,ICS-0663,urn:uuid:abba6fec-0b77-54f3-8aa6-8ccfd611440e,Emerson Electric,Rosemount 3051S Transmitter 3051CD,8.12.13,field-transmitter,firmware,0,bare-metal,steel-and-metals,remote-accessible,post-build,AMBER+STRICT,,hart;hart-ip;foundation-fieldbus,11,4
ICS-0664_yokogawa_eja-e-series-transmitter-ejx910a_SBOM.json,ICS-0664,urn:uuid:3b8fb6c4-6768-5203-8891-d0da12ae06ca,Yokogawa Electric,EJA-E Series Transmitter EJX910A,8.20.39,field-transmitter,firmware,0,bare-metal,power-transmission,isolated-cell,decommission,RED,,hart;foundation-fieldbus;profibus-pa,9,1
ICS-0665_honeywell_smartline-st800-transmitter-stt850_SBOM.json,ICS-0665,urn:uuid:cba59ec3-976f-50db-9a8b-336cabc46d51,Honeywell International,SmartLine ST800 Transmitter STT850,2.3.38,field-transmitter,firmware,0,bare-metal,transportation-metro,remote-accessible,build,AMBER,,hart;foundation-fieldbus,9,2
ICS-0666_abb_merging-unit-sam600-sam600-vt_SBOM.json,ICS-0666,urn:uuid:5950736d-a910-5109-a64c-f9cfa4853efa,ABB Ltd,Merging Unit SAM600 SAM600-VT,6.4.24,merging-unit,firmware,0,proprietary-rtos,pharmaceutical,remote-accessible,operations,AMBER+STRICT,,iec-61850-sv;iec-61850-goose;ptp-1588,13,4
ICS-0667_schneider_powerlogic-ion9000-meter-pm8000_SBOM.json,ICS-0667,urn:uuid:6133e454-2e14-5d46-822f-20aeacd77fc1,Schneider Electric,PowerLogic ION9000 Meter PM8000,9.17.5,power-meter,firmware,1,linux,pulp-and-paper,isolated-cell,decommission,RED,,modbus-tcp;dnp3;iec-61850-mms,12,4
ICS-0668_ge_epm-9900-power-meter-epm6100_SBOM.json,ICS-0668,urn:uuid:8760f91c-fac5-59b7-abfc-f60f8ffef755,GE Vernova,EPM 9900 Power Meter EPM6100,9.23.3,power-meter,firmware,1,proprietary-rtos,transportation-rail,dmz-routable,build,RED,,modbus-tcp;dnp3;iec-61850-mms,13,1
ICS-0669_ptc_kepserverex-connectivity-platform-6-15_SBOM.json,ICS-0669,urn:uuid:dae9a8b3-48dc-538a-9f1f-6a3d85cc2a7e,PTC Inc.,KEPServerEX Connectivity Platform 6.15,4.2.8,opc-server,application,3,windows,power-transmission,remote-accessible,operations,CLEAR,,opc-ua;opc-da;modbus-tcp;ethernet-ip;s7comm,18,3
ICS-0670_softing_datafeed-opc-suite-v5-30_SBOM.json,ICS-0670,urn:uuid:8ef08143-b519-5752-ad79-104cdc7ffb80,Softing Industrial Automation,dataFEED OPC Suite V5.30,8.6.36,opc-server,application,3,windows,manufacturing-discrete,isolated-cell,post-build,CLEAR,,opc-ua;opc-da;mqtt;s7comm,14,3
ICS-0671_aveva_aveva-opc-ua-server-2023-r2_SBOM.json,ICS-0671,urn:uuid:7e278697-d67e-55e3-b09e-5fddfd82c70c,AVEVA Group plc,AVEVA OPC UA Server 2023 R2,7.23.25,opc-server,application,3,windows,power-transmission,control-network,build,AMBER,,opc-ua;opc-da,12,4
ICS-0672_honeywell_excel-web-ii-bacnet-controller-ciper-50_SBOM.json,ICS-0672,urn:uuid:158a60b0-5ac4-55b5-80b8-504b1b0ee9d9,Honeywell International,Excel Web II BACnet Controller CIPer 50,3.18.10,bas-controller,firmware,1,linux,transportation-metro,isolated-cell,operations,AMBER+STRICT,,bacnet-ip;modbus-tcp;lonworks,13,5
ICS-0673_siemens_desigo-pxc-automation-station-pxc7-modular_SBOM.json,ICS-0673,urn:uuid:55ebcbbb-2c91-5df5-94b1-a0bf7ee04696,Siemens AG,Desigo PXC Automation Station PXC7 Modular,7.10.23,bas-controller,firmware,1,proprietary-rtos,food-and-beverage,isolated-cell,decommission,GREEN,,bacnet-ip;modbus-tcp;knx,16,4
ICS-0674_schneider_smartx-as-p-controller-rp-c_SBOM.json,ICS-0674,urn:uuid:d82e376a-0cfd-5053-916c-e826dbab0dd3,Schneider Electric,SmartX AS-P Controller RP-C,3.13.8,bas-controller,firmware,1,linux,steel-and-metals,dmz-routable,build,CLEAR,,bacnet-ip;modbus-tcp;lonworks,17,4
ICS-0675_delta_ez-building-controller-dac-633_SBOM.json,ICS-0675,urn:uuid:a9d0c803-b8a7-55ee-afa8-21be0e129e4f,Delta Electronics,eZ Building Controller DAC-633,3.13.24,bas-controller,firmware,1,linux,food-and-beverage,isolated-cell,decommission,GREEN,,bacnet-ip;modbus-tcp,15,5
ICS-0676_phoenix_radioline-wireless-gateway-rad-868_SBOM.json,ICS-0676,urn:uuid:2d0bd807-0f83-5c63-8ddc-2a919e04947f,Phoenix Contact,Radioline Wireless Gateway RAD-868,3.22.23,wireless-gateway,firmware,1,freertos,automotive,dmz-routable,design,GREEN,,modbus-tcp;trusted-wireless,10,5
ICS-0677_moxa_awk-industrial-wireless-ap-awk-1137c_SBOM.json,ICS-0677,urn:uuid:f4e249ef-4da6-53d4-aeaf-76cab2a40619,Moxa Inc.,AWK Industrial Wireless AP AWK-1137C,7.24.14,wireless-gateway,firmware,2,linux,port-and-logistics,dmz-routable,post-build,GREEN,,snmp;modbus-tcp;wpa2,17,7
ICS-0678_emerson_wireless-1420-gateway-1552wu_SBOM.json,ICS-0678,urn:uuid:e4ef2ecb-100c-5473-ba8d-8c2293e5eecd,Emerson Electric,Wireless 1420 Gateway 1552WU,6.18.9,wireless-gateway,firmware,1,linux,water-treatment,dmz-routable,decommission,GREEN,,wirelesshart;modbus-tcp;opc-ua,19,8
ICS-0679_siemens_simatic-s7-1500-cpu-1516-3-pn-dp_SBOM.json,ICS-0679,urn:uuid:c921986c-897a-560f-97f0-3ac3d1068e14,Siemens AG,SIMATIC S7-1500 CPU 1516-3 PN/DP,3.18.36,plc,firmware,1,proprietary-rtos,power-distribution,control-network,operations,AMBER,PLd (ISO 13849),profinet;s7comm-plus;opc-ua;modbus-tcp,18,8
ICS-0680_siemens_simatic-s7-1200-cpu-1215c_SBOM.json,ICS-0680,urn:uuid:f7feeab9-e8c0-59d4-870d-00f6340b68e0,Siemens AG,SIMATIC S7-1200 CPU 1215C,7.23.1,plc,firmware,1,proprietary-rtos,transportation-rail,control-network,decommission,AMBER+STRICT,PLd (ISO 13849),profinet;s7comm-plus;modbus-tcp,15,6
ICS-0681_siemens_simatic-s7-400-cpu-414-3_SBOM.json,ICS-0681,urn:uuid:a3d6e500-2a55-5124-97f5-78123ae3d5ea,Siemens AG,SIMATIC S7-400 CPU 414-3,2.6.0,plc,firmware,1,proprietary-rtos,transportation-metro,remote-accessible,build,AMBER,SIL2,profibus;s7comm;industrial-ethernet,12,2
ICS-0682_rockwell_controllogix-controller-1756-l81e_SBOM.json,ICS-0682,urn:uuid:538a35e5-e4f5-5b90-905b-c825acb7b19a,Rockwell Automation,ControlLogix Controller 1756-L81E,9.10.22,plc,firmware,1,vxworks,transportation-metro,remote-accessible,decommission,GREEN,,ethernet-ip;cip;devicenet,13,4
ICS-0683_rockwell_compactlogix-controller-5069-l306er_SBOM.json,ICS-0683,urn:uuid:b9e86290-46fd-5590-8ce1-26c1c056c3b5,Rockwell Automation,CompactLogix Controller 5069-L306ER,3.6.29,plc,firmware,1,vxworks,automotive,remote-accessible,build,RED,SIL2,ethernet-ip;cip;modbus-tcp,20,6
ICS-0684_rockwell_micrologix-controller-1400-b_SBOM.json,ICS-0684,urn:uuid:52f43d92-fa72-50b9-811a-ea1f67b54020,Rockwell Automation,MicroLogix Controller 1400-B,3.15.37,plc,firmware,1,proprietary-rtos,power-distribution,remote-accessible,operations,AMBER+STRICT,PLd (ISO 13849),ethernet-ip;df1,15,4
ICS-0685_schneider_modicon-m340-controller-bmxp342020_SBOM.json,ICS-0685,urn:uuid:ebbf6117-557a-54a7-a8f5-a433df9e5338,Schneider Electric,Modicon M340 Controller BMXP342020,1.22.8,plc,firmware,1,vxworks,building-automation,remote-accessible,build,GREEN,SIL2,modbus-tcp;ethernet-ip;canopen,17,5
ICS-0686_schneider_modicon-m580-epac-bmep582040_SBOM.json,ICS-0686,urn:uuid:dbe9c87c-669c-5bec-bad1-73915578614f,Schneider Electric,Modicon M580 ePAC BMEP582040,1.10.2,plc,firmware,1,linux,pulp-and-paper,remote-accessible,operations,RED,,modbus-tcp;ethernet-ip;opc-ua;dnp3,17,3
ICS-0687_mitsubishi_melsec-iq-r-cpu-r16cpu_SBOM.json,ICS-0687,urn:uuid:4ecb137c-ad1a-5559-8577-98c9450f8ed0,Mitsubishi Electric,MELSEC iQ-R CPU R16CPU,3.4.2,plc,firmware,1,proprietary-rtos,oil-and-gas-midstream,control-network,decommission,AMBER,,cc-link-ie;melsoft;modbus-tcp;slmp,14,3
ICS-0688_mitsubishi_melsec-q-series-cpu-q03ude_SBOM.json,ICS-0688,urn:uuid:796ea8d5-31df-58e3-af21-8cf3c35458ca,Mitsubishi Electric,MELSEC-Q Series CPU Q03UDE,2.12.10,plc,firmware,1,proprietary-rtos,building-automation,isolated-cell,post-build,GREEN,SIL2,cc-link;melsoft;modbus-tcp,14,5
ICS-0689_omron_sysmac-nj-machine-controller-nj101-1000_SBOM.json,ICS-0689,urn:uuid:dae641e0-429e-50b3-8ebe-29fd1b086d00,OMRON Corporation,SYSMAC NJ Machine Controller NJ101-1000,2.15.28,plc,firmware,1,proprietary-rtos,steel-and-metals,control-network,operations,CLEAR,,ethercat;ethernet-ip;opc-ua,14,4
ICS-0690_omron_sysmac-cj2-plc-cj2m-cpu31_SBOM.json,ICS-0690,urn:uuid:9390503e-f8d7-5c98-ba99-77f0f34b7ca9,OMRON Corporation,SYSMAC CJ2 PLC CJ2M-CPU31,6.14.37,plc,firmware,1,proprietary-rtos,transportation-metro,dmz-routable,build,GREEN,,fins;ethernet-ip;modbus-tcp,16,4
ICS-0691_beckhoff_twincat-runtime-controller-cx5140_SBOM.json,ICS-0691,urn:uuid:86068d3c-5012-5bf9-916c-cf30a4a4bd79,Beckhoff Automation,TwinCAT Runtime Controller CX5140,7.22.33,plc,application,1,windows,steel-and-metals,isolated-cell,operations,RED,,ethercat;opc-ua;modbus-tcp;profinet,16,4
ICS-0692_wago_pfc200-controller-750-8202_SBOM.json,ICS-0692,urn:uuid:0d335eee-3eb0-59d7-89e8-30ae9d368481,WAGO GmbH,PFC200 Controller 750-8202,7.16.14,plc,firmware,1,linux,manufacturing-process,isolated-cell,build,RED,SIL2,modbus-tcp;profinet;canopen;mqtt;opc-ua,23,9
ICS-0693_phoenix_axc-f-2152-controller-axc-f-2152_SBOM.json,ICS-0693,urn:uuid:0af4c7f6-2768-5efe-912f-59419084c0c7,Phoenix Contact,AXC F 2152 Controller AXC-F-2152,9.4.0,plc,firmware,1,linux,district-heating,isolated-cell,operations,AMBER,,profinet;opc-ua;modbus-tcp;mqtt,19,9
ICS-0694_br_x20-controller-x20cp1586_SBOM.json,ICS-0694,urn:uuid:88b485fc-5249-5f63-83dc-81a6ba7ae2d2,B&R Industrial Automation,X20 Controller X20CP1586,1.23.9,plc,firmware,1,proprietary-rtos,transportation-rail,dmz-routable,operations,AMBER,SIL2,powerlink;opc-ua;modbus-tcp,13,2
ICS-0695_ls-electric_xgt-plc-cpu-xgk-cpuh_SBOM.json,ICS-0695,urn:uuid:b65dbdd9-5f8b-5364-9ec7-f9dc375f0be4,LS ELECTRIC,XGT PLC CPU XGK-CPUH,8.9.22,plc,firmware,1,proprietary-rtos,food-and-beverage,isolated-cell,build,RED,,modbus-tcp;rapienet;ethernet-ip,13,6
ICS-0696_delta_as-series-plc-as228t-a_SBOM.json,ICS-0696,urn:uuid:47c4082d-3976-53ea-9500-0d7701934c64,Delta Electronics,AS Series PLC AS228T-A,7.9.34,plc,firmware,1,proprietary-rtos,power-transmission,remote-accessible,post-build,AMBER+STRICT,SIL2,modbus-tcp;ethernet-ip;canopen,16,6
ICS-0697_unitronics_unistream-plc-usp-070-b10_SBOM.json,ICS-0697,urn:uuid:ae24249d-bb07-56ef-b5cc-e23e693ba132,Unitronics,UniStream PLC USP-070-B10,5.3.12,plc,firmware,1,linux,semiconductor-fab,dmz-routable,design,CLEAR,SIL2,modbus-tcp;canopen;mqtt,13,4
ICS-0698_idec_microsmart-fc6a-plc-fc6a-c40r1ae_SBOM.json,ICS-0698,urn:uuid:24b8a21c-de69-5b8b-b45a-ad3da7709853,IDEC Corporation,MicroSmart FC6A PLC FC6A-C40R1AE,1.7.37,plc,firmware,1,proprietary-rtos,power-generation,isolated-cell,build,CLEAR,PLd (ISO 13849),modbus-tcp;bacnet-ip,13,3
ICS-0699_panasonic_fp7-series-plc-afp7cps41_SBOM.json,ICS-0699,urn:uuid:ef7e583a-7ac9-5893-a49f-539d104f4c87,"Panasonic Industry Co., Ltd.",FP7 Series PLC AFP7CPS41,6.21.20,plc,firmware,1,proprietary-rtos,automotive,control-network,operations,CLEAR,PLd (ISO 13849),modbus-tcp;mewtocol,11,3
ICS-0700_keyence_kv-8000-plc-kv-8000_SBOM.json,ICS-0700,urn:uuid:2c126551-2fbd-57fb-94a5-0b2d7b7c87d6,KEYENCE Corporation,KV-8000 PLC KV-8000,2.23.22,plc,firmware,1,proprietary-rtos,oil-and-gas-midstream,dmz-routable,decommission,AMBER,PLd (ISO 13849),ethernet-ip;modbus-tcp;kv-protocol,16,5
ICS-0701_fuji_micrex-sx-plc-np1ps-245r_SBOM.json,ICS-0701,urn:uuid:bf82eaed-b039-57b4-a747-6c5d1be3a7b3,Fuji Electric,MICREX-SX PLC NP1PS-245R,8.1.21,plc,firmware,1,proprietary-rtos,oil-and-gas-upstream,isolated-cell,design,CLEAR,,modbus-tcp;fl-net,15,4
ICS-0702_codesys_codesys-control-runtime-rte-v3_SBOM.json,ICS-0702,urn:uuid:2ea9c3e2-3b04-513a-b642-f43170656e6f,CODESYS GmbH,CODESYS Control Runtime RTE V3,7.3.37,plc-runtime,application,1,linux,port-and-logistics,dmz-routable,decommission,CLEAR,,modbus-tcp;opc-ua;ethercat;canopen;profinet,17,5
ICS-0703_abb_rtu560-telecontrol-unit-560cmu05_SBOM.json,ICS-0703,urn:uuid:ebd36be4-c3a4-5b99-bf0e-0a3b1c68e592,ABB Ltd,RTU560 Telecontrol Unit 560CMU05,6.17.29,rtu,firmware,1,linux,semiconductor-fab,isolated-cell,design,AMBER,,iec-60870-5-104;dnp3;iec-61850-mms;modbus-tcp,21,8
ICS-0704_schneider_scadapack-rtu-570_SBOM.json,ICS-0704,urn:uuid:c57612ed-6c6d-5f63-a24b-b229f5ed6375,Schneider Electric,SCADAPack RTU 570,9.12.8,rtu,firmware,1,vxworks,power-transmission,dmz-routable,post-build,AMBER+STRICT,,dnp3;modbus-tcp;iec-60870-5-104,20,8
ICS-0705_ge_d20-mx-substation-controller-d20mx_SBOM.json,ICS-0705,urn:uuid:c28c108a-be22-5b39-9b6f-bef87c7902c0,GE Vernova,D20 MX Substation Controller D20MX,1.15.33,rtu,firmware,1,linux,steel-and-metals,remote-accessible,decommission,AMBER+STRICT,,dnp3;iec-61850-mms;modbus-tcp,15,6
ICS-0706_siemens_sicam-a8000-rtu-cp-8050_SBOM.json,ICS-0706,urn:uuid:168f008f-a108-5346-ab1b-7717c5f77112,Siemens AG,SICAM A8000 RTU CP-8050,4.19.13,rtu,firmware,1,linux,oil-and-gas-midstream,control-network,build,AMBER+STRICT,,iec-60870-5-104;iec-61850-mms;dnp3;modbus-tcp,15,3
ICS-0707_hitachi-energy_rtu500-series-560cmu80_SBOM.json,ICS-0707,urn:uuid:3c5bc1bc-ef63-5ca1-b43b-3c7ff3151462,Hitachi Energy,RTU500 Series 560CMU80,4.10.22,rtu,firmware,1,proprietary-rtos,power-transmission,remote-accessible,decommission,AMBER+STRICT,,iec-60870-5-104;iec-61850-mms;dnp3,16,5
ICS-0708_moxa_iopac-programmable-controller-8600-cpu30_SBOM.json,ICS-0708,urn:uuid:6b7ec87f-9393-567e-a2ff-b08d7023f079,Moxa Inc.,ioPAC Programmable Controller 8600-CPU30,1.13.31,rtu,firmware,1,linux,transportation-metro,remote-accessible,design,CLEAR,,modbus-tcp;dnp3;mqtt,15,3
ICS-0709_red-lion_data-station-plus-rtu-dspsx000_SBOM.json,ICS-0709,urn:uuid:26b9f4f5-3a8b-5bae-a001-b022aed8eaf8,Red Lion Controls,Data Station Plus RTU DSPSX000,4.2.40,rtu,firmware,1,linux,port-and-logistics,dmz-routable,build,RED,,modbus-tcp;dnp3;ethernet-ip;mqtt,16,5
ICS-0710_sel_sel-451-protection-system-487e_SBOM.json,ICS-0710,urn:uuid:71373cab-1ba5-5707-a31b-1067b30efa22,Schweitzer Engineering Laboratories,SEL-451 Protection System 487E,9.20.29,ied,firmware,1,proprietary-rtos,power-distribution,control-network,build,CLEAR,,iec-61850-mms;iec-61850-goose;dnp3;modbus-tcp,18,6
ICS-0711_sel_sel-3530-rtac-3530_SBOM.json,ICS-0711,urn:uuid:513d5f22-ddb8-5d81-942a-9e1e7853cea4,Schweitzer Engineering Laboratories,SEL-3530 RTAC 3530,6.17.27,ied,firmware,1,linux,power-generation,control-network,post-build,GREEN,,dnp3;iec-61850-mms;modbus-tcp;iec-60870-5-104,15,4
ICS-0712_hitachi-energy_ref615-feeder-protection-relay-red615_SBOM.json,ICS-0712,urn:uuid:336410f0-dd2f-5498-816a-097e329f3937,Hitachi Energy,REF615 Feeder Protection Relay RED615,4.19.19,ied,firmware,1,proprietary-rtos,manufacturing-process,control-network,design,AMBER,,iec-61850-mms;iec-61850-goose;modbus-tcp;dnp3,14,3
ICS-0713_siemens_siprotec-5-protection-relay-7ut85_SBOM.json,ICS-0713,urn:uuid:db562b4a-11c6-554c-a5b0-3da3938ccd68,Siemens AG,SIPROTEC 5 Protection Relay 7UT85,8.4.5,ied,firmware,1,proprietary-rtos,wastewater,remote-accessible,build,RED,,iec-61850-mms;iec-61850-goose;dnp3;iec-60870-5-103,14,3
ICS-0714_ge_multilin-ur-relay-l90_SBOM.json,ICS-0714,urn:uuid:c48d79b6-cda3-519a-bb5d-958d159936b5,GE Vernova,Multilin UR Relay L90,2.23.22,ied,firmware,1,proprietary-rtos,water-treatment,control-network,design,RED,,iec-61850-mms;iec-61850-goose;dnp3;modbus-tcp,16,5
ICS-0715_schneider_easergy-p3-protection-relay-p3u30_SBOM.json,ICS-0715,urn:uuid:f84859fa-2369-5bbb-a5a6-8e88e588149c,Schneider Electric,Easergy P3 Protection Relay P3U30,6.12.39,ied,firmware,1,proprietary-rtos,oil-and-gas-upstream,dmz-routable,post-build,AMBER+STRICT,,iec-61850-mms;modbus-tcp;dnp3,15,4
ICS-0716_nari_pcs-9611-feeder-protection-pcs-9611_SBOM.json,ICS-0716,urn:uuid:4c07c18f-9dac-59c3-9fb5-b2c640fe797b,NARI Technology,PCS-9611 Feeder Protection PCS-9611,7.7.32,ied,firmware,1,proprietary-rtos,chemical,remote-accessible,post-build,AMBER+STRICT,,iec-61850-mms;iec-61850-goose;modbus-tcp,17,3
ICS-0717_hd-hyundai_higen-protection-relay-hgr-100_SBOM.json,ICS-0717,urn:uuid:49b70cbd-6ada-5de8-99bb-c16494da9957,HD Hyundai Electric,HiGEN Protection Relay HGR-100,1.11.7,ied,firmware,1,proprietary-rtos,power-generation,control-network,operations,RED,,iec-61850-mms;modbus-tcp;dnp3,13,4
ICS-0718_siemens_simatic-hmi-comfort-panel-kp700_SBOM.json,ICS-0718,urn:uuid:84832858-e778-5e11-9d37-2947bea0efc9,Siemens AG,SIMATIC HMI Comfort Panel KP700,7.14.15,hmi,firmware,2,windows,pulp-and-paper,control-network,post-build,GREEN,,profinet;opc-ua;s7comm-plus,16,4
ICS-0719_rockwell_panelview-plus-terminal-7-standard-1000_SBOM.json,ICS-0719,urn:uuid:49e1ecbf-bf2f-5d28-a981-688c214dca1d,Rockwell Automation,PanelView Plus Terminal 7 Standard 1000,1.13.27,hmi,firmware,2,windows,pharmaceutical,dmz-routable,operations,CLEAR,,ethernet-ip;cip,11,3
ICS-0720_schneider_magelis-gtu-hmi-hmigtu655_SBOM.json,ICS-0720,urn:uuid:19cf177e-abaa-511e-9b05-eccd6a6ca886,Schneider Electric,Magelis GTU HMI HMIGTU655,8.10.22,hmi,firmware,2,linux,oil-and-gas-midstream,isolated-cell,build,GREEN,,modbus-tcp;ethernet-ip;opc-ua,15,5
ICS-0721_mitsubishi_got2000-graphic-terminal-gt2712-stba_SBOM.json,ICS-0721,urn:uuid:f9a93489-fc4c-5ae3-b771-52db1d0f9434,Mitsubishi Electric,GOT2000 Graphic Terminal GT2712-STBA,9.8.28,hmi,firmware,2,proprietary-rtos,power-transmission,isolated-cell,operations,CLEAR,,cc-link-ie;melsoft;modbus-tcp,14,3
ICS-0722_advantech_webop-operator-panel-wop-2100t_SBOM.json,ICS-0722,urn:uuid:b72d112e-95c6-5ec9-b667-9bd6bcba0db0,"Advantech Co., Ltd.",WebOP Operator Panel WOP-2100T,7.15.33,hmi,firmware,2,linux,power-distribution,isolated-cell,decommission,RED,,modbus-tcp;ethernet-ip;mqtt,19,6
ICS-0723_delta_dop-100-hmi-dop-107bv_SBOM.json,ICS-0723,urn:uuid:13b8b267-6dbe-528d-a064-b7ee627f9f03,Delta Electronics,DOP-100 HMI DOP-107BV,7.20.38,hmi,firmware,2,proprietary-rtos,manufacturing-discrete,remote-accessible,operations,AMBER,,modbus-tcp;canopen,13,4
ICS-0724_omron_na-series-hmi-na5-12w_SBOM.json,ICS-0724,urn:uuid:cf78342b-a771-5bba-8b98-995eca809c63,OMRON Corporation,NA Series HMI NA5-12W,4.12.31,hmi,firmware,2,windows,water-treatment,control-network,post-build,AMBER,,ethernet-ip;opc-ua;modbus-tcp,15,4
ICS-0725_pilz_pmi-operator-terminal-pmi-6-primo_SBOM.json,ICS-0725,urn:uuid:8abd180a-428b-51e2-afaf-b4d7851a0348,Pilz GmbH,PMI Operator Terminal PMI 6 primo,8.12.18,hmi,firmware,2,linux,transportation-rail,control-network,decommission,AMBER+STRICT,,profinet;modbus-tcp,17,7
ICS-0726_aveva_aveva-plant-scada-2020-r2_SBOM.json,ICS-0726,urn:uuid:8302b33c-9c33-5d10-bdd8-521140584d5a,AVEVA Group plc,AVEVA Plant SCADA 2020 R2,7.19.20,scada-server,application,2,windows,pulp-and-paper,control-network,operations,AMBER+STRICT,,opc-ua;opc-da;modbus-tcp;dnp3;iec-60870-5-104,16,3
ICS-0727_inductive_ignition-scada-platform-8-1_SBOM.json,ICS-0727,urn:uuid:aef31e0e-3706-5b6d-94d1-0e278b669428,Inductive Automation,Ignition SCADA Platform 8.1,1.4.31,scada-server,application,2,java,petrochemical,control-network,post-build,AMBER,,opc-ua;modbus-tcp;mqtt-sparkplug;dnp3,16,4
ICS-0728_copadata_zenon-supervisor-10_SBOM.json,ICS-0728,urn:uuid:bdf994fb-c8cf-534f-a856-26c87d911c55,COPA-DATA GmbH,zenon Supervisor 10,4.19.39,scada-server,application,2,windows,district-heating,remote-accessible,operations,GREEN,,opc-ua;iec-61850-mms;iec-60870-5-104;modbus-tcp,19,5
ICS-0729_siemens_simatic-wincc-v7-5_SBOM.json,ICS-0729,urn:uuid:eb747d1a-3606-52d2-8b4a-6847449bab45,Siemens AG,SIMATIC WinCC V7.5,1.18.25,scada-server,application,2,windows,wastewater,isolated-cell,design,RED,,opc-ua;profinet;s7comm-plus,16,6
ICS-0730_ge_cimplicity-hmi-scada-11-1_SBOM.json,ICS-0730,urn:uuid:ded822b4-3cff-582e-8ad8-9d3d0d244903,GE Vernova,CIMPLICITY HMI/SCADA 11.1,6.9.15,scada-server,application,2,windows,manufacturing-process,remote-accessible,build,AMBER,,opc-ua;opc-da;modbus-tcp,18,7
ICS-0731_schneider_ecostruxure-geo-scada-expert-2021_SBOM.json,ICS-0731,urn:uuid:16c479a5-57ca-5277-8f0d-c0c5538fae8c,Schneider Electric,EcoStruxure Geo SCADA Expert 2021,9.17.27,scada-server,application,2,windows,automotive,isolated-cell,design,GREEN,,dnp3;iec-60870-5-104;modbus-tcp;opc-ua,15,1
ICS-0732_rockwell_factorytalk-view-se-12-00_SBOM.json,ICS-0732,urn:uuid:8bb359ae-3a2c-5ed1-89de-32eaae2a6a04,Rockwell Automation,FactoryTalk View SE 12.00,3.9.11,scada-server,application,2,windows,wastewater,dmz-routable,design,AMBER+STRICT,,ethernet-ip;opc-ua;cip,13,5
ICS-0733_aveva_aveva-historian-2020-r2_SBOM.json,ICS-0733,urn:uuid:acf8bac6-7531-5da6-a9ea-12938458b076,AVEVA Group plc,AVEVA Historian 2020 R2,5.17.2,historian,application,3,windows,wastewater,dmz-routable,build,RED,,opc-ua;opc-hda;sql,16,6
ICS-0734_ge_proficy-historian-2022_SBOM.json,ICS-0734,urn:uuid:e4ed5579-8549-5d82-8fb5-4d00939b8d98,GE Vernova,Proficy Historian 2022,5.20.11,historian,application,3,windows,power-generation,dmz-routable,decommission,RED,,opc-ua;opc-hda;sql,13,3
ICS-0735_honeywell_uniformance-phd-historian-r500_SBOM.json,ICS-0735,urn:uuid:8101c12a-f931-5173-894b-87044840959c,Honeywell International,Uniformance PHD Historian R500,5.24.29,historian,application,3,windows,semiconductor-fab,control-network,design,GREEN,,opc-ua;opc-hda;sql,16,4
ICS-0736_emerson_deltav-continuous-historian-14-3_SBOM.json,ICS-0736,urn:uuid:f009a847-c2ea-5ea8-8bbc-acfaee48c468,Emerson Electric,DeltaV Continuous Historian 14.3,7.1.12,historian,application,3,windows,petrochemical,remote-accessible,post-build,AMBER,,opc-ua;opc-hda,15,4
ICS-0737_yokogawa_exaquantum-plant-information-system-r3-20_SBOM.json,ICS-0737,urn:uuid:ea97794d-0b25-539e-9c2f-c22166c5fadd,Yokogawa Electric,Exaquantum Plant Information System R3.20,7.7.1,historian,application,3,windows,semiconductor-fab,dmz-routable,post-build,AMBER+STRICT,,opc-ua;opc-hda;sql,15,4
ICS-0738_siemens_tia-portal-engineering-suite-v17_SBOM.json,ICS-0738,urn:uuid:f788f91b-0568-5f40-971b-689975cf91dd,Siemens AG,TIA Portal Engineering Suite V17,4.23.16,engineering-workstation,application,3,windows,automotive,control-network,decommission,GREEN,,profinet;s7comm-plus;opc-ua,12,5
ICS-0739_rockwell_studio-5000-logix-designer-34-00_SBOM.json,ICS-0739,urn:uuid:1d8d5221-acd9-5555-bf02-02f98d8793d4,Rockwell Automation,Studio 5000 Logix Designer 34.00,2.2.40,engineering-workstation,application,3,windows,water-treatment,isolated-cell,design,CLEAR,,ethernet-ip;cip,15,5
ICS-0740_schneider_ecostruxure-control-expert-v15-1_SBOM.json,ICS-0740,urn:uuid:dd854044-eb57-596e-a89a-25c2b796c921,Schneider Electric,EcoStruxure Control Expert V15.1,6.17.14,engineering-workstation,application,3,windows,power-distribution,control-network,operations,GREEN,,modbus-tcp;ethernet-ip;opc-ua,19,4
ICS-0741_mitsubishi_gx-works3-engineering-tool-1-080j_SBOM.json,ICS-0741,urn:uuid:dc87a689-67ce-51ab-947f-e15a4b2db125,Mitsubishi Electric,GX Works3 Engineering Tool 1.080J,9.24.6,engineering-workstation,application,3,windows,pulp-and-paper,dmz-routable,post-build,RED,,cc-link-ie;melsoft,13,4
ICS-0742_codesys_codesys-development-system-v3-5-sp17_SBOM.json,ICS-0742,urn:uuid:923e274f-6e5a-50f8-a869-7f6f126ccf4a,CODESYS GmbH,CODESYS Development System V3.5 SP17,5.8.19,engineering-workstation,application,3,windows,manufacturing-discrete,isolated-cell,post-build,RED,,modbus-tcp;opc-ua;ethercat,16,5
ICS-0743_abb_automation-builder-2-5_SBOM.json,ICS-0743,urn:uuid:656c0d18-1426-5412-b8f2-dfe298bf0890,ABB Ltd,Automation Builder 2.5,4.12.30,engineering-workstation,application,3,windows,automotive,remote-accessible,design,AMBER,,modbus-tcp;profinet;ethercat,13,2
ICS-0744_emerson_deltav-md-plus-controller-md-plus_SBOM.json,ICS-0744,urn:uuid:a7fd9858-128e-536a-ba50-5edb5746c508,Emerson Electric,DeltaV MD Plus Controller MD Plus,6.1.27,dcs-controller,firmware,1,vxworks,manufacturing-process,control-network,post-build,GREEN,,deltav-proprietary;modbus-tcp;opc-ua;hart-ip,15,4
ICS-0745_honeywell_experion-c300-controller-c300_SBOM.json,ICS-0745,urn:uuid:9ea8b9c8-c604-5527-9869-3a6b830280ba,Honeywell International,Experion C300 Controller C300,8.14.32,dcs-controller,firmware,1,vxworks,district-heating,remote-accessible,build,RED,PLd (ISO 13849),fte;modbus-tcp;hart-ip;opc-ua,18,6
ICS-0746_yokogawa_centum-vp-field-control-station-afv30d_SBOM.json,ICS-0746,urn:uuid:9778ac35-3ed1-55c6-a8fd-f7b981cb11a2,Yokogawa Electric,CENTUM VP Field Control Station AFV30D,3.15.14,dcs-controller,firmware,1,proprietary-rtos,power-transmission,control-network,design,CLEAR,SIL2,vnet-ip;modbus-tcp;hart-ip;foundation-fieldbus,16,4
ICS-0747_abb_ac-800m-controller-pm866_SBOM.json,ICS-0747,urn:uuid:58614f06-3dea-5739-af64-e48ddafa0857,ABB Ltd,AC 800M Controller PM866,7.22.24,dcs-controller,firmware,1,vxworks,food-and-beverage,remote-accessible,decommission,GREEN,,profibus;modbus-tcp;iec-61850-mms;opc-ua,15,5
ICS-0748_siemens_simatic-pcs-7-as-controller-as-410-5h_SBOM.json,ICS-0748,urn:uuid:10b030e0-e248-57d9-a9eb-be5498c386a2,Siemens AG,SIMATIC PCS 7 AS Controller AS 410-5H,8.14.3,dcs-controller,firmware,1,proprietary-rtos,pulp-and-paper,isolated-cell,operations,AMBER,,profibus;profinet;opc-ua,16,3
ICS-0749_hitachi-energy_symphony-plus-hpc800-hpc800_SBOM.json,ICS-0749,urn:uuid:8ddc092a-bee7-5c88-a3fd-6220e3c24381,Hitachi Energy,Symphony Plus HPC800 HPC800,8.12.17,dcs-controller,firmware,1,vxworks,transportation-rail,remote-accessible,build,AMBER+STRICT,,modbus-tcp;iec-61850-mms;opc-ua,13,5
ICS-0750_schneider_triconex-tricon-cx-controller-tricon-cx_SBOM.json,ICS-0750,urn:uuid:841f8593-ad22-5d0a-83c7-3b7d8e614b76,Schneider Electric,Triconex Tricon CX Controller Tricon CX,5.16.38,sis-logic-solver,firmware,1,proprietary-rtos,water-treatment,remote-accessible,post-build,AMBER,SIL3 (IEC 61508),tristation;modbus-tcp;opc-ua,14,5
ICS-0751_hima_himax-safety-controller-x-cpu-31_SBOM.json,ICS-0751,urn:uuid:9c618720-35a8-5b29-a60e-673463807aca,HIMA Paul Hildebrandt GmbH,HIMax Safety Controller X-CPU 31,6.6.36,sis-logic-solver,firmware,1,proprietary-rtos,wastewater,dmz-routable,design,GREEN,SIL3 (IEC 61508),safeethernet;modbus-tcp;opc-ua,15,5
ICS-0752_pilz_pss-4000-safety-controller-pssu-h-plc1_SBOM.json,ICS-0752,urn:uuid:6cb6526a-105d-5397-a8b4-41160b7d86fd,Pilz GmbH,PSS 4000 Safety Controller PSSu H PLC1,2.8.36,sis-logic-solver,firmware,1,proprietary-rtos,automotive,remote-accessible,decommission,AMBER+STRICT,SIL3,safetynet-p;profinet;modbus-tcp,16,6
ICS-0753_siemens_simatic-s7-1500f-safety-cpu-1511f-1-pn_SBOM.json,ICS-0753,urn:uuid:30016897-f657-5bd7-b893-81fa3c3f34ac,Siemens AG,SIMATIC S7-1500F Safety CPU 1511F-1 PN,8.4.37,sis-logic-solver,firmware,1,proprietary-rtos,power-distribution,dmz-routable,build,AMBER,SIL3 (IEC 61508),profisafe;profinet;opc-ua,15,5
ICS-0754_rockwell_guardlogix-safety-controller-1756-l81es_SBOM.json,ICS-0754,urn:uuid:1345fedb-ae09-5b65-93f8-3357d17d967b,Rockwell Automation,GuardLogix Safety Controller 1756-L81ES,7.18.20,sis-logic-solver,firmware,1,vxworks,water-treatment,isolated-cell,post-build,AMBER+STRICT,SIL3,cip-safety;ethernet-ip,13,5
ICS-0755_moxa_mgate-protocol-gateway-5217a_SBOM.json,ICS-0755,urn:uuid:fba76e67-e9da-5311-97ce-2cad815d8c76,Moxa Inc.,MGate Protocol Gateway 5217A,2.0.3,protocol-gateway,firmware,3.5,linux,wastewater,dmz-routable,design,GREEN,,modbus-tcp;ethernet-ip;profinet;dnp3;iec-60870-5-104,18,5
ICS-0756_softing_edgeaggregator-gateway-ea-500_SBOM.json,ICS-0756,urn:uuid:1c1da1ff-658f-5dd5-ba59-b6b08c3dc698,Softing Industrial Automation,edgeAggregator Gateway EA-500,2.16.2,protocol-gateway,application,3.5,linux,steel-and-metals,control-network,build,AMBER,,opc-ua;mqtt;modbus-tcp;s7comm,19,10
ICS-0757_advantech_ecu-1251-edge-gateway-ecu-1251_SBOM.json,ICS-0757,urn:uuid:902fdfc4-cc13-5339-b9d7-efa2e43875fc,"Advantech Co., Ltd.",ECU-1251 Edge Gateway ECU-1251,5.23.36,protocol-gateway,firmware,3.5,linux,building-automation,remote-accessible,build,AMBER+STRICT,,modbus-tcp;mqtt;opc-ua;dnp3,16,6
ICS-0758_phoenix_fl-mguard-security-appliance-rs4000_SBOM.json,ICS-0758,urn:uuid:9bb002f5-e155-5525-b145-fff123416c37,Phoenix Contact,FL MGUARD Security Appliance RS4000,2.7.21,industrial-firewall,firmware,3.5,linux,pulp-and-paper,isolated-cell,design,AMBER,,ipsec;modbus-tcp-dpi;opc-ua,16,6
ICS-0759_belden_eagle40-industrial-firewall-eagle40-4d_SBOM.json,ICS-0759,urn:uuid:c340ffa9-33f2-5e8f-b88b-a03526d07d43,Belden / Hirschmann,EAGLE40 Industrial Firewall EAGLE40-4D,7.8.24,industrial-firewall,firmware,3.5,linux,manufacturing-process,isolated-cell,design,GREEN,,modbus-tcp-dpi;iec-61850-dpi;ipsec,14,3
ICS-0760_belden_rsp-managed-switch-rsp35_SBOM.json,ICS-0760,urn:uuid:47431057-cacc-55a4-9e5a-dc6bfe476183,Belden / Hirschmann,RSP Managed Switch RSP35,7.12.15,industrial-switch,firmware,2,linux,pulp-and-paper,dmz-routable,operations,GREEN,,prp;hsr;iec-61850-mms;snmp,18,7
ICS-0761_westermo_lynx-dss-managed-switch-lynx-3510_SBOM.json,ICS-0761,urn:uuid:7e15e24d-0742-5175-9fb7-a9e095b99d8c,Westermo Network Technologies,Lynx DSS Managed Switch Lynx-3510,1.3.11,industrial-switch,firmware,2,linux,steel-and-metals,remote-accessible,design,RED,,snmp;prp;modbus-tcp,18,7
ICS-0762_moxa_eds-managed-ethernet-switch-eds-4012_SBOM.json,ICS-0762,urn:uuid:01fd38e6-e41a-5ee8-ab1d-58846791250b,Moxa Inc.,EDS Managed Ethernet Switch EDS-4012,5.0.18,industrial-switch,firmware,2,linux,manufacturing-discrete,isolated-cell,design,GREEN,,snmp;prp;modbus-tcp,19,7
ICS-0763_siemens_scalance-x-industrial-switch-xc216-4c_SBOM.json,ICS-0763,urn:uuid:17e17c04-7f5d-5eb2-876b-cc26e3c7cd0b,Siemens AG,SCALANCE X Industrial Switch XC216-4C,8.23.16,industrial-switch,firmware,2,linux,manufacturing-discrete,isolated-cell,decommission,AMBER+STRICT,,profinet;snmp;prp,19,5
ICS-0764_siemens_ruggedcom-rx1500-router-rx1500_SBOM.json,ICS-0764,urn:uuid:e84a9027-2d78-5803-a05d-5a4b27f93ee8,Siemens AG,RUGGEDCOM RX1500 Router RX1500,9.14.5,industrial-router,firmware,3.5,linux,district-heating,remote-accessible,build,GREEN,,snmp;ipsec;iec-61850-mms,13,3
ICS-0765_abb_acs880-industrial-drive-acs880-01_SBOM.json,ICS-0765,urn:uuid:e2f7bda7-97a3-5cc2-a599-d57dba24e6fd,ABB Ltd,ACS880 Industrial Drive ACS880-01,2.3.8,vfd-drive,firmware,1,proprietary-rtos,automotive,control-network,decommission,CLEAR,,profinet;ethernet-ip;modbus-tcp;ethercat,16,6
ICS-0766_siemens_sinamics-s120-drive-cu320-2-pn_SBOM.json,ICS-0766,urn:uuid:093c6fec-8119-57bd-b86c-2ea8c83db272,Siemens AG,SINAMICS S120 Drive CU320-2 PN,5.7.37,vfd-drive,firmware,1,proprietary-rtos,power-generation,remote-accessible,decommission,GREEN,,profinet;profisafe;ethernet-ip,14,4
ICS-0767_danfoss_vlt-automationdrive-fc-302_SBOM.json,ICS-0767,urn:uuid:009b2414-d8e2-58cc-a653-6a415470f1e3,Danfoss A/S,VLT AutomationDrive FC-302,5.5.23,vfd-drive,firmware,1,proprietary-rtos,food-and-beverage,isolated-cell,build,CLEAR,,profinet;modbus-tcp;ethernet-ip,18,4
ICS-0768_rockwell_powerflex-755-drive-755_SBOM.json,ICS-0768,urn:uuid:28b979b3-3fa0-52f8-8875-dd22c0112510,Rockwell Automation,PowerFlex 755 Drive 755,5.6.31,vfd-drive,firmware,1,proprietary-rtos,oil-and-gas-upstream,remote-accessible,post-build,CLEAR,,ethernet-ip;cip;devicenet,11,5
ICS-0769_bosch-rexroth_indradrive-controller-hcs01_SBOM.json,ICS-0769,urn:uuid:538a9fc0-be02-5518-84a1-4b3630329f9a,Bosch Rexroth AG,IndraDrive Controller HCS01,2.1.18,motion-controller,firmware,1,proprietary-rtos,power-transmission,dmz-routable,design,GREEN,,sercos-iii;profinet;ethercat;ethernet-ip,17,7
ICS-0770_bosch-rexroth_indramotion-mlc-xm22_SBOM.json,ICS-0770,urn:uuid:c3a59c14-d414-57e4-bc7d-1349a13c909e,Bosch Rexroth AG,IndraMotion MLC XM22,7.7.14,motion-controller,firmware,1,linux,building-automation,control-network,operations,AMBER+STRICT,,sercos-iii;opc-ua;profinet,18,7
ICS-0771_fuji_frenic-ace-inverter-frn0006e2s_SBOM.json,ICS-0771,urn:uuid:cf391b8a-9b4e-5bb5-b089-d8fcdbc55564,Fuji Electric,FRENIC-Ace Inverter FRN0006E2S,7.17.40,vfd-drive,firmware,1,proprietary-rtos,district-heating,control-network,decommission,CLEAR,,modbus-tcp;profinet,13,3
ICS-0772_mitsubishi_melfa-robot-controller-cr800-d_SBOM.json,ICS-0772,urn:uuid:6a725843-20d1-57f5-a188-928a1016cbe3,Mitsubishi Electric,MELFA Robot Controller CR800-D,1.20.16,robot-controller,firmware,1,proprietary-rtos,transportation-metro,remote-accessible,decommission,GREEN,,cc-link-ie;ethernet-ip;melsoft,16,5
ICS-0773_abb_irc5-robot-controller-irc5-compact_SBOM.json,ICS-0773,urn:uuid:fafc2d46-ceac-55ef-a1aa-1aca0f313513,ABB Ltd,IRC5 Robot Controller IRC5 Compact,4.8.16,robot-controller,firmware,1,vxworks,port-and-logistics,control-network,decommission,GREEN,PLd (ISO 13849),profinet;ethernet-ip;devicenet,15,6
ICS-0774_keyence_cnc-motion-unit-mc-1_SBOM.json,ICS-0774,urn:uuid:fd93c296-1edf-5074-a1cf-9d5d6ae8a418,KEYENCE Corporation,CNC Motion Unit MC-1,8.17.23,cnc-controller,firmware,1,proprietary-rtos,district-heating,remote-accessible,decommission,GREEN,,ethernet-ip;modbus-tcp,11,5
ICS-0775_mitsubishi_m800-cnc-controller-m830w_SBOM.json,ICS-0775,urn:uuid:73d3eb3b-60db-5e6a-b349-60d240496988,Mitsubishi Electric,M800 CNC Controller M830W,6.22.28,cnc-controller,firmware,1,proprietary-rtos,water-treatment,control-network,post-build,GREEN,,cc-link-ie;melsoft;ethernet-ip,17,5
ICS-0776_emerson_rosemount-3051s-transmitter-3051s_SBOM.json,ICS-0776,urn:uuid:69c5360d-112f-5fd4-98a3-3d1eb849abb2,Emerson Electric,Rosemount 3051S Transmitter 3051S,6.20.39,field-transmitter,firmware,0,bare-metal,wastewater,isolated-cell,decommission,RED,,hart;hart-ip;foundation-fieldbus,9,2
ICS-0777_yokogawa_eja-e-series-transmitter-eja110e_SBOM.json,ICS-0777,urn:uuid:2cb4756d-3db7-5189-810b-1ea3683c2330,Yokogawa Electric,EJA-E Series Transmitter EJA110E,4.11.4,field-transmitter,firmware,0,bare-metal,port-and-logistics,dmz-routable,operations,AMBER+STRICT,,hart;foundation-fieldbus;profibus-pa,8,2
ICS-0778_honeywell_smartline-st800-transmitter-st800_SBOM.json,ICS-0778,urn:uuid:7cf204a9-8873-5906-bf2e-80f02425b613,Honeywell International,SmartLine ST800 Transmitter ST800,6.19.35,field-transmitter,firmware,0,bare-metal,chemical,control-network,decommission,AMBER,,hart;foundation-fieldbus,9,3
ICS-0779_abb_merging-unit-sam600-sam600-io_SBOM.json,ICS-0779,urn:uuid:a451e5d0-f21c-5d12-b450-722316763c74,ABB Ltd,Merging Unit SAM600 SAM600-IO,6.15.5,merging-unit,firmware,0,proprietary-rtos,building-automation,remote-accessible,decommission,CLEAR,,iec-61850-sv;iec-61850-goose;ptp-1588,11,2
ICS-0780_schneider_powerlogic-ion9000-meter-ion9000_SBOM.json,ICS-0780,urn:uuid:f88be968-a399-5a6f-be40-7eafa99ffd1f,Schneider Electric,PowerLogic ION9000 Meter ION9000,3.21.26,power-meter,firmware,1,linux,oil-and-gas-upstream,control-network,post-build,CLEAR,,modbus-tcp;dnp3;iec-61850-mms,20,9
ICS-0781_ge_epm-9900-power-meter-epm9900_SBOM.json,ICS-0781,urn:uuid:cda7732a-fdea-56d8-881e-165ad617d066,GE Vernova,EPM 9900 Power Meter EPM9900,5.18.36,power-meter,firmware,1,proprietary-rtos,chemical,isolated-cell,design,RED,,modbus-tcp;dnp3;iec-61850-mms,15,6
ICS-0782_ptc_kepserverex-connectivity-platform-6-11_SBOM.json,ICS-0782,urn:uuid:d26f3194-bcc0-5e8d-bcdc-51baea3f265c,PTC Inc.,KEPServerEX Connectivity Platform 6.11,6.24.26,opc-server,application,3,windows,pharmaceutical,isolated-cell,design,RED,,opc-ua;opc-da;modbus-tcp;ethernet-ip;s7comm,16,3
ICS-0783_softing_datafeed-opc-suite-v5-20_SBOM.json,ICS-0783,urn:uuid:d14bc1cb-4961-5532-8227-b2167d9999a5,Softing Industrial Automation,dataFEED OPC Suite V5.20,8.4.19,opc-server,application,3,windows,power-distribution,control-network,build,GREEN,,opc-ua;opc-da;mqtt;s7comm,15,6
ICS-0784_aveva_aveva-opc-ua-server-2020_SBOM.json,ICS-0784,urn:uuid:8fd48b78-406d-5c30-bd1d-f400ccc4649b,AVEVA Group plc,AVEVA OPC UA Server 2020,6.11.3,opc-server,application,3,windows,pulp-and-paper,dmz-routable,build,RED,,opc-ua;opc-da,11,5
ICS-0785_honeywell_excel-web-ii-bacnet-controller-xl1000c50_SBOM.json,ICS-0785,urn:uuid:3398060a-3fa5-54cd-bee8-95e25329825e,Honeywell International,Excel Web II BACnet Controller XL1000C50,1.21.2,bas-controller,firmware,1,linux,power-generation,isolated-cell,design,CLEAR,,bacnet-ip;modbus-tcp;lonworks,17,7
ICS-0786_siemens_desigo-pxc-automation-station-pxc100-e-d_SBOM.json,ICS-0786,urn:uuid:85714dfa-4a04-5e83-880a-c314471082bc,Siemens AG,Desigo PXC Automation Station PXC100-E.D,9.22.14,bas-controller,firmware,1,proprietary-rtos,food-and-beverage,dmz-routable,decommission,AMBER+STRICT,,bacnet-ip;modbus-tcp;knx,14,3
ICS-0787_schneider_smartx-as-p-controller-as-p_SBOM.json,ICS-0787,urn:uuid:748a7c59-98c4-5485-bcd8-9a861d39664f,Schneider Electric,SmartX AS-P Controller AS-P,4.3.18,bas-controller,firmware,1,linux,pulp-and-paper,isolated-cell,operations,CLEAR,,bacnet-ip;modbus-tcp;lonworks,16,7
ICS-0788_delta_ez-building-controller-ezns-1000_SBOM.json,ICS-0788,urn:uuid:5cc2f9ce-35f7-53ae-9ce1-3f603330df9c,Delta Electronics,eZ Building Controller eZNS-1000,4.19.15,bas-controller,firmware,1,linux,building-automation,control-network,post-build,AMBER,,bacnet-ip;modbus-tcp,15,7
ICS-0789_phoenix_radioline-wireless-gateway-rad-2400_SBOM.json,ICS-0789,urn:uuid:7795bdff-d2ab-5d9d-8ba8-6b5cf1d562d6,Phoenix Contact,Radioline Wireless Gateway RAD-2400,1.19.26,wireless-gateway,firmware,1,freertos,food-and-beverage,control-network,operations,GREEN,,modbus-tcp;trusted-wireless,11,4
ICS-0790_moxa_awk-industrial-wireless-ap-awk-3131a_SBOM.json,ICS-0790,urn:uuid:a723a6b2-04da-571c-bb7c-e1742b34ded2,Moxa Inc.,AWK Industrial Wireless AP AWK-3131A,8.23.16,wireless-gateway,firmware,2,linux,wastewater,dmz-routable,build,GREEN,,snmp;modbus-tcp;wpa2,18,8
ICS-0791_emerson_wireless-1420-gateway-1420_SBOM.json,ICS-0791,urn:uuid:fa24fa6c-20e8-5279-bcdb-b69186b6873e,Emerson Electric,Wireless 1420 Gateway 1420,2.10.38,wireless-gateway,firmware,1,linux,transportation-rail,isolated-cell,decommission,RED,,wirelesshart;modbus-tcp;opc-ua,14,6
ICS-0792_siemens_simatic-s7-1500-cpu-1518-4-pn-dp_SBOM.json,ICS-0792,urn:uuid:e39e2a6a-fa36-5e3b-a570-e004dac5cd99,Siemens AG,SIMATIC S7-1500 CPU 1518-4 PN/DP,4.11.9,plc,firmware,1,proprietary-rtos,manufacturing-process,dmz-routable,decommission,RED,SIL2,profinet;s7comm-plus;opc-ua;modbus-tcp,18,5
ICS-0793_siemens_simatic-s7-1200-cpu-1217c_SBOM.json,ICS-0793,urn:uuid:617070be-0d74-5066-a6bb-070dc97a2e4f,Siemens AG,SIMATIC S7-1200 CPU 1217C,3.24.21,plc,firmware,1,proprietary-rtos,transportation-metro,dmz-routable,design,AMBER,SIL2,profinet;s7comm-plus;modbus-tcp,15,4
ICS-0794_siemens_simatic-s7-400-cpu-416-3_SBOM.json,ICS-0794,urn:uuid:d542de95-4b2f-516b-9f3f-5027d34d7454,Siemens AG,SIMATIC S7-400 CPU 416-3,3.3.12,plc,firmware,1,proprietary-rtos,power-transmission,isolated-cell,operations,AMBER,,profibus;s7comm;industrial-ethernet,12,3
ICS-0795_rockwell_controllogix-controller-1756-l83e_SBOM.json,ICS-0795,urn:uuid:87e10ff4-5e65-59ad-ab7c-4b09a254d236,Rockwell Automation,ControlLogix Controller 1756-L83E,2.7.37,plc,firmware,1,vxworks,food-and-beverage,dmz-routable,build,RED,,ethernet-ip;cip;devicenet,15,5
ICS-0796_rockwell_compactlogix-controller-5069-l320er_SBOM.json,ICS-0796,urn:uuid:e614e1ba-e96b-5cac-a9ad-9073578fe90e,Rockwell Automation,CompactLogix Controller 5069-L320ER,8.11.28,plc,firmware,1,vxworks,power-generation,control-network,operations,RED,,ethernet-ip;cip;modbus-tcp,15,5
ICS-0797_rockwell_micrologix-controller-1100-c_SBOM.json,ICS-0797,urn:uuid:d1b253af-d2cf-5f48-b868-7f68ac1cebef,Rockwell Automation,MicroLogix Controller 1100-C,5.14.4,plc,firmware,1,proprietary-rtos,automotive,control-network,post-build,AMBER+STRICT,,ethernet-ip;df1,14,6
ICS-0798_schneider_modicon-m340-controller-bmxp341000_SBOM.json,ICS-0798,urn:uuid:9c0cc791-4cfa-5f0c-a706-5fd120c2e1ae,Schneider Electric,Modicon M340 Controller BMXP341000,6.24.10,plc,firmware,1,vxworks,power-distribution,remote-accessible,decommission,AMBER,,modbus-tcp;ethernet-ip;canopen,17,8
ICS-0799_schneider_modicon-m580-epac-bmep584040_SBOM.json,ICS-0799,urn:uuid:f4d767ae-984d-590c-98fb-08de52ca15ad,Schneider Electric,Modicon M580 ePAC BMEP584040,5.21.35,plc,firmware,1,linux,port-and-logistics,control-network,post-build,CLEAR,,modbus-tcp;ethernet-ip;opc-ua;dnp3,19,7
ICS-0800_mitsubishi_melsec-iq-r-cpu-r32cpu_SBOM.json,ICS-0800,urn:uuid:a814a798-3823-5fa6-bfad-d94ebb10e256,Mitsubishi Electric,MELSEC iQ-R CPU R32CPU,9.10.30,plc,firmware,1,proprietary-rtos,transportation-metro,isolated-cell,design,AMBER+STRICT,SIL2,cc-link-ie;melsoft;modbus-tcp;slmp,15,5
ICS-0801_mitsubishi_melsec-q-series-cpu-q06ude_SBOM.json,ICS-0801,urn:uuid:3054c6d3-cdfc-5de6-bdd3-062fc5293aa5,Mitsubishi Electric,MELSEC-Q Series CPU Q06UDE,5.16.12,plc,firmware,1,proprietary-rtos,building-automation,isolated-cell,operations,RED,PLd (ISO 13849),cc-link;melsoft;modbus-tcp,15,3
ICS-0802_omron_sysmac-nj-machine-controller-nj301-1200_SBOM.json,ICS-0802,urn:uuid:820f14fe-030c-5dc1-9c3d-e50eb39c922a,OMRON Corporation,SYSMAC NJ Machine Controller NJ301-1200,1.3.0,plc,firmware,1,proprietary-rtos,chemical,dmz-routable,design,AMBER,,ethercat;ethernet-ip;opc-ua,18,6
ICS-0803_omron_sysmac-cj2-plc-cj2h-cpu64_SBOM.json,ICS-0803,urn:uuid:7ae21184-8fe7-50a5-a680-09befdf3bdc1,OMRON Corporation,SYSMAC CJ2 PLC CJ2H-CPU64,4.8.14,plc,firmware,1,proprietary-rtos,port-and-logistics,control-network,post-build,RED,PLd (ISO 13849),fins;ethernet-ip;modbus-tcp,16,6
ICS-0804_beckhoff_twincat-runtime-controller-cx8190_SBOM.json,ICS-0804,urn:uuid:169318cc-3296-5485-a8cd-e6a8e31ff004,Beckhoff Automation,TwinCAT Runtime Controller CX8190,7.17.15,plc,application,1,windows,pharmaceutical,dmz-routable,post-build,GREEN,SIL2,ethercat;opc-ua;modbus-tcp;profinet,16,5
ICS-0805_wago_pfc200-controller-750-8206_SBOM.json,ICS-0805,urn:uuid:da700c04-8c01-5b43-9423-2adda084d999,WAGO GmbH,PFC200 Controller 750-8206,4.5.35,plc,firmware,1,linux,pulp-and-paper,remote-accessible,operations,CLEAR,,modbus-tcp;profinet;canopen;mqtt;opc-ua,22,9
ICS-0806_phoenix_axc-f-2152-controller-axc-f-3152_SBOM.json,ICS-0806,urn:uuid:f500518a-e31d-5025-a9d0-617d6555c388,Phoenix Contact,AXC F 2152 Controller AXC-F-3152,6.13.14,plc,firmware,1,linux,manufacturing-discrete,remote-accessible,operations,CLEAR,,profinet;opc-ua;modbus-tcp;mqtt,16,5
ICS-0807_br_x20-controller-x20cp3586_SBOM.json,ICS-0807,urn:uuid:aa613656-ed89-57b9-aa61-d51ecc4c8c47,B&R Industrial Automation,X20 Controller X20CP3586,9.15.2,plc,firmware,1,proprietary-rtos,automotive,isolated-cell,build,GREEN,SIL2,powerlink;opc-ua;modbus-tcp,15,2
ICS-0808_ls-electric_xgt-plc-cpu-xgi-cpuu_SBOM.json,ICS-0808,urn:uuid:46175219-8d4a-5c34-be21-eaa534640890,LS ELECTRIC,XGT PLC CPU XGI-CPUU,9.8.33,plc,firmware,1,proprietary-rtos,automotive,dmz-routable,design,AMBER,SIL2,modbus-tcp;rapienet;ethernet-ip,15,4
ICS-0809_delta_as-series-plc-as332t-a_SBOM.json,ICS-0809,urn:uuid:ea95e7d8-4aef-5d11-8cca-b7c92f4593cc,Delta Electronics,AS Series PLC AS332T-A,4.12.22,plc,firmware,1,proprietary-rtos,water-treatment,isolated-cell,operations,RED,,modbus-tcp;ethernet-ip;canopen,17,7
ICS-0810_unitronics_unistream-plc-usp-104-b10_SBOM.json,ICS-0810,urn:uuid:fe0d57a9-7e2c-5c9c-80ab-031932f8860e,Unitronics,UniStream PLC USP-104-B10,1.8.23,plc,firmware,1,linux,pulp-and-paper,remote-accessible,design,AMBER,,modbus-tcp;canopen;mqtt,14,3
ICS-0811_idec_microsmart-fc6a-plc-fc6a-d32k3_SBOM.json,ICS-0811,urn:uuid:2535f81c-0175-57ce-9f3d-7f7c50d5dfb1,IDEC Corporation,MicroSmart FC6A PLC FC6A-D32K3,6.7.1,plc,firmware,1,proprietary-rtos,power-distribution,isolated-cell,post-build,RED,SIL2,modbus-tcp;bacnet-ip,14,4
ICS-0812_panasonic_fp7-series-plc-afp7cps31_SBOM.json,ICS-0812,urn:uuid:3da90d92-4c5a-545b-b94a-405b383b0430,"Panasonic Industry Co., Ltd.",FP7 Series PLC AFP7CPS31,1.6.38,plc,firmware,1,proprietary-rtos,food-and-beverage,isolated-cell,design,GREEN,,modbus-tcp;mewtocol,13,5
ICS-0813_keyence_kv-8000-plc-kv-7500_SBOM.json,ICS-0813,urn:uuid:d6483a74-8b84-5b98-9197-884af90a40a7,KEYENCE Corporation,KV-8000 PLC KV-7500,1.1.15,plc,firmware,1,proprietary-rtos,district-heating,control-network,decommission,AMBER,SIL2,ethernet-ip;modbus-tcp;kv-protocol,11,2
ICS-0814_fuji_micrex-sx-plc-np1pm-256e_SBOM.json,ICS-0814,urn:uuid:d7409f8b-bad8-59ce-a759-0b39c8df6214,Fuji Electric,MICREX-SX PLC NP1PM-256E,8.6.14,plc,firmware,1,proprietary-rtos,power-transmission,dmz-routable,operations,CLEAR,SIL2,modbus-tcp;fl-net,13,5
ICS-0815_codesys_codesys-control-runtime-for-beaglebone-sl_SBOM.json,ICS-0815,urn:uuid:3e2a2e9f-87bc-5336-beb1-c1e9dbde175d,CODESYS GmbH,CODESYS Control Runtime for BeagleBone SL,2.16.34,plc-runtime,application,1,linux,transportation-metro,control-network,build,AMBER+STRICT,,modbus-tcp;opc-ua;ethercat;canopen;profinet,18,8
ICS-0816_abb_rtu560-telecontrol-unit-560cmr01_SBOM.json,ICS-0816,urn:uuid:205f58bc-a6b9-59d4-877e-5d88a3dc6f8d,ABB Ltd,RTU560 Telecontrol Unit 560CMR01,6.18.19,rtu,firmware,1,linux,steel-and-metals,dmz-routable,design,AMBER+STRICT,,iec-60870-5-104;dnp3;iec-61850-mms;modbus-tcp,19,6
ICS-0817_schneider_scadapack-rtu-x70_SBOM.json,ICS-0817,urn:uuid:ca8d61da-8010-5ecd-96c0-c4d3ab788165,Schneider Electric,SCADAPack RTU x70,7.13.19,rtu,firmware,1,vxworks,district-heating,control-network,post-build,AMBER,,dnp3;modbus-tcp;iec-60870-5-104,16,6
ICS-0818_ge_d20-mx-substation-controller-d20eme_SBOM.json,ICS-0818,urn:uuid:f3b2b8af-4881-5b06-bcb9-99598c55c68a,GE Vernova,D20 MX Substation Controller D20EME,9.11.35,rtu,firmware,1,linux,food-and-beverage,dmz-routable,design,AMBER+STRICT,,dnp3;iec-61850-mms;modbus-tcp,17,7
ICS-0819_siemens_sicam-a8000-rtu-cp-8031_SBOM.json,ICS-0819,urn:uuid:82dd620e-7a36-55ac-bddd-15bb38c4e883,Siemens AG,SICAM A8000 RTU CP-8031,8.12.3,rtu,firmware,1,linux,power-generation,remote-accessible,decommission,AMBER,,iec-60870-5-104;iec-61850-mms;dnp3;modbus-tcp,17,5
ICS-0820_hitachi-energy_rtu500-series-rtu520_SBOM.json,ICS-0820,urn:uuid:9fa47651-5668-5607-aa8f-c344fe033c8a,Hitachi Energy,RTU500 Series RTU520,2.23.9,rtu,firmware,1,proprietary-rtos,semiconductor-fab,dmz-routable,post-build,GREEN,,iec-60870-5-104;iec-61850-mms;dnp3,16,5
ICS-0821_moxa_iopac-programmable-controller-8500-c-t_SBOM.json,ICS-0821,urn:uuid:ede879d2-b8ce-53fd-a15e-d456b163620c,Moxa Inc.,ioPAC Programmable Controller 8500-C-T,6.18.37,rtu,firmware,1,linux,power-distribution,control-network,operations,AMBER,,modbus-tcp;dnp3;mqtt,19,10
ICS-0822_red-lion_data-station-plus-rtu-dspzr000_SBOM.json,ICS-0822,urn:uuid:09852b72-963a-563a-8967-9f721288b1a0,Red Lion Controls,Data Station Plus RTU DSPZR000,3.11.15,rtu,firmware,1,linux,steel-and-metals,remote-accessible,decommission,RED,,modbus-tcp;dnp3;ethernet-ip;mqtt,17,5
ICS-0823_sel_sel-451-protection-system-421_SBOM.json,ICS-0823,urn:uuid:f873dae8-1739-586c-87d7-bd74036b4feb,Schweitzer Engineering Laboratories,SEL-451 Protection System 421,6.7.37,ied,firmware,1,proprietary-rtos,petrochemical,dmz-routable,decommission,AMBER,,iec-61850-mms;iec-61850-goose;dnp3;modbus-tcp,16,5
ICS-0824_sel_sel-3530-rtac-3530-4_SBOM.json,ICS-0824,urn:uuid:0cdca7d8-3f8b-5c19-ab2a-2e61a5bc0fee,Schweitzer Engineering Laboratories,SEL-3530 RTAC 3530-4,6.21.23,ied,firmware,1,linux,semiconductor-fab,control-network,decommission,AMBER+STRICT,,dnp3;iec-61850-mms;modbus-tcp;iec-60870-5-104,19,5
ICS-0825_hitachi-energy_ref615-feeder-protection-relay-reu615_SBOM.json,ICS-0825,urn:uuid:5fc3b1b9-fc20-5a98-84e6-24f29e9ee424,Hitachi Energy,REF615 Feeder Protection Relay REU615,6.20.25,ied,firmware,1,proprietary-rtos,chemical,isolated-cell,post-build,CLEAR,,iec-61850-mms;iec-61850-goose;modbus-tcp;dnp3,18,7
ICS-0826_siemens_siprotec-5-protection-relay-7sa86_SBOM.json,ICS-0826,urn:uuid:0c52b99a-0ea7-516a-a2f5-5356477c9b3e,Siemens AG,SIPROTEC 5 Protection Relay 7SA86,6.8.17,ied,firmware,1,proprietary-rtos,pharmaceutical,dmz-routable,design,AMBER,,iec-61850-mms;iec-61850-goose;dnp3;iec-60870-5-103,13,3
ICS-0827_ge_multilin-ur-relay-t35_SBOM.json,ICS-0827,urn:uuid:ace3315f-fa39-56ab-ace5-4fa9826ef53f,GE Vernova,Multilin UR Relay T35,9.24.31,ied,firmware,1,proprietary-rtos,oil-and-gas-upstream,control-network,decommission,CLEAR,,iec-61850-mms;iec-61850-goose;dnp3;modbus-tcp,17,4
ICS-0828_schneider_easergy-p3-protection-relay-p3l30_SBOM.json,ICS-0828,urn:uuid:6939a159-22cf-5f44-bda6-a77b267eeefb,Schneider Electric,Easergy P3 Protection Relay P3L30,3.22.16,ied,firmware,1,proprietary-rtos,power-transmission,dmz-routable,design,GREEN,,iec-61850-mms;modbus-tcp;dnp3,17,6
ICS-0829_nari_pcs-9611-feeder-protection-pcs-9705_SBOM.json,ICS-0829,urn:uuid:ca654524-8c41-5c78-8c16-c476968ded46,NARI Technology,PCS-9611 Feeder Protection PCS-9705,7.15.38,ied,firmware,1,proprietary-rtos,petrochemical,isolated-cell,decommission,AMBER+STRICT,,iec-61850-mms;iec-61850-goose;modbus-tcp,12,3
ICS-0830_hd-hyundai_higen-protection-relay-hgr-200_SBOM.json,ICS-0830,urn:uuid:f857e8f1-07b5-5522-8b36-91c4e4770562,HD Hyundai Electric,HiGEN Protection Relay HGR-200,4.6.22,ied,firmware,1,proprietary-rtos,petrochemical,isolated-cell,operations,AMBER,,iec-61850-mms;modbus-tcp;dnp3,18,6
ICS-0831_siemens_simatic-hmi-comfort-panel-tp2200_SBOM.json,ICS-0831,urn:uuid:ed0210da-b538-596b-98d0-b0c053d311d2,Siemens AG,SIMATIC HMI Comfort Panel TP2200,6.16.22,hmi,firmware,2,windows,steel-and-metals,dmz-routable,post-build,AMBER+STRICT,,profinet;opc-ua;s7comm-plus,15,6
ICS-0832_rockwell_panelview-plus-terminal-7-performance-1500_SBOM.json,ICS-0832,urn:uuid:cb742a7a-8a98-5396-900b-c34da4b571ca,Rockwell Automation,PanelView Plus Terminal 7 Performance 1500,8.8.5,hmi,firmware,2,windows,building-automation,control-network,post-build,GREEN,,ethernet-ip;cip,16,7
ICS-0833_schneider_magelis-gtu-hmi-hmidt551_SBOM.json,ICS-0833,urn:uuid:4048421b-b036-51f9-b297-1678b7b65b02,Schneider Electric,Magelis GTU HMI HMIDT551,4.20.26,hmi,firmware,2,linux,transportation-rail,remote-accessible,design,AMBER+STRICT,,modbus-tcp;ethernet-ip;opc-ua,13,3
ICS-0834_mitsubishi_got2000-graphic-terminal-gt2510-vtba_SBOM.json,ICS-0834,urn:uuid:563fa2a4-03bb-5772-b040-47b0ad3c43d6,Mitsubishi Electric,GOT2000 Graphic Terminal GT2510-VTBA,9.10.20,hmi,firmware,2,proprietary-rtos,power-generation,isolated-cell,operations,AMBER,,cc-link-ie;melsoft;modbus-tcp,14,4
ICS-0835_advantech_webop-operator-panel-wop-3070t_SBOM.json,ICS-0835,urn:uuid:5f88ba3f-d1aa-5df9-adee-98b627a6f780,"Advantech Co., Ltd.",WebOP Operator Panel WOP-3070T,4.20.31,hmi,firmware,2,linux,petrochemical,isolated-cell,post-build,RED,,modbus-tcp;ethernet-ip;mqtt,13,6
ICS-0836_delta_dop-100-hmi-dop-110cs_SBOM.json,ICS-0836,urn:uuid:ef403aec-3d61-5f9e-bbd0-f26859699e18,Delta Electronics,DOP-100 HMI DOP-110CS,8.5.26,hmi,firmware,2,proprietary-rtos,semiconductor-fab,remote-accessible,build,AMBER,,modbus-tcp;canopen,14,4
ICS-0837_omron_na-series-hmi-na5-9w_SBOM.json,ICS-0837,urn:uuid:be5171ec-1d04-51e6-8d3d-f620fa079f9a,OMRON Corporation,NA Series HMI NA5-9W,4.8.7,hmi,firmware,2,windows,petrochemical,dmz-routable,operations,AMBER,,ethernet-ip;opc-ua;modbus-tcp,15,3
ICS-0838_pilz_pmi-operator-terminal-pmi-v812_SBOM.json,ICS-0838,urn:uuid:455af57a-86ad-5ba8-b318-29de41274cba,Pilz GmbH,PMI Operator Terminal PMI v812,1.7.27,hmi,firmware,2,linux,petrochemical,remote-accessible,decommission,CLEAR,,profinet;modbus-tcp,13,5
ICS-0839_aveva_aveva-plant-scada-2023_SBOM.json,ICS-0839,urn:uuid:39c7ef08-dd30-59a1-89b3-03189dfee9e7,AVEVA Group plc,AVEVA Plant SCADA 2023,3.19.4,scada-server,application,2,windows,port-and-logistics,control-network,operations,AMBER+STRICT,,opc-ua;opc-da;modbus-tcp;dnp3;iec-60870-5-104,14,5
ICS-0840_inductive_ignition-scada-platform-8-1-edge_SBOM.json,ICS-0840,urn:uuid:aa30638c-94ee-55c6-8934-bde830c1a68e,Inductive Automation,Ignition SCADA Platform 8.1 Edge,2.10.13,scada-server,application,2,java,petrochemical,remote-accessible,post-build,AMBER,,opc-ua;modbus-tcp;mqtt-sparkplug;dnp3,15,5
ICS-0841_copadata_zenon-supervisor-11_SBOM.json,ICS-0841,urn:uuid:f8bb94cb-90db-5499-bd0d-4fab03c93a12,COPA-DATA GmbH,zenon Supervisor 11,5.15.0,scada-server,application,2,windows,power-transmission,isolated-cell,design,AMBER,,opc-ua;iec-61850-mms;iec-60870-5-104;modbus-tcp,16,3
ICS-0842_siemens_simatic-wincc-v8-0_SBOM.json,ICS-0842,urn:uuid:fa7597ea-90aa-5163-b260-1c4cdfdc68d8,Siemens AG,SIMATIC WinCC V8.0,2.13.29,scada-server,application,2,windows,power-generation,control-network,build,GREEN,,opc-ua;profinet;s7comm-plus,14,2
ICS-0843_ge_cimplicity-hmi-scada-2022_SBOM.json,ICS-0843,urn:uuid:bd258fd7-c632-5bef-a7e2-540a0aef5af7,GE Vernova,CIMPLICITY HMI/SCADA 2022,4.23.1,scada-server,application,2,windows,oil-and-gas-midstream,control-network,build,CLEAR,,opc-ua;opc-da;modbus-tcp,15,2
ICS-0844_schneider_ecostruxure-geo-scada-expert-2022_SBOM.json,ICS-0844,urn:uuid:9f7c104b-e4a4-5b39-bff1-8eb438842b6c,Schneider Electric,EcoStruxure Geo SCADA Expert 2022,3.8.29,scada-server,application,2,windows,port-and-logistics,isolated-cell,operations,RED,,dnp3;iec-60870-5-104;modbus-tcp;opc-ua,16,5
ICS-0845_rockwell_factorytalk-view-se-13-00_SBOM.json,ICS-0845,urn:uuid:2aa9fbe8-dcd9-5426-b82e-6bf9a4551cef,Rockwell Automation,FactoryTalk View SE 13.00,7.18.24,scada-server,application,2,windows,oil-and-gas-upstream,dmz-routable,build,AMBER,,ethernet-ip;opc-ua;cip,16,5
ICS-0846_aveva_aveva-historian-2023_SBOM.json,ICS-0846,urn:uuid:7aec7fcb-b2f7-5e28-a46f-178220b11709,AVEVA Group plc,AVEVA Historian 2023,9.19.1,historian,application,3,windows,manufacturing-discrete,remote-accessible,build,AMBER,,opc-ua;opc-hda;sql,17,5
ICS-0847_ge_proficy-historian-2023_SBOM.json,ICS-0847,urn:uuid:c5d854a5-d0a7-5db2-811c-38d44433047b,GE Vernova,Proficy Historian 2023,9.3.0,historian,application,3,windows,food-and-beverage,control-network,operations,CLEAR,,opc-ua;opc-hda;sql,16,5
ICS-0848_honeywell_uniformance-phd-historian-r400_SBOM.json,ICS-0848,urn:uuid:16ec3125-9edd-5d4e-8ee3-7c1106ca49f6,Honeywell International,Uniformance PHD Historian R400,7.12.33,historian,application,3,windows,manufacturing-discrete,isolated-cell,decommission,AMBER,,opc-ua;opc-hda;sql,12,4
ICS-0849_emerson_deltav-continuous-historian-14-lts_SBOM.json,ICS-0849,urn:uuid:ecef3d77-0ba5-5e93-a643-435122ffa2af,Emerson Electric,DeltaV Continuous Historian 14.LTS,6.12.18,historian,application,3,windows,automotive,dmz-routable,build,AMBER+STRICT,,opc-ua;opc-hda,13,5
ICS-0850_yokogawa_exaquantum-plant-information-system-r3-15_SBOM.json,ICS-0850,urn:uuid:3f3cd1a1-c57d-5fbf-8f2d-b5fd24f7e44a,Yokogawa Electric,Exaquantum Plant Information System R3.15,4.11.31,historian,application,3,windows,petrochemical,control-network,operations,GREEN,,opc-ua;opc-hda;sql,17,5
ICS-0851_siemens_tia-portal-engineering-suite-v18_SBOM.json,ICS-0851,urn:uuid:01f7a6b9-d5af-5514-97b4-33e553712703,Siemens AG,TIA Portal Engineering Suite V18,7.4.33,engineering-workstation,application,3,windows,pulp-and-paper,dmz-routable,operations,CLEAR,,profinet;s7comm-plus;opc-ua,15,7
ICS-0852_rockwell_studio-5000-logix-designer-35-00_SBOM.json,ICS-0852,urn:uuid:df4efcc7-6251-50ae-b6ee-48bd044f0bf8,Rockwell Automation,Studio 5000 Logix Designer 35.00,2.1.33,engineering-workstation,application,3,windows,pulp-and-paper,control-network,design,AMBER+STRICT,,ethernet-ip;cip,15,4
ICS-0853_schneider_ecostruxure-control-expert-v16-0_SBOM.json,ICS-0853,urn:uuid:a7a08a15-a3e6-55dc-b522-277317ccf84f,Schneider Electric,EcoStruxure Control Expert V16.0,5.8.29,engineering-workstation,application,3,windows,district-heating,control-network,operations,AMBER,,modbus-tcp;ethernet-ip;opc-ua,16,6
ICS-0854_mitsubishi_gx-works3-engineering-tool-1-090u_SBOM.json,ICS-0854,urn:uuid:85bbf90e-be1a-54b1-98e2-8a60c69c7b01,Mitsubishi Electric,GX Works3 Engineering Tool 1.090U,9.7.8,engineering-workstation,application,3,windows,building-automation,isolated-cell,build,AMBER+STRICT,,cc-link-ie;melsoft,16,5
ICS-0855_codesys_codesys-development-system-v3-5-sp18_SBOM.json,ICS-0855,urn:uuid:7fe4b8d4-9667-5df2-9951-633e269bc047,CODESYS GmbH,CODESYS Development System V3.5 SP18,4.18.10,engineering-workstation,application,3,windows,transportation-rail,isolated-cell,decommission,AMBER+STRICT,,modbus-tcp;opc-ua;ethercat,15,4
ICS-0856_abb_automation-builder-2-6_SBOM.json,ICS-0856,urn:uuid:1eb62450-9116-5d2c-a5ae-66b52780bcf4,ABB Ltd,Automation Builder 2.6,9.9.5,engineering-workstation,application,3,windows,pharmaceutical,remote-accessible,post-build,AMBER+STRICT,,modbus-tcp;profinet;ethercat,13,5
ICS-0857_emerson_deltav-md-plus-controller-sx_SBOM.json,ICS-0857,urn:uuid:8e11d539-f9bf-5330-aaf1-7a74d2d1c5a0,Emerson Electric,DeltaV MD Plus Controller SX,6.23.0,dcs-controller,firmware,1,vxworks,building-automation,dmz-routable,build,GREEN,PLd (ISO 13849),deltav-proprietary;modbus-tcp;opc-ua;hart-ip,20,9
ICS-0858_honeywell_experion-c300-controller-c200e_SBOM.json,ICS-0858,urn:uuid:fbbf6b2e-1c7f-5dab-ac55-5f931973b5eb,Honeywell International,Experion C300 Controller C200E,4.2.35,dcs-controller,firmware,1,vxworks,power-transmission,dmz-routable,post-build,AMBER+STRICT,SIL2,fte;modbus-tcp;hart-ip;opc-ua,20,7
ICS-0859_yokogawa_centum-vp-field-control-station-afv10d_SBOM.json,ICS-0859,urn:uuid:cb6631f7-4d3a-5393-81aa-e17081e36a9f,Yokogawa Electric,CENTUM VP Field Control Station AFV10D,9.8.37,dcs-controller,firmware,1,proprietary-rtos,water-treatment,isolated-cell,decommission,CLEAR,PLd (ISO 13849),vnet-ip;modbus-tcp;hart-ip;foundation-fieldbus,12,4
ICS-0860_abb_ac-800m-controller-pm891_SBOM.json,ICS-0860,urn:uuid:65a27f97-fd0f-59f8-9d16-96cc3e39d8f4,ABB Ltd,AC 800M Controller PM891,8.6.5,dcs-controller,firmware,1,vxworks,steel-and-metals,dmz-routable,design,AMBER+STRICT,SIL2,profibus;modbus-tcp;iec-61850-mms;opc-ua,18,6
ICS-0861_siemens_simatic-pcs-7-as-controller-as-417-4_SBOM.json,ICS-0861,urn:uuid:cbf8f137-da17-5196-a58f-c22892189300,Siemens AG,SIMATIC PCS 7 AS Controller AS 417-4,8.5.34,dcs-controller,firmware,1,proprietary-rtos,power-generation,isolated-cell,post-build,AMBER+STRICT,,profibus;profinet;opc-ua,19,3
ICS-0862_hitachi-energy_symphony-plus-hpc800-brc410_SBOM.json,ICS-0862,urn:uuid:7137161a-95e4-53eb-ba3d-14fb8706ef51,Hitachi Energy,Symphony Plus HPC800 BRC410,3.3.38,dcs-controller,firmware,1,vxworks,building-automation,control-network,operations,AMBER,PLd (ISO 13849),modbus-tcp;iec-61850-mms;opc-ua,16,7
ICS-0863_schneider_triconex-tricon-cx-controller-trident-3_SBOM.json,ICS-0863,urn:uuid:55e98afe-bf64-5914-b803-7cceccc78e60,Schneider Electric,Triconex Tricon CX Controller Trident 3,1.18.40,sis-logic-solver,firmware,1,proprietary-rtos,manufacturing-discrete,isolated-cell,operations,AMBER+STRICT,SIL3 (IEC 61508),tristation;modbus-tcp;opc-ua,15,6
ICS-0864_hima_himax-safety-controller-x-cpu-01_SBOM.json,ICS-0864,urn:uuid:e699db90-0957-5220-9f4e-bfffbf1c9c10,HIMA Paul Hildebrandt GmbH,HIMax Safety Controller X-CPU 01,6.12.29,sis-logic-solver,firmware,1,proprietary-rtos,power-transmission,remote-accessible,post-build,AMBER+STRICT,SIL3 (IEC 61508),safeethernet;modbus-tcp;opc-ua,12,4
ICS-0865_pilz_pss-4000-safety-controller-pssu-h-fs_SBOM.json,ICS-0865,urn:uuid:dadb8e9d-f582-5d0a-aa07-01269234c5bf,Pilz GmbH,PSS 4000 Safety Controller PSSu H FS,7.15.15,sis-logic-solver,firmware,1,proprietary-rtos,transportation-metro,control-network,operations,RED,SIL3,safetynet-p;profinet;modbus-tcp,14,4
ICS-0866_siemens_simatic-s7-1500f-safety-cpu-1516f-3-pn-dp_SBOM.json,ICS-0866,urn:uuid:b873d3dd-83f2-5545-9ff3-20356501605b,Siemens AG,SIMATIC S7-1500F Safety CPU 1516F-3 PN/DP,9.5.9,sis-logic-solver,firmware,1,proprietary-rtos,power-transmission,dmz-routable,decommission,AMBER+STRICT,SIL2,profisafe;profinet;opc-ua,13,6
ICS-0867_rockwell_guardlogix-safety-controller-1756-l83es_SBOM.json,ICS-0867,urn:uuid:a9d9989d-09ee-54c0-a489-7bc9d7e3634c,Rockwell Automation,GuardLogix Safety Controller 1756-L83ES,7.12.9,sis-logic-solver,firmware,1,vxworks,power-transmission,control-network,post-build,AMBER,SIL2,cip-safety;ethernet-ip,14,4
ICS-0868_moxa_mgate-protocol-gateway-eip3170i_SBOM.json,ICS-0868,urn:uuid:da27de3c-189b-51d2-aa17-7dc9d0e65c30,Moxa Inc.,MGate Protocol Gateway EIP3170I,1.16.28,protocol-gateway,firmware,3.5,linux,power-distribution,remote-accessible,build,AMBER+STRICT,,modbus-tcp;ethernet-ip;profinet;dnp3;iec-60870-5-104,20,9
ICS-0869_softing_edgeaggregator-gateway-ea-300_SBOM.json,ICS-0869,urn:uuid:255772b5-7883-5dea-9817-9f163cb9a600,Softing Industrial Automation,edgeAggregator Gateway EA-300,8.18.24,protocol-gateway,application,3.5,linux,transportation-rail,isolated-cell,build,CLEAR,,opc-ua;mqtt;modbus-tcp;s7comm,17,6
ICS-0870_advantech_ecu-1251-edge-gateway-ecu-1051_SBOM.json,ICS-0870,urn:uuid:9a5c1eee-5369-5ae2-9d9d-c753c223f4e6,"Advantech Co., Ltd.",ECU-1251 Edge Gateway ECU-1051,9.4.2,protocol-gateway,firmware,3.5,linux,petrochemical,dmz-routable,build,AMBER+STRICT,,modbus-tcp;mqtt;opc-ua;dnp3,21,7
ICS-0871_phoenix_fl-mguard-security-appliance-rs2000_SBOM.json,ICS-0871,urn:uuid:1ec643b7-d7e5-5552-92e0-0db1c3b3d2c0,Phoenix Contact,FL MGUARD Security Appliance RS2000,4.4.33,industrial-firewall,firmware,3.5,linux,wastewater,remote-accessible,design,GREEN,,ipsec;modbus-tcp-dpi;opc-ua,18,10
ICS-0872_belden_eagle40-industrial-firewall-eagle30_SBOM.json,ICS-0872,urn:uuid:8b76f256-b6d7-5737-8cf5-a3a96f525899,Belden / Hirschmann,EAGLE40 Industrial Firewall EAGLE30,8.11.18,industrial-firewall,firmware,3.5,linux,food-and-beverage,remote-accessible,design,AMBER+STRICT,,modbus-tcp-dpi;iec-61850-dpi;ipsec,18,7
ICS-0873_belden_rsp-managed-switch-rsp20_SBOM.json,ICS-0873,urn:uuid:99f99cb7-07d0-5ee0-bfe4-63582c30e800,Belden / Hirschmann,RSP Managed Switch RSP20,7.23.16,industrial-switch,firmware,2,linux,semiconductor-fab,dmz-routable,post-build,CLEAR,,prp;hsr;iec-61850-mms;snmp,19,6
ICS-0874_westermo_lynx-dss-managed-switch-lynx-5612_SBOM.json,ICS-0874,urn:uuid:09e6ab64-e889-5cf6-8af6-5bab5e598a32,Westermo Network Technologies,Lynx DSS Managed Switch Lynx-5612,3.22.9,industrial-switch,firmware,2,linux,chemical,dmz-routable,operations,CLEAR,,snmp;prp;modbus-tcp,17,4
ICS-0875_moxa_eds-managed-ethernet-switch-eds-508a_SBOM.json,ICS-0875,urn:uuid:655791c8-3271-5085-bd6c-2a8394adc487,Moxa Inc.,EDS Managed Ethernet Switch EDS-508A,4.10.35,industrial-switch,firmware,2,linux,power-generation,control-network,operations,RED,,snmp;prp;modbus-tcp,14,4
ICS-0876_siemens_scalance-x-industrial-switch-x308-2_SBOM.json,ICS-0876,urn:uuid:d1915c3c-b050-52df-8ebd-b1b9656d72d3,Siemens AG,SCALANCE X Industrial Switch X308-2,5.15.0,industrial-switch,firmware,2,linux,manufacturing-discrete,dmz-routable,post-build,CLEAR,,profinet;snmp;prp,16,5
ICS-0877_siemens_ruggedcom-rx1500-router-rx1400_SBOM.json,ICS-0877,urn:uuid:9dfada0e-7384-5e7c-9729-7cc01c8ccef2,Siemens AG,RUGGEDCOM RX1500 Router RX1400,9.8.24,industrial-router,firmware,3.5,linux,water-treatment,remote-accessible,design,RED,,snmp;ipsec;iec-61850-mms,12,3
ICS-0878_abb_acs880-industrial-drive-acs880-07_SBOM.json,ICS-0878,urn:uuid:18123c65-afba-5e72-9644-1fc5aa3105da,ABB Ltd,ACS880 Industrial Drive ACS880-07,3.17.18,vfd-drive,firmware,1,proprietary-rtos,food-and-beverage,control-network,build,CLEAR,,profinet;ethernet-ip;modbus-tcp;ethercat,15,4
ICS-0879_siemens_sinamics-s120-drive-cu310-2-pn_SBOM.json,ICS-0879,urn:uuid:09384e02-c04c-5241-b317-f31468eb783d,Siemens AG,SINAMICS S120 Drive CU310-2 PN,7.19.1,vfd-drive,firmware,1,proprietary-rtos,oil-and-gas-upstream,dmz-routable,decommission,AMBER+STRICT,,profinet;profisafe;ethernet-ip,16,5
ICS-0880_danfoss_vlt-automationdrive-fc-102_SBOM.json,ICS-0880,urn:uuid:728ed12b-8bd5-5664-aaf2-c1fcb7850f7d,Danfoss A/S,VLT AutomationDrive FC-102,4.4.6,vfd-drive,firmware,1,proprietary-rtos,automotive,remote-accessible,operations,GREEN,,profinet;modbus-tcp;ethernet-ip,15,5
ICS-0881_rockwell_powerflex-755-drive-755t_SBOM.json,ICS-0881,urn:uuid:1347a167-fd6c-51ba-b053-efd04b9c34c5,Rockwell Automation,PowerFlex 755 Drive 755T,3.13.6,vfd-drive,firmware,1,proprietary-rtos,oil-and-gas-upstream,dmz-routable,operations,CLEAR,,ethernet-ip;cip;devicenet,11,4
ICS-0882_bosch-rexroth_indradrive-controller-hcs02_SBOM.json,ICS-0882,urn:uuid:683f4ef2-6c0f-5b7e-b83b-bdb1a1594721,Bosch Rexroth AG,IndraDrive Controller HCS02,8.24.13,motion-controller,firmware,1,proprietary-rtos,wastewater,remote-accessible,build,CLEAR,,sercos-iii;profinet;ethercat;ethernet-ip,14,5
ICS-0883_bosch-rexroth_indramotion-mlc-xm42_SBOM.json,ICS-0883,urn:uuid:d915555a-5e13-5c59-bd13-e8af482504fe,Bosch Rexroth AG,IndraMotion MLC XM42,7.18.24,motion-controller,firmware,1,linux,oil-and-gas-upstream,control-network,decommission,CLEAR,,sercos-iii;opc-ua;profinet,20,8
ICS-0884_fuji_frenic-ace-inverter-frn0012e2s_SBOM.json,ICS-0884,urn:uuid:6af73acd-06c4-5b71-b82b-ce2237b438cf,Fuji Electric,FRENIC-Ace Inverter FRN0012E2S,6.5.39,vfd-drive,firmware,1,proprietary-rtos,transportation-metro,remote-accessible,operations,AMBER,,modbus-tcp;profinet,16,6
ICS-0885_mitsubishi_melfa-robot-controller-cr800-r_SBOM.json,ICS-0885,urn:uuid:783e89db-4415-5a6d-95cd-d8c1bf6058e6,Mitsubishi Electric,MELFA Robot Controller CR800-R,1.23.37,robot-controller,firmware,1,proprietary-rtos,manufacturing-process,control-network,build,RED,SIL2,cc-link-ie;ethernet-ip;melsoft,12,3
ICS-0886_abb_irc5-robot-controller-irc5-single_SBOM.json,ICS-0886,urn:uuid:5d074f6a-2b83-543c-8848-f7a3b4afb0ca,ABB Ltd,IRC5 Robot Controller IRC5 Single,6.8.15,robot-controller,firmware,1,vxworks,food-and-beverage,isolated-cell,build,AMBER,,profinet;ethernet-ip;devicenet,18,7
ICS-0887_keyence_cnc-motion-unit-mc-2_SBOM.json,ICS-0887,urn:uuid:db36856b-21c3-57ab-be6d-e9f3abd8b6c9,KEYENCE Corporation,CNC Motion Unit MC-2,7.24.20,cnc-controller,firmware,1,proprietary-rtos,chemical,dmz-routable,design,AMBER+STRICT,,ethernet-ip;modbus-tcp,15,7
ICS-0888_mitsubishi_m800-cnc-controller-m850w_SBOM.json,ICS-0888,urn:uuid:f64b0434-227b-5b2a-8b16-cdf1e0ba1fb9,Mitsubishi Electric,M800 CNC Controller M850W,8.6.36,cnc-controller,firmware,1,proprietary-rtos,wastewater,isolated-cell,operations,AMBER,,cc-link-ie;melsoft;ethernet-ip,14,5
ICS-0889_emerson_rosemount-3051s-transmitter-3051smv_SBOM.json,ICS-0889,urn:uuid:cbfa600a-0753-5d69-9b0a-a2329fb1f349,Emerson Electric,Rosemount 3051S Transmitter 3051SMV,7.19.30,field-transmitter,firmware,0,bare-metal,transportation-rail,dmz-routable,operations,GREEN,,hart;hart-ip;foundation-fieldbus,12,4
ICS-0890_yokogawa_eja-e-series-transmitter-eja430e_SBOM.json,ICS-0890,urn:uuid:4e6758c1-a05b-5f77-90fd-4a9a8d5576ef,Yokogawa Electric,EJA-E Series Transmitter EJA430E,4.8.5,field-transmitter,firmware,0,bare-metal,transportation-rail,isolated-cell,post-build,RED,,hart;foundation-fieldbus;profibus-pa,10,4
ICS-0891_honeywell_smartline-st800-transmitter-st700_SBOM.json,ICS-0891,urn:uuid:bf48dd72-d7f6-56ba-af52-cc0ca4d6f9cb,Honeywell International,SmartLine ST800 Transmitter ST700,8.4.26,field-transmitter,firmware,0,bare-metal,port-and-logistics,control-network,decommission,AMBER,,hart;foundation-fieldbus,9,3
ICS-0892_abb_merging-unit-sam600-sam600-ct_SBOM.json,ICS-0892,urn:uuid:86d39d8b-00cf-5973-989e-bbdf459d342b,ABB Ltd,Merging Unit SAM600 SAM600-CT,4.22.33,merging-unit,firmware,0,proprietary-rtos,wastewater,control-network,design,CLEAR,,iec-61850-sv;iec-61850-goose;ptp-1588,14,7
ICS-0893_schneider_powerlogic-ion9000-meter-ion7650_SBOM.json,ICS-0893,urn:uuid:3f415ed8-34a7-51f4-86ac-b0c810795ef7,Schneider Electric,PowerLogic ION9000 Meter ION7650,9.8.27,power-meter,firmware,1,linux,power-transmission,remote-accessible,build,AMBER,,modbus-tcp;dnp3;iec-61850-mms,17,9
ICS-0894_ge_epm-9900-power-meter-epm7000_SBOM.json,ICS-0894,urn:uuid:945c58ab-9d64-504a-86ae-84213e252dda,GE Vernova,EPM 9900 Power Meter EPM7000,3.22.3,power-meter,firmware,1,proprietary-rtos,manufacturing-process,isolated-cell,build,AMBER+STRICT,,modbus-tcp;dnp3;iec-61850-mms,18,4
ICS-0895_ptc_kepserverex-connectivity-platform-6-13_SBOM.json,ICS-0895,urn:uuid:99fd93af-76af-5b4a-a7c2-0d35cff9013c,PTC Inc.,KEPServerEX Connectivity Platform 6.13,5.16.37,opc-server,application,3,windows,pharmaceutical,dmz-routable,design,AMBER,,opc-ua;opc-da;modbus-tcp;ethernet-ip;s7comm,15,6
ICS-0896_softing_datafeed-opc-suite-v5-22_SBOM.json,ICS-0896,urn:uuid:42392a86-017c-5cf3-bfb5-b12d72c2160f,Softing Industrial Automation,dataFEED OPC Suite V5.22,1.18.38,opc-server,application,3,windows,port-and-logistics,control-network,operations,AMBER,,opc-ua;opc-da;mqtt;s7comm,16,3
ICS-0897_aveva_aveva-opc-ua-server-2023_SBOM.json,ICS-0897,urn:uuid:c19b423a-f0d1-55c2-a764-b1cf5add5871,AVEVA Group plc,AVEVA OPC UA Server 2023,3.7.18,opc-server,application,3,windows,steel-and-metals,isolated-cell,build,RED,,opc-ua;opc-da,16,4
ICS-0898_honeywell_excel-web-ii-bacnet-controller-xl1000c1000_SBOM.json,ICS-0898,urn:uuid:20dc9879-6056-5e38-becc-756ae752fdb8,Honeywell International,Excel Web II BACnet Controller XL1000C1000,3.3.6,bas-controller,firmware,1,linux,chemical,dmz-routable,operations,CLEAR,,bacnet-ip;modbus-tcp;lonworks,17,5
ICS-0899_siemens_desigo-pxc-automation-station-pxc200-e-d_SBOM.json,ICS-0899,urn:uuid:052a6cf3-802b-5f1a-baa1-bd1fd3510b9c,Siemens AG,Desigo PXC Automation Station PXC200-E.D,6.13.20,bas-controller,firmware,1,proprietary-rtos,pulp-and-paper,dmz-routable,post-build,CLEAR,,bacnet-ip;modbus-tcp;knx,13,4
ICS-0900_schneider_smartx-as-p-controller-as-b_SBOM.json,ICS-0900,urn:uuid:88482a31-b487-5607-b9b4-ee79dc3635b8,Schneider Electric,SmartX AS-P Controller AS-B,3.2.4,bas-controller,firmware,1,linux,water-treatment,dmz-routable,design,CLEAR,,bacnet-ip;modbus-tcp;lonworks,17,7
ICS-0901_delta_ez-building-controller-ezns-500_SBOM.json,ICS-0901,urn:uuid:07cfad3c-c9e8-5e03-822d-7e0484292710,Delta Electronics,eZ Building Controller eZNS-500,7.13.6,bas-controller,firmware,1,linux,water-treatment,remote-accessible,post-build,GREEN,,bacnet-ip;modbus-tcp,13,6
ICS-0902_phoenix_radioline-wireless-gateway-rad-900_SBOM.json,ICS-0902,urn:uuid:74e96f2a-eb38-55d0-adbd-124bd2ab9e45,Phoenix Contact,Radioline Wireless Gateway RAD-900,1.3.3,wireless-gateway,firmware,1,freertos,oil-and-gas-midstream,isolated-cell,post-build,AMBER,,modbus-tcp;trusted-wireless,10,3
ICS-0903_moxa_awk-industrial-wireless-ap-awk-4131a_SBOM.json,ICS-0903,urn:uuid:8d6a67a2-20ff-5385-a2c5-83f2d852d7e4,Moxa Inc.,AWK Industrial Wireless AP AWK-4131A,5.19.18,wireless-gateway,firmware,2,linux,oil-and-gas-upstream,isolated-cell,operations,RED,,snmp;modbus-tcp;wpa2,14,6
ICS-0904_emerson_wireless-1420-gateway-1410s_SBOM.json,ICS-0904,urn:uuid:975f9aec-f3ab-5f4a-bfbc-fd37108ac401,Emerson Electric,Wireless 1420 Gateway 1410S,5.14.24,wireless-gateway,firmware,1,linux,manufacturing-discrete,remote-accessible,post-build,AMBER+STRICT,,wirelesshart;modbus-tcp;opc-ua,14,4
ICS-0905_siemens_simatic-s7-1500-cpu-1511-1-pn_SBOM.json,ICS-0905,urn:uuid:45123357-5723-53cf-8390-e4c3d04c4aee,Siemens AG,SIMATIC S7-1500 CPU 1511-1 PN,4.13.0,plc,firmware,1,proprietary-rtos,wastewater,dmz-routable,post-build,GREEN,,profinet;s7comm-plus;opc-ua;modbus-tcp,18,5
ICS-0906_siemens_simatic-s7-1200-cpu-1212c_SBOM.json,ICS-0906,urn:uuid:70bc62b6-cbce-565a-a39e-88238fe7bbde,Siemens AG,SIMATIC S7-1200 CPU 1212C,7.23.38,plc,firmware,1,proprietary-rtos,transportation-rail,isolated-cell,operations,AMBER,,profinet;s7comm-plus;modbus-tcp,15,2
ICS-0907_siemens_simatic-s7-400-cpu-417-4h_SBOM.json,ICS-0907,urn:uuid:8bd4eda4-3186-59d6-a403-47068a1c7dee,Siemens AG,SIMATIC S7-400 CPU 417-4H,1.1.37,plc,firmware,1,proprietary-rtos,building-automation,control-network,operations,AMBER+STRICT,SIL2,profibus;s7comm;industrial-ethernet,12,5
ICS-0908_rockwell_controllogix-controller-1756-l71_SBOM.json,ICS-0908,urn:uuid:2c04187d-6cfb-56db-9d30-2bb71be154d7,Rockwell Automation,ControlLogix Controller 1756-L71,4.16.35,plc,firmware,1,vxworks,district-heating,isolated-cell,build,AMBER,PLd (ISO 13849),ethernet-ip;cip;devicenet,13,5
ICS-0909_rockwell_compactlogix-controller-5370-l33er_SBOM.json,ICS-0909,urn:uuid:73b5adfb-d916-5d67-b4d3-7d60765d1de9,Rockwell Automation,CompactLogix Controller 5370-L33ER,4.10.14,plc,firmware,1,vxworks,food-and-beverage,isolated-cell,build,GREEN,,ethernet-ip;cip;modbus-tcp,14,5
ICS-0910_rockwell_micrologix-controller-1200-e_SBOM.json,ICS-0910,urn:uuid:17ca672c-4d1d-5433-867e-9058fd37c5a4,Rockwell Automation,MicroLogix Controller 1200-E,7.8.29,plc,firmware,1,proprietary-rtos,steel-and-metals,control-network,decommission,GREEN,,ethernet-ip;df1,13,3
ICS-0911_schneider_modicon-m340-controller-bmxp342030_SBOM.json,ICS-0911,urn:uuid:483eb81c-f62f-5d30-86b7-b5124f6c9ed6,Schneider Electric,Modicon M340 Controller BMXP342030,3.11.11,plc,firmware,1,vxworks,power-distribution,dmz-routable,operations,GREEN,PLd (ISO 13849),modbus-tcp;ethernet-ip;canopen,17,8
ICS-0912_schneider_modicon-m580-epac-bmeh586040_SBOM.json,ICS-0912,urn:uuid:f95e39f0-4ab7-5df9-8f02-ad674b99bbdc,Schneider Electric,Modicon M580 ePAC BMEH586040,3.16.36,plc,firmware,1,linux,district-heating,control-network,operations,CLEAR,,modbus-tcp;ethernet-ip;opc-ua;dnp3,16,3
ICS-0913_mitsubishi_melsec-iq-r-cpu-r04cpu_SBOM.json,ICS-0913,urn:uuid:a934fd11-ebbb-54f8-a71e-0f96e744cd6d,Mitsubishi Electric,MELSEC iQ-R CPU R04CPU,3.24.6,plc,firmware,1,proprietary-rtos,manufacturing-process,isolated-cell,post-build,GREEN,,cc-link-ie;melsoft;modbus-tcp;slmp,20,6
ICS-0914_mitsubishi_melsec-q-series-cpu-q13udh_SBOM.json,ICS-0914,urn:uuid:063b8d60-13c1-5fde-94cb-160d8723d0fd,Mitsubishi Electric,MELSEC-Q Series CPU Q13UDH,8.15.27,plc,firmware,1,proprietary-rtos,port-and-logistics,isolated-cell,build,CLEAR,PLd (ISO 13849),cc-link;melsoft;modbus-tcp,12,3
ICS-0915_omron_sysmac-nj-machine-controller-nj501-1500_SBOM.json,ICS-0915,urn:uuid:86ac7cbc-a04c-5992-9892-e127d0780af2,OMRON Corporation,SYSMAC NJ Machine Controller NJ501-1500,3.20.5,plc,firmware,1,proprietary-rtos,oil-and-gas-midstream,remote-accessible,design,AMBER,,ethercat;ethernet-ip;opc-ua,12,3
ICS-0916_omron_sysmac-cj2-plc-cj2h-cpu68_SBOM.json,ICS-0916,urn:uuid:e69c2005-2936-5efa-b87c-877fecea1e09,OMRON Corporation,SYSMAC CJ2 PLC CJ2H-CPU68,1.15.2,plc,firmware,1,proprietary-rtos,oil-and-gas-upstream,remote-accessible,post-build,CLEAR,,fins;ethernet-ip;modbus-tcp,17,5
ICS-0917_beckhoff_twincat-runtime-controller-cx2043_SBOM.json,ICS-0917,urn:uuid:99492db9-8bcc-5c58-bcd1-268aa5ed7d3e,Beckhoff Automation,TwinCAT Runtime Controller CX2043,7.10.5,plc,application,1,windows,chemical,remote-accessible,design,CLEAR,,ethercat;opc-ua;modbus-tcp;profinet,17,6
ICS-0918_wago_pfc200-controller-750-8212_SBOM.json,ICS-0918,urn:uuid:42b2cd69-a24d-5d6c-88d3-c75de346e8c1,WAGO GmbH,PFC200 Controller 750-8212,3.24.26,plc,firmware,1,linux,power-distribution,isolated-cell,decommission,AMBER+STRICT,SIL2,modbus-tcp;profinet;canopen;mqtt;opc-ua,18,8
ICS-0919_phoenix_axc-f-2152-controller-axc-f-1152_SBOM.json,ICS-0919,urn:uuid:d434f897-0c42-5928-984c-eb95c950757d,Phoenix Contact,AXC F 2152 Controller AXC-F-1152,7.13.12,plc,firmware,1,linux,transportation-rail,remote-accessible,operations,CLEAR,PLd (ISO 13849),profinet;opc-ua;modbus-tcp;mqtt,18,8
ICS-0920_br_x20-controller-x20cp0484_SBOM.json,ICS-0920,urn:uuid:ed4f7c3c-29d2-5fcb-b9be-09097025b0aa,B&R Industrial Automation,X20 Controller X20CP0484,5.12.32,plc,firmware,1,proprietary-rtos,power-distribution,dmz-routable,operations,AMBER,,powerlink;opc-ua;modbus-tcp,15,6
ICS-0921_ls-electric_xgt-plc-cpu-xgr-cpuh_SBOM.json,ICS-0921,urn:uuid:c2348cc8-7f48-5102-b0b7-d6adde3e8574,LS ELECTRIC,XGT PLC CPU XGR-CPUH,9.0.9,plc,firmware,1,proprietary-rtos,wastewater,control-network,decommission,GREEN,,modbus-tcp;rapienet;ethernet-ip,15,7
ICS-0922_delta_as-series-plc-as324mt-a_SBOM.json,ICS-0922,urn:uuid:804969c8-94ef-5980-9693-3485ece26c53,Delta Electronics,AS Series PLC AS324MT-A,1.6.2,plc,firmware,1,proprietary-rtos,power-distribution,isolated-cell,build,CLEAR,SIL2,modbus-tcp;ethernet-ip;canopen,19,6
ICS-0923_unitronics_unistream-plc-usc-b10-t24_SBOM.json,ICS-0923,urn:uuid:6282fa60-982b-5e6a-a561-0b9d466102fe,Unitronics,UniStream PLC USC-B10-T24,8.13.11,plc,firmware,1,linux,transportation-metro,dmz-routable,operations,AMBER+STRICT,,modbus-tcp;canopen;mqtt,16,5
ICS-0924_idec_microsmart-fc6a-plc-fc6a-c24r2c_SBOM.json,ICS-0924,urn:uuid:9ecc3d33-320d-5f7c-9fd5-a78e0ad668d6,IDEC Corporation,MicroSmart FC6A PLC FC6A-C24R2C,8.18.25,plc,firmware,1,proprietary-rtos,food-and-beverage,dmz-routable,build,AMBER,,modbus-tcp;bacnet-ip,11,3
ICS-0925_panasonic_fp7-series-plc-afp7cps21_SBOM.json,ICS-0925,urn:uuid:f82c6481-ba57-5920-9f67-b3ee6ae93643,"Panasonic Industry Co., Ltd.",FP7 Series PLC AFP7CPS21,6.23.35,plc,firmware,1,proprietary-rtos,power-distribution,dmz-routable,post-build,AMBER,,modbus-tcp;mewtocol,13,7
ICS-0926_keyence_kv-8000-plc-kv-5500_SBOM.json,ICS-0926,urn:uuid:1e4bd846-3c00-5da6-a306-edd72c9aa0d5,KEYENCE Corporation,KV-8000 PLC KV-5500,9.7.24,plc,firmware,1,proprietary-rtos,oil-and-gas-midstream,dmz-routable,decommission,CLEAR,,ethernet-ip;modbus-tcp;kv-protocol,13,3
ICS-0927_fuji_micrex-sx-plc-np1ps-117r_SBOM.json,ICS-0927,urn:uuid:cf72be86-8a1a-50fb-99f7-ff7f10eed9d3,Fuji Electric,MICREX-SX PLC NP1PS-117R,5.3.7,plc,firmware,1,proprietary-rtos,food-and-beverage,isolated-cell,build,AMBER+STRICT,PLd (ISO 13849),modbus-tcp;fl-net,12,3
ICS-0928_codesys_codesys-control-runtime-for-linux-sl_SBOM.json,ICS-0928,urn:uuid:30f77249-b889-5468-a725-9885cae49394,CODESYS GmbH,CODESYS Control Runtime for Linux SL,8.7.37,plc-runtime,application,1,linux,wastewater,dmz-routable,operations,CLEAR,,modbus-tcp;opc-ua;ethercat;canopen;profinet,18,7
ICS-0929_abb_rtu560-telecontrol-unit-560cig10_SBOM.json,ICS-0929,urn:uuid:35659071-2314-5126-b4cd-0aa8269c47b1,ABB Ltd,RTU560 Telecontrol Unit 560CIG10,4.7.27,rtu,firmware,1,linux,wastewater,control-network,post-build,GREEN,,iec-60870-5-104;dnp3;iec-61850-mms;modbus-tcp,15,6
ICS-0930_schneider_scadapack-rtu-474i_SBOM.json,ICS-0930,urn:uuid:bf7c420a-88f6-5512-8b5e-a866919978e1,Schneider Electric,SCADAPack RTU 474i,3.15.4,rtu,firmware,1,vxworks,automotive,dmz-routable,build,AMBER,,dnp3;modbus-tcp;iec-60870-5-104,14,3
ICS-0931_ge_d20-mx-substation-controller-d400_SBOM.json,ICS-0931,urn:uuid:4d37ca04-4af0-587b-8901-754e06866979,GE Vernova,D20 MX Substation Controller D400,4.11.21,rtu,firmware,1,linux,petrochemical,control-network,decommission,AMBER+STRICT,,dnp3;iec-61850-mms;modbus-tcp,18,7
ICS-0932_siemens_sicam-a8000-rtu-cp-8000_SBOM.json,ICS-0932,urn:uuid:68a644fe-3f01-54a7-8f08-baebf73c39c4,Siemens AG,SICAM A8000 RTU CP-8000,3.2.31,rtu,firmware,1,linux,pharmaceutical,isolated-cell,build,GREEN,,iec-60870-5-104;iec-61850-mms;dnp3;modbus-tcp,21,9
ICS-0933_hitachi-energy_rtu500-series-rtu540_SBOM.json,ICS-0933,urn:uuid:509a310b-ba60-5de4-b534-a1c3b84a1c30,Hitachi Energy,RTU500 Series RTU540,9.11.18,rtu,firmware,1,proprietary-rtos,semiconductor-fab,dmz-routable,build,AMBER+STRICT,,iec-60870-5-104;iec-61850-mms;dnp3,15,6
ICS-0934_moxa_iopac-programmable-controller-5542-c-t_SBOM.json,ICS-0934,urn:uuid:a5604a6e-c6d0-5c0c-b407-475b8aa153f7,Moxa Inc.,ioPAC Programmable Controller 5542-C-T,1.4.7,rtu,firmware,1,linux,building-automation,control-network,decommission,AMBER,,modbus-tcp;dnp3;mqtt,17,7
ICS-0935_red-lion_data-station-plus-rtu-dspgt000_SBOM.json,ICS-0935,urn:uuid:22b1663c-5275-5c4d-9422-f65fb08071d4,Red Lion Controls,Data Station Plus RTU DSPGT000,5.12.15,rtu,firmware,1,linux,manufacturing-discrete,isolated-cell,operations,GREEN,,modbus-tcp;dnp3;ethernet-ip;mqtt,17,2
ICS-0936_sel_sel-451-protection-system-451-5_SBOM.json,ICS-0936,urn:uuid:2c089972-85f2-56c3-ba33-0cca814f80ce,Schweitzer Engineering Laboratories,SEL-451 Protection System 451-5,6.4.26,ied,firmware,1,proprietary-rtos,power-distribution,remote-accessible,decommission,AMBER,,iec-61850-mms;iec-61850-goose;dnp3;modbus-tcp,16,4
ICS-0937_sel_sel-3530-rtac-3555_SBOM.json,ICS-0937,urn:uuid:1d780a27-2eea-5197-a83a-ed98513b0b83,Schweitzer Engineering Laboratories,SEL-3530 RTAC 3555,4.23.8,ied,firmware,1,linux,manufacturing-discrete,control-network,design,GREEN,,dnp3;iec-61850-mms;modbus-tcp;iec-60870-5-104,18,6
ICS-0938_hitachi-energy_ref615-feeder-protection-relay-ref615_SBOM.json,ICS-0938,urn:uuid:d944b6f7-12d1-51fa-8395-59e32131a9b4,Hitachi Energy,REF615 Feeder Protection Relay REF615,6.17.9,ied,firmware,1,proprietary-rtos,semiconductor-fab,isolated-cell,decommission,AMBER+STRICT,,iec-61850-mms;iec-61850-goose;modbus-tcp;dnp3,20,6
ICS-0939_siemens_siprotec-5-protection-relay-7sj85_SBOM.json,ICS-0939,urn:uuid:ab4a7b00-3212-5533-90e0-f4a8b818cda6,Siemens AG,SIPROTEC 5 Protection Relay 7SJ85,5.19.9,ied,firmware,1,proprietary-rtos,pulp-and-paper,control-network,design,RED,,iec-61850-mms;iec-61850-goose;dnp3;iec-60870-5-103,16,4
ICS-0940_ge_multilin-ur-relay-b30_SBOM.json,ICS-0940,urn:uuid:74e6e1cd-2e99-578a-b771-5e2cd4627156,GE Vernova,Multilin UR Relay B30,4.1.0,ied,firmware,1,proprietary-rtos,transportation-rail,remote-accessible,post-build,AMBER,,iec-61850-mms;iec-61850-goose;dnp3;modbus-tcp,19,5
ICS-0941_schneider_easergy-p3-protection-relay-p3f30_SBOM.json,ICS-0941,urn:uuid:e1177158-9747-5600-9445-a0806d12b62d,Schneider Electric,Easergy P3 Protection Relay P3F30,7.23.18,ied,firmware,1,proprietary-rtos,power-transmission,isolated-cell,post-build,CLEAR,,iec-61850-mms;modbus-tcp;dnp3,13,3
ICS-0942_nari_pcs-9611-feeder-protection-pcs-9671_SBOM.json,ICS-0942,urn:uuid:f8877306-7eb0-50c2-8103-240c17c01a02,NARI Technology,PCS-9611 Feeder Protection PCS-9671,6.24.21,ied,firmware,1,proprietary-rtos,building-automation,control-network,design,AMBER,,iec-61850-mms;iec-61850-goose;modbus-tcp,17,2
ICS-0943_hd-hyundai_higen-protection-relay-hgr-300_SBOM.json,ICS-0943,urn:uuid:9c6b3d17-fc85-5434-88e1-5f8e98485c69,HD Hyundai Electric,HiGEN Protection Relay HGR-300,2.15.30,ied,firmware,1,proprietary-rtos,manufacturing-discrete,control-network,operations,CLEAR,,iec-61850-mms;modbus-tcp;dnp3,16,3
ICS-0944_siemens_simatic-hmi-comfort-panel-tp1200_SBOM.json,ICS-0944,urn:uuid:e57f94b8-c93b-51b5-a447-320e57235bdb,Siemens AG,SIMATIC HMI Comfort Panel TP1200,4.13.6,hmi,firmware,2,windows,oil-and-gas-upstream,dmz-routable,build,AMBER+STRICT,,profinet;opc-ua;s7comm-plus,17,5
ICS-0945_rockwell_panelview-plus-terminal-6-compact-600_SBOM.json,ICS-0945,urn:uuid:d42401b8-ead0-54ba-aed1-faa9bc4118dc,Rockwell Automation,PanelView Plus Terminal 6 Compact 600,3.8.14,hmi,firmware,2,windows,oil-and-gas-upstream,control-network,decommission,RED,,ethernet-ip;cip,14,4
ICS-0946_schneider_magelis-gtu-hmi-hmist6500_SBOM.json,ICS-0946,urn:uuid:ea7027f4-e5ad-565a-a6dc-e7eb562386a0,Schneider Electric,Magelis GTU HMI HMIST6500,6.0.8,hmi,firmware,2,linux,manufacturing-process,dmz-routable,decommission,AMBER,,modbus-tcp;ethernet-ip;opc-ua,19,9
ICS-0947_mitsubishi_got2000-graphic-terminal-gt2107-wtbd_SBOM.json,ICS-0947,urn:uuid:6dfb64e6-afc3-5cd8-aeb0-0f6de6799233,Mitsubishi Electric,GOT2000 Graphic Terminal GT2107-WTBD,3.6.11,hmi,firmware,2,proprietary-rtos,transportation-metro,remote-accessible,build,AMBER,,cc-link-ie;melsoft;modbus-tcp,18,7
ICS-0948_advantech_webop-operator-panel-wop-2070t_SBOM.json,ICS-0948,urn:uuid:ce6cb943-d8cb-5e87-a909-cd8c01b490f4,"Advantech Co., Ltd.",WebOP Operator Panel WOP-2070T,1.17.2,hmi,firmware,2,linux,oil-and-gas-upstream,isolated-cell,post-build,RED,,modbus-tcp;ethernet-ip;mqtt,14,7
ICS-0949_delta_dop-100-hmi-dop-103bq_SBOM.json,ICS-0949,urn:uuid:94a58df1-80c7-5ba8-a2f4-349bc9ea30a5,Delta Electronics,DOP-100 HMI DOP-103BQ,9.10.22,hmi,firmware,2,proprietary-rtos,power-transmission,dmz-routable,design,RED,,modbus-tcp;canopen,16,8
ICS-0950_omron_na-series-hmi-na5-15w_SBOM.json,ICS-0950,urn:uuid:0aa0443a-9c2b-5a25-8f3c-2c52c12b0e4c,OMRON Corporation,NA Series HMI NA5-15W,9.7.32,hmi,firmware,2,windows,automotive,remote-accessible,decommission,RED,,ethernet-ip;opc-ua;modbus-tcp,15,2
ICS-0951_pilz_pmi-operator-terminal-pmi-5_SBOM.json,ICS-0951,urn:uuid:96d366c5-9ab0-559b-97de-c10dbcf0e6c1,Pilz GmbH,PMI Operator Terminal PMI 5,1.5.5,hmi,firmware,2,linux,port-and-logistics,isolated-cell,decommission,RED,,profinet;modbus-tcp,15,8
ICS-0952_aveva_aveva-plant-scada-2023-r2_SBOM.json,ICS-0952,urn:uuid:fadd7985-0ba9-5042-8a26-87e771203446,AVEVA Group plc,AVEVA Plant SCADA 2023 R2,2.16.25,scada-server,application,2,windows,power-distribution,dmz-routable,post-build,CLEAR,,opc-ua;opc-da;modbus-tcp;dnp3;iec-60870-5-104,17,3
ICS-0953_inductive_ignition-scada-platform-8-3_SBOM.json,ICS-0953,urn:uuid:f3ffbf58-f991-562f-b511-f1130d43df0d,Inductive Automation,Ignition SCADA Platform 8.3,3.5.35,scada-server,application,2,java,pharmaceutical,isolated-cell,operations,CLEAR,,opc-ua;modbus-tcp;mqtt-sparkplug;dnp3,15,5
ICS-0954_copadata_zenon-supervisor-12_SBOM.json,ICS-0954,urn:uuid:21eb18a6-d9cc-5f24-a6dc-63447a926962,COPA-DATA GmbH,zenon Supervisor 12,5.17.40,scada-server,application,2,windows,transportation-metro,control-network,build,CLEAR,,opc-ua;iec-61850-mms;iec-60870-5-104;modbus-tcp,13,3
ICS-0955_siemens_simatic-wincc-unified-v18_SBOM.json,ICS-0955,urn:uuid:09555801-1c50-5524-b3ed-d1dd03f52527,Siemens AG,SIMATIC WinCC Unified V18,8.13.35,scada-server,application,2,windows,port-and-logistics,remote-accessible,operations,CLEAR,,opc-ua;profinet;s7comm-plus,14,5
ICS-0956_ge_cimplicity-hmi-scada-2023_SBOM.json,ICS-0956,urn:uuid:49f281d6-a071-5e9c-920b-58b0f7786b7c,GE Vernova,CIMPLICITY HMI/SCADA 2023,2.1.5,scada-server,application,2,windows,water-treatment,isolated-cell,decommission,GREEN,,opc-ua;opc-da;modbus-tcp,18,5
ICS-0957_schneider_ecostruxure-geo-scada-expert-2023_SBOM.json,ICS-0957,urn:uuid:5509e105-a755-5b85-9c7a-b3ba640af001,Schneider Electric,EcoStruxure Geo SCADA Expert 2023,7.17.28,scada-server,application,2,windows,pharmaceutical,isolated-cell,post-build,GREEN,,dnp3;iec-60870-5-104;modbus-tcp;opc-ua,16,7
ICS-0958_rockwell_factorytalk-view-se-14-00_SBOM.json,ICS-0958,urn:uuid:0b865cc6-ec58-5421-960e-1933ff279566,Rockwell Automation,FactoryTalk View SE 14.00,1.3.32,scada-server,application,2,windows,transportation-rail,control-network,operations,RED,,ethernet-ip;opc-ua;cip,14,5
ICS-0959_aveva_aveva-historian-2023-r2_SBOM.json,ICS-0959,urn:uuid:1a8c4ffd-226f-5e63-b7c6-989ca9c6ce2a,AVEVA Group plc,AVEVA Historian 2023 R2,3.3.3,historian,application,3,windows,port-and-logistics,dmz-routable,post-build,CLEAR,,opc-ua;opc-hda;sql,18,5
ICS-0960_ge_proficy-historian-9-1_SBOM.json,ICS-0960,urn:uuid:32ecc980-29dd-53bc-88fb-e23316071676,GE Vernova,Proficy Historian 9.1,6.23.4,historian,application,3,windows,transportation-metro,control-network,post-build,RED,,opc-ua;opc-hda;sql,14,5
ICS-0961_honeywell_uniformance-phd-historian-r321_SBOM.json,ICS-0961,urn:uuid:62a9d91d-9b05-5ccb-8423-6e4f844677f8,Honeywell International,Uniformance PHD Historian R321,4.3.8,historian,application,3,windows,automotive,control-network,post-build,AMBER,,opc-ua;opc-hda;sql,15,4
ICS-0962_emerson_deltav-continuous-historian-15-lts_SBOM.json,ICS-0962,urn:uuid:45999b2c-ffb4-55af-89c6-03791e366244,Emerson Electric,DeltaV Continuous Historian 15.LTS,6.8.33,historian,application,3,windows,food-and-beverage,control-network,build,RED,,opc-ua;opc-hda,17,6
ICS-0963_yokogawa_exaquantum-plant-information-system-r3-30_SBOM.json,ICS-0963,urn:uuid:68f77e91-f257-529b-99eb-9e8890a4375e,Yokogawa Electric,Exaquantum Plant Information System R3.30,8.19.7,historian,application,3,windows,petrochemical,dmz-routable,decommission,GREEN,,opc-ua;opc-hda;sql,14,6
ICS-0964_siemens_tia-portal-engineering-suite-v19_SBOM.json,ICS-0964,urn:uuid:2571ba4a-4986-5184-b3a5-f98ad33a0679,Siemens AG,TIA Portal Engineering Suite V19,8.24.8,engineering-workstation,application,3,windows,chemical,remote-accessible,design,RED,,profinet;s7comm-plus;opc-ua,16,6
ICS-0965_rockwell_studio-5000-logix-designer-32-00_SBOM.json,ICS-0965,urn:uuid:cdb9d831-5de8-5c18-9c98-136bc863de4f,Rockwell Automation,Studio 5000 Logix Designer 32.00,9.15.3,engineering-workstation,application,3,windows,pulp-and-paper,isolated-cell,build,AMBER,,ethernet-ip;cip,11,2
ICS-0966_schneider_ecostruxure-control-expert-v16-1_SBOM.json,ICS-0966,urn:uuid:ea2f9b13-5408-5f17-b240-e1a84fc0407b,Schneider Electric,EcoStruxure Control Expert V16.1,4.1.33,engineering-workstation,application,3,windows,manufacturing-discrete,dmz-routable,decommission,CLEAR,,modbus-tcp;ethernet-ip;opc-ua,13,5
ICS-0967_mitsubishi_gx-works3-engineering-tool-1-100e_SBOM.json,ICS-0967,urn:uuid:3480ddd0-085b-5fa2-98bb-4eeb28a6cef9,Mitsubishi Electric,GX Works3 Engineering Tool 1.100E,8.15.7,engineering-workstation,application,3,windows,automotive,control-network,decommission,AMBER,,cc-link-ie;melsoft,14,3
ICS-0968_codesys_codesys-development-system-v3-5-sp19_SBOM.json,ICS-0968,urn:uuid:71ee6a2e-a303-5289-965f-625ce384909f,CODESYS GmbH,CODESYS Development System V3.5 SP19,2.20.18,engineering-workstation,application,3,windows,semiconductor-fab,control-network,post-build,AMBER+STRICT,,modbus-tcp;opc-ua;ethercat,19,9
ICS-0969_abb_automation-builder-2-7_SBOM.json,ICS-0969,urn:uuid:4b467262-b346-5e17-ab56-e1b6d3572589,ABB Ltd,Automation Builder 2.7,5.7.1,engineering-workstation,application,3,windows,building-automation,isolated-cell,operations,AMBER+STRICT,,modbus-tcp;profinet;ethercat,17,8
ICS-0970_emerson_deltav-md-plus-controller-pk_SBOM.json,ICS-0970,urn:uuid:3418079f-410c-5554-8a0e-11c610dc3fa3,Emerson Electric,DeltaV MD Plus Controller PK,7.11.36,dcs-controller,firmware,1,vxworks,building-automation,dmz-routable,build,GREEN,,deltav-proprietary;modbus-tcp;opc-ua;hart-ip,15,6
ICS-0971_honeywell_experion-c300-controller-uoc_SBOM.json,ICS-0971,urn:uuid:3626f881-b3c9-5d8a-a095-8a48ddc8dce4,Honeywell International,Experion C300 Controller UOC,3.9.25,dcs-controller,firmware,1,vxworks,pulp-and-paper,remote-accessible,post-build,AMBER,,fte;modbus-tcp;hart-ip;opc-ua,13,4
ICS-0972_yokogawa_centum-vp-field-control-station-afv40s_SBOM.json,ICS-0972,urn:uuid:a77642e9-04cc-524f-9a50-8c530610220b,Yokogawa Electric,CENTUM VP Field Control Station AFV40S,3.16.27,dcs-controller,firmware,1,proprietary-rtos,manufacturing-discrete,isolated-cell,decommission,RED,,vnet-ip;modbus-tcp;hart-ip;foundation-fieldbus,16,3
ICS-0973_abb_ac-800m-controller-pm864a_SBOM.json,ICS-0973,urn:uuid:65d78cd6-4cf9-5691-802e-e4a52bb19dd6,ABB Ltd,AC 800M Controller PM864A,5.0.37,dcs-controller,firmware,1,vxworks,water-treatment,isolated-cell,design,AMBER,SIL2,profibus;modbus-tcp;iec-61850-mms;opc-ua,21,8
ICS-0974_siemens_simatic-pcs-7-as-controller-as-416-3_SBOM.json,ICS-0974,urn:uuid:7b0f3d67-7911-5d0d-b508-1e034f5efe5b,Siemens AG,SIMATIC PCS 7 AS Controller AS 416-3,1.6.37,dcs-controller,firmware,1,proprietary-rtos,port-and-logistics,isolated-cell,build,AMBER,SIL2,profibus;profinet;opc-ua,18,5
ICS-0975_hitachi-energy_symphony-plus-hpc800-spc700_SBOM.json,ICS-0975,urn:uuid:4913494a-f4d7-5541-891a-a2bf54f5f0da,Hitachi Energy,Symphony Plus HPC800 SPC700,3.23.18,dcs-controller,firmware,1,vxworks,food-and-beverage,remote-accessible,operations,CLEAR,PLd (ISO 13849),modbus-tcp;iec-61850-mms;opc-ua,20,9
ICS-0976_schneider_triconex-tricon-cx-controller-tri-gp_SBOM.json,ICS-0976,urn:uuid:2e876dd3-cc59-54bc-a0a2-0bd103bbbcf2,Schneider Electric,Triconex Tricon CX Controller Tri-GP,6.5.35,sis-logic-solver,firmware,1,proprietary-rtos,pharmaceutical,remote-accessible,build,RED,SIL2,tristation;modbus-tcp;opc-ua,16,4
ICS-0977_hima_himax-safety-controller-himatrix-f35_SBOM.json,ICS-0977,urn:uuid:832fb4de-b2f5-5d81-b8d2-2b9b81289fe4,HIMA Paul Hildebrandt GmbH,HIMax Safety Controller HIMatrix F35,4.0.15,sis-logic-solver,firmware,1,proprietary-rtos,automotive,remote-accessible,design,AMBER+STRICT,SIL3 (IEC 61508),safeethernet;modbus-tcp;opc-ua,15,2
ICS-0978_pilz_pss-4000-safety-controller-pss-4000-r_SBOM.json,ICS-0978,urn:uuid:66c72730-46f6-5569-85ca-af6b90ca18c4,Pilz GmbH,PSS 4000 Safety Controller PSS 4000-R,8.14.17,sis-logic-solver,firmware,1,proprietary-rtos,manufacturing-discrete,dmz-routable,design,AMBER,SIL3,safetynet-p;profinet;modbus-tcp,15,5
ICS-0979_siemens_simatic-s7-1500f-safety-cpu-1518f-4-pn-dp_SBOM.json,ICS-0979,urn:uuid:4a77f723-373f-56ae-a8c2-6f9fee27f341,Siemens AG,SIMATIC S7-1500F Safety CPU 1518F-4 PN/DP,4.16.25,sis-logic-solver,firmware,1,proprietary-rtos,power-generation,dmz-routable,operations,GREEN,SIL3,profisafe;profinet;opc-ua,14,5
ICS-0980_rockwell_guardlogix-safety-controller-5069-l306ers2_SBOM.json,ICS-0980,urn:uuid:a09b6497-7a6c-5aac-bea0-46ec8beb060f,Rockwell Automation,GuardLogix Safety Controller 5069-L306ERS2,3.6.25,sis-logic-solver,firmware,1,vxworks,petrochemical,dmz-routable,decommission,GREEN,SIL2,cip-safety;ethernet-ip,14,4
ICS-0981_moxa_mgate-protocol-gateway-5105-mb-eip_SBOM.json,ICS-0981,urn:uuid:9c72a40b-c648-5cd7-99b1-e6c342dd429f,Moxa Inc.,MGate Protocol Gateway 5105-MB-EIP,4.2.16,protocol-gateway,firmware,3.5,linux,building-automation,isolated-cell,design,GREEN,,modbus-tcp;ethernet-ip;profinet;dnp3;iec-60870-5-104,20,9
ICS-0982_softing_edgeaggregator-gateway-uagate-si_SBOM.json,ICS-0982,urn:uuid:e550020c-8437-59ee-bb5f-f52c603f951e,Softing Industrial Automation,edgeAggregator Gateway uaGate SI,2.11.10,protocol-gateway,application,3.5,linux,pharmaceutical,isolated-cell,operations,AMBER,,opc-ua;mqtt;modbus-tcp;s7comm,19,8
ICS-0983_advantech_ecu-1251-edge-gateway-ecu-4784_SBOM.json,ICS-0983,urn:uuid:415a851e-4de6-57a5-8c7d-b13ec65233c1,"Advantech Co., Ltd.",ECU-1251 Edge Gateway ECU-4784,8.14.26,protocol-gateway,firmware,3.5,linux,district-heating,remote-accessible,decommission,RED,,modbus-tcp;mqtt;opc-ua;dnp3,18,5
ICS-0984_phoenix_fl-mguard-security-appliance-centerport_SBOM.json,ICS-0984,urn:uuid:60bd942c-64c4-5277-8235-8fd5c7176e02,Phoenix Contact,FL MGUARD Security Appliance CENTERPORT,6.7.27,industrial-firewall,firmware,3.5,linux,transportation-metro,remote-accessible,decommission,GREEN,,ipsec;modbus-tcp-dpi;opc-ua,18,7
ICS-0985_belden_eagle40-industrial-firewall-eagle20_SBOM.json,ICS-0985,urn:uuid:49d177ab-3613-5614-84b4-ba4264c801d2,Belden / Hirschmann,EAGLE40 Industrial Firewall EAGLE20,7.17.24,industrial-firewall,firmware,3.5,linux,wastewater,isolated-cell,decommission,RED,,modbus-tcp-dpi;iec-61850-dpi;ipsec,17,6
ICS-0986_belden_rsp-managed-switch-rspe37_SBOM.json,ICS-0986,urn:uuid:64bf330b-f64d-576c-a488-2ddea323065c,Belden / Hirschmann,RSP Managed Switch RSPE37,3.18.37,industrial-switch,firmware,2,linux,manufacturing-process,control-network,decommission,RED,,prp;hsr;iec-61850-mms;snmp,13,3
ICS-0987_westermo_lynx-dss-managed-switch-redfox-5528_SBOM.json,ICS-0987,urn:uuid:1dd1b816-47fa-5c19-bcb9-a57cc4f81a7b,Westermo Network Technologies,Lynx DSS Managed Switch RedFox-5528,1.12.38,industrial-switch,firmware,2,linux,manufacturing-discrete,remote-accessible,operations,CLEAR,,snmp;prp;modbus-tcp,17,7
ICS-0988_moxa_eds-managed-ethernet-switch-eds-g516e_SBOM.json,ICS-0988,urn:uuid:3f507046-2cc1-5e0f-8ac9-1896005168da,Moxa Inc.,EDS Managed Ethernet Switch EDS-G516E,6.14.1,industrial-switch,firmware,2,linux,district-heating,dmz-routable,post-build,CLEAR,,snmp;prp;modbus-tcp,18,7
ICS-0989_siemens_scalance-x-industrial-switch-xm416-4c_SBOM.json,ICS-0989,urn:uuid:ae0b7bdd-e66a-5d7f-88ff-b32da944aa82,Siemens AG,SCALANCE X Industrial Switch XM416-4C,8.3.37,industrial-switch,firmware,2,linux,automotive,dmz-routable,design,CLEAR,,profinet;snmp;prp,17,7
ICS-0990_siemens_ruggedcom-rx1500-router-rx5000_SBOM.json,ICS-0990,urn:uuid:010bf559-8c10-54fa-93f2-538a39796825,Siemens AG,RUGGEDCOM RX1500 Router RX5000,6.20.39,industrial-router,firmware,3.5,linux,manufacturing-discrete,dmz-routable,post-build,AMBER+STRICT,,snmp;ipsec;iec-61850-mms,19,7
ICS-0991_abb_acs880-industrial-drive-acs580-01_SBOM.json,ICS-0991,urn:uuid:6574313b-cc43-5b4b-81de-0ce8dbf9ff6b,ABB Ltd,ACS880 Industrial Drive ACS580-01,7.17.21,vfd-drive,firmware,1,proprietary-rtos,wastewater,dmz-routable,build,AMBER,,profinet;ethernet-ip;modbus-tcp;ethercat,18,6
ICS-0992_siemens_sinamics-s120-drive-s210_SBOM.json,ICS-0992,urn:uuid:ce75625c-e028-5a6f-9f6b-903fddf13350,Siemens AG,SINAMICS S120 Drive S210,4.7.36,vfd-drive,firmware,1,proprietary-rtos,transportation-metro,control-network,decommission,GREEN,,profinet;profisafe;ethernet-ip,13,5
ICS-0993_danfoss_vlt-automationdrive-fc-360_SBOM.json,ICS-0993,urn:uuid:ba8b3449-9800-5568-8984-922498e5dda1,Danfoss A/S,VLT AutomationDrive FC-360,2.24.34,vfd-drive,firmware,1,proprietary-rtos,food-and-beverage,control-network,operations,CLEAR,,profinet;modbus-tcp;ethernet-ip,19,7
ICS-0994_rockwell_powerflex-755-drive-527_SBOM.json,ICS-0994,urn:uuid:79e0388e-013e-5721-96af-3e13753ec7b0,Rockwell Automation,PowerFlex 755 Drive 527,2.11.36,vfd-drive,firmware,1,proprietary-rtos,automotive,isolated-cell,operations,RED,,ethernet-ip;cip;devicenet,10,4
ICS-0995_bosch-rexroth_indradrive-controller-hms01_SBOM.json,ICS-0995,urn:uuid:1f64f38d-383e-5ea2-be2f-ee627f6aeab4,Bosch Rexroth AG,IndraDrive Controller HMS01,7.7.4,motion-controller,firmware,1,proprietary-rtos,water-treatment,remote-accessible,post-build,AMBER,,sercos-iii;profinet;ethercat;ethernet-ip,16,4
ICS-0996_bosch-rexroth_indramotion-mlc-l75_SBOM.json,ICS-0996,urn:uuid:05da4a1e-1d21-5893-8f64-dda08f90cc97,Bosch Rexroth AG,IndraMotion MLC L75,4.16.9,motion-controller,firmware,1,linux,power-generation,control-network,post-build,GREEN,,sercos-iii;opc-ua;profinet,20,9
ICS-0997_fuji_frenic-ace-inverter-frn0022e2s_SBOM.json,ICS-0997,urn:uuid:6bc55e83-c838-53de-945b-69fd182464ab,Fuji Electric,FRENIC-Ace Inverter FRN0022E2S,8.11.40,vfd-drive,firmware,1,proprietary-rtos,oil-and-gas-upstream,isolated-cell,post-build,AMBER,,modbus-tcp;profinet,13,3
ICS-0998_mitsubishi_melfa-robot-controller-cr750-q_SBOM.json,ICS-0998,urn:uuid:be27daf3-36d2-59d3-9077-84623aea112b,Mitsubishi Electric,MELFA Robot Controller CR750-Q,8.17.36,robot-controller,firmware,1,proprietary-rtos,food-and-beverage,remote-accessible,post-build,RED,,cc-link-ie;ethernet-ip;melsoft,14,4
ICS-0999_abb_irc5-robot-controller-omnicore-c30_SBOM.json,ICS-0999,urn:uuid:c3694bae-44a6-5568-a2c0-c8d3b96ce339,ABB Ltd,IRC5 Robot Controller OmniCore C30,1.20.4,robot-controller,firmware,1,vxworks,wastewater,control-network,post-build,GREEN,PLd (ISO 13849),profinet;ethernet-ip;devicenet,14,6
ICS-1000_keyence_cnc-motion-unit-mc-4_SBOM.json,ICS-1000,urn:uuid:a762631f-e428-54ec-a9e7-dd52fb516aa7,KEYENCE Corporation,CNC Motion Unit MC-4,9.7.20,cnc-controller,firmware,1,proprietary-rtos,power-transmission,remote-accessible,build,RED,,ethernet-ip;modbus-tcp,16,5
