file,source_sbom,asset_id,vendor,product,device_class,purdue_level,network_exposure,sector,component_count,affected_component_count,cve_total,critical,high,medium,low,unknown,max_cvss
ICS-0001_siemens_simatic-s7-1500-cpu-1511-1-pn_SBOM-CVE.json,ICS-0001_siemens_simatic-s7-1500-cpu-1511-1-pn_SBOM.json,ICS-0001,Siemens AG,SIMATIC S7-1500 CPU 1511-1 PN,plc,1,isolated-cell,wastewater,16,5,13,4,5,3,0,1,9.8
ICS-0002_siemens_simatic-s7-1200-cpu-1212c_SBOM-CVE.json,ICS-0002_siemens_simatic-s7-1200-cpu-1212c_SBOM.json,ICS-0002,Siemens AG,SIMATIC S7-1200 CPU 1212C,plc,1,remote-accessible,manufacturing-process,15,4,8,5,0,3,0,0,9.8
ICS-0003_siemens_simatic-s7-400-cpu-414-3_SBOM-CVE.json,ICS-0003_siemens_simatic-s7-400-cpu-414-3_SBOM.json,ICS-0003,Siemens AG,SIMATIC S7-400 CPU 414-3,plc,1,control-network,manufacturing-process,14,4,9,6,3,0,0,0,10.0
ICS-0004_rockwell_controllogix-controller-1756-l71_SBOM-CVE.json,ICS-0004_rockwell_controllogix-controller-1756-l71_SBOM.json,ICS-0004,Rockwell Automation,ControlLogix Controller 1756-L71,plc,1,isolated-cell,power-distribution,19,6,13,2,9,2,0,0,9.8
ICS-0005_rockwell_compactlogix-controller-5069-l306er_SBOM-CVE.json,ICS-0005_rockwell_compactlogix-controller-5069-l306er_SBOM.json,ICS-0005,Rockwell Automation,CompactLogix Controller 5069-L306ER,plc,1,dmz-routable,oil-and-gas-upstream,18,8,19,6,11,2,0,0,9.8
ICS-0006_rockwell_micrologix-controller-1400-b_SBOM-CVE.json,ICS-0006_rockwell_micrologix-controller-1400-b_SBOM.json,ICS-0006,Rockwell Automation,MicroLogix Controller 1400-B,plc,1,isolated-cell,power-distribution,14,6,15,6,7,1,0,1,9.8
ICS-0007_schneider_modicon-m340-controller-bmxp342020_SBOM-CVE.json,ICS-0007_schneider_modicon-m340-controller-bmxp342020_SBOM.json,ICS-0007,Schneider Electric,Modicon M340 Controller BMXP342020,plc,1,control-network,oil-and-gas-midstream,15,7,18,8,7,3,0,0,9.8
ICS-0008_schneider_modicon-m580-epac-bmep582040_SBOM-CVE.json,ICS-0008_schneider_modicon-m580-epac-bmep582040_SBOM.json,ICS-0008,Schneider Electric,Modicon M580 ePAC BMEP582040,plc,1,dmz-routable,power-transmission,23,8,20,3,10,6,0,1,9.8
ICS-0009_mitsubishi_melsec-iq-r-cpu-r04cpu_SBOM-CVE.json,ICS-0009_mitsubishi_melsec-iq-r-cpu-r04cpu_SBOM.json,ICS-0009,Mitsubishi Electric,MELSEC iQ-R CPU R04CPU,plc,1,dmz-routable,water-treatment,19,8,19,7,6,4,0,2,9.8
ICS-0010_mitsubishi_melsec-q-series-cpu-q03ude_SBOM-CVE.json,ICS-0010_mitsubishi_melsec-q-series-cpu-q03ude_SBOM.json,ICS-0010,Mitsubishi Electric,MELSEC-Q Series CPU Q03UDE,plc,1,remote-accessible,steel-and-metals,14,4,10,2,4,4,0,0,9.1
ICS-0011_omron_sysmac-nj-machine-controller-nj101-1000_SBOM-CVE.json,ICS-0011_omron_sysmac-nj-machine-controller-nj101-1000_SBOM.json,ICS-0011,OMRON Corporation,SYSMAC NJ Machine Controller NJ101-1000,plc,1,dmz-routable,building-automation,16,5,12,6,3,3,0,0,10.0
ICS-0012_omron_sysmac-cj2-plc-cj2m-cpu31_SBOM-CVE.json,ICS-0012_omron_sysmac-cj2-plc-cj2m-cpu31_SBOM.json,ICS-0012,OMRON Corporation,SYSMAC CJ2 PLC CJ2M-CPU31,plc,1,remote-accessible,semiconductor-fab,15,5,13,7,3,3,0,0,9.8
ICS-0013_beckhoff_twincat-runtime-controller-cx5140_SBOM-CVE.json,ICS-0013_beckhoff_twincat-runtime-controller-cx5140_SBOM.json,ICS-0013,Beckhoff Automation,TwinCAT Runtime Controller CX5140,plc,1,remote-accessible,power-distribution,18,5,12,1,7,4,0,0,9.8
ICS-0014_wago_pfc200-controller-750-8202_SBOM-CVE.json,ICS-0014_wago_pfc200-controller-750-8202_SBOM.json,ICS-0014,WAGO GmbH,PFC200 Controller 750-8202,plc,1,dmz-routable,water-treatment,23,9,19,5,9,4,0,1,9.8
ICS-0015_phoenix_axc-f-2152-controller-axc-f-2152_SBOM-CVE.json,ICS-0015_phoenix_axc-f-2152-controller-axc-f-2152_SBOM.json,ICS-0015,Phoenix Contact,AXC F 2152 Controller AXC-F-2152,plc,1,dmz-routable,port-and-logistics,22,6,13,3,6,3,0,1,9.8
ICS-0016_br_x20-controller-x20cp1586_SBOM-CVE.json,ICS-0016_br_x20-controller-x20cp1586_SBOM.json,ICS-0016,B&R Industrial Automation,X20 Controller X20CP1586,plc,1,isolated-cell,power-generation,16,5,9,2,7,0,0,0,9.8
ICS-0017_ls-electric_xgt-plc-cpu-xgk-cpuh_SBOM-CVE.json,ICS-0017_ls-electric_xgt-plc-cpu-xgk-cpuh_SBOM.json,ICS-0017,LS ELECTRIC,XGT PLC CPU XGK-CPUH,plc,1,isolated-cell,transportation-metro,12,5,13,8,2,3,0,0,10.0
ICS-0018_delta_as-series-plc-as228t-a_SBOM-CVE.json,ICS-0018_delta_as-series-plc-as228t-a_SBOM.json,ICS-0018,Delta Electronics,AS Series PLC AS228T-A,plc,1,isolated-cell,transportation-rail,12,5,12,7,2,3,0,0,10.0
ICS-0019_unitronics_unistream-plc-usp-070-b10_SBOM-CVE.json,ICS-0019_unitronics_unistream-plc-usp-070-b10_SBOM.json,ICS-0019,Unitronics,UniStream PLC USP-070-B10,plc,1,remote-accessible,pulp-and-paper,18,7,14,1,7,5,0,1,9.8
ICS-0020_idec_microsmart-fc6a-plc-fc6a-c40r1ae_SBOM-CVE.json,ICS-0020_idec_microsmart-fc6a-plc-fc6a-c40r1ae_SBOM.json,ICS-0020,IDEC Corporation,MicroSmart FC6A PLC FC6A-C40R1AE,plc,1,remote-accessible,pulp-and-paper,14,3,8,4,3,1,0,0,10.0
ICS-0021_panasonic_fp7-series-plc-afp7cps41_SBOM-CVE.json,ICS-0021_panasonic_fp7-series-plc-afp7cps41_SBOM.json,ICS-0021,"Panasonic Industry Co., Ltd.",FP7 Series PLC AFP7CPS41,plc,1,control-network,pulp-and-paper,12,4,7,4,2,1,0,0,9.8
ICS-0022_keyence_kv-8000-plc-kv-8000_SBOM-CVE.json,ICS-0022_keyence_kv-8000-plc-kv-8000_SBOM.json,ICS-0022,KEYENCE Corporation,KV-8000 PLC KV-8000,plc,1,dmz-routable,petrochemical,14,5,12,4,7,1,0,0,9.8
ICS-0023_fuji_micrex-sx-plc-np1ps-245r_SBOM-CVE.json,ICS-0023_fuji_micrex-sx-plc-np1ps-245r_SBOM.json,ICS-0023,Fuji Electric,MICREX-SX PLC NP1PS-245R,plc,1,control-network,port-and-logistics,15,8,21,11,8,1,0,1,10.0
ICS-0024_codesys_codesys-control-runtime-for-linux-sl_SBOM-CVE.json,ICS-0024_codesys_codesys-control-runtime-for-linux-sl_SBOM.json,ICS-0024,CODESYS GmbH,CODESYS Control Runtime for Linux SL,plc-runtime,1,dmz-routable,pharmaceutical,19,7,17,1,10,6,0,0,9.8
ICS-0025_abb_rtu560-telecontrol-unit-560cmu05_SBOM-CVE.json,ICS-0025_abb_rtu560-telecontrol-unit-560cmu05_SBOM.json,ICS-0025,ABB Ltd,RTU560 Telecontrol Unit 560CMU05,rtu,1,dmz-routable,oil-and-gas-upstream,16,7,16,4,7,5,0,0,9.8
ICS-0026_schneider_scadapack-rtu-474i_SBOM-CVE.json,ICS-0026_schneider_scadapack-rtu-474i_SBOM.json,ICS-0026,Schneider Electric,SCADAPack RTU 474i,rtu,1,control-network,transportation-rail,13,5,11,5,3,3,0,0,9.8
ICS-0027_ge_d20-mx-substation-controller-d20mx_SBOM-CVE.json,ICS-0027_ge_d20-mx-substation-controller-d20mx_SBOM.json,ICS-0027,GE Vernova,D20 MX Substation Controller D20MX,rtu,1,dmz-routable,semiconductor-fab,14,4,10,4,4,2,0,0,9.8
ICS-0028_siemens_sicam-a8000-rtu-cp-8050_SBOM-CVE.json,ICS-0028_siemens_sicam-a8000-rtu-cp-8050_SBOM.json,ICS-0028,Siemens AG,SICAM A8000 RTU CP-8050,rtu,1,isolated-cell,transportation-rail,15,5,11,0,5,5,1,0,8.8
ICS-0029_hitachi-energy_rtu500-series-560cmu80_SBOM-CVE.json,ICS-0029_hitachi-energy_rtu500-series-560cmu80_SBOM.json,ICS-0029,Hitachi Energy,RTU500 Series 560CMU80,rtu,1,control-network,oil-and-gas-upstream,17,8,20,6,13,1,0,0,10.0
ICS-0030_moxa_iopac-programmable-controller-8600-cpu30_SBOM-CVE.json,ICS-0030_moxa_iopac-programmable-controller-8600-cpu30_SBOM.json,ICS-0030,Moxa Inc.,ioPAC Programmable Controller 8600-CPU30,rtu,1,control-network,port-and-logistics,21,9,19,8,7,4,0,0,9.8
ICS-0031_red-lion_data-station-plus-rtu-dspsx000_SBOM-CVE.json,ICS-0031_red-lion_data-station-plus-rtu-dspsx000_SBOM.json,ICS-0031,Red Lion Controls,Data Station Plus RTU DSPSX000,rtu,1,dmz-routable,transportation-metro,22,10,26,5,14,7,0,0,9.8
ICS-0032_sel_sel-451-protection-system-451-5_SBOM-CVE.json,ICS-0032_sel_sel-451-protection-system-451-5_SBOM.json,ICS-0032,Schweitzer Engineering Laboratories,SEL-451 Protection System 451-5,ied,1,isolated-cell,power-generation,17,6,13,6,7,0,0,0,9.8
ICS-0033_sel_sel-3530-rtac-3530_SBOM-CVE.json,ICS-0033_sel_sel-3530-rtac-3530_SBOM.json,ICS-0033,Schweitzer Engineering Laboratories,SEL-3530 RTAC 3530,ied,1,control-network,manufacturing-process,15,6,13,1,9,3,0,0,9.8
ICS-0034_hitachi-energy_ref615-feeder-protection-relay-ref615_SBOM-CVE.json,ICS-0034_hitachi-energy_ref615-feeder-protection-relay-ref615_SBOM.json,ICS-0034,Hitachi Energy,REF615 Feeder Protection Relay REF615,ied,1,dmz-routable,petrochemical,17,5,14,7,5,2,0,0,10.0
ICS-0035_siemens_siprotec-5-protection-relay-7sj85_SBOM-CVE.json,ICS-0035_siemens_siprotec-5-protection-relay-7sj85_SBOM.json,ICS-0035,Siemens AG,SIPROTEC 5 Protection Relay 7SJ85,ied,1,control-network,power-transmission,16,5,10,3,6,1,0,0,9.8
ICS-0036_ge_multilin-ur-relay-b30_SBOM-CVE.json,ICS-0036_ge_multilin-ur-relay-b30_SBOM.json,ICS-0036,GE Vernova,Multilin UR Relay B30,ied,1,isolated-cell,power-transmission,17,5,13,4,4,3,0,2,10.0
ICS-0037_schneider_easergy-p3-protection-relay-p3u30_SBOM-CVE.json,ICS-0037_schneider_easergy-p3-protection-relay-p3u30_SBOM.json,ICS-0037,Schneider Electric,Easergy P3 Protection Relay P3U30,ied,1,remote-accessible,pulp-and-paper,14,2,5,5,0,0,0,0,10.0
ICS-0038_nari_pcs-9611-feeder-protection-pcs-9611_SBOM-CVE.json,ICS-0038_nari_pcs-9611-feeder-protection-pcs-9611_SBOM.json,ICS-0038,NARI Technology,PCS-9611 Feeder Protection PCS-9611,ied,1,isolated-cell,wastewater,13,5,10,2,7,1,0,0,9.8
ICS-0039_hd-hyundai_higen-protection-relay-hgr-100_SBOM-CVE.json,ICS-0039_hd-hyundai_higen-protection-relay-hgr-100_SBOM.json,ICS-0039,HD Hyundai Electric,HiGEN Protection Relay HGR-100,ied,1,control-network,steel-and-metals,16,3,5,1,4,0,0,0,9.1
ICS-0040_siemens_simatic-hmi-comfort-panel-tp1200_SBOM-CVE.json,ICS-0040_siemens_simatic-hmi-comfort-panel-tp1200_SBOM.json,ICS-0040,Siemens AG,SIMATIC HMI Comfort Panel TP1200,hmi,2,remote-accessible,steel-and-metals,13,2,5,3,2,0,0,0,9.8
ICS-0041_rockwell_panelview-plus-terminal-7-standard-1000_SBOM-CVE.json,ICS-0041_rockwell_panelview-plus-terminal-7-standard-1000_SBOM.json,ICS-0041,Rockwell Automation,PanelView Plus Terminal 7 Standard 1000,hmi,2,dmz-routable,automotive,14,4,8,1,4,3,0,0,9.8
ICS-0042_schneider_magelis-gtu-hmi-hmigtu655_SBOM-CVE.json,ICS-0042_schneider_magelis-gtu-hmi-hmigtu655_SBOM.json,ICS-0042,Schneider Electric,Magelis GTU HMI HMIGTU655,hmi,2,dmz-routable,transportation-rail,21,8,16,1,7,7,0,1,9.8
ICS-0043_mitsubishi_got2000-graphic-terminal-gt2712-stba_SBOM-CVE.json,ICS-0043_mitsubishi_got2000-graphic-terminal-gt2712-stba_SBOM.json,ICS-0043,Mitsubishi Electric,GOT2000 Graphic Terminal GT2712-STBA,hmi,2,isolated-cell,oil-and-gas-upstream,14,4,6,3,2,1,0,0,9.8
ICS-0044_advantech_webop-operator-panel-wop-2100t_SBOM-CVE.json,ICS-0044_advantech_webop-operator-panel-wop-2100t_SBOM.json,ICS-0044,"Advantech Co., Ltd.",WebOP Operator Panel WOP-2100T,hmi,2,isolated-cell,steel-and-metals,18,6,11,4,5,2,0,0,9.8
ICS-0045_delta_dop-100-hmi-dop-107bv_SBOM-CVE.json,ICS-0045_delta_dop-100-hmi-dop-107bv_SBOM.json,ICS-0045,Delta Electronics,DOP-100 HMI DOP-107BV,hmi,2,dmz-routable,power-transmission,11,2,4,2,2,0,0,0,9.1
ICS-0046_omron_na-series-hmi-na5-12w_SBOM-CVE.json,ICS-0046_omron_na-series-hmi-na5-12w_SBOM.json,ICS-0046,OMRON Corporation,NA Series HMI NA5-12W,hmi,2,remote-accessible,building-automation,15,5,12,1,9,2,0,0,9.8
ICS-0047_pilz_pmi-operator-terminal-pmi-6-primo_SBOM-CVE.json,ICS-0047_pilz_pmi-operator-terminal-pmi-6-primo_SBOM.json,ICS-0047,Pilz GmbH,PMI Operator Terminal PMI 6 primo,hmi,2,remote-accessible,petrochemical,12,1,3,0,3,0,0,0,8.8
ICS-0048_aveva_aveva-plant-scada-2020-r2_SBOM-CVE.json,ICS-0048_aveva_aveva-plant-scada-2020-r2_SBOM.json,ICS-0048,AVEVA Group plc,AVEVA Plant SCADA 2020 R2,scada-server,2,remote-accessible,transportation-rail,17,4,8,0,4,4,0,0,7.5
ICS-0049_inductive_ignition-scada-platform-8-1_SBOM-CVE.json,ICS-0049_inductive_ignition-scada-platform-8-1_SBOM.json,ICS-0049,Inductive Automation,Ignition SCADA Platform 8.1,scada-server,2,dmz-routable,semiconductor-fab,18,2,6,3,3,0,0,0,9.8
ICS-0050_copadata_zenon-supervisor-10_SBOM-CVE.json,ICS-0050_copadata_zenon-supervisor-10_SBOM.json,ICS-0050,COPA-DATA GmbH,zenon Supervisor 10,scada-server,2,control-network,manufacturing-discrete,19,7,14,1,8,5,0,0,9.8
ICS-0051_siemens_simatic-wincc-v7-5_SBOM-CVE.json,ICS-0051_siemens_simatic-wincc-v7-5_SBOM.json,ICS-0051,Siemens AG,SIMATIC WinCC V7.5,scada-server,2,dmz-routable,pharmaceutical,12,3,8,6,2,0,0,0,9.8
ICS-0052_ge_cimplicity-hmi-scada-11-1_SBOM-CVE.json,ICS-0052_ge_cimplicity-hmi-scada-11-1_SBOM.json,ICS-0052,GE Vernova,CIMPLICITY HMI/SCADA 11.1,scada-server,2,control-network,semiconductor-fab,12,3,7,1,6,0,0,0,9.8
ICS-0053_schneider_ecostruxure-geo-scada-expert-2021_SBOM-CVE.json,ICS-0053_schneider_ecostruxure-geo-scada-expert-2021_SBOM.json,ICS-0053,Schneider Electric,EcoStruxure Geo SCADA Expert 2021,scada-server,2,isolated-cell,power-transmission,17,5,11,3,6,2,0,0,9.8
ICS-0054_rockwell_factorytalk-view-se-12-00_SBOM-CVE.json,ICS-0054_rockwell_factorytalk-view-se-12-00_SBOM.json,ICS-0054,Rockwell Automation,FactoryTalk View SE 12.00,scada-server,2,dmz-routable,wastewater,18,8,17,6,10,1,0,0,9.8
ICS-0055_aveva_aveva-historian-2020-r2_SBOM-CVE.json,ICS-0055_aveva_aveva-historian-2020-r2_SBOM.json,ICS-0055,AVEVA Group plc,AVEVA Historian 2020 R2,historian,3,isolated-cell,oil-and-gas-midstream,16,5,11,3,5,3,0,0,9.8
ICS-0056_ge_proficy-historian-2022_SBOM-CVE.json,ICS-0056_ge_proficy-historian-2022_SBOM.json,ICS-0056,GE Vernova,Proficy Historian 2022,historian,3,control-network,building-automation,16,6,15,4,9,2,0,0,9.8
ICS-0057_honeywell_uniformance-phd-historian-r500_SBOM-CVE.json,ICS-0057_honeywell_uniformance-phd-historian-r500_SBOM.json,ICS-0057,Honeywell International,Uniformance PHD Historian R500,historian,3,dmz-routable,automotive,11,4,9,4,2,3,0,0,9.8
ICS-0058_emerson_deltav-continuous-historian-14-3_SBOM-CVE.json,ICS-0058_emerson_deltav-continuous-historian-14-3_SBOM.json,ICS-0058,Emerson Electric,DeltaV Continuous Historian 14.3,historian,3,remote-accessible,water-treatment,15,5,12,3,7,2,0,0,9.8
ICS-0059_yokogawa_exaquantum-plant-information-system-r3-20_SBOM-CVE.json,ICS-0059_yokogawa_exaquantum-plant-information-system-r3-20_SBOM.json,ICS-0059,Yokogawa Electric,Exaquantum Plant Information System R3.20,historian,3,dmz-routable,building-automation,13,4,10,0,7,3,0,0,8.8
ICS-0060_siemens_tia-portal-engineering-suite-v17_SBOM-CVE.json,ICS-0060_siemens_tia-portal-engineering-suite-v17_SBOM.json,ICS-0060,Siemens AG,TIA Portal Engineering Suite V17,engineering-workstation,3,remote-accessible,steel-and-metals,17,6,14,3,10,1,0,0,9.8
ICS-0061_rockwell_studio-5000-logix-designer-32-00_SBOM-CVE.json,ICS-0061_rockwell_studio-5000-logix-designer-32-00_SBOM.json,ICS-0061,Rockwell Automation,Studio 5000 Logix Designer 32.00,engineering-workstation,3,isolated-cell,power-distribution,13,4,11,3,6,2,0,0,9.8
ICS-0062_schneider_ecostruxure-control-expert-v15-1_SBOM-CVE.json,ICS-0062_schneider_ecostruxure-control-expert-v15-1_SBOM.json,ICS-0062,Schneider Electric,EcoStruxure Control Expert V15.1,engineering-workstation,3,isolated-cell,district-heating,18,7,17,5,7,5,0,0,9.8
ICS-0063_mitsubishi_gx-works3-engineering-tool-1-080j_SBOM-CVE.json,ICS-0063_mitsubishi_gx-works3-engineering-tool-1-080j_SBOM.json,ICS-0063,Mitsubishi Electric,GX Works3 Engineering Tool 1.080J,engineering-workstation,3,remote-accessible,district-heating,12,4,10,2,5,3,0,0,9.8
ICS-0064_codesys_codesys-development-system-v3-5-sp17_SBOM-CVE.json,ICS-0064_codesys_codesys-development-system-v3-5-sp17_SBOM.json,ICS-0064,CODESYS GmbH,CODESYS Development System V3.5 SP17,engineering-workstation,3,control-network,manufacturing-discrete,16,5,12,3,7,2,0,0,9.8
ICS-0065_abb_automation-builder-2-5_SBOM-CVE.json,ICS-0065_abb_automation-builder-2-5_SBOM.json,ICS-0065,ABB Ltd,Automation Builder 2.5,engineering-workstation,3,isolated-cell,oil-and-gas-midstream,15,4,8,2,4,2,0,0,9.8
ICS-0066_emerson_deltav-md-plus-controller-md-plus_SBOM-CVE.json,ICS-0066_emerson_deltav-md-plus-controller-md-plus_SBOM.json,ICS-0066,Emerson Electric,DeltaV MD Plus Controller MD Plus,dcs-controller,1,dmz-routable,food-and-beverage,15,6,14,2,5,7,0,0,9.8
ICS-0067_honeywell_experion-c300-controller-c300_SBOM-CVE.json,ICS-0067_honeywell_experion-c300-controller-c300_SBOM.json,ICS-0067,Honeywell International,Experion C300 Controller C300,dcs-controller,1,control-network,transportation-rail,16,4,5,1,3,1,0,0,9.8
ICS-0068_yokogawa_centum-vp-field-control-station-afv30d_SBOM-CVE.json,ICS-0068_yokogawa_centum-vp-field-control-station-afv30d_SBOM.json,ICS-0068,Yokogawa Electric,CENTUM VP Field Control Station AFV30D,dcs-controller,1,isolated-cell,petrochemical,12,4,9,6,3,0,0,0,10.0
ICS-0069_abb_ac-800m-controller-pm866_SBOM-CVE.json,ICS-0069_abb_ac-800m-controller-pm866_SBOM.json,ICS-0069,ABB Ltd,AC 800M Controller PM866,dcs-controller,1,remote-accessible,wastewater,18,6,12,2,7,3,0,0,9.8
ICS-0070_siemens_simatic-pcs-7-as-controller-as-410-5h_SBOM-CVE.json,ICS-0070_siemens_simatic-pcs-7-as-controller-as-410-5h_SBOM.json,ICS-0070,Siemens AG,SIMATIC PCS 7 AS Controller AS 410-5H,dcs-controller,1,dmz-routable,petrochemical,16,4,10,4,1,5,0,0,10.0
ICS-0071_hitachi-energy_symphony-plus-hpc800-hpc800_SBOM-CVE.json,ICS-0071_hitachi-energy_symphony-plus-hpc800-hpc800_SBOM.json,ICS-0071,Hitachi Energy,Symphony Plus HPC800 HPC800,dcs-controller,1,dmz-routable,power-distribution,14,7,18,4,9,5,0,0,9.8
ICS-0072_schneider_triconex-tricon-cx-controller-tricon-cx_SBOM-CVE.json,ICS-0072_schneider_triconex-tricon-cx-controller-tricon-cx_SBOM.json,ICS-0072,Schneider Electric,Triconex Tricon CX Controller Tricon CX,sis-logic-solver,1,isolated-cell,semiconductor-fab,16,6,12,7,4,1,0,0,9.8
ICS-0073_hima_himax-safety-controller-x-cpu-31_SBOM-CVE.json,ICS-0073_hima_himax-safety-controller-x-cpu-31_SBOM.json,ICS-0073,HIMA Paul Hildebrandt GmbH,HIMax Safety Controller X-CPU 31,sis-logic-solver,1,isolated-cell,manufacturing-process,13,2,4,1,2,1,0,0,9.1
ICS-0074_pilz_pss-4000-safety-controller-pssu-h-plc1_SBOM-CVE.json,ICS-0074_pilz_pss-4000-safety-controller-pssu-h-plc1_SBOM.json,ICS-0074,Pilz GmbH,PSS 4000 Safety Controller PSSu H PLC1,sis-logic-solver,1,isolated-cell,wastewater,16,1,3,0,2,0,0,1,7.5
ICS-0075_siemens_simatic-s7-1500f-safety-cpu-1511f-1-pn_SBOM-CVE.json,ICS-0075_siemens_simatic-s7-1500f-safety-cpu-1511f-1-pn_SBOM.json,ICS-0075,Siemens AG,SIMATIC S7-1500F Safety CPU 1511F-1 PN,sis-logic-solver,1,dmz-routable,manufacturing-process,15,3,7,4,1,0,0,2,9.8
ICS-0076_rockwell_guardlogix-safety-controller-1756-l81es_SBOM-CVE.json,ICS-0076_rockwell_guardlogix-safety-controller-1756-l81es_SBOM.json,ICS-0076,Rockwell Automation,GuardLogix Safety Controller 1756-L81ES,sis-logic-solver,1,isolated-cell,petrochemical,15,5,12,4,5,3,0,0,9.8
ICS-0077_moxa_mgate-protocol-gateway-5105-mb-eip_SBOM-CVE.json,ICS-0077_moxa_mgate-protocol-gateway-5105-mb-eip_SBOM.json,ICS-0077,Moxa Inc.,MGate Protocol Gateway 5105-MB-EIP,protocol-gateway,3.5,dmz-routable,semiconductor-fab,21,7,16,5,7,4,0,0,9.8
ICS-0078_softing_edgeaggregator-gateway-ea-500_SBOM-CVE.json,ICS-0078_softing_edgeaggregator-gateway-ea-500_SBOM.json,ICS-0078,Softing Industrial Automation,edgeAggregator Gateway EA-500,protocol-gateway,3.5,remote-accessible,chemical,18,6,12,2,6,3,1,0,9.1
ICS-0079_advantech_ecu-1251-edge-gateway-ecu-1251_SBOM-CVE.json,ICS-0079_advantech_ecu-1251-edge-gateway-ecu-1251_SBOM.json,ICS-0079,"Advantech Co., Ltd.",ECU-1251 Edge Gateway ECU-1251,protocol-gateway,3.5,control-network,pharmaceutical,17,5,6,1,1,4,0,0,9.8
ICS-0080_phoenix_fl-mguard-security-appliance-rs4000_SBOM-CVE.json,ICS-0080_phoenix_fl-mguard-security-appliance-rs4000_SBOM.json,ICS-0080,Phoenix Contact,FL MGUARD Security Appliance RS4000,industrial-firewall,3.5,isolated-cell,pulp-and-paper,16,6,12,5,7,0,0,0,9.8
ICS-0081_belden_eagle40-industrial-firewall-eagle40-4d_SBOM-CVE.json,ICS-0081_belden_eagle40-industrial-firewall-eagle40-4d_SBOM.json,ICS-0081,Belden / Hirschmann,EAGLE40 Industrial Firewall EAGLE40-4D,industrial-firewall,3.5,isolated-cell,manufacturing-discrete,13,7,13,3,8,2,0,0,9.8
ICS-0082_belden_rsp-managed-switch-rsp35_SBOM-CVE.json,ICS-0082_belden_rsp-managed-switch-rsp35_SBOM.json,ICS-0082,Belden / Hirschmann,RSP Managed Switch RSP35,industrial-switch,2,remote-accessible,automotive,17,6,12,3,6,3,0,0,9.8
ICS-0083_westermo_lynx-dss-managed-switch-lynx-3510_SBOM-CVE.json,ICS-0083_westermo_lynx-dss-managed-switch-lynx-3510_SBOM.json,ICS-0083,Westermo Network Technologies,Lynx DSS Managed Switch Lynx-3510,industrial-switch,2,remote-accessible,oil-and-gas-midstream,17,7,16,2,9,4,1,0,9.8
ICS-0084_moxa_eds-managed-ethernet-switch-eds-4012_SBOM-CVE.json,ICS-0084_moxa_eds-managed-ethernet-switch-eds-4012_SBOM.json,ICS-0084,Moxa Inc.,EDS Managed Ethernet Switch EDS-4012,industrial-switch,2,dmz-routable,power-generation,13,5,10,1,7,2,0,0,9.8
ICS-0085_siemens_scalance-x-industrial-switch-xc216-4c_SBOM-CVE.json,ICS-0085_siemens_scalance-x-industrial-switch-xc216-4c_SBOM.json,ICS-0085,Siemens AG,SCALANCE X Industrial Switch XC216-4C,industrial-switch,2,isolated-cell,food-and-beverage,14,4,8,2,6,0,0,0,9.8
ICS-0086_siemens_ruggedcom-rx1500-router-rx1500_SBOM-CVE.json,ICS-0086_siemens_ruggedcom-rx1500-router-rx1500_SBOM.json,ICS-0086,Siemens AG,RUGGEDCOM RX1500 Router RX1500,industrial-router,3.5,dmz-routable,chemical,20,8,20,2,11,6,1,0,9.8
ICS-0087_abb_acs880-industrial-drive-acs880-01_SBOM-CVE.json,ICS-0087_abb_acs880-industrial-drive-acs880-01_SBOM.json,ICS-0087,ABB Ltd,ACS880 Industrial Drive ACS880-01,vfd-drive,1,dmz-routable,pulp-and-paper,16,4,7,0,5,2,0,0,8.1
ICS-0088_siemens_sinamics-s120-drive-cu320-2-pn_SBOM-CVE.json,ICS-0088_siemens_sinamics-s120-drive-cu320-2-pn_SBOM.json,ICS-0088,Siemens AG,SINAMICS S120 Drive CU320-2 PN,vfd-drive,1,control-network,transportation-metro,15,6,13,6,5,1,0,1,9.8
ICS-0089_danfoss_vlt-automationdrive-fc-302_SBOM-CVE.json,ICS-0089_danfoss_vlt-automationdrive-fc-302_SBOM.json,ICS-0089,Danfoss A/S,VLT AutomationDrive FC-302,vfd-drive,1,control-network,pharmaceutical,13,3,7,3,1,3,0,0,9.1
ICS-0090_rockwell_powerflex-755-drive-755_SBOM-CVE.json,ICS-0090_rockwell_powerflex-755-drive-755_SBOM.json,ICS-0090,Rockwell Automation,PowerFlex 755 Drive 755,vfd-drive,1,control-network,petrochemical,15,7,16,6,6,2,0,2,10.0
ICS-0091_bosch-rexroth_indradrive-controller-hcs01_SBOM-CVE.json,ICS-0091_bosch-rexroth_indradrive-controller-hcs01_SBOM.json,ICS-0091,Bosch Rexroth AG,IndraDrive Controller HCS01,motion-controller,1,isolated-cell,district-heating,20,7,18,5,6,6,0,1,10.0
ICS-0092_bosch-rexroth_indramotion-mlc-xm22_SBOM-CVE.json,ICS-0092_bosch-rexroth_indramotion-mlc-xm22_SBOM.json,ICS-0092,Bosch Rexroth AG,IndraMotion MLC XM22,motion-controller,1,dmz-routable,power-generation,20,6,13,1,9,3,0,0,9.1
ICS-0093_fuji_frenic-ace-inverter-frn0006e2s_SBOM-CVE.json,ICS-0093_fuji_frenic-ace-inverter-frn0006e2s_SBOM.json,ICS-0093,Fuji Electric,FRENIC-Ace Inverter FRN0006E2S,vfd-drive,1,dmz-routable,food-and-beverage,17,8,18,4,11,2,0,1,9.8
ICS-0094_mitsubishi_melfa-robot-controller-cr800-d_SBOM-CVE.json,ICS-0094_mitsubishi_melfa-robot-controller-cr800-d_SBOM.json,ICS-0094,Mitsubishi Electric,MELFA Robot Controller CR800-D,robot-controller,1,dmz-routable,transportation-rail,17,8,14,5,8,1,0,0,9.8
ICS-0095_abb_irc5-robot-controller-irc5-compact_SBOM-CVE.json,ICS-0095_abb_irc5-robot-controller-irc5-compact_SBOM.json,ICS-0095,ABB Ltd,IRC5 Robot Controller IRC5 Compact,robot-controller,1,dmz-routable,food-and-beverage,16,6,17,5,7,4,0,1,9.8
ICS-0096_keyence_cnc-motion-unit-mc-1_SBOM-CVE.json,ICS-0096_keyence_cnc-motion-unit-mc-1_SBOM.json,ICS-0096,KEYENCE Corporation,CNC Motion Unit MC-1,cnc-controller,1,control-network,petrochemical,14,6,16,9,5,1,0,1,10.0
ICS-0097_mitsubishi_m800-cnc-controller-m830w_SBOM-CVE.json,ICS-0097_mitsubishi_m800-cnc-controller-m830w_SBOM.json,ICS-0097,Mitsubishi Electric,M800 CNC Controller M830W,cnc-controller,1,control-network,food-and-beverage,14,3,5,3,1,1,0,0,9.1
ICS-0098_emerson_rosemount-3051s-transmitter-3051s_SBOM-CVE.json,ICS-0098_emerson_rosemount-3051s-transmitter-3051s_SBOM.json,ICS-0098,Emerson Electric,Rosemount 3051S Transmitter 3051S,field-transmitter,0,dmz-routable,port-and-logistics,11,4,10,4,3,1,0,2,10.0
ICS-0099_yokogawa_eja-e-series-transmitter-eja110e_SBOM-CVE.json,ICS-0099_yokogawa_eja-e-series-transmitter-eja110e_SBOM.json,ICS-0099,Yokogawa Electric,EJA-E Series Transmitter EJA110E,field-transmitter,0,remote-accessible,oil-and-gas-upstream,9,2,5,1,3,0,0,1,9.1
ICS-0100_honeywell_smartline-st800-transmitter-st800_SBOM-CVE.json,ICS-0100_honeywell_smartline-st800-transmitter-st800_SBOM.json,ICS-0100,Honeywell International,SmartLine ST800 Transmitter ST800,field-transmitter,0,control-network,food-and-beverage,9,3,7,3,1,3,0,0,10.0
ICS-0101_abb_merging-unit-sam600-sam600-io_SBOM-CVE.json,ICS-0101_abb_merging-unit-sam600-sam600-io_SBOM.json,ICS-0101,ABB Ltd,Merging Unit SAM600 SAM600-IO,merging-unit,0,dmz-routable,power-distribution,14,7,13,6,6,1,0,0,9.8
ICS-0102_schneider_powerlogic-ion9000-meter-ion9000_SBOM-CVE.json,ICS-0102_schneider_powerlogic-ion9000-meter-ion9000_SBOM.json,ICS-0102,Schneider Electric,PowerLogic ION9000 Meter ION9000,power-meter,1,isolated-cell,power-generation,14,2,4,0,3,1,0,0,8.8
ICS-0103_ge_epm-9900-power-meter-epm9900_SBOM-CVE.json,ICS-0103_ge_epm-9900-power-meter-epm9900_SBOM.json,ICS-0103,GE Vernova,EPM 9900 Power Meter EPM9900,power-meter,1,remote-accessible,water-treatment,16,3,6,1,5,0,0,0,9.1
ICS-0104_ptc_kepserverex-connectivity-platform-6-11_SBOM-CVE.json,ICS-0104_ptc_kepserverex-connectivity-platform-6-11_SBOM.json,ICS-0104,PTC Inc.,KEPServerEX Connectivity Platform 6.11,opc-server,3,remote-accessible,transportation-rail,19,4,8,5,1,2,0,0,9.8
ICS-0105_softing_datafeed-opc-suite-v5-20_SBOM-CVE.json,ICS-0105_softing_datafeed-opc-suite-v5-20_SBOM.json,ICS-0105,Softing Industrial Automation,dataFEED OPC Suite V5.20,opc-server,3,isolated-cell,port-and-logistics,17,5,11,5,4,2,0,0,9.8
ICS-0106_aveva_aveva-opc-ua-server-2020_SBOM-CVE.json,ICS-0106_aveva_aveva-opc-ua-server-2020_SBOM.json,ICS-0106,AVEVA Group plc,AVEVA OPC UA Server 2020,opc-server,3,isolated-cell,steel-and-metals,17,4,8,3,5,0,0,0,9.8
ICS-0107_honeywell_excel-web-ii-bacnet-controller-xl1000c50_SBOM-CVE.json,ICS-0107_honeywell_excel-web-ii-bacnet-controller-xl1000c50_SBOM.json,ICS-0107,Honeywell International,Excel Web II BACnet Controller XL1000C50,bas-controller,1,dmz-routable,oil-and-gas-midstream,18,7,14,3,7,4,0,0,9.8
ICS-0108_siemens_desigo-pxc-automation-station-pxc100-e-d_SBOM-CVE.json,ICS-0108_siemens_desigo-pxc-automation-station-pxc100-e-d_SBOM.json,ICS-0108,Siemens AG,Desigo PXC Automation Station PXC100-E.D,bas-controller,1,control-network,pulp-and-paper,12,5,11,2,5,4,0,0,9.1
ICS-0109_schneider_smartx-as-p-controller-as-p_SBOM-CVE.json,ICS-0109_schneider_smartx-as-p-controller-as-p_SBOM.json,ICS-0109,Schneider Electric,SmartX AS-P Controller AS-P,bas-controller,1,isolated-cell,building-automation,17,9,20,3,13,3,1,0,9.8
ICS-0110_delta_ez-building-controller-ezns-1000_SBOM-CVE.json,ICS-0110_delta_ez-building-controller-ezns-1000_SBOM.json,ICS-0110,Delta Electronics,eZ Building Controller eZNS-1000,bas-controller,1,control-network,water-treatment,16,7,13,2,7,4,0,0,9.8
ICS-0111_phoenix_radioline-wireless-gateway-rad-2400_SBOM-CVE.json,ICS-0111_phoenix_radioline-wireless-gateway-rad-2400_SBOM.json,ICS-0111,Phoenix Contact,Radioline Wireless Gateway RAD-2400,wireless-gateway,1,dmz-routable,port-and-logistics,13,4,10,2,3,4,0,1,9.8
ICS-0112_moxa_awk-industrial-wireless-ap-awk-3131a_SBOM-CVE.json,ICS-0112_moxa_awk-industrial-wireless-ap-awk-3131a_SBOM.json,ICS-0112,Moxa Inc.,AWK Industrial Wireless AP AWK-3131A,wireless-gateway,2,control-network,port-and-logistics,17,7,16,2,11,3,0,0,9.8
ICS-0113_emerson_wireless-1420-gateway-1420_SBOM-CVE.json,ICS-0113_emerson_wireless-1420-gateway-1420_SBOM.json,ICS-0113,Emerson Electric,Wireless 1420 Gateway 1420,wireless-gateway,1,control-network,pulp-and-paper,15,6,14,3,11,0,0,0,9.8
ICS-0114_siemens_simatic-s7-1500-cpu-1513-1-pn_SBOM-CVE.json,ICS-0114_siemens_simatic-s7-1500-cpu-1513-1-pn_SBOM.json,ICS-0114,Siemens AG,SIMATIC S7-1500 CPU 1513-1 PN,plc,1,remote-accessible,food-and-beverage,17,3,8,1,4,1,0,2,9.1
ICS-0115_siemens_simatic-s7-1200-cpu-1214c_SBOM-CVE.json,ICS-0115_siemens_simatic-s7-1200-cpu-1214c_SBOM.json,ICS-0115,Siemens AG,SIMATIC S7-1200 CPU 1214C,plc,1,isolated-cell,semiconductor-fab,14,4,9,5,2,0,0,2,10.0
ICS-0116_siemens_simatic-s7-400-cpu-416-3_SBOM-CVE.json,ICS-0116_siemens_simatic-s7-400-cpu-416-3_SBOM.json,ICS-0116,Siemens AG,SIMATIC S7-400 CPU 416-3,plc,1,dmz-routable,power-transmission,17,5,8,4,3,1,0,0,10.0
ICS-0117_rockwell_controllogix-controller-1756-l73_SBOM-CVE.json,ICS-0117_rockwell_controllogix-controller-1756-l73_SBOM.json,ICS-0117,Rockwell Automation,ControlLogix Controller 1756-L73,plc,1,remote-accessible,transportation-rail,12,4,7,2,4,1,0,0,9.1
ICS-0118_rockwell_compactlogix-controller-5069-l320er_SBOM-CVE.json,ICS-0118_rockwell_compactlogix-controller-5069-l320er_SBOM.json,ICS-0118,Rockwell Automation,CompactLogix Controller 5069-L320ER,plc,1,isolated-cell,wastewater,16,7,17,4,6,6,0,1,9.8
ICS-0119_rockwell_micrologix-controller-1100-c_SBOM-CVE.json,ICS-0119_rockwell_micrologix-controller-1100-c_SBOM.json,ICS-0119,Rockwell Automation,MicroLogix Controller 1100-C,plc,1,isolated-cell,oil-and-gas-midstream,14,3,6,0,3,3,0,0,7.5
ICS-0120_schneider_modicon-m340-controller-bmxp341000_SBOM-CVE.json,ICS-0120_schneider_modicon-m340-controller-bmxp341000_SBOM.json,ICS-0120,Schneider Electric,Modicon M340 Controller BMXP341000,plc,1,isolated-cell,petrochemical,15,6,16,10,4,2,0,0,9.8
ICS-0121_schneider_modicon-m580-epac-bmep584040_SBOM-CVE.json,ICS-0121_schneider_modicon-m580-epac-bmep584040_SBOM.json,ICS-0121,Schneider Electric,Modicon M580 ePAC BMEP584040,plc,1,remote-accessible,power-distribution,21,8,20,3,13,4,0,0,9.8
ICS-0122_mitsubishi_melsec-iq-r-cpu-r08cpu_SBOM-CVE.json,ICS-0122_mitsubishi_melsec-iq-r-cpu-r08cpu_SBOM.json,ICS-0122,Mitsubishi Electric,MELSEC iQ-R CPU R08CPU,plc,1,remote-accessible,building-automation,19,5,12,6,2,4,0,0,9.8
ICS-0123_mitsubishi_melsec-q-series-cpu-q06ude_SBOM-CVE.json,ICS-0123_mitsubishi_melsec-q-series-cpu-q06ude_SBOM.json,ICS-0123,Mitsubishi Electric,MELSEC-Q Series CPU Q06UDE,plc,1,isolated-cell,manufacturing-process,16,5,12,5,5,1,0,1,9.8
ICS-0124_omron_sysmac-nj-machine-controller-nj301-1200_SBOM-CVE.json,ICS-0124_omron_sysmac-nj-machine-controller-nj301-1200_SBOM.json,ICS-0124,OMRON Corporation,SYSMAC NJ Machine Controller NJ301-1200,plc,1,dmz-routable,food-and-beverage,17,3,8,1,5,1,0,1,9.1
ICS-0125_omron_sysmac-cj2-plc-cj2h-cpu64_SBOM-CVE.json,ICS-0125_omron_sysmac-cj2-plc-cj2h-cpu64_SBOM.json,ICS-0125,OMRON Corporation,SYSMAC CJ2 PLC CJ2H-CPU64,plc,1,remote-accessible,district-heating,17,4,5,3,1,1,0,0,9.8
ICS-0126_beckhoff_twincat-runtime-controller-cx8190_SBOM-CVE.json,ICS-0126_beckhoff_twincat-runtime-controller-cx8190_SBOM.json,ICS-0126,Beckhoff Automation,TwinCAT Runtime Controller CX8190,plc,1,dmz-routable,chemical,17,5,13,4,4,5,0,0,9.8
ICS-0127_wago_pfc200-controller-750-8206_SBOM-CVE.json,ICS-0127_wago_pfc200-controller-750-8206_SBOM.json,ICS-0127,WAGO GmbH,PFC200 Controller 750-8206,plc,1,dmz-routable,oil-and-gas-midstream,21,7,17,5,8,3,0,1,9.8
ICS-0128_phoenix_axc-f-2152-controller-axc-f-3152_SBOM-CVE.json,ICS-0128_phoenix_axc-f-2152-controller-axc-f-3152_SBOM.json,ICS-0128,Phoenix Contact,AXC F 2152 Controller AXC-F-3152,plc,1,isolated-cell,power-transmission,17,7,12,2,7,3,0,0,9.8
ICS-0129_br_x20-controller-x20cp3586_SBOM-CVE.json,ICS-0129_br_x20-controller-x20cp3586_SBOM.json,ICS-0129,B&R Industrial Automation,X20 Controller X20CP3586,plc,1,control-network,automotive,17,5,11,2,6,3,0,0,9.1
ICS-0130_ls-electric_xgt-plc-cpu-xgi-cpuu_SBOM-CVE.json,ICS-0130_ls-electric_xgt-plc-cpu-xgi-cpuu_SBOM.json,ICS-0130,LS ELECTRIC,XGT PLC CPU XGI-CPUU,plc,1,dmz-routable,automotive,16,4,10,4,6,0,0,0,9.8
ICS-0131_delta_as-series-plc-as332t-a_SBOM-CVE.json,ICS-0131_delta_as-series-plc-as332t-a_SBOM.json,ICS-0131,Delta Electronics,AS Series PLC AS332T-A,plc,1,control-network,transportation-rail,14,5,11,4,4,3,0,0,9.8
ICS-0132_unitronics_unistream-plc-usp-104-b10_SBOM-CVE.json,ICS-0132_unitronics_unistream-plc-usp-104-b10_SBOM.json,ICS-0132,Unitronics,UniStream PLC USP-104-B10,plc,1,control-network,pharmaceutical,17,6,11,1,6,3,0,1,9.8
ICS-0133_idec_microsmart-fc6a-plc-fc6a-d32k3_SBOM-CVE.json,ICS-0133_idec_microsmart-fc6a-plc-fc6a-d32k3_SBOM.json,ICS-0133,IDEC Corporation,MicroSmart FC6A PLC FC6A-D32K3,plc,1,control-network,chemical,14,3,6,3,3,0,0,0,9.8
ICS-0134_panasonic_fp7-series-plc-afp7cps31_SBOM-CVE.json,ICS-0134_panasonic_fp7-series-plc-afp7cps31_SBOM.json,ICS-0134,"Panasonic Industry Co., Ltd.",FP7 Series PLC AFP7CPS31,plc,1,control-network,oil-and-gas-midstream,14,3,8,1,5,1,0,1,9.1
ICS-0135_keyence_kv-8000-plc-kv-7500_SBOM-CVE.json,ICS-0135_keyence_kv-8000-plc-kv-7500_SBOM.json,ICS-0135,KEYENCE Corporation,KV-8000 PLC KV-7500,plc,1,dmz-routable,pharmaceutical,15,8,18,7,8,2,0,1,10.0
ICS-0136_fuji_micrex-sx-plc-np1pm-256e_SBOM-CVE.json,ICS-0136_fuji_micrex-sx-plc-np1pm-256e_SBOM.json,ICS-0136,Fuji Electric,MICREX-SX PLC NP1PM-256E,plc,1,dmz-routable,steel-and-metals,14,4,11,8,1,0,0,2,10.0
ICS-0137_codesys_codesys-control-runtime-for-plcnext-sl_SBOM-CVE.json,ICS-0137_codesys_codesys-control-runtime-for-plcnext-sl_SBOM.json,ICS-0137,CODESYS GmbH,CODESYS Control Runtime for PLCnext SL,plc-runtime,1,dmz-routable,manufacturing-process,18,3,8,1,5,2,0,0,9.8
ICS-0138_abb_rtu560-telecontrol-unit-560cmr01_SBOM-CVE.json,ICS-0138_abb_rtu560-telecontrol-unit-560cmr01_SBOM.json,ICS-0138,ABB Ltd,RTU560 Telecontrol Unit 560CMR01,rtu,1,remote-accessible,oil-and-gas-midstream,21,8,15,0,8,7,0,0,8.8
ICS-0139_schneider_scadapack-rtu-535e_SBOM-CVE.json,ICS-0139_schneider_scadapack-rtu-535e_SBOM.json,ICS-0139,Schneider Electric,SCADAPack RTU 535E,rtu,1,remote-accessible,food-and-beverage,21,5,13,2,9,1,0,1,9.8
ICS-0140_ge_d20-mx-substation-controller-d20eme_SBOM-CVE.json,ICS-0140_ge_d20-mx-substation-controller-d20eme_SBOM.json,ICS-0140,GE Vernova,D20 MX Substation Controller D20EME,rtu,1,remote-accessible,oil-and-gas-upstream,16,3,6,0,2,2,1,1,8.1
ICS-0141_siemens_sicam-a8000-rtu-cp-8031_SBOM-CVE.json,ICS-0141_siemens_sicam-a8000-rtu-cp-8031_SBOM.json,ICS-0141,Siemens AG,SICAM A8000 RTU CP-8031,rtu,1,isolated-cell,wastewater,17,7,13,2,6,5,0,0,9.1
ICS-0142_hitachi-energy_rtu500-series-rtu520_SBOM-CVE.json,ICS-0142_hitachi-energy_rtu500-series-rtu520_SBOM.json,ICS-0142,Hitachi Energy,RTU500 Series RTU520,rtu,1,isolated-cell,chemical,15,3,8,2,4,0,0,2,9.8
ICS-0143_moxa_iopac-programmable-controller-8500-c-t_SBOM-CVE.json,ICS-0143_moxa_iopac-programmable-controller-8500-c-t_SBOM.json,ICS-0143,Moxa Inc.,ioPAC Programmable Controller 8500-C-T,rtu,1,dmz-routable,pharmaceutical,20,5,12,2,8,2,0,0,9.8
ICS-0144_red-lion_data-station-plus-rtu-dspzr000_SBOM-CVE.json,ICS-0144_red-lion_data-station-plus-rtu-dspzr000_SBOM.json,ICS-0144,Red Lion Controls,Data Station Plus RTU DSPZR000,rtu,1,dmz-routable,pharmaceutical,19,7,16,4,8,4,0,0,9.8
ICS-0145_sel_sel-451-protection-system-451-1_SBOM-CVE.json,ICS-0145_sel_sel-451-protection-system-451-1_SBOM.json,ICS-0145,Schweitzer Engineering Laboratories,SEL-451 Protection System 451-1,ied,1,isolated-cell,wastewater,16,5,12,2,4,4,0,2,9.1
ICS-0146_sel_sel-3530-rtac-3530-4_SBOM-CVE.json,ICS-0146_sel_sel-3530-rtac-3530-4_SBOM.json,ICS-0146,Schweitzer Engineering Laboratories,SEL-3530 RTAC 3530-4,ied,1,dmz-routable,power-distribution,16,5,10,0,6,4,0,0,8.8
ICS-0147_hitachi-energy_ref615-feeder-protection-relay-ref620_SBOM-CVE.json,ICS-0147_hitachi-energy_ref615-feeder-protection-relay-ref620_SBOM.json,ICS-0147,Hitachi Energy,REF615 Feeder Protection Relay REF620,ied,1,isolated-cell,power-distribution,17,6,14,4,5,3,0,2,10.0
ICS-0148_siemens_siprotec-5-protection-relay-7sl86_SBOM-CVE.json,ICS-0148_siemens_siprotec-5-protection-relay-7sl86_SBOM.json,ICS-0148,Siemens AG,SIPROTEC 5 Protection Relay 7SL86,ied,1,control-network,power-generation,14,3,6,4,1,1,0,0,9.8
ICS-0149_ge_multilin-ur-relay-c60_SBOM-CVE.json,ICS-0149_ge_multilin-ur-relay-c60_SBOM.json,ICS-0149,GE Vernova,Multilin UR Relay C60,ied,1,remote-accessible,semiconductor-fab,18,6,14,6,5,1,0,2,9.8
ICS-0150_schneider_easergy-p3-protection-relay-p3l30_SBOM-CVE.json,ICS-0150_schneider_easergy-p3-protection-relay-p3l30_SBOM.json,ICS-0150,Schneider Electric,Easergy P3 Protection Relay P3L30,ied,1,isolated-cell,transportation-rail,16,5,11,4,7,0,0,0,9.8
ICS-0151_nari_pcs-9611-feeder-protection-pcs-9705_SBOM-CVE.json,ICS-0151_nari_pcs-9611-feeder-protection-pcs-9705_SBOM.json,ICS-0151,NARI Technology,PCS-9611 Feeder Protection PCS-9705,ied,1,control-network,transportation-metro,14,3,7,4,2,1,0,0,9.8
ICS-0152_hd-hyundai_higen-protection-relay-hgr-200_SBOM-CVE.json,ICS-0152_hd-hyundai_higen-protection-relay-hgr-200_SBOM.json,ICS-0152,HD Hyundai Electric,HiGEN Protection Relay HGR-200,ied,1,remote-accessible,automotive,13,4,10,6,3,0,0,1,9.8
ICS-0153_siemens_simatic-hmi-comfort-panel-tp1500_SBOM-CVE.json,ICS-0153_siemens_simatic-hmi-comfort-panel-tp1500_SBOM.json,ICS-0153,Siemens AG,SIMATIC HMI Comfort Panel TP1500,hmi,2,dmz-routable,transportation-metro,15,5,12,2,8,2,0,0,9.8
ICS-0154_rockwell_panelview-plus-terminal-7-performance-1500_SBOM-CVE.json,ICS-0154_rockwell_panelview-plus-terminal-7-performance-1500_SBOM.json,ICS-0154,Rockwell Automation,PanelView Plus Terminal 7 Performance 1500,hmi,2,dmz-routable,port-and-logistics,15,6,14,3,6,5,0,0,9.8
ICS-0155_schneider_magelis-gtu-hmi-hmidt551_SBOM-CVE.json,ICS-0155_schneider_magelis-gtu-hmi-hmidt551_SBOM.json,ICS-0155,Schneider Electric,Magelis GTU HMI HMIDT551,hmi,2,remote-accessible,power-transmission,15,5,12,1,7,4,0,0,9.8
ICS-0156_mitsubishi_got2000-graphic-terminal-gt2510-vtba_SBOM-CVE.json,ICS-0156_mitsubishi_got2000-graphic-terminal-gt2510-vtba_SBOM.json,ICS-0156,Mitsubishi Electric,GOT2000 Graphic Terminal GT2510-VTBA,hmi,2,dmz-routable,manufacturing-process,19,8,18,7,7,3,0,1,10.0
ICS-0157_advantech_webop-operator-panel-wop-3070t_SBOM-CVE.json,ICS-0157_advantech_webop-operator-panel-wop-3070t_SBOM.json,ICS-0157,"Advantech Co., Ltd.",WebOP Operator Panel WOP-3070T,hmi,2,isolated-cell,pharmaceutical,18,7,18,4,10,4,0,0,9.8
ICS-0158_delta_dop-100-hmi-dop-110cs_SBOM-CVE.json,ICS-0158_delta_dop-100-hmi-dop-110cs_SBOM.json,ICS-0158,Delta Electronics,DOP-100 HMI DOP-110CS,hmi,2,dmz-routable,power-transmission,17,5,11,5,3,3,0,0,9.8
ICS-0159_omron_na-series-hmi-na5-9w_SBOM-CVE.json,ICS-0159_omron_na-series-hmi-na5-9w_SBOM.json,ICS-0159,OMRON Corporation,NA Series HMI NA5-9W,hmi,2,remote-accessible,oil-and-gas-midstream,16,4,10,2,5,3,0,0,9.8
ICS-0160_pilz_pmi-operator-terminal-pmi-v812_SBOM-CVE.json,ICS-0160_pilz_pmi-operator-terminal-pmi-v812_SBOM.json,ICS-0160,Pilz GmbH,PMI Operator Terminal PMI v812,hmi,2,isolated-cell,power-distribution,16,7,14,4,7,1,1,1,9.8
ICS-0161_aveva_aveva-plant-scada-2023_SBOM-CVE.json,ICS-0161_aveva_aveva-plant-scada-2023_SBOM.json,ICS-0161,AVEVA Group plc,AVEVA Plant SCADA 2023,scada-server,2,control-network,district-heating,16,3,8,1,5,2,0,0,9.8
ICS-0162_inductive_ignition-scada-platform-8-1-edge_SBOM-CVE.json,ICS-0162_inductive_ignition-scada-platform-8-1-edge_SBOM.json,ICS-0162,Inductive Automation,Ignition SCADA Platform 8.1 Edge,scada-server,2,remote-accessible,food-and-beverage,16,3,7,1,4,2,0,0,9.8
ICS-0163_copadata_zenon-supervisor-11_SBOM-CVE.json,ICS-0163_copadata_zenon-supervisor-11_SBOM.json,ICS-0163,COPA-DATA GmbH,zenon Supervisor 11,scada-server,2,isolated-cell,power-generation,18,7,18,3,13,2,0,0,9.8
ICS-0164_siemens_simatic-wincc-v8-0_SBOM-CVE.json,ICS-0164_siemens_simatic-wincc-v8-0_SBOM.json,ICS-0164,Siemens AG,SIMATIC WinCC V8.0,scada-server,2,dmz-routable,manufacturing-discrete,13,4,7,0,4,3,0,0,8.1
ICS-0165_ge_cimplicity-hmi-scada-2022_SBOM-CVE.json,ICS-0165_ge_cimplicity-hmi-scada-2022_SBOM.json,ICS-0165,GE Vernova,CIMPLICITY HMI/SCADA 2022,scada-server,2,dmz-routable,petrochemical,15,5,12,1,9,2,0,0,9.8
ICS-0166_schneider_ecostruxure-geo-scada-expert-2022_SBOM-CVE.json,ICS-0166_schneider_ecostruxure-geo-scada-expert-2022_SBOM.json,ICS-0166,Schneider Electric,EcoStruxure Geo SCADA Expert 2022,scada-server,2,remote-accessible,pharmaceutical,18,6,16,5,8,3,0,0,9.8
ICS-0167_rockwell_factorytalk-view-se-13-00_SBOM-CVE.json,ICS-0167_rockwell_factorytalk-view-se-13-00_SBOM.json,ICS-0167,Rockwell Automation,FactoryTalk View SE 13.00,scada-server,2,control-network,chemical,12,4,11,2,8,1,0,0,9.8
ICS-0168_aveva_aveva-historian-2023_SBOM-CVE.json,ICS-0168_aveva_aveva-historian-2023_SBOM.json,ICS-0168,AVEVA Group plc,AVEVA Historian 2023,historian,3,isolated-cell,manufacturing-discrete,15,3,9,1,7,1,0,0,9.8
ICS-0169_ge_proficy-historian-2023_SBOM-CVE.json,ICS-0169_ge_proficy-historian-2023_SBOM.json,ICS-0169,GE Vernova,Proficy Historian 2023,historian,3,control-network,power-transmission,11,4,8,1,3,4,0,0,9.8
ICS-0170_honeywell_uniformance-phd-historian-r400_SBOM-CVE.json,ICS-0170_honeywell_uniformance-phd-historian-r400_SBOM.json,ICS-0170,Honeywell International,Uniformance PHD Historian R400,historian,3,control-network,water-treatment,13,3,5,1,4,0,0,0,9.8
ICS-0171_emerson_deltav-continuous-historian-14-lts_SBOM-CVE.json,ICS-0171_emerson_deltav-continuous-historian-14-lts_SBOM.json,ICS-0171,Emerson Electric,DeltaV Continuous Historian 14.LTS,historian,3,control-network,port-and-logistics,16,4,9,2,5,2,0,0,9.8
ICS-0172_yokogawa_exaquantum-plant-information-system-r3-15_SBOM-CVE.json,ICS-0172_yokogawa_exaquantum-plant-information-system-r3-15_SBOM.json,ICS-0172,Yokogawa Electric,Exaquantum Plant Information System R3.15,historian,3,remote-accessible,port-and-logistics,17,4,11,2,6,3,0,0,9.8
ICS-0173_siemens_tia-portal-engineering-suite-v18_SBOM-CVE.json,ICS-0173_siemens_tia-portal-engineering-suite-v18_SBOM.json,ICS-0173,Siemens AG,TIA Portal Engineering Suite V18,engineering-workstation,3,control-network,oil-and-gas-upstream,15,5,10,2,5,3,0,0,9.8
ICS-0174_rockwell_studio-5000-logix-designer-33-00_SBOM-CVE.json,ICS-0174_rockwell_studio-5000-logix-designer-33-00_SBOM.json,ICS-0174,Rockwell Automation,Studio 5000 Logix Designer 33.00,engineering-workstation,3,remote-accessible,steel-and-metals,11,4,11,5,4,2,0,0,9.8
ICS-0175_schneider_ecostruxure-control-expert-v16-0_SBOM-CVE.json,ICS-0175_schneider_ecostruxure-control-expert-v16-0_SBOM.json,ICS-0175,Schneider Electric,EcoStruxure Control Expert V16.0,engineering-workstation,3,dmz-routable,power-generation,18,7,18,6,10,2,0,0,9.8
ICS-0176_mitsubishi_gx-works3-engineering-tool-1-090u_SBOM-CVE.json,ICS-0176_mitsubishi_gx-works3-engineering-tool-1-090u_SBOM.json,ICS-0176,Mitsubishi Electric,GX Works3 Engineering Tool 1.090U,engineering-workstation,3,isolated-cell,water-treatment,14,4,6,2,2,2,0,0,9.8
ICS-0177_codesys_codesys-development-system-v3-5-sp18_SBOM-CVE.json,ICS-0177_codesys_codesys-development-system-v3-5-sp18_SBOM.json,ICS-0177,CODESYS GmbH,CODESYS Development System V3.5 SP18,engineering-workstation,3,isolated-cell,steel-and-metals,19,8,18,3,9,6,0,0,9.8
ICS-0178_abb_automation-builder-2-6_SBOM-CVE.json,ICS-0178_abb_automation-builder-2-6_SBOM.json,ICS-0178,ABB Ltd,Automation Builder 2.6,engineering-workstation,3,isolated-cell,food-and-beverage,14,5,12,4,6,2,0,0,9.8
ICS-0179_emerson_deltav-md-plus-controller-sx_SBOM-CVE.json,ICS-0179_emerson_deltav-md-plus-controller-sx_SBOM.json,ICS-0179,Emerson Electric,DeltaV MD Plus Controller SX,dcs-controller,1,remote-accessible,transportation-metro,20,8,19,6,9,4,0,0,9.8
ICS-0180_honeywell_experion-c300-controller-c200e_SBOM-CVE.json,ICS-0180_honeywell_experion-c300-controller-c200e_SBOM.json,ICS-0180,Honeywell International,Experion C300 Controller C200E,dcs-controller,1,remote-accessible,oil-and-gas-midstream,21,7,18,5,12,1,0,0,9.8
ICS-0181_yokogawa_centum-vp-field-control-station-afv10d_SBOM-CVE.json,ICS-0181_yokogawa_centum-vp-field-control-station-afv10d_SBOM.json,ICS-0181,Yokogawa Electric,CENTUM VP Field Control Station AFV10D,dcs-controller,1,remote-accessible,wastewater,15,4,11,5,6,0,0,0,10.0
ICS-0182_abb_ac-800m-controller-pm891_SBOM-CVE.json,ICS-0182_abb_ac-800m-controller-pm891_SBOM.json,ICS-0182,ABB Ltd,AC 800M Controller PM891,dcs-controller,1,control-network,oil-and-gas-midstream,19,7,17,6,9,2,0,0,9.8
ICS-0183_siemens_simatic-pcs-7-as-controller-as-417-4_SBOM-CVE.json,ICS-0183_siemens_simatic-pcs-7-as-controller-as-417-4_SBOM.json,ICS-0183,Siemens AG,SIMATIC PCS 7 AS Controller AS 417-4,dcs-controller,1,control-network,power-distribution,15,4,11,2,5,2,0,2,9.8
ICS-0184_hitachi-energy_symphony-plus-hpc800-brc410_SBOM-CVE.json,ICS-0184_hitachi-energy_symphony-plus-hpc800-brc410_SBOM.json,ICS-0184,Hitachi Energy,Symphony Plus HPC800 BRC410,dcs-controller,1,dmz-routable,power-generation,19,6,13,3,6,4,0,0,9.8
ICS-0185_schneider_triconex-tricon-cx-controller-trident-3_SBOM-CVE.json,ICS-0185_schneider_triconex-tricon-cx-controller-trident-3_SBOM.json,ICS-0185,Schneider Electric,Triconex Tricon CX Controller Trident 3,sis-logic-solver,1,isolated-cell,petrochemical,15,5,10,2,2,4,0,2,9.1
ICS-0186_hima_himax-safety-controller-x-cpu-01_SBOM-CVE.json,ICS-0186_hima_himax-safety-controller-x-cpu-01_SBOM.json,ICS-0186,HIMA Paul Hildebrandt GmbH,HIMax Safety Controller X-CPU 01,sis-logic-solver,1,remote-accessible,oil-and-gas-midstream,15,4,11,8,1,0,0,2,10.0
ICS-0187_pilz_pss-4000-safety-controller-pssu-h-fs_SBOM-CVE.json,ICS-0187_pilz_pss-4000-safety-controller-pssu-h-fs_SBOM.json,ICS-0187,Pilz GmbH,PSS 4000 Safety Controller PSSu H FS,sis-logic-solver,1,isolated-cell,pharmaceutical,17,4,10,4,5,1,0,0,9.8
ICS-0188_siemens_simatic-s7-1500f-safety-cpu-1516f-3-pn-dp_SBOM-CVE.json,ICS-0188_siemens_simatic-s7-1500f-safety-cpu-1516f-3-pn-dp_SBOM.json,ICS-0188,Siemens AG,SIMATIC S7-1500F Safety CPU 1516F-3 PN/DP,sis-logic-solver,1,control-network,food-and-beverage,12,3,9,6,0,3,0,0,10.0
ICS-0189_rockwell_guardlogix-safety-controller-1756-l83es_SBOM-CVE.json,ICS-0189_rockwell_guardlogix-safety-controller-1756-l83es_SBOM.json,ICS-0189,Rockwell Automation,GuardLogix Safety Controller 1756-L83ES,sis-logic-solver,1,dmz-routable,power-transmission,11,4,7,0,1,6,0,0,7.3
ICS-0190_moxa_mgate-protocol-gateway-5119_SBOM-CVE.json,ICS-0190_moxa_mgate-protocol-gateway-5119_SBOM.json,ICS-0190,Moxa Inc.,MGate Protocol Gateway 5119,protocol-gateway,3.5,control-network,transportation-metro,15,4,10,3,5,2,0,0,9.8
ICS-0191_softing_edgeaggregator-gateway-ea-300_SBOM-CVE.json,ICS-0191_softing_edgeaggregator-gateway-ea-300_SBOM.json,ICS-0191,Softing Industrial Automation,edgeAggregator Gateway EA-300,protocol-gateway,3.5,dmz-routable,building-automation,22,10,24,6,13,4,0,1,9.8
ICS-0192_advantech_ecu-1251-edge-gateway-ecu-1051_SBOM-CVE.json,ICS-0192_advantech_ecu-1251-edge-gateway-ecu-1051_SBOM.json,ICS-0192,"Advantech Co., Ltd.",ECU-1251 Edge Gateway ECU-1051,protocol-gateway,3.5,dmz-routable,food-and-beverage,16,1,2,2,0,0,0,0,9.1
ICS-0193_phoenix_fl-mguard-security-appliance-rs2000_SBOM-CVE.json,ICS-0193_phoenix_fl-mguard-security-appliance-rs2000_SBOM.json,ICS-0193,Phoenix Contact,FL MGUARD Security Appliance RS2000,industrial-firewall,3.5,remote-accessible,pharmaceutical,16,6,15,3,6,6,0,0,9.8
ICS-0194_belden_eagle40-industrial-firewall-eagle30_SBOM-CVE.json,ICS-0194_belden_eagle40-industrial-firewall-eagle30_SBOM.json,ICS-0194,Belden / Hirschmann,EAGLE40 Industrial Firewall EAGLE30,industrial-firewall,3.5,control-network,wastewater,10,4,9,1,8,0,0,0,9.8
ICS-0195_belden_rsp-managed-switch-rsp20_SBOM-CVE.json,ICS-0195_belden_rsp-managed-switch-rsp20_SBOM.json,ICS-0195,Belden / Hirschmann,RSP Managed Switch RSP20,industrial-switch,2,remote-accessible,manufacturing-discrete,16,5,12,5,7,0,0,0,9.8
ICS-0196_westermo_lynx-dss-managed-switch-lynx-5612_SBOM-CVE.json,ICS-0196_westermo_lynx-dss-managed-switch-lynx-5612_SBOM.json,ICS-0196,Westermo Network Technologies,Lynx DSS Managed Switch Lynx-5612,industrial-switch,2,control-network,oil-and-gas-upstream,14,4,9,0,6,3,0,0,7.8
ICS-0197_moxa_eds-managed-ethernet-switch-eds-508a_SBOM-CVE.json,ICS-0197_moxa_eds-managed-ethernet-switch-eds-508a_SBOM.json,ICS-0197,Moxa Inc.,EDS Managed Ethernet Switch EDS-508A,industrial-switch,2,remote-accessible,water-treatment,16,6,16,3,9,4,0,0,9.8
ICS-0198_siemens_scalance-x-industrial-switch-x308-2_SBOM-CVE.json,ICS-0198_siemens_scalance-x-industrial-switch-x308-2_SBOM.json,ICS-0198,Siemens AG,SCALANCE X Industrial Switch X308-2,industrial-switch,2,dmz-routable,semiconductor-fab,19,8,20,4,10,6,0,0,9.8
ICS-0199_siemens_ruggedcom-rx1500-router-rx1400_SBOM-CVE.json,ICS-0199_siemens_ruggedcom-rx1500-router-rx1400_SBOM.json,ICS-0199,Siemens AG,RUGGEDCOM RX1500 Router RX1400,industrial-router,3.5,isolated-cell,power-transmission,16,7,18,5,9,4,0,0,9.8
ICS-0200_abb_acs880-industrial-drive-acs880-07_SBOM-CVE.json,ICS-0200_abb_acs880-industrial-drive-acs880-07_SBOM.json,ICS-0200,ABB Ltd,ACS880 Industrial Drive ACS880-07,vfd-drive,1,dmz-routable,steel-and-metals,19,8,17,9,8,0,0,0,9.8
ICS-0201_siemens_sinamics-s120-drive-cu310-2-pn_SBOM-CVE.json,ICS-0201_siemens_sinamics-s120-drive-cu310-2-pn_SBOM.json,ICS-0201,Siemens AG,SINAMICS S120 Drive CU310-2 PN,vfd-drive,1,isolated-cell,steel-and-metals,15,3,9,3,2,2,0,2,9.8
ICS-0202_danfoss_vlt-automationdrive-fc-102_SBOM-CVE.json,ICS-0202_danfoss_vlt-automationdrive-fc-102_SBOM.json,ICS-0202,Danfoss A/S,VLT AutomationDrive FC-102,vfd-drive,1,dmz-routable,manufacturing-discrete,19,6,15,9,6,0,0,0,10.0
ICS-0203_rockwell_powerflex-755-drive-755t_SBOM-CVE.json,ICS-0203_rockwell_powerflex-755-drive-755t_SBOM.json,ICS-0203,Rockwell Automation,PowerFlex 755 Drive 755T,vfd-drive,1,dmz-routable,power-transmission,15,6,10,2,7,1,0,0,9.1
ICS-0204_bosch-rexroth_indradrive-controller-hcs02_SBOM-CVE.json,ICS-0204_bosch-rexroth_indradrive-controller-hcs02_SBOM.json,ICS-0204,Bosch Rexroth AG,IndraDrive Controller HCS02,motion-controller,1,control-network,power-distribution,21,7,14,7,3,2,0,2,10.0
ICS-0205_bosch-rexroth_indramotion-mlc-xm42_SBOM-CVE.json,ICS-0205_bosch-rexroth_indramotion-mlc-xm42_SBOM.json,ICS-0205,Bosch Rexroth AG,IndraMotion MLC XM42,motion-controller,1,control-network,transportation-metro,16,6,13,3,6,3,1,0,9.8
ICS-0206_fuji_frenic-ace-inverter-frn0012e2s_SBOM-CVE.json,ICS-0206_fuji_frenic-ace-inverter-frn0012e2s_SBOM.json,ICS-0206,Fuji Electric,FRENIC-Ace Inverter FRN0012E2S,vfd-drive,1,remote-accessible,petrochemical,12,4,9,5,2,0,0,2,10.0
ICS-0207_mitsubishi_melfa-robot-controller-cr800-r_SBOM-CVE.json,ICS-0207_mitsubishi_melfa-robot-controller-cr800-r_SBOM.json,ICS-0207,Mitsubishi Electric,MELFA Robot Controller CR800-R,robot-controller,1,isolated-cell,port-and-logistics,17,5,10,1,8,1,0,0,9.8
ICS-0208_abb_irc5-robot-controller-irc5-single_SBOM-CVE.json,ICS-0208_abb_irc5-robot-controller-irc5-single_SBOM.json,ICS-0208,ABB Ltd,IRC5 Robot Controller IRC5 Single,robot-controller,1,remote-accessible,power-distribution,15,7,18,8,7,3,0,0,9.8
ICS-0209_keyence_cnc-motion-unit-mc-2_SBOM-CVE.json,ICS-0209_keyence_cnc-motion-unit-mc-2_SBOM.json,ICS-0209,KEYENCE Corporation,CNC Motion Unit MC-2,cnc-controller,1,control-network,power-transmission,14,6,15,5,6,2,0,2,10.0
ICS-0210_mitsubishi_m800-cnc-controller-m850w_SBOM-CVE.json,ICS-0210_mitsubishi_m800-cnc-controller-m850w_SBOM.json,ICS-0210,Mitsubishi Electric,M800 CNC Controller M850W,cnc-controller,1,control-network,pharmaceutical,16,4,12,2,6,3,0,1,9.8
ICS-0211_emerson_rosemount-3051s-transmitter-3051smv_SBOM-CVE.json,ICS-0211_emerson_rosemount-3051s-transmitter-3051smv_SBOM.json,ICS-0211,Emerson Electric,Rosemount 3051S Transmitter 3051SMV,field-transmitter,0,isolated-cell,manufacturing-discrete,12,4,10,1,3,4,0,2,9.1
ICS-0212_yokogawa_eja-e-series-transmitter-eja430e_SBOM-CVE.json,ICS-0212_yokogawa_eja-e-series-transmitter-eja430e_SBOM.json,ICS-0212,Yokogawa Electric,EJA-E Series Transmitter EJA430E,field-transmitter,0,isolated-cell,water-treatment,10,4,8,2,3,3,0,0,9.1
ICS-0213_honeywell_smartline-st800-transmitter-st700_SBOM-CVE.json,ICS-0213_honeywell_smartline-st800-transmitter-st700_SBOM.json,ICS-0213,Honeywell International,SmartLine ST800 Transmitter ST700,field-transmitter,0,dmz-routable,water-treatment,10,3,4,0,3,1,0,0,8.1
ICS-0214_abb_merging-unit-sam600-sam600-ct_SBOM-CVE.json,ICS-0214_abb_merging-unit-sam600-sam600-ct_SBOM.json,ICS-0214,ABB Ltd,Merging Unit SAM600 SAM600-CT,merging-unit,0,remote-accessible,district-heating,17,5,12,8,2,0,0,2,10.0
ICS-0215_schneider_powerlogic-ion9000-meter-ion7650_SBOM-CVE.json,ICS-0215_schneider_powerlogic-ion9000-meter-ion7650_SBOM.json,ICS-0215,Schneider Electric,PowerLogic ION9000 Meter ION7650,power-meter,1,control-network,petrochemical,18,5,8,1,4,3,0,0,9.8
ICS-0216_ge_epm-9900-power-meter-epm7000_SBOM-CVE.json,ICS-0216_ge_epm-9900-power-meter-epm7000_SBOM.json,ICS-0216,GE Vernova,EPM 9900 Power Meter EPM7000,power-meter,1,isolated-cell,oil-and-gas-upstream,14,4,8,1,6,1,0,0,9.8
ICS-0217_ptc_kepserverex-connectivity-platform-6-13_SBOM-CVE.json,ICS-0217_ptc_kepserverex-connectivity-platform-6-13_SBOM.json,ICS-0217,PTC Inc.,KEPServerEX Connectivity Platform 6.13,opc-server,3,isolated-cell,power-distribution,17,4,10,2,6,2,0,0,9.8
ICS-0218_softing_datafeed-opc-suite-v5-22_SBOM-CVE.json,ICS-0218_softing_datafeed-opc-suite-v5-22_SBOM.json,ICS-0218,Softing Industrial Automation,dataFEED OPC Suite V5.22,opc-server,3,isolated-cell,pulp-and-paper,17,5,13,5,7,1,0,0,9.8
ICS-0219_aveva_aveva-opc-ua-server-2023_SBOM-CVE.json,ICS-0219_aveva_aveva-opc-ua-server-2023_SBOM.json,ICS-0219,AVEVA Group plc,AVEVA OPC UA Server 2023,opc-server,3,isolated-cell,manufacturing-process,12,3,6,0,5,1,0,0,7.5
ICS-0220_honeywell_excel-web-ii-bacnet-controller-xl1000c1000_SBOM-CVE.json,ICS-0220_honeywell_excel-web-ii-bacnet-controller-xl1000c1000_SBOM.json,ICS-0220,Honeywell International,Excel Web II BACnet Controller XL1000C1000,bas-controller,1,control-network,district-heating,17,9,18,4,8,4,1,1,9.8
ICS-0221_siemens_desigo-pxc-automation-station-pxc200-e-d_SBOM-CVE.json,ICS-0221_siemens_desigo-pxc-automation-station-pxc200-e-d_SBOM.json,ICS-0221,Siemens AG,Desigo PXC Automation Station PXC200-E.D,bas-controller,1,dmz-routable,district-heating,11,3,5,0,4,1,0,0,7.5
ICS-0222_schneider_smartx-as-p-controller-as-b_SBOM-CVE.json,ICS-0222_schneider_smartx-as-p-controller-as-b_SBOM.json,ICS-0222,Schneider Electric,SmartX AS-P Controller AS-B,bas-controller,1,remote-accessible,semiconductor-fab,13,4,7,1,4,2,0,0,9.8
ICS-0223_delta_ez-building-controller-ezns-500_SBOM-CVE.json,ICS-0223_delta_ez-building-controller-ezns-500_SBOM.json,ICS-0223,Delta Electronics,eZ Building Controller eZNS-500,bas-controller,1,control-network,district-heating,13,3,7,1,5,1,0,0,9.8
ICS-0224_phoenix_radioline-wireless-gateway-rad-900_SBOM-CVE.json,ICS-0224_phoenix_radioline-wireless-gateway-rad-900_SBOM.json,ICS-0224,Phoenix Contact,Radioline Wireless Gateway RAD-900,wireless-gateway,1,isolated-cell,building-automation,11,5,9,6,3,0,0,0,9.8
ICS-0225_moxa_awk-industrial-wireless-ap-awk-4131a_SBOM-CVE.json,ICS-0225_moxa_awk-industrial-wireless-ap-awk-4131a_SBOM.json,ICS-0225,Moxa Inc.,AWK Industrial Wireless AP AWK-4131A,wireless-gateway,2,isolated-cell,water-treatment,18,8,18,4,11,3,0,0,9.8
ICS-0226_emerson_wireless-1420-gateway-1410s_SBOM-CVE.json,ICS-0226_emerson_wireless-1420-gateway-1410s_SBOM.json,ICS-0226,Emerson Electric,Wireless 1420 Gateway 1410S,wireless-gateway,1,isolated-cell,chemical,13,5,10,2,6,2,0,0,9.8
ICS-0227_siemens_simatic-s7-1500-cpu-1516-3-pn-dp_SBOM-CVE.json,ICS-0227_siemens_simatic-s7-1500-cpu-1516-3-pn-dp_SBOM.json,ICS-0227,Siemens AG,SIMATIC S7-1500 CPU 1516-3 PN/DP,plc,1,isolated-cell,manufacturing-process,18,7,17,4,9,3,0,1,9.8
ICS-0228_siemens_simatic-s7-1200-cpu-1215c_SBOM-CVE.json,ICS-0228_siemens_simatic-s7-1200-cpu-1215c_SBOM.json,ICS-0228,Siemens AG,SIMATIC S7-1200 CPU 1215C,plc,1,remote-accessible,manufacturing-process,16,6,12,2,4,6,0,0,9.8
ICS-0229_siemens_simatic-s7-400-cpu-417-4h_SBOM-CVE.json,ICS-0229_siemens_simatic-s7-400-cpu-417-4h_SBOM.json,ICS-0229,Siemens AG,SIMATIC S7-400 CPU 417-4H,plc,1,dmz-routable,manufacturing-discrete,14,5,10,2,8,0,0,0,9.8
ICS-0230_rockwell_controllogix-controller-1756-l81e_SBOM-CVE.json,ICS-0230_rockwell_controllogix-controller-1756-l81e_SBOM.json,ICS-0230,Rockwell Automation,ControlLogix Controller 1756-L81E,plc,1,remote-accessible,chemical,19,7,16,4,6,5,0,1,9.8
ICS-0231_rockwell_compactlogix-controller-5370-l33er_SBOM-CVE.json,ICS-0231_rockwell_compactlogix-controller-5370-l33er_SBOM.json,ICS-0231,Rockwell Automation,CompactLogix Controller 5370-L33ER,plc,1,control-network,pulp-and-paper,15,7,17,7,5,5,0,0,9.8
ICS-0232_rockwell_micrologix-controller-1200-e_SBOM-CVE.json,ICS-0232_rockwell_micrologix-controller-1200-e_SBOM.json,ICS-0232,Rockwell Automation,MicroLogix Controller 1200-E,plc,1,dmz-routable,semiconductor-fab,14,5,10,1,6,3,0,0,9.1
ICS-0233_schneider_modicon-m340-controller-bmxp342030_SBOM-CVE.json,ICS-0233_schneider_modicon-m340-controller-bmxp342030_SBOM.json,ICS-0233,Schneider Electric,Modicon M340 Controller BMXP342030,plc,1,remote-accessible,building-automation,20,9,23,11,6,6,0,0,9.8
ICS-0234_schneider_modicon-m580-epac-bmeh586040_SBOM-CVE.json,ICS-0234_schneider_modicon-m580-epac-bmeh586040_SBOM.json,ICS-0234,Schneider Electric,Modicon M580 ePAC BMEH586040,plc,1,remote-accessible,semiconductor-fab,22,8,18,2,11,5,0,0,9.8
ICS-0235_mitsubishi_melsec-iq-r-cpu-r16cpu_SBOM-CVE.json,ICS-0235_mitsubishi_melsec-iq-r-cpu-r16cpu_SBOM.json,ICS-0235,Mitsubishi Electric,MELSEC iQ-R CPU R16CPU,plc,1,control-network,food-and-beverage,18,8,20,8,4,7,0,1,10.0
ICS-0236_mitsubishi_melsec-q-series-cpu-q13udh_SBOM-CVE.json,ICS-0236_mitsubishi_melsec-q-series-cpu-q13udh_SBOM.json,ICS-0236,Mitsubishi Electric,MELSEC-Q Series CPU Q13UDH,plc,1,isolated-cell,district-heating,13,2,6,3,1,0,0,2,9.8
ICS-0237_omron_sysmac-nj-machine-controller-nj501-1500_SBOM-CVE.json,ICS-0237_omron_sysmac-nj-machine-controller-nj501-1500_SBOM.json,ICS-0237,OMRON Corporation,SYSMAC NJ Machine Controller NJ501-1500,plc,1,control-network,water-treatment,12,5,13,6,4,1,0,2,10.0
ICS-0238_omron_sysmac-cj2-plc-cj2h-cpu68_SBOM-CVE.json,ICS-0238_omron_sysmac-cj2-plc-cj2h-cpu68_SBOM.json,ICS-0238,OMRON Corporation,SYSMAC CJ2 PLC CJ2H-CPU68,plc,1,isolated-cell,wastewater,16,6,13,4,8,0,0,1,9.8
ICS-0239_beckhoff_twincat-runtime-controller-cx2043_SBOM-CVE.json,ICS-0239_beckhoff_twincat-runtime-controller-cx2043_SBOM.json,ICS-0239,Beckhoff Automation,TwinCAT Runtime Controller CX2043,plc,1,isolated-cell,food-and-beverage,16,4,8,1,6,1,0,0,9.8
ICS-0240_wago_pfc200-controller-750-8212_SBOM-CVE.json,ICS-0240_wago_pfc200-controller-750-8212_SBOM.json,ICS-0240,WAGO GmbH,PFC200 Controller 750-8212,plc,1,remote-accessible,wastewater,22,8,18,3,9,4,2,0,9.8
ICS-0241_phoenix_axc-f-2152-controller-axc-f-1152_SBOM-CVE.json,ICS-0241_phoenix_axc-f-2152-controller-axc-f-1152_SBOM.json,ICS-0241,Phoenix Contact,AXC F 2152 Controller AXC-F-1152,plc,1,remote-accessible,pharmaceutical,19,6,13,2,10,1,0,0,9.8
ICS-0242_br_x20-controller-x20cp0484_SBOM-CVE.json,ICS-0242_br_x20-controller-x20cp0484_SBOM.json,ICS-0242,B&R Industrial Automation,X20 Controller X20CP0484,plc,1,control-network,district-heating,16,6,12,5,5,0,0,2,9.8
ICS-0243_ls-electric_xgt-plc-cpu-xgr-cpuh_SBOM-CVE.json,ICS-0243_ls-electric_xgt-plc-cpu-xgr-cpuh_SBOM.json,ICS-0243,LS ELECTRIC,XGT PLC CPU XGR-CPUH,plc,1,control-network,chemical,11,5,14,8,5,0,0,1,10.0
ICS-0244_delta_as-series-plc-as324mt-a_SBOM-CVE.json,ICS-0244_delta_as-series-plc-as324mt-a_SBOM.json,ICS-0244,Delta Electronics,AS Series PLC AS324MT-A,plc,1,isolated-cell,oil-and-gas-upstream,17,4,10,3,6,0,0,1,9.8
ICS-0245_unitronics_unistream-plc-usc-b10-t24_SBOM-CVE.json,ICS-0245_unitronics_unistream-plc-usc-b10-t24_SBOM.json,ICS-0245,Unitronics,UniStream PLC USC-B10-T24,plc,1,dmz-routable,building-automation,21,6,10,2,6,2,0,0,9.8
ICS-0246_idec_microsmart-fc6a-plc-fc6a-c24r2c_SBOM-CVE.json,ICS-0246_idec_microsmart-fc6a-plc-fc6a-c24r2c_SBOM.json,ICS-0246,IDEC Corporation,MicroSmart FC6A PLC FC6A-C24R2C,plc,1,dmz-routable,pharmaceutical,13,6,12,5,5,2,0,0,9.8
ICS-0247_panasonic_fp7-series-plc-afp7cps21_SBOM-CVE.json,ICS-0247_panasonic_fp7-series-plc-afp7cps21_SBOM.json,ICS-0247,"Panasonic Industry Co., Ltd.",FP7 Series PLC AFP7CPS21,plc,1,isolated-cell,steel-and-metals,11,4,8,2,4,0,0,2,9.8
ICS-0248_keyence_kv-8000-plc-kv-5500_SBOM-CVE.json,ICS-0248_keyence_kv-8000-plc-kv-5500_SBOM.json,ICS-0248,KEYENCE Corporation,KV-8000 PLC KV-5500,plc,1,remote-accessible,oil-and-gas-upstream,16,4,9,5,4,0,0,0,9.8
ICS-0249_fuji_micrex-sx-plc-np1ps-117r_SBOM-CVE.json,ICS-0249_fuji_micrex-sx-plc-np1ps-117r_SBOM.json,ICS-0249,Fuji Electric,MICREX-SX PLC NP1PS-117R,plc,1,isolated-cell,district-heating,14,4,7,1,4,1,0,1,9.1
ICS-0250_codesys_codesys-control-runtime-rte-v3_SBOM-CVE.json,ICS-0250_codesys_codesys-control-runtime-rte-v3_SBOM.json,ICS-0250,CODESYS GmbH,CODESYS Control Runtime RTE V3,plc-runtime,1,isolated-cell,pulp-and-paper,23,10,26,2,16,7,1,0,9.8
ICS-0251_abb_rtu560-telecontrol-unit-560cig10_SBOM-CVE.json,ICS-0251_abb_rtu560-telecontrol-unit-560cig10_SBOM.json,ICS-0251,ABB Ltd,RTU560 Telecontrol Unit 560CIG10,rtu,1,remote-accessible,port-and-logistics,15,4,8,2,1,4,0,1,9.1
ICS-0252_schneider_scadapack-rtu-570_SBOM-CVE.json,ICS-0252_schneider_scadapack-rtu-570_SBOM.json,ICS-0252,Schneider Electric,SCADAPack RTU 570,rtu,1,isolated-cell,power-generation,16,4,10,1,6,3,0,0,9.8
ICS-0253_ge_d20-mx-substation-controller-d400_SBOM-CVE.json,ICS-0253_ge_d20-mx-substation-controller-d400_SBOM.json,ICS-0253,GE Vernova,D20 MX Substation Controller D400,rtu,1,dmz-routable,power-generation,20,10,19,3,12,4,0,0,9.8
ICS-0254_siemens_sicam-a8000-rtu-cp-8000_SBOM-CVE.json,ICS-0254_siemens_sicam-a8000-rtu-cp-8000_SBOM.json,ICS-0254,Siemens AG,SICAM A8000 RTU CP-8000,rtu,1,isolated-cell,semiconductor-fab,20,9,20,7,11,2,0,0,9.8
ICS-0255_hitachi-energy_rtu500-series-rtu540_SBOM-CVE.json,ICS-0255_hitachi-energy_rtu500-series-rtu540_SBOM.json,ICS-0255,Hitachi Energy,RTU500 Series RTU540,rtu,1,dmz-routable,pharmaceutical,17,6,14,5,7,2,0,0,10.0
ICS-0256_moxa_iopac-programmable-controller-5542-c-t_SBOM-CVE.json,ICS-0256_moxa_iopac-programmable-controller-5542-c-t_SBOM.json,ICS-0256,Moxa Inc.,ioPAC Programmable Controller 5542-C-T,rtu,1,control-network,pulp-and-paper,15,6,12,3,6,3,0,0,9.8
ICS-0257_red-lion_data-station-plus-rtu-dspgt000_SBOM-CVE.json,ICS-0257_red-lion_data-station-plus-rtu-dspgt000_SBOM.json,ICS-0257,Red Lion Controls,Data Station Plus RTU DSPGT000,rtu,1,isolated-cell,semiconductor-fab,21,8,21,4,9,8,0,0,9.8
ICS-0258_sel_sel-451-protection-system-487e_SBOM-CVE.json,ICS-0258_sel_sel-451-protection-system-487e_SBOM.json,ICS-0258,Schweitzer Engineering Laboratories,SEL-451 Protection System 487E,ied,1,isolated-cell,building-automation,15,6,14,5,5,4,0,0,10.0
ICS-0259_sel_sel-3530-rtac-3555_SBOM-CVE.json,ICS-0259_sel_sel-3530-rtac-3555_SBOM.json,ICS-0259,Schweitzer Engineering Laboratories,SEL-3530 RTAC 3555,ied,1,isolated-cell,manufacturing-discrete,16,3,7,5,2,0,0,0,9.8
ICS-0260_hitachi-energy_ref615-feeder-protection-relay-red615_SBOM-CVE.json,ICS-0260_hitachi-energy_ref615-feeder-protection-relay-red615_SBOM.json,ICS-0260,Hitachi Energy,REF615 Feeder Protection Relay RED615,ied,1,isolated-cell,pharmaceutical,19,7,17,6,9,1,0,1,9.8
ICS-0261_siemens_siprotec-5-protection-relay-7ut85_SBOM-CVE.json,ICS-0261_siemens_siprotec-5-protection-relay-7ut85_SBOM.json,ICS-0261,Siemens AG,SIPROTEC 5 Protection Relay 7UT85,ied,1,dmz-routable,pharmaceutical,13,2,5,1,1,3,0,0,9.1
ICS-0262_ge_multilin-ur-relay-l90_SBOM-CVE.json,ICS-0262_ge_multilin-ur-relay-l90_SBOM.json,ICS-0262,GE Vernova,Multilin UR Relay L90,ied,1,control-network,power-transmission,15,3,6,0,1,5,0,0,8.1
ICS-0263_schneider_easergy-p3-protection-relay-p3f30_SBOM-CVE.json,ICS-0263_schneider_easergy-p3-protection-relay-p3f30_SBOM.json,ICS-0263,Schneider Electric,Easergy P3 Protection Relay P3F30,ied,1,control-network,power-generation,17,5,13,6,7,0,0,0,10.0
ICS-0264_nari_pcs-9611-feeder-protection-pcs-9671_SBOM-CVE.json,ICS-0264_nari_pcs-9611-feeder-protection-pcs-9671_SBOM.json,ICS-0264,NARI Technology,PCS-9611 Feeder Protection PCS-9671,ied,1,dmz-routable,port-and-logistics,16,5,12,6,3,3,0,0,9.8
ICS-0265_hd-hyundai_higen-protection-relay-hgr-300_SBOM-CVE.json,ICS-0265_hd-hyundai_higen-protection-relay-hgr-300_SBOM.json,ICS-0265,HD Hyundai Electric,HiGEN Protection Relay HGR-300,ied,1,remote-accessible,chemical,14,4,8,2,5,1,0,0,9.1
ICS-0266_siemens_simatic-hmi-comfort-panel-kp700_SBOM-CVE.json,ICS-0266_siemens_simatic-hmi-comfort-panel-kp700_SBOM.json,ICS-0266,Siemens AG,SIMATIC HMI Comfort Panel KP700,hmi,2,remote-accessible,transportation-metro,13,3,9,4,4,1,0,0,9.8
ICS-0267_rockwell_panelview-plus-terminal-6-compact-600_SBOM-CVE.json,ICS-0267_rockwell_panelview-plus-terminal-6-compact-600_SBOM.json,ICS-0267,Rockwell Automation,PanelView Plus Terminal 6 Compact 600,hmi,2,dmz-routable,oil-and-gas-upstream,12,4,10,3,7,0,0,0,9.8
ICS-0268_schneider_magelis-gtu-hmi-hmist6500_SBOM-CVE.json,ICS-0268_schneider_magelis-gtu-hmi-hmist6500_SBOM.json,ICS-0268,Schneider Electric,Magelis GTU HMI HMIST6500,hmi,2,control-network,steel-and-metals,17,5,8,4,2,2,0,0,9.8
ICS-0269_mitsubishi_got2000-graphic-terminal-gt2107-wtbd_SBOM-CVE.json,ICS-0269_mitsubishi_got2000-graphic-terminal-gt2107-wtbd_SBOM.json,ICS-0269,Mitsubishi Electric,GOT2000 Graphic Terminal GT2107-WTBD,hmi,2,remote-accessible,automotive,17,7,14,6,6,1,0,1,9.8
ICS-0270_advantech_webop-operator-panel-wop-2070t_SBOM-CVE.json,ICS-0270_advantech_webop-operator-panel-wop-2070t_SBOM.json,ICS-0270,"Advantech Co., Ltd.",WebOP Operator Panel WOP-2070T,hmi,2,remote-accessible,port-and-logistics,19,6,13,3,7,3,0,0,9.8
ICS-0271_delta_dop-100-hmi-dop-103bq_SBOM-CVE.json,ICS-0271_delta_dop-100-hmi-dop-103bq_SBOM.json,ICS-0271,Delta Electronics,DOP-100 HMI DOP-103BQ,hmi,2,control-network,food-and-beverage,17,8,19,8,8,1,0,2,9.8
ICS-0272_omron_na-series-hmi-na5-15w_SBOM-CVE.json,ICS-0272_omron_na-series-hmi-na5-15w_SBOM.json,ICS-0272,OMRON Corporation,NA Series HMI NA5-15W,hmi,2,control-network,chemical,16,3,8,2,5,1,0,0,9.8
ICS-0273_pilz_pmi-operator-terminal-pmi-5_SBOM-CVE.json,ICS-0273_pilz_pmi-operator-terminal-pmi-5_SBOM.json,ICS-0273,Pilz GmbH,PMI Operator Terminal PMI 5,hmi,2,isolated-cell,oil-and-gas-midstream,14,2,5,0,2,3,0,0,7.5
ICS-0274_aveva_aveva-plant-scada-2023-r2_SBOM-CVE.json,ICS-0274_aveva_aveva-plant-scada-2023-r2_SBOM.json,ICS-0274,AVEVA Group plc,AVEVA Plant SCADA 2023 R2,scada-server,2,control-network,power-generation,15,3,6,0,3,3,0,0,8.8
ICS-0275_inductive_ignition-scada-platform-8-3_SBOM-CVE.json,ICS-0275_inductive_ignition-scada-platform-8-3_SBOM.json,ICS-0275,Inductive Automation,Ignition SCADA Platform 8.3,scada-server,2,isolated-cell,manufacturing-process,13,4,10,2,6,2,0,0,9.8
ICS-0276_copadata_zenon-supervisor-12_SBOM-CVE.json,ICS-0276_copadata_zenon-supervisor-12_SBOM.json,ICS-0276,COPA-DATA GmbH,zenon Supervisor 12,scada-server,2,isolated-cell,power-distribution,15,4,7,3,3,1,0,0,9.8
ICS-0277_siemens_simatic-wincc-unified-v18_SBOM-CVE.json,ICS-0277_siemens_simatic-wincc-unified-v18_SBOM.json,ICS-0277,Siemens AG,SIMATIC WinCC Unified V18,scada-server,2,dmz-routable,wastewater,16,7,16,4,6,6,0,0,9.8
ICS-0278_ge_cimplicity-hmi-scada-2023_SBOM-CVE.json,ICS-0278_ge_cimplicity-hmi-scada-2023_SBOM.json,ICS-0278,GE Vernova,CIMPLICITY HMI/SCADA 2023,scada-server,2,dmz-routable,power-generation,17,3,7,1,5,1,0,0,9.8
ICS-0279_schneider_ecostruxure-geo-scada-expert-2023_SBOM-CVE.json,ICS-0279_schneider_ecostruxure-geo-scada-expert-2023_SBOM.json,ICS-0279,Schneider Electric,EcoStruxure Geo SCADA Expert 2023,scada-server,2,remote-accessible,power-distribution,17,5,12,2,7,3,0,0,9.8
ICS-0280_rockwell_factorytalk-view-se-14-00_SBOM-CVE.json,ICS-0280_rockwell_factorytalk-view-se-14-00_SBOM.json,ICS-0280,Rockwell Automation,FactoryTalk View SE 14.00,scada-server,2,dmz-routable,power-distribution,16,5,9,3,4,2,0,0,9.8
ICS-0281_aveva_aveva-historian-2023-r2_SBOM-CVE.json,ICS-0281_aveva_aveva-historian-2023-r2_SBOM.json,ICS-0281,AVEVA Group plc,AVEVA Historian 2023 R2,historian,3,dmz-routable,manufacturing-discrete,17,6,15,2,11,2,0,0,9.8
ICS-0282_ge_proficy-historian-9-1_SBOM-CVE.json,ICS-0282_ge_proficy-historian-9-1_SBOM.json,ICS-0282,GE Vernova,Proficy Historian 9.1,historian,3,isolated-cell,food-and-beverage,15,5,15,4,7,4,0,0,9.8
ICS-0283_honeywell_uniformance-phd-historian-r321_SBOM-CVE.json,ICS-0283_honeywell_uniformance-phd-historian-r321_SBOM.json,ICS-0283,Honeywell International,Uniformance PHD Historian R321,historian,3,isolated-cell,wastewater,12,5,12,3,9,0,0,0,9.8
ICS-0284_emerson_deltav-continuous-historian-15-lts_SBOM-CVE.json,ICS-0284_emerson_deltav-continuous-historian-15-lts_SBOM.json,ICS-0284,Emerson Electric,DeltaV Continuous Historian 15.LTS,historian,3,isolated-cell,building-automation,15,7,19,4,8,7,0,0,9.8
ICS-0285_yokogawa_exaquantum-plant-information-system-r3-30_SBOM-CVE.json,ICS-0285_yokogawa_exaquantum-plant-information-system-r3-30_SBOM.json,ICS-0285,Yokogawa Electric,Exaquantum Plant Information System R3.30,historian,3,dmz-routable,pharmaceutical,15,4,11,5,4,2,0,0,9.8
ICS-0286_siemens_tia-portal-engineering-suite-v19_SBOM-CVE.json,ICS-0286_siemens_tia-portal-engineering-suite-v19_SBOM.json,ICS-0286,Siemens AG,TIA Portal Engineering Suite V19,engineering-workstation,3,control-network,pharmaceutical,13,3,6,0,4,2,0,0,8.1
ICS-0287_rockwell_studio-5000-logix-designer-34-00_SBOM-CVE.json,ICS-0287_rockwell_studio-5000-logix-designer-34-00_SBOM.json,ICS-0287,Rockwell Automation,Studio 5000 Logix Designer 34.00,engineering-workstation,3,dmz-routable,petrochemical,12,4,10,1,7,2,0,0,9.8
ICS-0288_schneider_ecostruxure-control-expert-v16-1_SBOM-CVE.json,ICS-0288_schneider_ecostruxure-control-expert-v16-1_SBOM.json,ICS-0288,Schneider Electric,EcoStruxure Control Expert V16.1,engineering-workstation,3,control-network,manufacturing-discrete,15,6,14,3,8,3,0,0,9.8
ICS-0289_mitsubishi_gx-works3-engineering-tool-1-100e_SBOM-CVE.json,ICS-0289_mitsubishi_gx-works3-engineering-tool-1-100e_SBOM.json,ICS-0289,Mitsubishi Electric,GX Works3 Engineering Tool 1.100E,engineering-workstation,3,remote-accessible,semiconductor-fab,16,5,11,5,6,0,0,0,9.8
ICS-0290_codesys_codesys-development-system-v3-5-sp19_SBOM-CVE.json,ICS-0290_codesys_codesys-development-system-v3-5-sp19_SBOM.json,ICS-0290,CODESYS GmbH,CODESYS Development System V3.5 SP19,engineering-workstation,3,remote-accessible,power-transmission,19,5,12,2,10,0,0,0,9.8
ICS-0291_abb_automation-builder-2-7_SBOM-CVE.json,ICS-0291_abb_automation-builder-2-7_SBOM.json,ICS-0291,ABB Ltd,Automation Builder 2.7,engineering-workstation,3,isolated-cell,food-and-beverage,16,6,13,3,5,5,0,0,9.8
ICS-0292_emerson_deltav-md-plus-controller-pk_SBOM-CVE.json,ICS-0292_emerson_deltav-md-plus-controller-pk_SBOM.json,ICS-0292,Emerson Electric,DeltaV MD Plus Controller PK,dcs-controller,1,isolated-cell,water-treatment,13,6,16,9,6,0,0,1,9.8
ICS-0293_honeywell_experion-c300-controller-uoc_SBOM-CVE.json,ICS-0293_honeywell_experion-c300-controller-uoc_SBOM.json,ICS-0293,Honeywell International,Experion C300 Controller UOC,dcs-controller,1,isolated-cell,power-generation,13,4,12,6,4,2,0,0,9.8
ICS-0294_yokogawa_centum-vp-field-control-station-afv40s_SBOM-CVE.json,ICS-0294_yokogawa_centum-vp-field-control-station-afv40s_SBOM.json,ICS-0294,Yokogawa Electric,CENTUM VP Field Control Station AFV40S,dcs-controller,1,remote-accessible,pharmaceutical,14,5,10,3,5,2,0,0,9.8
ICS-0295_abb_ac-800m-controller-pm864a_SBOM-CVE.json,ICS-0295_abb_ac-800m-controller-pm864a_SBOM.json,ICS-0295,ABB Ltd,AC 800M Controller PM864A,dcs-controller,1,dmz-routable,chemical,16,6,15,5,5,5,0,0,9.8
ICS-0296_siemens_simatic-pcs-7-as-controller-as-416-3_SBOM-CVE.json,ICS-0296_siemens_simatic-pcs-7-as-controller-as-416-3_SBOM.json,ICS-0296,Siemens AG,SIMATIC PCS 7 AS Controller AS 416-3,dcs-controller,1,dmz-routable,pulp-and-paper,15,4,11,7,4,0,0,0,10.0
ICS-0297_hitachi-energy_symphony-plus-hpc800-spc700_SBOM-CVE.json,ICS-0297_hitachi-energy_symphony-plus-hpc800-spc700_SBOM.json,ICS-0297,Hitachi Energy,Symphony Plus HPC800 SPC700,dcs-controller,1,dmz-routable,port-and-logistics,15,6,15,6,8,1,0,0,9.8
ICS-0298_schneider_triconex-tricon-cx-controller-tri-gp_SBOM-CVE.json,ICS-0298_schneider_triconex-tricon-cx-controller-tri-gp_SBOM.json,ICS-0298,Schneider Electric,Triconex Tricon CX Controller Tri-GP,sis-logic-solver,1,dmz-routable,transportation-metro,18,6,16,4,10,1,0,1,9.8
ICS-0299_hima_himax-safety-controller-himatrix-f35_SBOM-CVE.json,ICS-0299_hima_himax-safety-controller-himatrix-f35_SBOM.json,ICS-0299,HIMA Paul Hildebrandt GmbH,HIMax Safety Controller HIMatrix F35,sis-logic-solver,1,isolated-cell,port-and-logistics,13,5,12,5,7,0,0,0,9.8
ICS-0300_pilz_pss-4000-safety-controller-pss-4000-r_SBOM-CVE.json,ICS-0300_pilz_pss-4000-safety-controller-pss-4000-r_SBOM.json,ICS-0300,Pilz GmbH,PSS 4000 Safety Controller PSS 4000-R,sis-logic-solver,1,isolated-cell,district-heating,17,5,10,2,7,1,0,0,9.8
ICS-0301_siemens_simatic-s7-1500f-safety-cpu-1518f-4-pn-dp_SBOM-CVE.json,ICS-0301_siemens_simatic-s7-1500f-safety-cpu-1518f-4-pn-dp_SBOM.json,ICS-0301,Siemens AG,SIMATIC S7-1500F Safety CPU 1518F-4 PN/DP,sis-logic-solver,1,control-network,oil-and-gas-midstream,11,4,8,2,4,2,0,0,9.8
ICS-0302_rockwell_guardlogix-safety-controller-5069-l306ers2_SBOM-CVE.json,ICS-0302_rockwell_guardlogix-safety-controller-5069-l306ers2_SBOM.json,ICS-0302,Rockwell Automation,GuardLogix Safety Controller 5069-L306ERS2,sis-logic-solver,1,remote-accessible,pharmaceutical,10,4,7,1,2,4,0,0,9.8
ICS-0303_moxa_mgate-protocol-gateway-5217a_SBOM-CVE.json,ICS-0303_moxa_mgate-protocol-gateway-5217a_SBOM.json,ICS-0303,Moxa Inc.,MGate Protocol Gateway 5217A,protocol-gateway,3.5,remote-accessible,transportation-metro,19,5,11,0,7,2,1,1,8.1
ICS-0304_softing_edgeaggregator-gateway-uagate-si_SBOM-CVE.json,ICS-0304_softing_edgeaggregator-gateway-uagate-si_SBOM.json,ICS-0304,Softing Industrial Automation,edgeAggregator Gateway uaGate SI,protocol-gateway,3.5,dmz-routable,automotive,19,8,17,3,10,3,0,1,9.8
ICS-0305_advantech_ecu-1251-edge-gateway-ecu-4784_SBOM-CVE.json,ICS-0305_advantech_ecu-1251-edge-gateway-ecu-4784_SBOM.json,ICS-0305,"Advantech Co., Ltd.",ECU-1251 Edge Gateway ECU-4784,protocol-gateway,3.5,dmz-routable,semiconductor-fab,19,9,21,7,12,2,0,0,9.8
ICS-0306_phoenix_fl-mguard-security-appliance-centerport_SBOM-CVE.json,ICS-0306_phoenix_fl-mguard-security-appliance-centerport_SBOM.json,ICS-0306,Phoenix Contact,FL MGUARD Security Appliance CENTERPORT,industrial-firewall,3.5,remote-accessible,port-and-logistics,18,4,9,2,6,1,0,0,9.1
ICS-0307_belden_eagle40-industrial-firewall-eagle20_SBOM-CVE.json,ICS-0307_belden_eagle40-industrial-firewall-eagle20_SBOM.json,ICS-0307,Belden / Hirschmann,EAGLE40 Industrial Firewall EAGLE20,industrial-firewall,3.5,dmz-routable,manufacturing-discrete,16,8,16,3,7,6,0,0,9.8
ICS-0308_belden_rsp-managed-switch-rspe37_SBOM-CVE.json,ICS-0308_belden_rsp-managed-switch-rspe37_SBOM.json,ICS-0308,Belden / Hirschmann,RSP Managed Switch RSPE37,industrial-switch,2,remote-accessible,power-transmission,13,5,9,2,7,0,0,0,9.8
ICS-0309_westermo_lynx-dss-managed-switch-redfox-5528_SBOM-CVE.json,ICS-0309_westermo_lynx-dss-managed-switch-redfox-5528_SBOM.json,ICS-0309,Westermo Network Technologies,Lynx DSS Managed Switch RedFox-5528,industrial-switch,2,dmz-routable,chemical,13,5,11,2,7,2,0,0,9.8
ICS-0310_moxa_eds-managed-ethernet-switch-eds-g516e_SBOM-CVE.json,ICS-0310_moxa_eds-managed-ethernet-switch-eds-g516e_SBOM.json,ICS-0310,Moxa Inc.,EDS Managed Ethernet Switch EDS-G516E,industrial-switch,2,control-network,district-heating,13,4,11,1,7,3,0,0,9.8
ICS-0311_siemens_scalance-x-industrial-switch-xm416-4c_SBOM-CVE.json,ICS-0311_siemens_scalance-x-industrial-switch-xm416-4c_SBOM.json,ICS-0311,Siemens AG,SCALANCE X Industrial Switch XM416-4C,industrial-switch,2,control-network,oil-and-gas-upstream,15,7,13,7,3,2,0,1,9.8
ICS-0312_siemens_ruggedcom-rx1500-router-rx5000_SBOM-CVE.json,ICS-0312_siemens_ruggedcom-rx1500-router-rx5000_SBOM.json,ICS-0312,Siemens AG,RUGGEDCOM RX1500 Router RX5000,industrial-router,3.5,isolated-cell,pulp-and-paper,12,5,10,3,4,3,0,0,9.8
ICS-0313_abb_acs880-industrial-drive-acs580-01_SBOM-CVE.json,ICS-0313_abb_acs880-industrial-drive-acs580-01_SBOM.json,ICS-0313,ABB Ltd,ACS880 Industrial Drive ACS580-01,vfd-drive,1,dmz-routable,oil-and-gas-midstream,16,5,11,7,3,1,0,0,9.8
ICS-0314_siemens_sinamics-s120-drive-s210_SBOM-CVE.json,ICS-0314_siemens_sinamics-s120-drive-s210_SBOM.json,ICS-0314,Siemens AG,SINAMICS S120 Drive S210,vfd-drive,1,isolated-cell,wastewater,17,5,11,2,8,1,0,0,9.1
ICS-0315_danfoss_vlt-automationdrive-fc-360_SBOM-CVE.json,ICS-0315_danfoss_vlt-automationdrive-fc-360_SBOM.json,ICS-0315,Danfoss A/S,VLT AutomationDrive FC-360,vfd-drive,1,dmz-routable,water-treatment,14,3,9,1,4,3,0,1,9.8
ICS-0316_rockwell_powerflex-755-drive-527_SBOM-CVE.json,ICS-0316_rockwell_powerflex-755-drive-527_SBOM.json,ICS-0316,Rockwell Automation,PowerFlex 755 Drive 527,vfd-drive,1,dmz-routable,power-transmission,14,4,8,1,3,4,0,0,9.1
ICS-0317_bosch-rexroth_indradrive-controller-hms01_SBOM-CVE.json,ICS-0317_bosch-rexroth_indradrive-controller-hms01_SBOM.json,ICS-0317,Bosch Rexroth AG,IndraDrive Controller HMS01,motion-controller,1,remote-accessible,transportation-metro,17,5,10,2,5,3,0,0,9.8
ICS-0318_bosch-rexroth_indramotion-mlc-l75_SBOM-CVE.json,ICS-0318_bosch-rexroth_indramotion-mlc-l75_SBOM.json,ICS-0318,Bosch Rexroth AG,IndraMotion MLC L75,motion-controller,1,remote-accessible,semiconductor-fab,14,5,10,1,4,5,0,0,9.8
ICS-0319_fuji_frenic-ace-inverter-frn0022e2s_SBOM-CVE.json,ICS-0319_fuji_frenic-ace-inverter-frn0022e2s_SBOM.json,ICS-0319,Fuji Electric,FRENIC-Ace Inverter FRN0022E2S,vfd-drive,1,control-network,pharmaceutical,16,7,16,7,7,2,0,0,10.0
ICS-0320_mitsubishi_melfa-robot-controller-cr750-q_SBOM-CVE.json,ICS-0320_mitsubishi_melfa-robot-controller-cr750-q_SBOM.json,ICS-0320,Mitsubishi Electric,MELFA Robot Controller CR750-Q,robot-controller,1,isolated-cell,water-treatment,15,6,10,3,6,1,0,0,9.8
ICS-0321_abb_irc5-robot-controller-omnicore-c30_SBOM-CVE.json,ICS-0321_abb_irc5-robot-controller-omnicore-c30_SBOM.json,ICS-0321,ABB Ltd,IRC5 Robot Controller OmniCore C30,robot-controller,1,isolated-cell,food-and-beverage,17,9,23,6,12,5,0,0,9.8
ICS-0322_keyence_cnc-motion-unit-mc-4_SBOM-CVE.json,ICS-0322_keyence_cnc-motion-unit-mc-4_SBOM.json,ICS-0322,KEYENCE Corporation,CNC Motion Unit MC-4,cnc-controller,1,dmz-routable,port-and-logistics,17,6,14,6,7,1,0,0,10.0
ICS-0323_mitsubishi_m800-cnc-controller-m80w_SBOM-CVE.json,ICS-0323_mitsubishi_m800-cnc-controller-m80w_SBOM.json,ICS-0323,Mitsubishi Electric,M800 CNC Controller M80W,cnc-controller,1,remote-accessible,manufacturing-process,13,2,5,1,3,1,0,0,9.8
ICS-0324_emerson_rosemount-3051s-transmitter-3051cd_SBOM-CVE.json,ICS-0324_emerson_rosemount-3051s-transmitter-3051cd_SBOM.json,ICS-0324,Emerson Electric,Rosemount 3051S Transmitter 3051CD,field-transmitter,0,control-network,oil-and-gas-upstream,11,4,11,4,2,3,0,2,10.0
ICS-0325_yokogawa_eja-e-series-transmitter-ejx910a_SBOM-CVE.json,ICS-0325_yokogawa_eja-e-series-transmitter-ejx910a_SBOM.json,ICS-0325,Yokogawa Electric,EJA-E Series Transmitter EJX910A,field-transmitter,0,remote-accessible,manufacturing-discrete,8,2,4,0,2,0,0,2,7.5
ICS-0326_honeywell_smartline-st800-transmitter-stt850_SBOM-CVE.json,ICS-0326_honeywell_smartline-st800-transmitter-stt850_SBOM.json,ICS-0326,Honeywell International,SmartLine ST800 Transmitter STT850,field-transmitter,0,remote-accessible,power-transmission,9,3,6,2,3,1,0,0,9.1
ICS-0327_abb_merging-unit-sam600-sam600-vt_SBOM-CVE.json,ICS-0327_abb_merging-unit-sam600-sam600-vt_SBOM.json,ICS-0327,ABB Ltd,Merging Unit SAM600 SAM600-VT,merging-unit,0,dmz-routable,steel-and-metals,17,6,16,7,4,5,0,0,10.0
ICS-0328_schneider_powerlogic-ion9000-meter-pm8000_SBOM-CVE.json,ICS-0328_schneider_powerlogic-ion9000-meter-pm8000_SBOM.json,ICS-0328,Schneider Electric,PowerLogic ION9000 Meter PM8000,power-meter,1,control-network,transportation-rail,19,7,18,4,10,4,0,0,9.8
ICS-0329_ge_epm-9900-power-meter-epm6100_SBOM-CVE.json,ICS-0329_ge_epm-9900-power-meter-epm6100_SBOM.json,ICS-0329,GE Vernova,EPM 9900 Power Meter EPM6100,power-meter,1,remote-accessible,water-treatment,17,5,11,4,6,1,0,0,9.8
ICS-0330_ptc_kepserverex-connectivity-platform-6-15_SBOM-CVE.json,ICS-0330_ptc_kepserverex-connectivity-platform-6-15_SBOM.json,ICS-0330,PTC Inc.,KEPServerEX Connectivity Platform 6.15,opc-server,3,dmz-routable,pharmaceutical,18,7,15,1,8,6,0,0,9.8
ICS-0331_softing_datafeed-opc-suite-v5-30_SBOM-CVE.json,ICS-0331_softing_datafeed-opc-suite-v5-30_SBOM.json,ICS-0331,Softing Industrial Automation,dataFEED OPC Suite V5.30,opc-server,3,dmz-routable,port-and-logistics,14,3,8,0,7,1,0,0,8.8
ICS-0332_aveva_aveva-opc-ua-server-2023-r2_SBOM-CVE.json,ICS-0332_aveva_aveva-opc-ua-server-2023-r2_SBOM.json,ICS-0332,AVEVA Group plc,AVEVA OPC UA Server 2023 R2,opc-server,3,isolated-cell,food-and-beverage,15,3,7,2,4,1,0,0,9.8
ICS-0333_honeywell_excel-web-ii-bacnet-controller-ciper-50_SBOM-CVE.json,ICS-0333_honeywell_excel-web-ii-bacnet-controller-ciper-50_SBOM.json,ICS-0333,Honeywell International,Excel Web II BACnet Controller CIPer 50,bas-controller,1,dmz-routable,petrochemical,19,10,26,9,14,3,0,0,9.8
ICS-0334_siemens_desigo-pxc-automation-station-pxc7-modular_SBOM-CVE.json,ICS-0334_siemens_desigo-pxc-automation-station-pxc7-modular_SBOM.json,ICS-0334,Siemens AG,Desigo PXC Automation Station PXC7 Modular,bas-controller,1,dmz-routable,pharmaceutical,13,2,4,1,1,0,0,2,9.8
ICS-0335_schneider_smartx-as-p-controller-rp-c_SBOM-CVE.json,ICS-0335_schneider_smartx-as-p-controller-rp-c_SBOM.json,ICS-0335,Schneider Electric,SmartX AS-P Controller RP-C,bas-controller,1,control-network,wastewater,16,6,16,1,8,7,0,0,9.1
ICS-0336_delta_ez-building-controller-dac-633_SBOM-CVE.json,ICS-0336_delta_ez-building-controller-dac-633_SBOM.json,ICS-0336,Delta Electronics,eZ Building Controller DAC-633,bas-controller,1,dmz-routable,food-and-beverage,17,8,16,5,7,4,0,0,9.8
ICS-0337_phoenix_radioline-wireless-gateway-rad-868_SBOM-CVE.json,ICS-0337_phoenix_radioline-wireless-gateway-rad-868_SBOM.json,ICS-0337,Phoenix Contact,Radioline Wireless Gateway RAD-868,wireless-gateway,1,dmz-routable,petrochemical,12,3,5,0,4,0,0,1,7.5
ICS-0338_moxa_awk-industrial-wireless-ap-awk-1137c_SBOM-CVE.json,ICS-0338_moxa_awk-industrial-wireless-ap-awk-1137c_SBOM.json,ICS-0338,Moxa Inc.,AWK Industrial Wireless AP AWK-1137C,wireless-gateway,2,dmz-routable,power-transmission,15,6,16,1,12,3,0,0,9.8
ICS-0339_emerson_wireless-1420-gateway-1552wu_SBOM-CVE.json,ICS-0339_emerson_wireless-1420-gateway-1552wu_SBOM.json,ICS-0339,Emerson Electric,Wireless 1420 Gateway 1552WU,wireless-gateway,1,dmz-routable,transportation-metro,11,4,9,3,4,2,0,0,9.8
ICS-0340_siemens_simatic-s7-1500-cpu-1518-4-pn-dp_SBOM-CVE.json,ICS-0340_siemens_simatic-s7-1500-cpu-1518-4-pn-dp_SBOM.json,ICS-0340,Siemens AG,SIMATIC S7-1500 CPU 1518-4 PN/DP,plc,1,dmz-routable,power-generation,16,5,12,5,6,1,0,0,10.0
ICS-0341_siemens_simatic-s7-1200-cpu-1217c_SBOM-CVE.json,ICS-0341_siemens_simatic-s7-1200-cpu-1217c_SBOM.json,ICS-0341,Siemens AG,SIMATIC S7-1200 CPU 1217C,plc,1,control-network,manufacturing-discrete,18,7,16,9,6,0,0,1,10.0
ICS-0342_siemens_simatic-s7-400-cpu-414-3_SBOM-CVE.json,ICS-0342_siemens_simatic-s7-400-cpu-414-3_SBOM.json,ICS-0342,Siemens AG,SIMATIC S7-400 CPU 414-3,plc,1,dmz-routable,power-generation,14,3,9,3,2,3,0,1,10.0
ICS-0343_rockwell_controllogix-controller-1756-l83e_SBOM-CVE.json,ICS-0343_rockwell_controllogix-controller-1756-l83e_SBOM.json,ICS-0343,Rockwell Automation,ControlLogix Controller 1756-L83E,plc,1,isolated-cell,district-heating,13,4,10,5,5,0,0,0,9.8
ICS-0344_rockwell_compactlogix-controller-5069-l306er_SBOM-CVE.json,ICS-0344_rockwell_compactlogix-controller-5069-l306er_SBOM.json,ICS-0344,Rockwell Automation,CompactLogix Controller 5069-L306ER,plc,1,remote-accessible,water-treatment,13,5,13,5,6,2,0,0,9.8
ICS-0345_rockwell_micrologix-controller-1400-b_SBOM-CVE.json,ICS-0345_rockwell_micrologix-controller-1400-b_SBOM.json,ICS-0345,Rockwell Automation,MicroLogix Controller 1400-B,plc,1,isolated-cell,pharmaceutical,15,4,10,4,5,1,0,0,9.8
ICS-0346_schneider_modicon-m340-controller-bmxp342020_SBOM-CVE.json,ICS-0346_schneider_modicon-m340-controller-bmxp342020_SBOM.json,ICS-0346,Schneider Electric,Modicon M340 Controller BMXP342020,plc,1,remote-accessible,district-heating,16,5,15,3,9,3,0,0,9.8
ICS-0347_schneider_modicon-m580-epac-bmep582040_SBOM-CVE.json,ICS-0347_schneider_modicon-m580-epac-bmep582040_SBOM.json,ICS-0347,Schneider Electric,Modicon M580 ePAC BMEP582040,plc,1,remote-accessible,wastewater,17,9,18,6,9,3,0,0,9.8
ICS-0348_mitsubishi_melsec-iq-r-cpu-r32cpu_SBOM-CVE.json,ICS-0348_mitsubishi_melsec-iq-r-cpu-r32cpu_SBOM.json,ICS-0348,Mitsubishi Electric,MELSEC iQ-R CPU R32CPU,plc,1,control-network,semiconductor-fab,19,8,17,7,8,2,0,0,9.8
ICS-0349_mitsubishi_melsec-q-series-cpu-q03ude_SBOM-CVE.json,ICS-0349_mitsubishi_melsec-q-series-cpu-q03ude_SBOM.json,ICS-0349,Mitsubishi Electric,MELSEC-Q Series CPU Q03UDE,plc,1,isolated-cell,wastewater,14,5,14,2,7,5,0,0,9.8
ICS-0350_omron_sysmac-nj-machine-controller-nj101-1000_SBOM-CVE.json,ICS-0350_omron_sysmac-nj-machine-controller-nj101-1000_SBOM.json,ICS-0350,OMRON Corporation,SYSMAC NJ Machine Controller NJ101-1000,plc,1,control-network,building-automation,16,4,9,4,4,1,0,0,10.0
ICS-0351_omron_sysmac-cj2-plc-cj2m-cpu31_SBOM-CVE.json,ICS-0351_omron_sysmac-cj2-plc-cj2m-cpu31_SBOM.json,ICS-0351,OMRON Corporation,SYSMAC CJ2 PLC CJ2M-CPU31,plc,1,dmz-routable,port-and-logistics,14,4,6,2,4,0,0,0,9.8
ICS-0352_beckhoff_twincat-runtime-controller-cx5140_SBOM-CVE.json,ICS-0352_beckhoff_twincat-runtime-controller-cx5140_SBOM.json,ICS-0352,Beckhoff Automation,TwinCAT Runtime Controller CX5140,plc,1,control-network,oil-and-gas-upstream,17,5,12,3,7,2,0,0,9.8
ICS-0353_wago_pfc200-controller-750-8202_SBOM-CVE.json,ICS-0353_wago_pfc200-controller-750-8202_SBOM.json,ICS-0353,WAGO GmbH,PFC200 Controller 750-8202,plc,1,isolated-cell,steel-and-metals,18,5,14,5,7,2,0,0,9.8
ICS-0354_phoenix_axc-f-2152-controller-axc-f-2152_SBOM-CVE.json,ICS-0354_phoenix_axc-f-2152-controller-axc-f-2152_SBOM.json,ICS-0354,Phoenix Contact,AXC F 2152 Controller AXC-F-2152,plc,1,dmz-routable,power-generation,23,8,19,3,8,7,1,0,9.8
ICS-0355_br_x20-controller-x20cp1586_SBOM-CVE.json,ICS-0355_br_x20-controller-x20cp1586_SBOM.json,ICS-0355,B&R Industrial Automation,X20 Controller X20CP1586,plc,1,isolated-cell,semiconductor-fab,14,2,4,2,2,0,0,0,9.1
ICS-0356_ls-electric_xgt-plc-cpu-xgk-cpuh_SBOM-CVE.json,ICS-0356_ls-electric_xgt-plc-cpu-xgk-cpuh_SBOM.json,ICS-0356,LS ELECTRIC,XGT PLC CPU XGK-CPUH,plc,1,dmz-routable,building-automation,15,5,11,5,3,3,0,0,10.0
ICS-0357_delta_as-series-plc-as228t-a_SBOM-CVE.json,ICS-0357_delta_as-series-plc-as228t-a_SBOM.json,ICS-0357,Delta Electronics,AS Series PLC AS228T-A,plc,1,isolated-cell,automotive,14,4,10,4,5,1,0,0,9.8
ICS-0358_unitronics_unistream-plc-usp-070-b10_SBOM-CVE.json,ICS-0358_unitronics_unistream-plc-usp-070-b10_SBOM.json,ICS-0358,Unitronics,UniStream PLC USP-070-B10,plc,1,isolated-cell,pharmaceutical,17,7,16,3,7,6,0,0,9.8
ICS-0359_idec_microsmart-fc6a-plc-fc6a-c40r1ae_SBOM-CVE.json,ICS-0359_idec_microsmart-fc6a-plc-fc6a-c40r1ae_SBOM.json,ICS-0359,IDEC Corporation,MicroSmart FC6A PLC FC6A-C40R1AE,plc,1,isolated-cell,wastewater,14,5,12,3,4,5,0,0,9.8
ICS-0360_panasonic_fp7-series-plc-afp7cps41_SBOM-CVE.json,ICS-0360_panasonic_fp7-series-plc-afp7cps41_SBOM.json,ICS-0360,"Panasonic Industry Co., Ltd.",FP7 Series PLC AFP7CPS41,plc,1,isolated-cell,petrochemical,13,6,14,7,6,0,0,1,10.0
ICS-0361_keyence_kv-8000-plc-kv-8000_SBOM-CVE.json,ICS-0361_keyence_kv-8000-plc-kv-8000_SBOM.json,ICS-0361,KEYENCE Corporation,KV-8000 PLC KV-8000,plc,1,isolated-cell,chemical,11,4,11,5,5,1,0,0,9.8
ICS-0362_fuji_micrex-sx-plc-np1ps-245r_SBOM-CVE.json,ICS-0362_fuji_micrex-sx-plc-np1ps-245r_SBOM.json,ICS-0362,Fuji Electric,MICREX-SX PLC NP1PS-245R,plc,1,dmz-routable,pulp-and-paper,12,5,11,4,3,4,0,0,9.8
ICS-0363_codesys_codesys-control-runtime-for-beaglebone-sl_SBOM-CVE.json,ICS-0363_codesys_codesys-control-runtime-for-beaglebone-sl_SBOM.json,ICS-0363,CODESYS GmbH,CODESYS Control Runtime for BeagleBone SL,plc-runtime,1,remote-accessible,steel-and-metals,21,8,21,9,9,3,0,0,9.8
ICS-0364_abb_rtu560-telecontrol-unit-560cmu05_SBOM-CVE.json,ICS-0364_abb_rtu560-telecontrol-unit-560cmu05_SBOM.json,ICS-0364,ABB Ltd,RTU560 Telecontrol Unit 560CMU05,rtu,1,remote-accessible,manufacturing-discrete,20,7,16,1,6,9,0,0,9.8
ICS-0365_schneider_scadapack-rtu-x70_SBOM-CVE.json,ICS-0365_schneider_scadapack-rtu-x70_SBOM.json,ICS-0365,Schneider Electric,SCADAPack RTU x70,rtu,1,isolated-cell,power-distribution,22,7,19,7,7,5,0,0,9.8
ICS-0366_ge_d20-mx-substation-controller-d20mx_SBOM-CVE.json,ICS-0366_ge_d20-mx-substation-controller-d20mx_SBOM.json,ICS-0366,GE Vernova,D20 MX Substation Controller D20MX,rtu,1,remote-accessible,automotive,13,4,10,6,3,1,0,0,9.8
ICS-0367_siemens_sicam-a8000-rtu-cp-8050_SBOM-CVE.json,ICS-0367_siemens_sicam-a8000-rtu-cp-8050_SBOM.json,ICS-0367,Siemens AG,SICAM A8000 RTU CP-8050,rtu,1,isolated-cell,pulp-and-paper,18,7,13,0,9,4,0,0,8.8
ICS-0368_hitachi-energy_rtu500-series-560cmu80_SBOM-CVE.json,ICS-0368_hitachi-energy_rtu500-series-560cmu80_SBOM.json,ICS-0368,Hitachi Energy,RTU500 Series 560CMU80,rtu,1,isolated-cell,manufacturing-discrete,13,5,11,4,5,2,0,0,9.8
ICS-0369_moxa_iopac-programmable-controller-8600-cpu30_SBOM-CVE.json,ICS-0369_moxa_iopac-programmable-controller-8600-cpu30_SBOM.json,ICS-0369,Moxa Inc.,ioPAC Programmable Controller 8600-CPU30,rtu,1,remote-accessible,pulp-and-paper,21,10,21,4,11,6,0,0,9.8
ICS-0370_red-lion_data-station-plus-rtu-dspsx000_SBOM-CVE.json,ICS-0370_red-lion_data-station-plus-rtu-dspsx000_SBOM.json,ICS-0370,Red Lion Controls,Data Station Plus RTU DSPSX000,rtu,1,isolated-cell,steel-and-metals,17,4,10,2,6,2,0,0,9.8
ICS-0371_sel_sel-451-protection-system-421_SBOM-CVE.json,ICS-0371_sel_sel-451-protection-system-421_SBOM.json,ICS-0371,Schweitzer Engineering Laboratories,SEL-451 Protection System 421,ied,1,isolated-cell,power-distribution,15,7,17,6,5,6,0,0,9.8
ICS-0372_sel_sel-3530-rtac-3530_SBOM-CVE.json,ICS-0372_sel_sel-3530-rtac-3530_SBOM.json,ICS-0372,Schweitzer Engineering Laboratories,SEL-3530 RTAC 3530,ied,1,control-network,petrochemical,16,4,10,3,6,1,0,0,9.8
ICS-0373_hitachi-energy_ref615-feeder-protection-relay-reu615_SBOM-CVE.json,ICS-0373_hitachi-energy_ref615-feeder-protection-relay-reu615_SBOM.json,ICS-0373,Hitachi Energy,REF615 Feeder Protection Relay REU615,ied,1,control-network,food-and-beverage,18,6,13,6,6,1,0,0,9.8
ICS-0374_siemens_siprotec-5-protection-relay-7sa86_SBOM-CVE.json,ICS-0374_siemens_siprotec-5-protection-relay-7sa86_SBOM.json,ICS-0374,Siemens AG,SIPROTEC 5 Protection Relay 7SA86,ied,1,dmz-routable,wastewater,18,6,14,10,4,0,0,0,10.0
ICS-0375_ge_multilin-ur-relay-t35_SBOM-CVE.json,ICS-0375_ge_multilin-ur-relay-t35_SBOM.json,ICS-0375,GE Vernova,Multilin UR Relay T35,ied,1,remote-accessible,steel-and-metals,16,4,9,2,7,0,0,0,9.8
ICS-0376_schneider_easergy-p3-protection-relay-p3u30_SBOM-CVE.json,ICS-0376_schneider_easergy-p3-protection-relay-p3u30_SBOM.json,ICS-0376,Schneider Electric,Easergy P3 Protection Relay P3U30,ied,1,dmz-routable,manufacturing-discrete,16,3,8,0,6,1,0,1,7.5
ICS-0377_nari_pcs-9611-feeder-protection-pcs-9611_SBOM-CVE.json,ICS-0377_nari_pcs-9611-feeder-protection-pcs-9611_SBOM.json,ICS-0377,NARI Technology,PCS-9611 Feeder Protection PCS-9611,ied,1,remote-accessible,pulp-and-paper,14,5,12,3,8,1,0,0,9.8
ICS-0378_hd-hyundai_higen-protection-relay-hgr-100_SBOM-CVE.json,ICS-0378_hd-hyundai_higen-protection-relay-hgr-100_SBOM.json,ICS-0378,HD Hyundai Electric,HiGEN Protection Relay HGR-100,ied,1,control-network,petrochemical,18,4,10,2,5,3,0,0,9.8
ICS-0379_siemens_simatic-hmi-comfort-panel-tp2200_SBOM-CVE.json,ICS-0379_siemens_simatic-hmi-comfort-panel-tp2200_SBOM.json,ICS-0379,Siemens AG,SIMATIC HMI Comfort Panel TP2200,hmi,2,isolated-cell,port-and-logistics,15,3,7,2,2,3,0,0,9.8
ICS-0380_rockwell_panelview-plus-terminal-7-standard-1000_SBOM-CVE.json,ICS-0380_rockwell_panelview-plus-terminal-7-standard-1000_SBOM.json,ICS-0380,Rockwell Automation,PanelView Plus Terminal 7 Standard 1000,hmi,2,remote-accessible,power-transmission,12,6,13,1,6,6,0,0,9.8
ICS-0381_schneider_magelis-gtu-hmi-hmigtu655_SBOM-CVE.json,ICS-0381_schneider_magelis-gtu-hmi-hmigtu655_SBOM.json,ICS-0381,Schneider Electric,Magelis GTU HMI HMIGTU655,hmi,2,isolated-cell,power-transmission,13,3,6,2,3,1,0,0,9.8
ICS-0382_mitsubishi_got2000-graphic-terminal-gt2712-stba_SBOM-CVE.json,ICS-0382_mitsubishi_got2000-graphic-terminal-gt2712-stba_SBOM.json,ICS-0382,Mitsubishi Electric,GOT2000 Graphic Terminal GT2712-STBA,hmi,2,remote-accessible,food-and-beverage,13,5,12,1,9,2,0,0,9.8
ICS-0383_advantech_webop-operator-panel-wop-2100t_SBOM-CVE.json,ICS-0383_advantech_webop-operator-panel-wop-2100t_SBOM.json,ICS-0383,"Advantech Co., Ltd.",WebOP Operator Panel WOP-2100T,hmi,2,remote-accessible,transportation-rail,16,7,13,4,6,3,0,0,9.8
ICS-0384_delta_dop-100-hmi-dop-107bv_SBOM-CVE.json,ICS-0384_delta_dop-100-hmi-dop-107bv_SBOM.json,ICS-0384,Delta Electronics,DOP-100 HMI DOP-107BV,hmi,2,remote-accessible,steel-and-metals,12,5,12,9,3,0,0,0,10.0
ICS-0385_omron_na-series-hmi-na5-12w_SBOM-CVE.json,ICS-0385_omron_na-series-hmi-na5-12w_SBOM.json,ICS-0385,OMRON Corporation,NA Series HMI NA5-12W,hmi,2,dmz-routable,oil-and-gas-midstream,16,4,11,2,8,1,0,0,9.8
ICS-0386_pilz_pmi-operator-terminal-pmi-6-primo_SBOM-CVE.json,ICS-0386_pilz_pmi-operator-terminal-pmi-6-primo_SBOM.json,ICS-0386,Pilz GmbH,PMI Operator Terminal PMI 6 primo,hmi,2,remote-accessible,power-distribution,12,5,8,2,5,1,0,0,9.1
ICS-0387_aveva_aveva-plant-scada-2020-r2_SBOM-CVE.json,ICS-0387_aveva_aveva-plant-scada-2020-r2_SBOM.json,ICS-0387,AVEVA Group plc,AVEVA Plant SCADA 2020 R2,scada-server,2,remote-accessible,port-and-logistics,17,5,12,5,6,1,0,0,9.8
ICS-0388_inductive_ignition-scada-platform-8-1_SBOM-CVE.json,ICS-0388_inductive_ignition-scada-platform-8-1_SBOM.json,ICS-0388,Inductive Automation,Ignition SCADA Platform 8.1,scada-server,2,control-network,manufacturing-discrete,16,5,11,2,6,3,0,0,9.8
ICS-0389_copadata_zenon-supervisor-10_SBOM-CVE.json,ICS-0389_copadata_zenon-supervisor-10_SBOM.json,ICS-0389,COPA-DATA GmbH,zenon Supervisor 10,scada-server,2,isolated-cell,pulp-and-paper,18,7,14,3,8,3,0,0,9.8
ICS-0390_siemens_simatic-wincc-v7-5_SBOM-CVE.json,ICS-0390_siemens_simatic-wincc-v7-5_SBOM.json,ICS-0390,Siemens AG,SIMATIC WinCC V7.5,scada-server,2,isolated-cell,power-distribution,13,4,11,3,6,2,0,0,9.8
ICS-0391_ge_cimplicity-hmi-scada-11-1_SBOM-CVE.json,ICS-0391_ge_cimplicity-hmi-scada-11-1_SBOM.json,ICS-0391,GE Vernova,CIMPLICITY HMI/SCADA 11.1,scada-server,2,remote-accessible,power-generation,18,8,20,7,11,2,0,0,9.8
ICS-0392_schneider_ecostruxure-geo-scada-expert-2021_SBOM-CVE.json,ICS-0392_schneider_ecostruxure-geo-scada-expert-2021_SBOM.json,ICS-0392,Schneider Electric,EcoStruxure Geo SCADA Expert 2021,scada-server,2,control-network,petrochemical,19,5,8,2,5,1,0,0,9.8
ICS-0393_rockwell_factorytalk-view-se-12-00_SBOM-CVE.json,ICS-0393_rockwell_factorytalk-view-se-12-00_SBOM.json,ICS-0393,Rockwell Automation,FactoryTalk View SE 12.00,scada-server,2,remote-accessible,manufacturing-process,13,3,5,0,4,1,0,0,8.1
ICS-0394_aveva_aveva-historian-2020-r2_SBOM-CVE.json,ICS-0394_aveva_aveva-historian-2020-r2_SBOM.json,ICS-0394,AVEVA Group plc,AVEVA Historian 2020 R2,historian,3,dmz-routable,wastewater,13,4,8,2,5,1,0,0,9.8
ICS-0395_ge_proficy-historian-2022_SBOM-CVE.json,ICS-0395_ge_proficy-historian-2022_SBOM.json,ICS-0395,GE Vernova,Proficy Historian 2022,historian,3,control-network,petrochemical,14,3,8,0,6,2,0,0,8.1
ICS-0396_honeywell_uniformance-phd-historian-r500_SBOM-CVE.json,ICS-0396_honeywell_uniformance-phd-historian-r500_SBOM.json,ICS-0396,Honeywell International,Uniformance PHD Historian R500,historian,3,remote-accessible,wastewater,15,5,11,1,7,3,0,0,9.8
ICS-0397_emerson_deltav-continuous-historian-14-3_SBOM-CVE.json,ICS-0397_emerson_deltav-continuous-historian-14-3_SBOM.json,ICS-0397,Emerson Electric,DeltaV Continuous Historian 14.3,historian,3,dmz-routable,pharmaceutical,14,4,10,3,7,0,0,0,9.8
ICS-0398_yokogawa_exaquantum-plant-information-system-r3-20_SBOM-CVE.json,ICS-0398_yokogawa_exaquantum-plant-information-system-r3-20_SBOM.json,ICS-0398,Yokogawa Electric,Exaquantum Plant Information System R3.20,historian,3,control-network,power-distribution,13,3,8,3,5,0,0,0,9.8
ICS-0399_siemens_tia-portal-engineering-suite-v17_SBOM-CVE.json,ICS-0399_siemens_tia-portal-engineering-suite-v17_SBOM.json,ICS-0399,Siemens AG,TIA Portal Engineering Suite V17,engineering-workstation,3,dmz-routable,food-and-beverage,14,4,8,4,4,0,0,0,9.8
ICS-0400_rockwell_studio-5000-logix-designer-35-00_SBOM-CVE.json,ICS-0400_rockwell_studio-5000-logix-designer-35-00_SBOM.json,ICS-0400,Rockwell Automation,Studio 5000 Logix Designer 35.00,engineering-workstation,3,dmz-routable,transportation-metro,10,2,4,0,2,2,0,0,7.8
ICS-0401_schneider_ecostruxure-control-expert-v15-1_SBOM-CVE.json,ICS-0401_schneider_ecostruxure-control-expert-v15-1_SBOM.json,ICS-0401,Schneider Electric,EcoStruxure Control Expert V15.1,engineering-workstation,3,remote-accessible,oil-and-gas-upstream,14,5,12,2,10,0,0,0,9.8
ICS-0402_mitsubishi_gx-works3-engineering-tool-1-080j_SBOM-CVE.json,ICS-0402_mitsubishi_gx-works3-engineering-tool-1-080j_SBOM.json,ICS-0402,Mitsubishi Electric,GX Works3 Engineering Tool 1.080J,engineering-workstation,3,isolated-cell,building-automation,15,2,6,3,2,1,0,0,9.8
ICS-0403_codesys_codesys-development-system-v3-5-sp17_SBOM-CVE.json,ICS-0403_codesys_codesys-development-system-v3-5-sp17_SBOM.json,ICS-0403,CODESYS GmbH,CODESYS Development System V3.5 SP17,engineering-workstation,3,control-network,power-generation,15,4,9,1,8,0,0,0,9.8
ICS-0404_abb_automation-builder-2-5_SBOM-CVE.json,ICS-0404_abb_automation-builder-2-5_SBOM.json,ICS-0404,ABB Ltd,Automation Builder 2.5,engineering-workstation,3,isolated-cell,wastewater,15,6,13,3,6,4,0,0,9.8
ICS-0405_emerson_deltav-md-plus-controller-md-plus_SBOM-CVE.json,ICS-0405_emerson_deltav-md-plus-controller-md-plus_SBOM.json,ICS-0405,Emerson Electric,DeltaV MD Plus Controller MD Plus,dcs-controller,1,control-network,oil-and-gas-midstream,15,6,15,2,7,6,0,0,9.8
ICS-0406_honeywell_experion-c300-controller-c300_SBOM-CVE.json,ICS-0406_honeywell_experion-c300-controller-c300_SBOM.json,ICS-0406,Honeywell International,Experion C300 Controller C300,dcs-controller,1,control-network,port-and-logistics,17,6,13,2,6,4,0,1,9.8
ICS-0407_yokogawa_centum-vp-field-control-station-afv30d_SBOM-CVE.json,ICS-0407_yokogawa_centum-vp-field-control-station-afv30d_SBOM.json,ICS-0407,Yokogawa Electric,CENTUM VP Field Control Station AFV30D,dcs-controller,1,remote-accessible,transportation-rail,14,3,6,1,1,4,0,0,9.1
ICS-0408_abb_ac-800m-controller-pm866_SBOM-CVE.json,ICS-0408_abb_ac-800m-controller-pm866_SBOM.json,ICS-0408,ABB Ltd,AC 800M Controller PM866,dcs-controller,1,dmz-routable,pharmaceutical,15,2,4,0,3,0,0,1,7.5
ICS-0409_siemens_simatic-pcs-7-as-controller-as-410-5h_SBOM-CVE.json,ICS-0409_siemens_simatic-pcs-7-as-controller-as-410-5h_SBOM.json,ICS-0409,Siemens AG,SIMATIC PCS 7 AS Controller AS 410-5H,dcs-controller,1,control-network,power-transmission,13,2,4,3,1,0,0,0,10.0
ICS-0410_hitachi-energy_symphony-plus-hpc800-hpc800_SBOM-CVE.json,ICS-0410_hitachi-energy_symphony-plus-hpc800-hpc800_SBOM.json,ICS-0410,Hitachi Energy,Symphony Plus HPC800 HPC800,dcs-controller,1,control-network,port-and-logistics,18,8,22,4,9,8,0,1,9.8
ICS-0411_schneider_triconex-tricon-cx-controller-tricon-cx_SBOM-CVE.json,ICS-0411_schneider_triconex-tricon-cx-controller-tricon-cx_SBOM.json,ICS-0411,Schneider Electric,Triconex Tricon CX Controller Tricon CX,sis-logic-solver,1,remote-accessible,food-and-beverage,18,6,14,1,10,3,0,0,9.1
ICS-0412_hima_himax-safety-controller-x-cpu-31_SBOM-CVE.json,ICS-0412_hima_himax-safety-controller-x-cpu-31_SBOM.json,ICS-0412,HIMA Paul Hildebrandt GmbH,HIMax Safety Controller X-CPU 31,sis-logic-solver,1,dmz-routable,transportation-rail,16,6,12,4,5,1,0,2,9.8
ICS-0413_pilz_pss-4000-safety-controller-pssu-h-plc1_SBOM-CVE.json,ICS-0413_pilz_pss-4000-safety-controller-pssu-h-plc1_SBOM.json,ICS-0413,Pilz GmbH,PSS 4000 Safety Controller PSSu H PLC1,sis-logic-solver,1,dmz-routable,water-treatment,15,3,9,2,4,3,0,0,9.8
ICS-0414_siemens_simatic-s7-1500f-safety-cpu-1511f-1-pn_SBOM-CVE.json,ICS-0414_siemens_simatic-s7-1500f-safety-cpu-1511f-1-pn_SBOM.json,ICS-0414,Siemens AG,SIMATIC S7-1500F Safety CPU 1511F-1 PN,sis-logic-solver,1,dmz-routable,petrochemical,16,4,9,4,4,1,0,0,9.8
ICS-0415_rockwell_guardlogix-safety-controller-1756-l81es_SBOM-CVE.json,ICS-0415_rockwell_guardlogix-safety-controller-1756-l81es_SBOM.json,ICS-0415,Rockwell Automation,GuardLogix Safety Controller 1756-L81ES,sis-logic-solver,1,dmz-routable,pharmaceutical,13,4,9,3,1,5,0,0,9.8
ICS-0416_moxa_mgate-protocol-gateway-eip3170i_SBOM-CVE.json,ICS-0416_moxa_mgate-protocol-gateway-eip3170i_SBOM.json,ICS-0416,Moxa Inc.,MGate Protocol Gateway EIP3170I,protocol-gateway,3.5,isolated-cell,water-treatment,19,8,21,6,11,4,0,0,9.8
ICS-0417_softing_edgeaggregator-gateway-ea-500_SBOM-CVE.json,ICS-0417_softing_edgeaggregator-gateway-ea-500_SBOM.json,ICS-0417,Softing Industrial Automation,edgeAggregator Gateway EA-500,protocol-gateway,3.5,control-network,water-treatment,16,5,12,3,7,2,0,0,9.8
ICS-0418_advantech_ecu-1251-edge-gateway-ecu-1251_SBOM-CVE.json,ICS-0418_advantech_ecu-1251-edge-gateway-ecu-1251_SBOM.json,ICS-0418,"Advantech Co., Ltd.",ECU-1251 Edge Gateway ECU-1251,protocol-gateway,3.5,isolated-cell,manufacturing-discrete,21,6,13,3,6,3,0,1,9.8
ICS-0419_phoenix_fl-mguard-security-appliance-rs4000_SBOM-CVE.json,ICS-0419_phoenix_fl-mguard-security-appliance-rs4000_SBOM.json,ICS-0419,Phoenix Contact,FL MGUARD Security Appliance RS4000,industrial-firewall,3.5,dmz-routable,wastewater,13,4,9,3,5,1,0,0,9.8
ICS-0420_belden_eagle40-industrial-firewall-eagle40-4d_SBOM-CVE.json,ICS-0420_belden_eagle40-industrial-firewall-eagle40-4d_SBOM.json,ICS-0420,Belden / Hirschmann,EAGLE40 Industrial Firewall EAGLE40-4D,industrial-firewall,3.5,control-network,transportation-metro,16,8,18,3,10,4,1,0,9.8
ICS-0421_belden_rsp-managed-switch-rsp35_SBOM-CVE.json,ICS-0421_belden_rsp-managed-switch-rsp35_SBOM.json,ICS-0421,Belden / Hirschmann,RSP Managed Switch RSP35,industrial-switch,2,control-network,steel-and-metals,16,4,10,1,6,3,0,0,9.1
ICS-0422_westermo_lynx-dss-managed-switch-lynx-3510_SBOM-CVE.json,ICS-0422_westermo_lynx-dss-managed-switch-lynx-3510_SBOM.json,ICS-0422,Westermo Network Technologies,Lynx DSS Managed Switch Lynx-3510,industrial-switch,2,remote-accessible,transportation-metro,20,5,12,4,8,0,0,0,9.8
ICS-0423_moxa_eds-managed-ethernet-switch-eds-4012_SBOM-CVE.json,ICS-0423_moxa_eds-managed-ethernet-switch-eds-4012_SBOM.json,ICS-0423,Moxa Inc.,EDS Managed Ethernet Switch EDS-4012,industrial-switch,2,remote-accessible,building-automation,14,5,6,0,4,2,0,0,8.8
ICS-0424_siemens_scalance-x-industrial-switch-xc216-4c_SBOM-CVE.json,ICS-0424_siemens_scalance-x-industrial-switch-xc216-4c_SBOM.json,ICS-0424,Siemens AG,SCALANCE X Industrial Switch XC216-4C,industrial-switch,2,remote-accessible,power-transmission,15,3,8,2,4,2,0,0,9.8
ICS-0425_siemens_ruggedcom-rx1500-router-rx1500_SBOM-CVE.json,ICS-0425_siemens_ruggedcom-rx1500-router-rx1500_SBOM.json,ICS-0425,Siemens AG,RUGGEDCOM RX1500 Router RX1500,industrial-router,3.5,remote-accessible,semiconductor-fab,20,10,27,7,12,7,1,0,9.8
ICS-0426_abb_acs880-industrial-drive-acs880-01_SBOM-CVE.json,ICS-0426_abb_acs880-industrial-drive-acs880-01_SBOM.json,ICS-0426,ABB Ltd,ACS880 Industrial Drive ACS880-01,vfd-drive,1,control-network,transportation-rail,17,4,8,3,5,0,0,0,9.8
ICS-0427_siemens_sinamics-s120-drive-cu320-2-pn_SBOM-CVE.json,ICS-0427_siemens_sinamics-s120-drive-cu320-2-pn_SBOM.json,ICS-0427,Siemens AG,SINAMICS S120 Drive CU320-2 PN,vfd-drive,1,control-network,wastewater,14,4,10,3,7,0,0,0,9.8
ICS-0428_danfoss_vlt-automationdrive-fc-302_SBOM-CVE.json,ICS-0428_danfoss_vlt-automationdrive-fc-302_SBOM.json,ICS-0428,Danfoss A/S,VLT AutomationDrive FC-302,vfd-drive,1,control-network,automotive,15,6,13,6,5,2,0,0,9.8
ICS-0429_rockwell_powerflex-755-drive-755_SBOM-CVE.json,ICS-0429_rockwell_powerflex-755-drive-755_SBOM.json,ICS-0429,Rockwell Automation,PowerFlex 755 Drive 755,vfd-drive,1,isolated-cell,pulp-and-paper,16,3,5,1,3,1,0,0,9.8
ICS-0430_bosch-rexroth_indradrive-controller-hcs01_SBOM-CVE.json,ICS-0430_bosch-rexroth_indradrive-controller-hcs01_SBOM.json,ICS-0430,Bosch Rexroth AG,IndraDrive Controller HCS01,motion-controller,1,remote-accessible,oil-and-gas-upstream,18,5,12,2,8,0,0,2,9.8
ICS-0431_bosch-rexroth_indramotion-mlc-xm22_SBOM-CVE.json,ICS-0431_bosch-rexroth_indramotion-mlc-xm22_SBOM.json,ICS-0431,Bosch Rexroth AG,IndraMotion MLC XM22,motion-controller,1,isolated-cell,manufacturing-process,16,6,13,1,5,7,0,0,9.1
ICS-0432_fuji_frenic-ace-inverter-frn0006e2s_SBOM-CVE.json,ICS-0432_fuji_frenic-ace-inverter-frn0006e2s_SBOM.json,ICS-0432,Fuji Electric,FRENIC-Ace Inverter FRN0006E2S,vfd-drive,1,remote-accessible,building-automation,16,7,15,3,7,3,0,2,9.8
ICS-0433_mitsubishi_melfa-robot-controller-cr800-d_SBOM-CVE.json,ICS-0433_mitsubishi_melfa-robot-controller-cr800-d_SBOM.json,ICS-0433,Mitsubishi Electric,MELFA Robot Controller CR800-D,robot-controller,1,dmz-routable,transportation-rail,15,4,9,2,7,0,0,0,9.8
ICS-0434_abb_irc5-robot-controller-irc5-compact_SBOM-CVE.json,ICS-0434_abb_irc5-robot-controller-irc5-compact_SBOM.json,ICS-0434,ABB Ltd,IRC5 Robot Controller IRC5 Compact,robot-controller,1,remote-accessible,power-transmission,14,6,15,2,7,6,0,0,9.8
ICS-0435_keyence_cnc-motion-unit-mc-1_SBOM-CVE.json,ICS-0435_keyence_cnc-motion-unit-mc-1_SBOM.json,ICS-0435,KEYENCE Corporation,CNC Motion Unit MC-1,cnc-controller,1,remote-accessible,power-distribution,13,6,13,7,5,1,0,0,10.0
ICS-0436_mitsubishi_m800-cnc-controller-m830w_SBOM-CVE.json,ICS-0436_mitsubishi_m800-cnc-controller-m830w_SBOM.json,ICS-0436,Mitsubishi Electric,M800 CNC Controller M830W,cnc-controller,1,isolated-cell,pharmaceutical,15,3,6,5,0,1,0,0,10.0
ICS-0437_emerson_rosemount-3051s-transmitter-3051s_SBOM-CVE.json,ICS-0437_emerson_rosemount-3051s-transmitter-3051s_SBOM.json,ICS-0437,Emerson Electric,Rosemount 3051S Transmitter 3051S,field-transmitter,0,remote-accessible,power-transmission,11,2,5,0,3,1,0,1,8.1
ICS-0438_yokogawa_eja-e-series-transmitter-eja110e_SBOM-CVE.json,ICS-0438_yokogawa_eja-e-series-transmitter-eja110e_SBOM.json,ICS-0438,Yokogawa Electric,EJA-E Series Transmitter EJA110E,field-transmitter,0,control-network,transportation-rail,10,4,8,4,3,1,0,0,10.0
ICS-0439_honeywell_smartline-st800-transmitter-st800_SBOM-CVE.json,ICS-0439_honeywell_smartline-st800-transmitter-st800_SBOM.json,ICS-0439,Honeywell International,SmartLine ST800 Transmitter ST800,field-transmitter,0,dmz-routable,transportation-rail,11,2,6,0,2,3,0,1,7.5
ICS-0440_abb_merging-unit-sam600-sam600-io_SBOM-CVE.json,ICS-0440_abb_merging-unit-sam600-sam600-io_SBOM.json,ICS-0440,ABB Ltd,Merging Unit SAM600 SAM600-IO,merging-unit,0,remote-accessible,transportation-rail,16,4,10,7,3,0,0,0,10.0
ICS-0441_schneider_powerlogic-ion9000-meter-ion9000_SBOM-CVE.json,ICS-0441_schneider_powerlogic-ion9000-meter-ion9000_SBOM.json,ICS-0441,Schneider Electric,PowerLogic ION9000 Meter ION9000,power-meter,1,control-network,petrochemical,20,10,22,1,12,9,0,0,9.8
ICS-0442_ge_epm-9900-power-meter-epm9900_SBOM-CVE.json,ICS-0442_ge_epm-9900-power-meter-epm9900_SBOM.json,ICS-0442,GE Vernova,EPM 9900 Power Meter EPM9900,power-meter,1,isolated-cell,pulp-and-paper,14,6,9,4,4,1,0,0,9.1
ICS-0443_ptc_kepserverex-connectivity-platform-6-11_SBOM-CVE.json,ICS-0443_ptc_kepserverex-connectivity-platform-6-11_SBOM.json,ICS-0443,PTC Inc.,KEPServerEX Connectivity Platform 6.11,opc-server,3,control-network,port-and-logistics,16,5,10,3,5,2,0,0,9.8
ICS-0444_softing_datafeed-opc-suite-v5-20_SBOM-CVE.json,ICS-0444_softing_datafeed-opc-suite-v5-20_SBOM.json,ICS-0444,Softing Industrial Automation,dataFEED OPC Suite V5.20,opc-server,3,dmz-routable,building-automation,17,4,10,1,4,5,0,0,9.8
ICS-0445_aveva_aveva-opc-ua-server-2020_SBOM-CVE.json,ICS-0445_aveva_aveva-opc-ua-server-2020_SBOM.json,ICS-0445,AVEVA Group plc,AVEVA OPC UA Server 2020,opc-server,3,dmz-routable,water-treatment,16,7,14,4,7,3,0,0,9.8
ICS-0446_honeywell_excel-web-ii-bacnet-controller-xl1000c50_SBOM-CVE.json,ICS-0446_honeywell_excel-web-ii-bacnet-controller-xl1000c50_SBOM.json,ICS-0446,Honeywell International,Excel Web II BACnet Controller XL1000C50,bas-controller,1,remote-accessible,steel-and-metals,17,6,11,2,3,5,1,0,9.8
ICS-0447_siemens_desigo-pxc-automation-station-pxc100-e-d_SBOM-CVE.json,ICS-0447_siemens_desigo-pxc-automation-station-pxc100-e-d_SBOM.json,ICS-0447,Siemens AG,Desigo PXC Automation Station PXC100-E.D,bas-controller,1,isolated-cell,district-heating,17,7,13,4,7,2,0,0,9.8
ICS-0448_schneider_smartx-as-p-controller-as-p_SBOM-CVE.json,ICS-0448_schneider_smartx-as-p-controller-as-p_SBOM.json,ICS-0448,Schneider Electric,SmartX AS-P Controller AS-P,bas-controller,1,remote-accessible,semiconductor-fab,17,7,14,3,7,4,0,0,9.8
ICS-0449_delta_ez-building-controller-ezns-1000_SBOM-CVE.json,ICS-0449_delta_ez-building-controller-ezns-1000_SBOM.json,ICS-0449,Delta Electronics,eZ Building Controller eZNS-1000,bas-controller,1,dmz-routable,manufacturing-process,16,5,12,2,5,5,0,0,9.8
ICS-0450_phoenix_radioline-wireless-gateway-rad-2400_SBOM-CVE.json,ICS-0450_phoenix_radioline-wireless-gateway-rad-2400_SBOM.json,ICS-0450,Phoenix Contact,Radioline Wireless Gateway RAD-2400,wireless-gateway,1,dmz-routable,manufacturing-discrete,14,4,8,3,4,0,0,1,9.8
ICS-0451_moxa_awk-industrial-wireless-ap-awk-3131a_SBOM-CVE.json,ICS-0451_moxa_awk-industrial-wireless-ap-awk-3131a_SBOM.json,ICS-0451,Moxa Inc.,AWK Industrial Wireless AP AWK-3131A,wireless-gateway,2,isolated-cell,manufacturing-process,19,8,18,2,12,3,0,1,9.8
ICS-0452_emerson_wireless-1420-gateway-1420_SBOM-CVE.json,ICS-0452_emerson_wireless-1420-gateway-1420_SBOM.json,ICS-0452,Emerson Electric,Wireless 1420 Gateway 1420,wireless-gateway,1,isolated-cell,pharmaceutical,16,5,13,4,6,3,0,0,9.8
ICS-0453_siemens_simatic-s7-1500-cpu-1511-1-pn_SBOM-CVE.json,ICS-0453_siemens_simatic-s7-1500-cpu-1511-1-pn_SBOM.json,ICS-0453,Siemens AG,SIMATIC S7-1500 CPU 1511-1 PN,plc,1,remote-accessible,pharmaceutical,17,6,10,4,5,1,0,0,9.8
ICS-0454_siemens_simatic-s7-1200-cpu-1212c_SBOM-CVE.json,ICS-0454_siemens_simatic-s7-1200-cpu-1212c_SBOM.json,ICS-0454,Siemens AG,SIMATIC S7-1200 CPU 1212C,plc,1,dmz-routable,wastewater,14,4,7,1,4,2,0,0,9.8
ICS-0455_siemens_simatic-s7-400-cpu-416-3_SBOM-CVE.json,ICS-0455_siemens_simatic-s7-400-cpu-416-3_SBOM.json,ICS-0455,Siemens AG,SIMATIC S7-400 CPU 416-3,plc,1,control-network,water-treatment,14,5,9,2,5,0,0,2,9.8
ICS-0456_rockwell_controllogix-controller-1756-l71_SBOM-CVE.json,ICS-0456_rockwell_controllogix-controller-1756-l71_SBOM.json,ICS-0456,Rockwell Automation,ControlLogix Controller 1756-L71,plc,1,remote-accessible,transportation-rail,17,7,16,6,5,5,0,0,9.8
ICS-0457_rockwell_compactlogix-controller-5069-l320er_SBOM-CVE.json,ICS-0457_rockwell_compactlogix-controller-5069-l320er_SBOM.json,ICS-0457,Rockwell Automation,CompactLogix Controller 5069-L320ER,plc,1,control-network,building-automation,11,3,7,1,3,3,0,0,9.8
ICS-0458_rockwell_micrologix-controller-1100-c_SBOM-CVE.json,ICS-0458_rockwell_micrologix-controller-1100-c_SBOM.json,ICS-0458,Rockwell Automation,MicroLogix Controller 1100-C,plc,1,dmz-routable,semiconductor-fab,11,3,8,0,5,2,0,1,7.5
ICS-0459_schneider_modicon-m340-controller-bmxp341000_SBOM-CVE.json,ICS-0459_schneider_modicon-m340-controller-bmxp341000_SBOM.json,ICS-0459,Schneider Electric,Modicon M340 Controller BMXP341000,plc,1,isolated-cell,wastewater,19,5,12,4,3,4,0,1,9.8
ICS-0460_schneider_modicon-m580-epac-bmep584040_SBOM-CVE.json,ICS-0460_schneider_modicon-m580-epac-bmep584040_SBOM.json,ICS-0460,Schneider Electric,Modicon M580 ePAC BMEP584040,plc,1,remote-accessible,chemical,17,7,15,3,8,4,0,0,9.8
ICS-0461_mitsubishi_melsec-iq-r-cpu-r04cpu_SBOM-CVE.json,ICS-0461_mitsubishi_melsec-iq-r-cpu-r04cpu_SBOM.json,ICS-0461,Mitsubishi Electric,MELSEC iQ-R CPU R04CPU,plc,1,isolated-cell,port-and-logistics,17,5,11,5,5,1,0,0,9.8
ICS-0462_mitsubishi_melsec-q-series-cpu-q06ude_SBOM-CVE.json,ICS-0462_mitsubishi_melsec-q-series-cpu-q06ude_SBOM.json,ICS-0462,Mitsubishi Electric,MELSEC-Q Series CPU Q06UDE,plc,1,control-network,power-distribution,17,8,19,6,8,4,0,1,10.0
ICS-0463_omron_sysmac-nj-machine-controller-nj301-1200_SBOM-CVE.json,ICS-0463_omron_sysmac-nj-machine-controller-nj301-1200_SBOM.json,ICS-0463,OMRON Corporation,SYSMAC NJ Machine Controller NJ301-1200,plc,1,dmz-routable,water-treatment,15,3,7,2,4,1,0,0,9.8
ICS-0464_omron_sysmac-cj2-plc-cj2h-cpu64_SBOM-CVE.json,ICS-0464_omron_sysmac-cj2-plc-cj2h-cpu64_SBOM.json,ICS-0464,OMRON Corporation,SYSMAC CJ2 PLC CJ2H-CPU64,plc,1,isolated-cell,pharmaceutical,15,5,13,7,5,0,0,1,10.0
ICS-0465_beckhoff_twincat-runtime-controller-cx8190_SBOM-CVE.json,ICS-0465_beckhoff_twincat-runtime-controller-cx8190_SBOM.json,ICS-0465,Beckhoff Automation,TwinCAT Runtime Controller CX8190,plc,1,remote-accessible,food-and-beverage,13,3,5,0,2,3,0,0,7.8
ICS-0466_wago_pfc200-controller-750-8206_SBOM-CVE.json,ICS-0466_wago_pfc200-controller-750-8206_SBOM.json,ICS-0466,WAGO GmbH,PFC200 Controller 750-8206,plc,1,dmz-routable,petrochemical,17,7,14,2,7,4,1,0,9.8
ICS-0467_phoenix_axc-f-2152-controller-axc-f-3152_SBOM-CVE.json,ICS-0467_phoenix_axc-f-2152-controller-axc-f-3152_SBOM.json,ICS-0467,Phoenix Contact,AXC F 2152 Controller AXC-F-3152,plc,1,isolated-cell,chemical,16,5,11,2,7,1,1,0,9.8
ICS-0468_br_x20-controller-x20cp3586_SBOM-CVE.json,ICS-0468_br_x20-controller-x20cp3586_SBOM.json,ICS-0468,B&R Industrial Automation,X20 Controller X20CP3586,plc,1,isolated-cell,oil-and-gas-midstream,13,3,6,0,3,3,0,0,7.5
ICS-0469_ls-electric_xgt-plc-cpu-xgi-cpuu_SBOM-CVE.json,ICS-0469_ls-electric_xgt-plc-cpu-xgi-cpuu_SBOM.json,ICS-0469,LS ELECTRIC,XGT PLC CPU XGI-CPUU,plc,1,dmz-routable,power-distribution,13,5,10,2,6,2,0,0,9.1
ICS-0470_delta_as-series-plc-as332t-a_SBOM-CVE.json,ICS-0470_delta_as-series-plc-as332t-a_SBOM.json,ICS-0470,Delta Electronics,AS Series PLC AS332T-A,plc,1,dmz-routable,power-transmission,15,5,11,4,6,1,0,0,9.8
ICS-0471_unitronics_unistream-plc-usp-104-b10_SBOM-CVE.json,ICS-0471_unitronics_unistream-plc-usp-104-b10_SBOM.json,ICS-0471,Unitronics,UniStream PLC USP-104-B10,plc,1,isolated-cell,building-automation,20,11,22,3,11,8,0,0,9.8
ICS-0472_idec_microsmart-fc6a-plc-fc6a-d32k3_SBOM-CVE.json,ICS-0472_idec_microsmart-fc6a-plc-fc6a-d32k3_SBOM.json,ICS-0472,IDEC Corporation,MicroSmart FC6A PLC FC6A-D32K3,plc,1,control-network,building-automation,15,7,14,3,10,1,0,0,9.8
ICS-0473_panasonic_fp7-series-plc-afp7cps31_SBOM-CVE.json,ICS-0473_panasonic_fp7-series-plc-afp7cps31_SBOM.json,ICS-0473,"Panasonic Industry Co., Ltd.",FP7 Series PLC AFP7CPS31,plc,1,dmz-routable,power-transmission,15,5,12,6,4,0,0,2,9.8
ICS-0474_keyence_kv-8000-plc-kv-7500_SBOM-CVE.json,ICS-0474_keyence_kv-8000-plc-kv-7500_SBOM.json,ICS-0474,KEYENCE Corporation,KV-8000 PLC KV-7500,plc,1,dmz-routable,semiconductor-fab,15,3,6,2,4,0,0,0,9.1
ICS-0475_fuji_micrex-sx-plc-np1pm-256e_SBOM-CVE.json,ICS-0475_fuji_micrex-sx-plc-np1pm-256e_SBOM.json,ICS-0475,Fuji Electric,MICREX-SX PLC NP1PM-256E,plc,1,isolated-cell,manufacturing-process,10,4,10,2,7,1,0,0,9.8
ICS-0476_codesys_codesys-control-runtime-for-linux-sl_SBOM-CVE.json,ICS-0476_codesys_codesys-control-runtime-for-linux-sl_SBOM.json,ICS-0476,CODESYS GmbH,CODESYS Control Runtime for Linux SL,plc-runtime,1,isolated-cell,port-and-logistics,20,6,11,5,5,1,0,0,9.8
ICS-0477_abb_rtu560-telecontrol-unit-560cmr01_SBOM-CVE.json,ICS-0477_abb_rtu560-telecontrol-unit-560cmr01_SBOM.json,ICS-0477,ABB Ltd,RTU560 Telecontrol Unit 560CMR01,rtu,1,control-network,water-treatment,22,11,21,7,9,5,0,0,9.8
ICS-0478_schneider_scadapack-rtu-474i_SBOM-CVE.json,ICS-0478_schneider_scadapack-rtu-474i_SBOM.json,ICS-0478,Schneider Electric,SCADAPack RTU 474i,rtu,1,remote-accessible,wastewater,17,4,10,4,3,3,0,0,9.8
ICS-0479_ge_d20-mx-substation-controller-d20eme_SBOM-CVE.json,ICS-0479_ge_d20-mx-substation-controller-d20eme_SBOM.json,ICS-0479,GE Vernova,D20 MX Substation Controller D20EME,rtu,1,control-network,automotive,19,5,10,2,3,5,0,0,9.8
ICS-0480_siemens_sicam-a8000-rtu-cp-8031_SBOM-CVE.json,ICS-0480_siemens_sicam-a8000-rtu-cp-8031_SBOM.json,ICS-0480,Siemens AG,SICAM A8000 RTU CP-8031,rtu,1,control-network,food-and-beverage,16,4,8,3,3,2,0,0,9.8
ICS-0481_hitachi-energy_rtu500-series-rtu520_SBOM-CVE.json,ICS-0481_hitachi-energy_rtu500-series-rtu520_SBOM.json,ICS-0481,Hitachi Energy,RTU500 Series RTU520,rtu,1,remote-accessible,chemical,16,6,17,6,6,4,0,1,10.0
ICS-0482_moxa_iopac-programmable-controller-8500-c-t_SBOM-CVE.json,ICS-0482_moxa_iopac-programmable-controller-8500-c-t_SBOM.json,ICS-0482,Moxa Inc.,ioPAC Programmable Controller 8500-C-T,rtu,1,control-network,oil-and-gas-midstream,19,6,13,2,6,5,0,0,9.8
ICS-0483_red-lion_data-station-plus-rtu-dspzr000_SBOM-CVE.json,ICS-0483_red-lion_data-station-plus-rtu-dspzr000_SBOM.json,ICS-0483,Red Lion Controls,Data Station Plus RTU DSPZR000,rtu,1,control-network,power-transmission,23,10,23,8,11,3,1,0,9.8
ICS-0484_sel_sel-451-protection-system-451-5_SBOM-CVE.json,ICS-0484_sel_sel-451-protection-system-451-5_SBOM.json,ICS-0484,Schweitzer Engineering Laboratories,SEL-451 Protection System 451-5,ied,1,control-network,automotive,17,2,6,0,4,1,0,1,7.5
ICS-0485_sel_sel-3530-rtac-3530-4_SBOM-CVE.json,ICS-0485_sel_sel-3530-rtac-3530-4_SBOM.json,ICS-0485,Schweitzer Engineering Laboratories,SEL-3530 RTAC 3530-4,ied,1,remote-accessible,pulp-and-paper,14,3,7,3,4,0,0,0,9.8
ICS-0486_hitachi-energy_ref615-feeder-protection-relay-ref615_SBOM-CVE.json,ICS-0486_hitachi-energy_ref615-feeder-protection-relay-ref615_SBOM.json,ICS-0486,Hitachi Energy,REF615 Feeder Protection Relay REF615,ied,1,control-network,power-distribution,17,5,11,3,7,1,0,0,10.0
ICS-0487_siemens_siprotec-5-protection-relay-7sj85_SBOM-CVE.json,ICS-0487_siemens_siprotec-5-protection-relay-7sj85_SBOM.json,ICS-0487,Siemens AG,SIPROTEC 5 Protection Relay 7SJ85,ied,1,dmz-routable,power-transmission,15,4,10,0,5,4,0,1,8.1
ICS-0488_ge_multilin-ur-relay-b30_SBOM-CVE.json,ICS-0488_ge_multilin-ur-relay-b30_SBOM.json,ICS-0488,GE Vernova,Multilin UR Relay B30,ied,1,isolated-cell,power-transmission,19,8,19,10,8,0,0,1,10.0
ICS-0489_schneider_easergy-p3-protection-relay-p3l30_SBOM-CVE.json,ICS-0489_schneider_easergy-p3-protection-relay-p3l30_SBOM.json,ICS-0489,Schneider Electric,Easergy P3 Protection Relay P3L30,ied,1,isolated-cell,oil-and-gas-midstream,17,9,21,8,8,3,0,2,10.0
ICS-0490_nari_pcs-9611-feeder-protection-pcs-9705_SBOM-CVE.json,ICS-0490_nari_pcs-9611-feeder-protection-pcs-9705_SBOM.json,ICS-0490,NARI Technology,PCS-9611 Feeder Protection PCS-9705,ied,1,control-network,water-treatment,16,6,10,3,4,1,0,2,9.8
ICS-0491_hd-hyundai_higen-protection-relay-hgr-200_SBOM-CVE.json,ICS-0491_hd-hyundai_higen-protection-relay-hgr-200_SBOM.json,ICS-0491,HD Hyundai Electric,HiGEN Protection Relay HGR-200,ied,1,dmz-routable,manufacturing-discrete,13,5,11,7,3,1,0,0,10.0
ICS-0492_siemens_simatic-hmi-comfort-panel-tp1200_SBOM-CVE.json,ICS-0492_siemens_simatic-hmi-comfort-panel-tp1200_SBOM.json,ICS-0492,Siemens AG,SIMATIC HMI Comfort Panel TP1200,hmi,2,remote-accessible,wastewater,13,3,8,5,3,0,0,0,9.8
ICS-0493_rockwell_panelview-plus-terminal-7-performance-1500_SBOM-CVE.json,ICS-0493_rockwell_panelview-plus-terminal-7-performance-1500_SBOM.json,ICS-0493,Rockwell Automation,PanelView Plus Terminal 7 Performance 1500,hmi,2,remote-accessible,power-transmission,14,6,14,2,10,2,0,0,9.8
ICS-0494_schneider_magelis-gtu-hmi-hmidt551_SBOM-CVE.json,ICS-0494_schneider_magelis-gtu-hmi-hmidt551_SBOM.json,ICS-0494,Schneider Electric,Magelis GTU HMI HMIDT551,hmi,2,dmz-routable,building-automation,20,7,14,2,10,2,0,0,9.8
ICS-0495_mitsubishi_got2000-graphic-terminal-gt2510-vtba_SBOM-CVE.json,ICS-0495_mitsubishi_got2000-graphic-terminal-gt2510-vtba_SBOM.json,ICS-0495,Mitsubishi Electric,GOT2000 Graphic Terminal GT2510-VTBA,hmi,2,dmz-routable,power-transmission,15,8,17,8,7,2,0,0,9.8
ICS-0496_advantech_webop-operator-panel-wop-3070t_SBOM-CVE.json,ICS-0496_advantech_webop-operator-panel-wop-3070t_SBOM.json,ICS-0496,"Advantech Co., Ltd.",WebOP Operator Panel WOP-3070T,hmi,2,control-network,district-heating,15,4,8,3,3,2,0,0,9.8
ICS-0497_delta_dop-100-hmi-dop-110cs_SBOM-CVE.json,ICS-0497_delta_dop-100-hmi-dop-110cs_SBOM.json,ICS-0497,Delta Electronics,DOP-100 HMI DOP-110CS,hmi,2,dmz-routable,oil-and-gas-upstream,12,3,8,1,7,0,0,0,9.8
ICS-0498_omron_na-series-hmi-na5-9w_SBOM-CVE.json,ICS-0498_omron_na-series-hmi-na5-9w_SBOM.json,ICS-0498,OMRON Corporation,NA Series HMI NA5-9W,hmi,2,dmz-routable,transportation-metro,16,5,11,2,6,3,0,0,9.8
ICS-0499_pilz_pmi-operator-terminal-pmi-v812_SBOM-CVE.json,ICS-0499_pilz_pmi-operator-terminal-pmi-v812_SBOM.json,ICS-0499,Pilz GmbH,PMI Operator Terminal PMI v812,hmi,2,control-network,power-generation,18,8,16,3,5,7,1,0,9.8
ICS-0500_aveva_aveva-plant-scada-2023_SBOM-CVE.json,ICS-0500_aveva_aveva-plant-scada-2023_SBOM.json,ICS-0500,AVEVA Group plc,AVEVA Plant SCADA 2023,scada-server,2,isolated-cell,food-and-beverage,18,5,10,1,6,3,0,0,9.8
ICS-0501_inductive_ignition-scada-platform-8-1-edge_SBOM-CVE.json,ICS-0501_inductive_ignition-scada-platform-8-1-edge_SBOM.json,ICS-0501,Inductive Automation,Ignition SCADA Platform 8.1 Edge,scada-server,2,dmz-routable,pulp-and-paper,16,5,12,3,4,5,0,0,10.0
ICS-0502_copadata_zenon-supervisor-11_SBOM-CVE.json,ICS-0502_copadata_zenon-supervisor-11_SBOM.json,ICS-0502,COPA-DATA GmbH,zenon Supervisor 11,scada-server,2,isolated-cell,food-and-beverage,19,5,12,3,7,2,0,0,9.8
ICS-0503_siemens_simatic-wincc-v8-0_SBOM-CVE.json,ICS-0503_siemens_simatic-wincc-v8-0_SBOM.json,ICS-0503,Siemens AG,SIMATIC WinCC V8.0,scada-server,2,control-network,district-heating,17,4,11,2,7,2,0,0,9.8
ICS-0504_ge_cimplicity-hmi-scada-2022_SBOM-CVE.json,ICS-0504_ge_cimplicity-hmi-scada-2022_SBOM.json,ICS-0504,GE Vernova,CIMPLICITY HMI/SCADA 2022,scada-server,2,remote-accessible,transportation-rail,15,3,9,5,3,1,0,0,9.8
ICS-0505_schneider_ecostruxure-geo-scada-expert-2022_SBOM-CVE.json,ICS-0505_schneider_ecostruxure-geo-scada-expert-2022_SBOM.json,ICS-0505,Schneider Electric,EcoStruxure Geo SCADA Expert 2022,scada-server,2,remote-accessible,pulp-and-paper,16,2,4,0,1,3,0,0,7.3
ICS-0506_rockwell_factorytalk-view-se-13-00_SBOM-CVE.json,ICS-0506_rockwell_factorytalk-view-se-13-00_SBOM.json,ICS-0506,Rockwell Automation,FactoryTalk View SE 13.00,scada-server,2,remote-accessible,water-treatment,15,6,15,6,7,2,0,0,9.8
ICS-0507_aveva_aveva-historian-2023_SBOM-CVE.json,ICS-0507_aveva_aveva-historian-2023_SBOM.json,ICS-0507,AVEVA Group plc,AVEVA Historian 2023,historian,3,remote-accessible,water-treatment,11,3,6,1,4,1,0,0,9.8
ICS-0508_ge_proficy-historian-2023_SBOM-CVE.json,ICS-0508_ge_proficy-historian-2023_SBOM.json,ICS-0508,GE Vernova,Proficy Historian 2023,historian,3,control-network,pharmaceutical,14,3,7,2,4,1,0,0,9.8
ICS-0509_honeywell_uniformance-phd-historian-r400_SBOM-CVE.json,ICS-0509_honeywell_uniformance-phd-historian-r400_SBOM.json,ICS-0509,Honeywell International,Uniformance PHD Historian R400,historian,3,isolated-cell,semiconductor-fab,16,5,10,1,7,2,0,0,9.8
ICS-0510_emerson_deltav-continuous-historian-14-lts_SBOM-CVE.json,ICS-0510_emerson_deltav-continuous-historian-14-lts_SBOM.json,ICS-0510,Emerson Electric,DeltaV Continuous Historian 14.LTS,historian,3,dmz-routable,manufacturing-process,11,4,11,3,6,2,0,0,9.8
ICS-0511_yokogawa_exaquantum-plant-information-system-r3-15_SBOM-CVE.json,ICS-0511_yokogawa_exaquantum-plant-information-system-r3-15_SBOM.json,ICS-0511,Yokogawa Electric,Exaquantum Plant Information System R3.15,historian,3,control-network,chemical,15,4,7,1,4,2,0,0,9.8
ICS-0512_siemens_tia-portal-engineering-suite-v18_SBOM-CVE.json,ICS-0512_siemens_tia-portal-engineering-suite-v18_SBOM.json,ICS-0512,Siemens AG,TIA Portal Engineering Suite V18,engineering-workstation,3,remote-accessible,petrochemical,14,4,7,3,3,1,0,0,9.8
ICS-0513_rockwell_studio-5000-logix-designer-32-00_SBOM-CVE.json,ICS-0513_rockwell_studio-5000-logix-designer-32-00_SBOM.json,ICS-0513,Rockwell Automation,Studio 5000 Logix Designer 32.00,engineering-workstation,3,isolated-cell,manufacturing-process,13,2,6,1,4,1,0,0,9.8
ICS-0514_schneider_ecostruxure-control-expert-v16-0_SBOM-CVE.json,ICS-0514_schneider_ecostruxure-control-expert-v16-0_SBOM.json,ICS-0514,Schneider Electric,EcoStruxure Control Expert V16.0,engineering-workstation,3,control-network,transportation-metro,17,3,7,2,3,2,0,0,9.8
ICS-0515_mitsubishi_gx-works3-engineering-tool-1-090u_SBOM-CVE.json,ICS-0515_mitsubishi_gx-works3-engineering-tool-1-090u_SBOM.json,ICS-0515,Mitsubishi Electric,GX Works3 Engineering Tool 1.090U,engineering-workstation,3,remote-accessible,port-and-logistics,12,2,5,1,2,2,0,0,9.8
ICS-0516_codesys_codesys-development-system-v3-5-sp18_SBOM-CVE.json,ICS-0516_codesys_codesys-development-system-v3-5-sp18_SBOM.json,ICS-0516,CODESYS GmbH,CODESYS Development System V3.5 SP18,engineering-workstation,3,control-network,steel-and-metals,17,5,12,3,6,3,0,0,9.8
ICS-0517_abb_automation-builder-2-6_SBOM-CVE.json,ICS-0517_abb_automation-builder-2-6_SBOM.json,ICS-0517,ABB Ltd,Automation Builder 2.6,engineering-workstation,3,remote-accessible,petrochemical,17,5,14,4,7,3,0,0,9.8
ICS-0518_emerson_deltav-md-plus-controller-sx_SBOM-CVE.json,ICS-0518_emerson_deltav-md-plus-controller-sx_SBOM.json,ICS-0518,Emerson Electric,DeltaV MD Plus Controller SX,dcs-controller,1,remote-accessible,chemical,16,7,15,5,8,2,0,0,9.8
ICS-0519_honeywell_experion-c300-controller-c200e_SBOM-CVE.json,ICS-0519_honeywell_experion-c300-controller-c200e_SBOM.json,ICS-0519,Honeywell International,Experion C300 Controller C200E,dcs-controller,1,remote-accessible,steel-and-metals,16,8,21,5,15,1,0,0,9.8
ICS-0520_yokogawa_centum-vp-field-control-station-afv10d_SBOM-CVE.json,ICS-0520_yokogawa_centum-vp-field-control-station-afv10d_SBOM.json,ICS-0520,Yokogawa Electric,CENTUM VP Field Control Station AFV10D,dcs-controller,1,dmz-routable,district-heating,16,5,11,5,6,0,0,0,10.0
ICS-0521_abb_ac-800m-controller-pm891_SBOM-CVE.json,ICS-0521_abb_ac-800m-controller-pm891_SBOM.json,ICS-0521,ABB Ltd,AC 800M Controller PM891,dcs-controller,1,remote-accessible,chemical,19,6,13,5,4,4,0,0,9.8
ICS-0522_siemens_simatic-pcs-7-as-controller-as-417-4_SBOM-CVE.json,ICS-0522_siemens_simatic-pcs-7-as-controller-as-417-4_SBOM.json,ICS-0522,Siemens AG,SIMATIC PCS 7 AS Controller AS 417-4,dcs-controller,1,control-network,manufacturing-discrete,17,4,10,5,4,1,0,0,9.8
ICS-0523_hitachi-energy_symphony-plus-hpc800-brc410_SBOM-CVE.json,ICS-0523_hitachi-energy_symphony-plus-hpc800-brc410_SBOM.json,ICS-0523,Hitachi Energy,Symphony Plus HPC800 BRC410,dcs-controller,1,remote-accessible,building-automation,14,4,10,4,4,2,0,0,9.8
ICS-0524_schneider_triconex-tricon-cx-controller-trident-3_SBOM-CVE.json,ICS-0524_schneider_triconex-tricon-cx-controller-trident-3_SBOM.json,ICS-0524,Schneider Electric,Triconex Tricon CX Controller Trident 3,sis-logic-solver,1,dmz-routable,district-heating,12,5,8,2,5,1,0,0,9.8
ICS-0525_hima_himax-safety-controller-x-cpu-01_SBOM-CVE.json,ICS-0525_hima_himax-safety-controller-x-cpu-01_SBOM.json,ICS-0525,HIMA Paul Hildebrandt GmbH,HIMax Safety Controller X-CPU 01,sis-logic-solver,1,remote-accessible,transportation-metro,12,5,10,3,4,3,0,0,9.1
ICS-0526_pilz_pss-4000-safety-controller-pssu-h-fs_SBOM-CVE.json,ICS-0526_pilz_pss-4000-safety-controller-pssu-h-fs_SBOM.json,ICS-0526,Pilz GmbH,PSS 4000 Safety Controller PSSu H FS,sis-logic-solver,1,dmz-routable,transportation-rail,13,4,8,3,2,1,0,2,9.1
ICS-0527_siemens_simatic-s7-1500f-safety-cpu-1516f-3-pn-dp_SBOM-CVE.json,ICS-0527_siemens_simatic-s7-1500f-safety-cpu-1516f-3-pn-dp_SBOM.json,ICS-0527,Siemens AG,SIMATIC S7-1500F Safety CPU 1516F-3 PN/DP,sis-logic-solver,1,dmz-routable,automotive,15,6,14,6,3,3,0,2,10.0
ICS-0528_rockwell_guardlogix-safety-controller-1756-l83es_SBOM-CVE.json,ICS-0528_rockwell_guardlogix-safety-controller-1756-l83es_SBOM.json,ICS-0528,Rockwell Automation,GuardLogix Safety Controller 1756-L83ES,sis-logic-solver,1,dmz-routable,semiconductor-fab,15,7,20,5,10,4,0,1,9.8
ICS-0529_moxa_mgate-protocol-gateway-5105-mb-eip_SBOM-CVE.json,ICS-0529_moxa_mgate-protocol-gateway-5105-mb-eip_SBOM.json,ICS-0529,Moxa Inc.,MGate Protocol Gateway 5105-MB-EIP,protocol-gateway,3.5,isolated-cell,water-treatment,18,7,14,3,3,8,0,0,9.8
ICS-0530_softing_edgeaggregator-gateway-ea-300_SBOM-CVE.json,ICS-0530_softing_edgeaggregator-gateway-ea-300_SBOM.json,ICS-0530,Softing Industrial Automation,edgeAggregator Gateway EA-300,protocol-gateway,3.5,remote-accessible,power-generation,18,8,17,2,10,4,1,0,9.8
ICS-0531_advantech_ecu-1251-edge-gateway-ecu-1051_SBOM-CVE.json,ICS-0531_advantech_ecu-1251-edge-gateway-ecu-1051_SBOM.json,ICS-0531,"Advantech Co., Ltd.",ECU-1251 Edge Gateway ECU-1051,protocol-gateway,3.5,remote-accessible,port-and-logistics,15,5,13,3,6,4,0,0,9.8
ICS-0532_phoenix_fl-mguard-security-appliance-rs2000_SBOM-CVE.json,ICS-0532_phoenix_fl-mguard-security-appliance-rs2000_SBOM.json,ICS-0532,Phoenix Contact,FL MGUARD Security Appliance RS2000,industrial-firewall,3.5,remote-accessible,manufacturing-discrete,16,7,13,2,6,3,1,1,9.8
ICS-0533_belden_eagle40-industrial-firewall-eagle30_SBOM-CVE.json,ICS-0533_belden_eagle40-industrial-firewall-eagle30_SBOM.json,ICS-0533,Belden / Hirschmann,EAGLE40 Industrial Firewall EAGLE30,industrial-firewall,3.5,isolated-cell,semiconductor-fab,12,5,9,1,2,6,0,0,9.8
ICS-0534_belden_rsp-managed-switch-rsp20_SBOM-CVE.json,ICS-0534_belden_rsp-managed-switch-rsp20_SBOM.json,ICS-0534,Belden / Hirschmann,RSP Managed Switch RSP20,industrial-switch,2,dmz-routable,automotive,16,4,8,3,4,1,0,0,9.8
ICS-0535_westermo_lynx-dss-managed-switch-lynx-5612_SBOM-CVE.json,ICS-0535_westermo_lynx-dss-managed-switch-lynx-5612_SBOM.json,ICS-0535,Westermo Network Technologies,Lynx DSS Managed Switch Lynx-5612,industrial-switch,2,remote-accessible,automotive,13,3,8,2,6,0,0,0,9.8
ICS-0536_moxa_eds-managed-ethernet-switch-eds-508a_SBOM-CVE.json,ICS-0536_moxa_eds-managed-ethernet-switch-eds-508a_SBOM.json,ICS-0536,Moxa Inc.,EDS Managed Ethernet Switch EDS-508A,industrial-switch,2,isolated-cell,pharmaceutical,19,7,14,5,6,3,0,0,9.8
ICS-0537_siemens_scalance-x-industrial-switch-x308-2_SBOM-CVE.json,ICS-0537_siemens_scalance-x-industrial-switch-x308-2_SBOM.json,ICS-0537,Siemens AG,SCALANCE X Industrial Switch X308-2,industrial-switch,2,isolated-cell,wastewater,21,7,14,3,6,5,0,0,9.8
ICS-0538_siemens_ruggedcom-rx1500-router-rx1400_SBOM-CVE.json,ICS-0538_siemens_ruggedcom-rx1500-router-rx1400_SBOM.json,ICS-0538,Siemens AG,RUGGEDCOM RX1500 Router RX1400,industrial-router,3.5,dmz-routable,chemical,19,3,7,2,3,2,0,0,9.1
ICS-0539_abb_acs880-industrial-drive-acs880-07_SBOM-CVE.json,ICS-0539_abb_acs880-industrial-drive-acs880-07_SBOM.json,ICS-0539,ABB Ltd,ACS880 Industrial Drive ACS880-07,vfd-drive,1,control-network,pulp-and-paper,17,7,16,7,9,0,0,0,10.0
ICS-0540_siemens_sinamics-s120-drive-cu310-2-pn_SBOM-CVE.json,ICS-0540_siemens_sinamics-s120-drive-cu310-2-pn_SBOM.json,ICS-0540,Siemens AG,SINAMICS S120 Drive CU310-2 PN,vfd-drive,1,control-network,building-automation,13,5,10,3,6,1,0,0,9.8
ICS-0541_danfoss_vlt-automationdrive-fc-102_SBOM-CVE.json,ICS-0541_danfoss_vlt-automationdrive-fc-102_SBOM.json,ICS-0541,Danfoss A/S,VLT AutomationDrive FC-102,vfd-drive,1,remote-accessible,transportation-metro,17,3,5,1,3,1,0,0,9.8
ICS-0542_rockwell_powerflex-755-drive-755t_SBOM-CVE.json,ICS-0542_rockwell_powerflex-755-drive-755t_SBOM.json,ICS-0542,Rockwell Automation,PowerFlex 755 Drive 755T,vfd-drive,1,control-network,power-generation,13,5,11,6,3,2,0,0,10.0
ICS-0543_bosch-rexroth_indradrive-controller-hcs02_SBOM-CVE.json,ICS-0543_bosch-rexroth_indradrive-controller-hcs02_SBOM.json,ICS-0543,Bosch Rexroth AG,IndraDrive Controller HCS02,motion-controller,1,isolated-cell,power-generation,17,5,12,3,8,1,0,0,9.8
ICS-0544_bosch-rexroth_indramotion-mlc-xm42_SBOM-CVE.json,ICS-0544_bosch-rexroth_indramotion-mlc-xm42_SBOM.json,ICS-0544,Bosch Rexroth AG,IndraMotion MLC XM42,motion-controller,1,isolated-cell,semiconductor-fab,19,10,23,5,15,2,0,1,9.8
ICS-0545_fuji_frenic-ace-inverter-frn0012e2s_SBOM-CVE.json,ICS-0545_fuji_frenic-ace-inverter-frn0012e2s_SBOM.json,ICS-0545,Fuji Electric,FRENIC-Ace Inverter FRN0012E2S,vfd-drive,1,dmz-routable,building-automation,15,3,6,0,6,0,0,0,7.5
ICS-0546_mitsubishi_melfa-robot-controller-cr800-r_SBOM-CVE.json,ICS-0546_mitsubishi_melfa-robot-controller-cr800-r_SBOM.json,ICS-0546,Mitsubishi Electric,MELFA Robot Controller CR800-R,robot-controller,1,control-network,district-heating,15,6,11,6,4,1,0,0,10.0
ICS-0547_abb_irc5-robot-controller-irc5-single_SBOM-CVE.json,ICS-0547_abb_irc5-robot-controller-irc5-single_SBOM.json,ICS-0547,ABB Ltd,IRC5 Robot Controller IRC5 Single,robot-controller,1,remote-accessible,petrochemical,17,7,15,6,7,2,0,0,9.8
ICS-0548_keyence_cnc-motion-unit-mc-2_SBOM-CVE.json,ICS-0548_keyence_cnc-motion-unit-mc-2_SBOM.json,ICS-0548,KEYENCE Corporation,CNC Motion Unit MC-2,cnc-controller,1,dmz-routable,water-treatment,14,4,12,7,5,0,0,0,10.0
ICS-0549_mitsubishi_m800-cnc-controller-m850w_SBOM-CVE.json,ICS-0549_mitsubishi_m800-cnc-controller-m850w_SBOM.json,ICS-0549,Mitsubishi Electric,M800 CNC Controller M850W,cnc-controller,1,remote-accessible,pulp-and-paper,18,7,14,7,4,3,0,0,9.8
ICS-0550_emerson_rosemount-3051s-transmitter-3051smv_SBOM-CVE.json,ICS-0550_emerson_rosemount-3051s-transmitter-3051smv_SBOM.json,ICS-0550,Emerson Electric,Rosemount 3051S Transmitter 3051SMV,field-transmitter,0,isolated-cell,wastewater,10,3,6,1,3,0,0,2,9.1
ICS-0551_yokogawa_eja-e-series-transmitter-eja430e_SBOM-CVE.json,ICS-0551_yokogawa_eja-e-series-transmitter-eja430e_SBOM.json,ICS-0551,Yokogawa Electric,EJA-E Series Transmitter EJA430E,field-transmitter,0,control-network,manufacturing-process,10,3,6,1,4,0,0,1,9.1
ICS-0552_honeywell_smartline-st800-transmitter-st700_SBOM-CVE.json,ICS-0552_honeywell_smartline-st800-transmitter-st700_SBOM.json,ICS-0552,Honeywell International,SmartLine ST800 Transmitter ST700,field-transmitter,0,remote-accessible,manufacturing-process,10,3,8,0,4,4,0,0,8.1
ICS-0553_abb_merging-unit-sam600-sam600-ct_SBOM-CVE.json,ICS-0553_abb_merging-unit-sam600-sam600-ct_SBOM.json,ICS-0553,ABB Ltd,Merging Unit SAM600 SAM600-CT,merging-unit,0,control-network,power-distribution,15,4,6,4,1,1,0,0,10.0
ICS-0554_schneider_powerlogic-ion9000-meter-ion7650_SBOM-CVE.json,ICS-0554_schneider_powerlogic-ion9000-meter-ion7650_SBOM.json,ICS-0554,Schneider Electric,PowerLogic ION9000 Meter ION7650,power-meter,1,isolated-cell,oil-and-gas-upstream,13,3,6,2,2,1,0,1,9.8
ICS-0555_ge_epm-9900-power-meter-epm7000_SBOM-CVE.json,ICS-0555_ge_epm-9900-power-meter-epm7000_SBOM.json,ICS-0555,GE Vernova,EPM 9900 Power Meter EPM7000,power-meter,1,dmz-routable,wastewater,16,4,8,3,4,1,0,0,10.0
ICS-0556_ptc_kepserverex-connectivity-platform-6-13_SBOM-CVE.json,ICS-0556_ptc_kepserverex-connectivity-platform-6-13_SBOM.json,ICS-0556,PTC Inc.,KEPServerEX Connectivity Platform 6.13,opc-server,3,isolated-cell,power-generation,16,3,9,3,5,1,0,0,9.8
ICS-0557_softing_datafeed-opc-suite-v5-22_SBOM-CVE.json,ICS-0557_softing_datafeed-opc-suite-v5-22_SBOM.json,ICS-0557,Softing Industrial Automation,dataFEED OPC Suite V5.22,opc-server,3,isolated-cell,building-automation,19,7,18,2,11,5,0,0,9.8
ICS-0558_aveva_aveva-opc-ua-server-2023_SBOM-CVE.json,ICS-0558_aveva_aveva-opc-ua-server-2023_SBOM.json,ICS-0558,AVEVA Group plc,AVEVA OPC UA Server 2023,opc-server,3,isolated-cell,semiconductor-fab,13,3,8,1,4,3,0,0,9.8
ICS-0559_honeywell_excel-web-ii-bacnet-controller-xl1000c1000_SBOM-CVE.json,ICS-0559_honeywell_excel-web-ii-bacnet-controller-xl1000c1000_SBOM.json,ICS-0559,Honeywell International,Excel Web II BACnet Controller XL1000C1000,bas-controller,1,remote-accessible,pharmaceutical,13,5,11,2,7,2,0,0,9.8
ICS-0560_siemens_desigo-pxc-automation-station-pxc200-e-d_SBOM-CVE.json,ICS-0560_siemens_desigo-pxc-automation-station-pxc200-e-d_SBOM.json,ICS-0560,Siemens AG,Desigo PXC Automation Station PXC200-E.D,bas-controller,1,remote-accessible,automotive,16,6,15,6,6,1,0,2,9.8
ICS-0561_schneider_smartx-as-p-controller-as-b_SBOM-CVE.json,ICS-0561_schneider_smartx-as-p-controller-as-b_SBOM.json,ICS-0561,Schneider Electric,SmartX AS-P Controller AS-B,bas-controller,1,isolated-cell,oil-and-gas-midstream,13,4,8,3,2,2,0,1,9.8
ICS-0562_delta_ez-building-controller-ezns-500_SBOM-CVE.json,ICS-0562_delta_ez-building-controller-ezns-500_SBOM.json,ICS-0562,Delta Electronics,eZ Building Controller eZNS-500,bas-controller,1,control-network,water-treatment,13,5,12,2,9,1,0,0,9.8
ICS-0563_phoenix_radioline-wireless-gateway-rad-900_SBOM-CVE.json,ICS-0563_phoenix_radioline-wireless-gateway-rad-900_SBOM.json,ICS-0563,Phoenix Contact,Radioline Wireless Gateway RAD-900,wireless-gateway,1,dmz-routable,automotive,11,2,3,1,2,0,0,0,9.1
ICS-0564_moxa_awk-industrial-wireless-ap-awk-4131a_SBOM-CVE.json,ICS-0564_moxa_awk-industrial-wireless-ap-awk-4131a_SBOM.json,ICS-0564,Moxa Inc.,AWK Industrial Wireless AP AWK-4131A,wireless-gateway,2,control-network,building-automation,13,6,16,5,7,3,1,0,9.8
ICS-0565_emerson_wireless-1420-gateway-1410s_SBOM-CVE.json,ICS-0565_emerson_wireless-1420-gateway-1410s_SBOM.json,ICS-0565,Emerson Electric,Wireless 1420 Gateway 1410S,wireless-gateway,1,dmz-routable,pulp-and-paper,19,7,16,2,10,3,1,0,9.1
ICS-0566_siemens_simatic-s7-1500-cpu-1513-1-pn_SBOM-CVE.json,ICS-0566_siemens_simatic-s7-1500-cpu-1513-1-pn_SBOM.json,ICS-0566,Siemens AG,SIMATIC S7-1500 CPU 1513-1 PN,plc,1,remote-accessible,automotive,19,6,16,7,7,2,0,0,10.0
ICS-0567_siemens_simatic-s7-1200-cpu-1214c_SBOM-CVE.json,ICS-0567_siemens_simatic-s7-1200-cpu-1214c_SBOM.json,ICS-0567,Siemens AG,SIMATIC S7-1200 CPU 1214C,plc,1,control-network,pharmaceutical,15,4,10,5,2,3,0,0,10.0
ICS-0568_siemens_simatic-s7-400-cpu-417-4h_SBOM-CVE.json,ICS-0568_siemens_simatic-s7-400-cpu-417-4h_SBOM.json,ICS-0568,Siemens AG,SIMATIC S7-400 CPU 417-4H,plc,1,control-network,oil-and-gas-upstream,15,4,5,1,4,0,0,0,9.1
ICS-0569_rockwell_controllogix-controller-1756-l73_SBOM-CVE.json,ICS-0569_rockwell_controllogix-controller-1756-l73_SBOM.json,ICS-0569,Rockwell Automation,ControlLogix Controller 1756-L73,plc,1,control-network,pharmaceutical,15,6,15,2,8,5,0,0,9.8
ICS-0570_rockwell_compactlogix-controller-5370-l33er_SBOM-CVE.json,ICS-0570_rockwell_compactlogix-controller-5370-l33er_SBOM.json,ICS-0570,Rockwell Automation,CompactLogix Controller 5370-L33ER,plc,1,remote-accessible,food-and-beverage,19,8,20,4,10,6,0,0,9.8
ICS-0571_rockwell_micrologix-controller-1200-e_SBOM-CVE.json,ICS-0571_rockwell_micrologix-controller-1200-e_SBOM.json,ICS-0571,Rockwell Automation,MicroLogix Controller 1200-E,plc,1,control-network,power-distribution,14,5,9,3,3,3,0,0,9.8
ICS-0572_schneider_modicon-m340-controller-bmxp342030_SBOM-CVE.json,ICS-0572_schneider_modicon-m340-controller-bmxp342030_SBOM.json,ICS-0572,Schneider Electric,Modicon M340 Controller BMXP342030,plc,1,isolated-cell,manufacturing-discrete,20,9,26,8,14,4,0,0,9.8
ICS-0573_schneider_modicon-m580-epac-bmeh586040_SBOM-CVE.json,ICS-0573_schneider_modicon-m580-epac-bmeh586040_SBOM.json,ICS-0573,Schneider Electric,Modicon M580 ePAC BMEH586040,plc,1,dmz-routable,manufacturing-process,20,8,15,3,7,4,0,1,9.8
ICS-0574_mitsubishi_melsec-iq-r-cpu-r08cpu_SBOM-CVE.json,ICS-0574_mitsubishi_melsec-iq-r-cpu-r08cpu_SBOM.json,ICS-0574,Mitsubishi Electric,MELSEC iQ-R CPU R08CPU,plc,1,control-network,water-treatment,18,6,11,4,7,0,0,0,10.0
ICS-0575_mitsubishi_melsec-q-series-cpu-q13udh_SBOM-CVE.json,ICS-0575_mitsubishi_melsec-q-series-cpu-q13udh_SBOM.json,ICS-0575,Mitsubishi Electric,MELSEC-Q Series CPU Q13UDH,plc,1,control-network,manufacturing-process,15,5,10,3,6,1,0,0,9.8
ICS-0576_omron_sysmac-nj-machine-controller-nj501-1500_SBOM-CVE.json,ICS-0576_omron_sysmac-nj-machine-controller-nj501-1500_SBOM.json,ICS-0576,OMRON Corporation,SYSMAC NJ Machine Controller NJ501-1500,plc,1,dmz-routable,district-heating,16,5,13,4,3,4,0,2,9.8
ICS-0577_omron_sysmac-cj2-plc-cj2h-cpu68_SBOM-CVE.json,ICS-0577_omron_sysmac-cj2-plc-cj2h-cpu68_SBOM.json,ICS-0577,OMRON Corporation,SYSMAC CJ2 PLC CJ2H-CPU68,plc,1,isolated-cell,oil-and-gas-midstream,14,5,11,3,8,0,0,0,9.8
ICS-0578_beckhoff_twincat-runtime-controller-cx2043_SBOM-CVE.json,ICS-0578_beckhoff_twincat-runtime-controller-cx2043_SBOM.json,ICS-0578,Beckhoff Automation,TwinCAT Runtime Controller CX2043,plc,1,remote-accessible,semiconductor-fab,18,5,10,1,8,1,0,0,9.8
ICS-0579_wago_pfc200-controller-750-8212_SBOM-CVE.json,ICS-0579_wago_pfc200-controller-750-8212_SBOM.json,ICS-0579,WAGO GmbH,PFC200 Controller 750-8212,plc,1,control-network,district-heating,21,10,21,2,13,6,0,0,9.8
ICS-0580_phoenix_axc-f-2152-controller-axc-f-1152_SBOM-CVE.json,ICS-0580_phoenix_axc-f-2152-controller-axc-f-1152_SBOM.json,ICS-0580,Phoenix Contact,AXC F 2152 Controller AXC-F-1152,plc,1,control-network,power-transmission,17,6,12,4,3,5,0,0,9.8
ICS-0581_br_x20-controller-x20cp0484_SBOM-CVE.json,ICS-0581_br_x20-controller-x20cp0484_SBOM.json,ICS-0581,B&R Industrial Automation,X20 Controller X20CP0484,plc,1,isolated-cell,pharmaceutical,13,3,8,6,2,0,0,0,10.0
ICS-0582_ls-electric_xgt-plc-cpu-xgr-cpuh_SBOM-CVE.json,ICS-0582_ls-electric_xgt-plc-cpu-xgr-cpuh_SBOM.json,ICS-0582,LS ELECTRIC,XGT PLC CPU XGR-CPUH,plc,1,remote-accessible,manufacturing-discrete,16,3,5,2,3,0,0,0,9.1
ICS-0583_delta_as-series-plc-as324mt-a_SBOM-CVE.json,ICS-0583_delta_as-series-plc-as324mt-a_SBOM.json,ICS-0583,Delta Electronics,AS Series PLC AS324MT-A,plc,1,dmz-routable,transportation-metro,16,5,11,4,2,5,0,0,9.8
ICS-0584_unitronics_unistream-plc-usc-b10-t24_SBOM-CVE.json,ICS-0584_unitronics_unistream-plc-usc-b10-t24_SBOM.json,ICS-0584,Unitronics,UniStream PLC USC-B10-T24,plc,1,control-network,power-generation,17,7,13,3,7,3,0,0,9.8
ICS-0585_idec_microsmart-fc6a-plc-fc6a-c24r2c_SBOM-CVE.json,ICS-0585_idec_microsmart-fc6a-plc-fc6a-c24r2c_SBOM.json,ICS-0585,IDEC Corporation,MicroSmart FC6A PLC FC6A-C24R2C,plc,1,control-network,petrochemical,17,4,8,3,2,1,0,2,9.1
ICS-0586_panasonic_fp7-series-plc-afp7cps21_SBOM-CVE.json,ICS-0586_panasonic_fp7-series-plc-afp7cps21_SBOM.json,ICS-0586,"Panasonic Industry Co., Ltd.",FP7 Series PLC AFP7CPS21,plc,1,dmz-routable,manufacturing-discrete,15,6,15,7,6,0,0,2,9.8
ICS-0587_keyence_kv-8000-plc-kv-5500_SBOM-CVE.json,ICS-0587_keyence_kv-8000-plc-kv-5500_SBOM.json,ICS-0587,KEYENCE Corporation,KV-8000 PLC KV-5500,plc,1,isolated-cell,manufacturing-process,15,4,9,0,5,4,0,0,8.1
ICS-0588_fuji_micrex-sx-plc-np1ps-117r_SBOM-CVE.json,ICS-0588_fuji_micrex-sx-plc-np1ps-117r_SBOM.json,ICS-0588,Fuji Electric,MICREX-SX PLC NP1PS-117R,plc,1,dmz-routable,automotive,15,5,12,4,5,1,0,2,10.0
ICS-0589_codesys_codesys-control-runtime-for-plcnext-sl_SBOM-CVE.json,ICS-0589_codesys_codesys-control-runtime-for-plcnext-sl_SBOM.json,ICS-0589,CODESYS GmbH,CODESYS Control Runtime for PLCnext SL,plc-runtime,1,isolated-cell,water-treatment,18,8,17,4,10,3,0,0,9.8
ICS-0590_abb_rtu560-telecontrol-unit-560cig10_SBOM-CVE.json,ICS-0590_abb_rtu560-telecontrol-unit-560cig10_SBOM.json,ICS-0590,ABB Ltd,RTU560 Telecontrol Unit 560CIG10,rtu,1,remote-accessible,transportation-rail,20,11,28,7,15,5,0,1,9.8
ICS-0591_schneider_scadapack-rtu-535e_SBOM-CVE.json,ICS-0591_schneider_scadapack-rtu-535e_SBOM.json,ICS-0591,Schneider Electric,SCADAPack RTU 535E,rtu,1,dmz-routable,pharmaceutical,21,7,17,4,5,8,0,0,9.8
ICS-0592_ge_d20-mx-substation-controller-d400_SBOM-CVE.json,ICS-0592_ge_d20-mx-substation-controller-d400_SBOM.json,ICS-0592,GE Vernova,D20 MX Substation Controller D400,rtu,1,isolated-cell,steel-and-metals,14,7,14,4,8,2,0,0,9.8
ICS-0593_siemens_sicam-a8000-rtu-cp-8000_SBOM-CVE.json,ICS-0593_siemens_sicam-a8000-rtu-cp-8000_SBOM.json,ICS-0593,Siemens AG,SICAM A8000 RTU CP-8000,rtu,1,control-network,water-treatment,14,4,7,1,4,2,0,0,9.8
ICS-0594_hitachi-energy_rtu500-series-rtu540_SBOM-CVE.json,ICS-0594_hitachi-energy_rtu500-series-rtu540_SBOM.json,ICS-0594,Hitachi Energy,RTU500 Series RTU540,rtu,1,control-network,manufacturing-process,12,3,4,2,2,0,0,0,9.8
ICS-0595_moxa_iopac-programmable-controller-5542-c-t_SBOM-CVE.json,ICS-0595_moxa_iopac-programmable-controller-5542-c-t_SBOM.json,ICS-0595,Moxa Inc.,ioPAC Programmable Controller 5542-C-T,rtu,1,control-network,power-transmission,13,5,12,5,4,3,0,0,9.8
ICS-0596_red-lion_data-station-plus-rtu-dspgt000_SBOM-CVE.json,ICS-0596_red-lion_data-station-plus-rtu-dspgt000_SBOM.json,ICS-0596,Red Lion Controls,Data Station Plus RTU DSPGT000,rtu,1,dmz-routable,transportation-rail,19,6,14,4,9,1,0,0,9.8
ICS-0597_sel_sel-451-protection-system-451-1_SBOM-CVE.json,ICS-0597_sel_sel-451-protection-system-451-1_SBOM.json,ICS-0597,Schweitzer Engineering Laboratories,SEL-451 Protection System 451-1,ied,1,isolated-cell,power-distribution,16,4,8,1,5,2,0,0,9.8
ICS-0598_sel_sel-3530-rtac-3555_SBOM-CVE.json,ICS-0598_sel_sel-3530-rtac-3555_SBOM.json,ICS-0598,Schweitzer Engineering Laboratories,SEL-3530 RTAC 3555,ied,1,remote-accessible,building-automation,14,2,4,0,4,0,0,0,8.8
ICS-0599_hitachi-energy_ref615-feeder-protection-relay-ref620_SBOM-CVE.json,ICS-0599_hitachi-energy_ref615-feeder-protection-relay-ref620_SBOM.json,ICS-0599,Hitachi Energy,REF615 Feeder Protection Relay REF620,ied,1,dmz-routable,power-distribution,16,6,12,9,2,1,0,0,10.0
ICS-0600_siemens_siprotec-5-protection-relay-7sl86_SBOM-CVE.json,ICS-0600_siemens_siprotec-5-protection-relay-7sl86_SBOM.json,ICS-0600,Siemens AG,SIPROTEC 5 Protection Relay 7SL86,ied,1,isolated-cell,steel-and-metals,14,5,11,1,7,2,0,1,9.1
ICS-0601_ge_multilin-ur-relay-c60_SBOM-CVE.json,ICS-0601_ge_multilin-ur-relay-c60_SBOM.json,ICS-0601,GE Vernova,Multilin UR Relay C60,ied,1,remote-accessible,building-automation,17,4,8,1,3,4,0,0,9.1
ICS-0602_schneider_easergy-p3-protection-relay-p3f30_SBOM-CVE.json,ICS-0602_schneider_easergy-p3-protection-relay-p3f30_SBOM.json,ICS-0602,Schneider Electric,Easergy P3 Protection Relay P3F30,ied,1,remote-accessible,power-generation,13,3,6,3,3,0,0,0,9.8
ICS-0603_nari_pcs-9611-feeder-protection-pcs-9671_SBOM-CVE.json,ICS-0603_nari_pcs-9611-feeder-protection-pcs-9671_SBOM.json,ICS-0603,NARI Technology,PCS-9611 Feeder Protection PCS-9671,ied,1,remote-accessible,petrochemical,15,5,10,1,8,0,0,1,9.8
ICS-0604_hd-hyundai_higen-protection-relay-hgr-300_SBOM-CVE.json,ICS-0604_hd-hyundai_higen-protection-relay-hgr-300_SBOM.json,ICS-0604,HD Hyundai Electric,HiGEN Protection Relay HGR-300,ied,1,control-network,automotive,15,5,10,2,4,4,0,0,9.8
ICS-0605_siemens_simatic-hmi-comfort-panel-tp1500_SBOM-CVE.json,ICS-0605_siemens_simatic-hmi-comfort-panel-tp1500_SBOM.json,ICS-0605,Siemens AG,SIMATIC HMI Comfort Panel TP1500,hmi,2,remote-accessible,wastewater,19,5,13,3,5,5,0,0,9.8
ICS-0606_rockwell_panelview-plus-terminal-6-compact-600_SBOM-CVE.json,ICS-0606_rockwell_panelview-plus-terminal-6-compact-600_SBOM.json,ICS-0606,Rockwell Automation,PanelView Plus Terminal 6 Compact 600,hmi,2,remote-accessible,power-transmission,14,5,10,1,3,6,0,0,9.8
ICS-0607_schneider_magelis-gtu-hmi-hmist6500_SBOM-CVE.json,ICS-0607_schneider_magelis-gtu-hmi-hmist6500_SBOM.json,ICS-0607,Schneider Electric,Magelis GTU HMI HMIST6500,hmi,2,isolated-cell,manufacturing-discrete,13,5,13,1,9,3,0,0,9.8
ICS-0608_mitsubishi_got2000-graphic-terminal-gt2107-wtbd_SBOM-CVE.json,ICS-0608_mitsubishi_got2000-graphic-terminal-gt2107-wtbd_SBOM.json,ICS-0608,Mitsubishi Electric,GOT2000 Graphic Terminal GT2107-WTBD,hmi,2,isolated-cell,oil-and-gas-midstream,16,5,11,2,7,2,0,0,9.8
ICS-0609_advantech_webop-operator-panel-wop-2070t_SBOM-CVE.json,ICS-0609_advantech_webop-operator-panel-wop-2070t_SBOM.json,ICS-0609,"Advantech Co., Ltd.",WebOP Operator Panel WOP-2070T,hmi,2,dmz-routable,manufacturing-process,19,5,10,3,3,4,0,0,9.8
ICS-0610_delta_dop-100-hmi-dop-103bq_SBOM-CVE.json,ICS-0610_delta_dop-100-hmi-dop-103bq_SBOM.json,ICS-0610,Delta Electronics,DOP-100 HMI DOP-103BQ,hmi,2,dmz-routable,semiconductor-fab,14,8,17,5,9,3,0,0,9.8
ICS-0611_omron_na-series-hmi-na5-15w_SBOM-CVE.json,ICS-0611_omron_na-series-hmi-na5-15w_SBOM.json,ICS-0611,OMRON Corporation,NA Series HMI NA5-15W,hmi,2,dmz-routable,pharmaceutical,15,5,12,3,7,2,0,0,9.8
ICS-0612_pilz_pmi-operator-terminal-pmi-5_SBOM-CVE.json,ICS-0612_pilz_pmi-operator-terminal-pmi-5_SBOM.json,ICS-0612,Pilz GmbH,PMI Operator Terminal PMI 5,hmi,2,dmz-routable,transportation-metro,17,8,16,5,9,2,0,0,9.8
ICS-0613_aveva_aveva-plant-scada-2023-r2_SBOM-CVE.json,ICS-0613_aveva_aveva-plant-scada-2023-r2_SBOM.json,ICS-0613,AVEVA Group plc,AVEVA Plant SCADA 2023 R2,scada-server,2,remote-accessible,pulp-and-paper,17,5,14,3,9,2,0,0,9.8
ICS-0614_inductive_ignition-scada-platform-8-3_SBOM-CVE.json,ICS-0614_inductive_ignition-scada-platform-8-3_SBOM.json,ICS-0614,Inductive Automation,Ignition SCADA Platform 8.3,scada-server,2,control-network,power-transmission,18,6,14,1,8,5,0,0,9.0
ICS-0615_copadata_zenon-supervisor-12_SBOM-CVE.json,ICS-0615_copadata_zenon-supervisor-12_SBOM.json,ICS-0615,COPA-DATA GmbH,zenon Supervisor 12,scada-server,2,isolated-cell,power-generation,16,6,14,3,9,2,0,0,9.8
ICS-0616_siemens_simatic-wincc-unified-v18_SBOM-CVE.json,ICS-0616_siemens_simatic-wincc-unified-v18_SBOM.json,ICS-0616,Siemens AG,SIMATIC WinCC Unified V18,scada-server,2,control-network,automotive,16,7,14,3,10,1,0,0,9.8
ICS-0617_ge_cimplicity-hmi-scada-2023_SBOM-CVE.json,ICS-0617_ge_cimplicity-hmi-scada-2023_SBOM.json,ICS-0617,GE Vernova,CIMPLICITY HMI/SCADA 2023,scada-server,2,control-network,food-and-beverage,15,6,14,4,7,3,0,0,9.8
ICS-0618_schneider_ecostruxure-geo-scada-expert-2023_SBOM-CVE.json,ICS-0618_schneider_ecostruxure-geo-scada-expert-2023_SBOM.json,ICS-0618,Schneider Electric,EcoStruxure Geo SCADA Expert 2023,scada-server,2,isolated-cell,petrochemical,17,3,8,2,4,2,0,0,9.8
ICS-0619_rockwell_factorytalk-view-se-14-00_SBOM-CVE.json,ICS-0619_rockwell_factorytalk-view-se-14-00_SBOM.json,ICS-0619,Rockwell Automation,FactoryTalk View SE 14.00,scada-server,2,control-network,power-transmission,15,6,14,5,8,1,0,0,9.8
ICS-0620_aveva_aveva-historian-2023-r2_SBOM-CVE.json,ICS-0620_aveva_aveva-historian-2023-r2_SBOM.json,ICS-0620,AVEVA Group plc,AVEVA Historian 2023 R2,historian,3,remote-accessible,building-automation,15,7,16,4,9,3,0,0,9.8
ICS-0621_ge_proficy-historian-9-1_SBOM-CVE.json,ICS-0621_ge_proficy-historian-9-1_SBOM.json,ICS-0621,GE Vernova,Proficy Historian 9.1,historian,3,dmz-routable,power-generation,16,3,7,4,3,0,0,0,9.8
ICS-0622_honeywell_uniformance-phd-historian-r321_SBOM-CVE.json,ICS-0622_honeywell_uniformance-phd-historian-r321_SBOM.json,ICS-0622,Honeywell International,Uniformance PHD Historian R321,historian,3,control-network,wastewater,15,5,15,7,6,2,0,0,9.8
ICS-0623_emerson_deltav-continuous-historian-15-lts_SBOM-CVE.json,ICS-0623_emerson_deltav-continuous-historian-15-lts_SBOM.json,ICS-0623,Emerson Electric,DeltaV Continuous Historian 15.LTS,historian,3,isolated-cell,chemical,13,4,10,1,8,1,0,0,9.8
ICS-0624_yokogawa_exaquantum-plant-information-system-r3-30_SBOM-CVE.json,ICS-0624_yokogawa_exaquantum-plant-information-system-r3-30_SBOM.json,ICS-0624,Yokogawa Electric,Exaquantum Plant Information System R3.30,historian,3,dmz-routable,petrochemical,13,2,3,2,1,0,0,0,9.8
ICS-0625_siemens_tia-portal-engineering-suite-v19_SBOM-CVE.json,ICS-0625_siemens_tia-portal-engineering-suite-v19_SBOM.json,ICS-0625,Siemens AG,TIA Portal Engineering Suite V19,engineering-workstation,3,control-network,pulp-and-paper,17,6,13,1,8,4,0,0,9.8
ICS-0626_rockwell_studio-5000-logix-designer-33-00_SBOM-CVE.json,ICS-0626_rockwell_studio-5000-logix-designer-33-00_SBOM.json,ICS-0626,Rockwell Automation,Studio 5000 Logix Designer 33.00,engineering-workstation,3,dmz-routable,transportation-metro,17,3,9,1,5,3,0,0,9.8
ICS-0627_schneider_ecostruxure-control-expert-v16-1_SBOM-CVE.json,ICS-0627_schneider_ecostruxure-control-expert-v16-1_SBOM.json,ICS-0627,Schneider Electric,EcoStruxure Control Expert V16.1,engineering-workstation,3,control-network,transportation-metro,14,4,10,2,4,4,0,0,9.8
ICS-0628_mitsubishi_gx-works3-engineering-tool-1-100e_SBOM-CVE.json,ICS-0628_mitsubishi_gx-works3-engineering-tool-1-100e_SBOM.json,ICS-0628,Mitsubishi Electric,GX Works3 Engineering Tool 1.100E,engineering-workstation,3,remote-accessible,pharmaceutical,14,5,15,5,8,2,0,0,9.8
ICS-0629_codesys_codesys-development-system-v3-5-sp19_SBOM-CVE.json,ICS-0629_codesys_codesys-development-system-v3-5-sp19_SBOM.json,ICS-0629,CODESYS GmbH,CODESYS Development System V3.5 SP19,engineering-workstation,3,control-network,power-generation,20,8,19,4,13,2,0,0,9.8
ICS-0630_abb_automation-builder-2-7_SBOM-CVE.json,ICS-0630_abb_automation-builder-2-7_SBOM.json,ICS-0630,ABB Ltd,Automation Builder 2.7,engineering-workstation,3,control-network,transportation-metro,14,3,5,2,3,0,0,0,9.8
ICS-0631_emerson_deltav-md-plus-controller-pk_SBOM-CVE.json,ICS-0631_emerson_deltav-md-plus-controller-pk_SBOM.json,ICS-0631,Emerson Electric,DeltaV MD Plus Controller PK,dcs-controller,1,isolated-cell,semiconductor-fab,14,6,16,5,7,4,0,0,9.8
ICS-0632_honeywell_experion-c300-controller-uoc_SBOM-CVE.json,ICS-0632_honeywell_experion-c300-controller-uoc_SBOM.json,ICS-0632,Honeywell International,Experion C300 Controller UOC,dcs-controller,1,isolated-cell,building-automation,16,7,20,6,10,4,0,0,9.8
ICS-0633_yokogawa_centum-vp-field-control-station-afv40s_SBOM-CVE.json,ICS-0633_yokogawa_centum-vp-field-control-station-afv40s_SBOM.json,ICS-0633,Yokogawa Electric,CENTUM VP Field Control Station AFV40S,dcs-controller,1,remote-accessible,manufacturing-process,14,3,8,4,3,1,0,0,10.0
ICS-0634_abb_ac-800m-controller-pm864a_SBOM-CVE.json,ICS-0634_abb_ac-800m-controller-pm864a_SBOM.json,ICS-0634,ABB Ltd,AC 800M Controller PM864A,dcs-controller,1,isolated-cell,automotive,19,7,17,2,9,5,0,1,9.8
ICS-0635_siemens_simatic-pcs-7-as-controller-as-416-3_SBOM-CVE.json,ICS-0635_siemens_simatic-pcs-7-as-controller-as-416-3_SBOM.json,ICS-0635,Siemens AG,SIMATIC PCS 7 AS Controller AS 416-3,dcs-controller,1,isolated-cell,food-and-beverage,13,5,9,4,5,0,0,0,9.1
ICS-0636_hitachi-energy_symphony-plus-hpc800-spc700_SBOM-CVE.json,ICS-0636_hitachi-energy_symphony-plus-hpc800-spc700_SBOM.json,ICS-0636,Hitachi Energy,Symphony Plus HPC800 SPC700,dcs-controller,1,isolated-cell,power-transmission,19,9,22,7,9,6,0,0,9.8
ICS-0637_schneider_triconex-tricon-cx-controller-tri-gp_SBOM-CVE.json,ICS-0637_schneider_triconex-tricon-cx-controller-tri-gp_SBOM.json,ICS-0637,Schneider Electric,Triconex Tricon CX Controller Tri-GP,sis-logic-solver,1,control-network,pulp-and-paper,14,3,5,2,3,0,0,0,9.8
ICS-0638_hima_himax-safety-controller-himatrix-f35_SBOM-CVE.json,ICS-0638_hima_himax-safety-controller-himatrix-f35_SBOM.json,ICS-0638,HIMA Paul Hildebrandt GmbH,HIMax Safety Controller HIMatrix F35,sis-logic-solver,1,control-network,building-automation,15,7,16,9,7,0,0,0,9.8
ICS-0639_pilz_pss-4000-safety-controller-pss-4000-r_SBOM-CVE.json,ICS-0639_pilz_pss-4000-safety-controller-pss-4000-r_SBOM.json,ICS-0639,Pilz GmbH,PSS 4000 Safety Controller PSS 4000-R,sis-logic-solver,1,isolated-cell,pulp-and-paper,13,4,9,3,5,0,0,1,9.1
ICS-0640_siemens_simatic-s7-1500f-safety-cpu-1518f-4-pn-dp_SBOM-CVE.json,ICS-0640_siemens_simatic-s7-1500f-safety-cpu-1518f-4-pn-dp_SBOM.json,ICS-0640,Siemens AG,SIMATIC S7-1500F Safety CPU 1518F-4 PN/DP,sis-logic-solver,1,dmz-routable,transportation-metro,14,3,6,0,4,2,0,0,8.1
ICS-0641_rockwell_guardlogix-safety-controller-5069-l306ers2_SBOM-CVE.json,ICS-0641_rockwell_guardlogix-safety-controller-5069-l306ers2_SBOM.json,ICS-0641,Rockwell Automation,GuardLogix Safety Controller 5069-L306ERS2,sis-logic-solver,1,dmz-routable,petrochemical,13,4,9,2,6,1,0,0,9.8
ICS-0642_moxa_mgate-protocol-gateway-5119_SBOM-CVE.json,ICS-0642_moxa_mgate-protocol-gateway-5119_SBOM.json,ICS-0642,Moxa Inc.,MGate Protocol Gateway 5119,protocol-gateway,3.5,remote-accessible,chemical,18,4,9,5,2,2,0,0,9.8
ICS-0643_softing_edgeaggregator-gateway-uagate-si_SBOM-CVE.json,ICS-0643_softing_edgeaggregator-gateway-uagate-si_SBOM.json,ICS-0643,Softing Industrial Automation,edgeAggregator Gateway uaGate SI,protocol-gateway,3.5,isolated-cell,building-automation,20,4,9,0,5,4,0,0,8.1
ICS-0644_advantech_ecu-1251-edge-gateway-ecu-4784_SBOM-CVE.json,ICS-0644_advantech_ecu-1251-edge-gateway-ecu-4784_SBOM.json,ICS-0644,"Advantech Co., Ltd.",ECU-1251 Edge Gateway ECU-4784,protocol-gateway,3.5,dmz-routable,steel-and-metals,19,7,15,2,5,7,0,1,9.8
ICS-0645_phoenix_fl-mguard-security-appliance-centerport_SBOM-CVE.json,ICS-0645_phoenix_fl-mguard-security-appliance-centerport_SBOM.json,ICS-0645,Phoenix Contact,FL MGUARD Security Appliance CENTERPORT,industrial-firewall,3.5,isolated-cell,water-treatment,15,3,8,3,4,1,0,0,9.8
ICS-0646_belden_eagle40-industrial-firewall-eagle20_SBOM-CVE.json,ICS-0646_belden_eagle40-industrial-firewall-eagle20_SBOM.json,ICS-0646,Belden / Hirschmann,EAGLE40 Industrial Firewall EAGLE20,industrial-firewall,3.5,remote-accessible,power-distribution,14,4,11,3,4,3,1,0,9.8
ICS-0647_belden_rsp-managed-switch-rspe37_SBOM-CVE.json,ICS-0647_belden_rsp-managed-switch-rspe37_SBOM.json,ICS-0647,Belden / Hirschmann,RSP Managed Switch RSPE37,industrial-switch,2,remote-accessible,semiconductor-fab,17,6,14,0,4,10,0,0,8.8
ICS-0648_westermo_lynx-dss-managed-switch-redfox-5528_SBOM-CVE.json,ICS-0648_westermo_lynx-dss-managed-switch-redfox-5528_SBOM.json,ICS-0648,Westermo Network Technologies,Lynx DSS Managed Switch RedFox-5528,industrial-switch,2,dmz-routable,food-and-beverage,16,3,8,0,7,0,0,1,8.8
ICS-0649_moxa_eds-managed-ethernet-switch-eds-g516e_SBOM-CVE.json,ICS-0649_moxa_eds-managed-ethernet-switch-eds-g516e_SBOM.json,ICS-0649,Moxa Inc.,EDS Managed Ethernet Switch EDS-G516E,industrial-switch,2,isolated-cell,port-and-logistics,14,3,4,0,2,1,1,0,7.8
ICS-0650_siemens_scalance-x-industrial-switch-xm416-4c_SBOM-CVE.json,ICS-0650_siemens_scalance-x-industrial-switch-xm416-4c_SBOM.json,ICS-0650,Siemens AG,SCALANCE X Industrial Switch XM416-4C,industrial-switch,2,remote-accessible,power-distribution,18,8,20,4,10,5,1,0,9.8
ICS-0651_siemens_ruggedcom-rx1500-router-rx5000_SBOM-CVE.json,ICS-0651_siemens_ruggedcom-rx1500-router-rx5000_SBOM.json,ICS-0651,Siemens AG,RUGGEDCOM RX1500 Router RX5000,industrial-router,3.5,remote-accessible,building-automation,14,5,14,4,8,2,0,0,9.8
ICS-0652_abb_acs880-industrial-drive-acs580-01_SBOM-CVE.json,ICS-0652_abb_acs880-industrial-drive-acs580-01_SBOM.json,ICS-0652,ABB Ltd,ACS880 Industrial Drive ACS580-01,vfd-drive,1,control-network,power-transmission,16,7,15,3,9,1,0,2,9.8
ICS-0653_siemens_sinamics-s120-drive-s210_SBOM-CVE.json,ICS-0653_siemens_sinamics-s120-drive-s210_SBOM.json,ICS-0653,Siemens AG,SINAMICS S120 Drive S210,vfd-drive,1,remote-accessible,transportation-metro,13,3,8,4,3,0,0,1,10.0
ICS-0654_danfoss_vlt-automationdrive-fc-360_SBOM-CVE.json,ICS-0654_danfoss_vlt-automationdrive-fc-360_SBOM.json,ICS-0654,Danfoss A/S,VLT AutomationDrive FC-360,vfd-drive,1,remote-accessible,steel-and-metals,14,3,5,0,3,2,0,0,7.5
ICS-0655_rockwell_powerflex-755-drive-527_SBOM-CVE.json,ICS-0655_rockwell_powerflex-755-drive-527_SBOM.json,ICS-0655,Rockwell Automation,PowerFlex 755 Drive 527,vfd-drive,1,control-network,pulp-and-paper,11,6,13,5,5,3,0,0,9.8
ICS-0656_bosch-rexroth_indradrive-controller-hms01_SBOM-CVE.json,ICS-0656_bosch-rexroth_indradrive-controller-hms01_SBOM.json,ICS-0656,Bosch Rexroth AG,IndraDrive Controller HMS01,motion-controller,1,remote-accessible,power-distribution,15,5,11,3,6,2,0,0,9.8
ICS-0657_bosch-rexroth_indramotion-mlc-l75_SBOM-CVE.json,ICS-0657_bosch-rexroth_indramotion-mlc-l75_SBOM.json,ICS-0657,Bosch Rexroth AG,IndraMotion MLC L75,motion-controller,1,dmz-routable,power-distribution,14,6,15,2,7,6,0,0,9.8
ICS-0658_fuji_frenic-ace-inverter-frn0022e2s_SBOM-CVE.json,ICS-0658_fuji_frenic-ace-inverter-frn0022e2s_SBOM.json,ICS-0658,Fuji Electric,FRENIC-Ace Inverter FRN0022E2S,vfd-drive,1,dmz-routable,pulp-and-paper,15,6,10,0,7,3,0,0,8.1
ICS-0659_mitsubishi_melfa-robot-controller-cr750-q_SBOM-CVE.json,ICS-0659_mitsubishi_melfa-robot-controller-cr750-q_SBOM.json,ICS-0659,Mitsubishi Electric,MELFA Robot Controller CR750-Q,robot-controller,1,dmz-routable,automotive,15,3,5,0,4,0,0,1,7.5
ICS-0660_abb_irc5-robot-controller-omnicore-c30_SBOM-CVE.json,ICS-0660_abb_irc5-robot-controller-omnicore-c30_SBOM.json,ICS-0660,ABB Ltd,IRC5 Robot Controller OmniCore C30,robot-controller,1,control-network,semiconductor-fab,12,1,2,0,0,2,0,0,6.5
ICS-0661_keyence_cnc-motion-unit-mc-4_SBOM-CVE.json,ICS-0661_keyence_cnc-motion-unit-mc-4_SBOM.json,ICS-0661,KEYENCE Corporation,CNC Motion Unit MC-4,cnc-controller,1,dmz-routable,semiconductor-fab,14,4,7,2,4,0,0,1,9.8
ICS-0662_mitsubishi_m800-cnc-controller-m80w_SBOM-CVE.json,ICS-0662_mitsubishi_m800-cnc-controller-m80w_SBOM.json,ICS-0662,Mitsubishi Electric,M800 CNC Controller M80W,cnc-controller,1,isolated-cell,petrochemical,18,6,15,1,8,6,0,0,9.8
ICS-0663_emerson_rosemount-3051s-transmitter-3051cd_SBOM-CVE.json,ICS-0663_emerson_rosemount-3051s-transmitter-3051cd_SBOM.json,ICS-0663,Emerson Electric,Rosemount 3051S Transmitter 3051CD,field-transmitter,0,remote-accessible,steel-and-metals,11,4,7,3,3,1,0,0,10.0
ICS-0664_yokogawa_eja-e-series-transmitter-ejx910a_SBOM-CVE.json,ICS-0664_yokogawa_eja-e-series-transmitter-ejx910a_SBOM.json,ICS-0664,Yokogawa Electric,EJA-E Series Transmitter EJX910A,field-transmitter,0,isolated-cell,power-transmission,9,1,2,1,1,0,0,0,9.1
ICS-0665_honeywell_smartline-st800-transmitter-stt850_SBOM-CVE.json,ICS-0665_honeywell_smartline-st800-transmitter-stt850_SBOM.json,ICS-0665,Honeywell International,SmartLine ST800 Transmitter STT850,field-transmitter,0,remote-accessible,transportation-metro,9,2,5,1,4,0,0,0,9.1
ICS-0666_abb_merging-unit-sam600-sam600-vt_SBOM-CVE.json,ICS-0666_abb_merging-unit-sam600-sam600-vt_SBOM.json,ICS-0666,ABB Ltd,Merging Unit SAM600 SAM600-VT,merging-unit,0,remote-accessible,pharmaceutical,13,4,8,5,2,1,0,0,9.8
ICS-0667_schneider_powerlogic-ion9000-meter-pm8000_SBOM-CVE.json,ICS-0667_schneider_powerlogic-ion9000-meter-pm8000_SBOM.json,ICS-0667,Schneider Electric,PowerLogic ION9000 Meter PM8000,power-meter,1,isolated-cell,pulp-and-paper,12,4,7,1,3,3,0,0,9.8
ICS-0668_ge_epm-9900-power-meter-epm6100_SBOM-CVE.json,ICS-0668_ge_epm-9900-power-meter-epm6100_SBOM.json,ICS-0668,GE Vernova,EPM 9900 Power Meter EPM6100,power-meter,1,dmz-routable,transportation-rail,13,1,1,0,1,0,0,0,7.5
ICS-0669_ptc_kepserverex-connectivity-platform-6-15_SBOM-CVE.json,ICS-0669_ptc_kepserverex-connectivity-platform-6-15_SBOM.json,ICS-0669,PTC Inc.,KEPServerEX Connectivity Platform 6.15,opc-server,3,remote-accessible,power-transmission,18,3,6,3,1,2,0,0,9.8
ICS-0670_softing_datafeed-opc-suite-v5-30_SBOM-CVE.json,ICS-0670_softing_datafeed-opc-suite-v5-30_SBOM.json,ICS-0670,Softing Industrial Automation,dataFEED OPC Suite V5.30,opc-server,3,isolated-cell,manufacturing-discrete,14,3,8,1,7,0,0,0,9.8
ICS-0671_aveva_aveva-opc-ua-server-2023-r2_SBOM-CVE.json,ICS-0671_aveva_aveva-opc-ua-server-2023-r2_SBOM.json,ICS-0671,AVEVA Group plc,AVEVA OPC UA Server 2023 R2,opc-server,3,control-network,power-transmission,12,4,8,0,5,3,0,0,8.8
ICS-0672_honeywell_excel-web-ii-bacnet-controller-ciper-50_SBOM-CVE.json,ICS-0672_honeywell_excel-web-ii-bacnet-controller-ciper-50_SBOM.json,ICS-0672,Honeywell International,Excel Web II BACnet Controller CIPer 50,bas-controller,1,isolated-cell,transportation-metro,13,5,13,2,8,3,0,0,9.8
ICS-0673_siemens_desigo-pxc-automation-station-pxc7-modular_SBOM-CVE.json,ICS-0673_siemens_desigo-pxc-automation-station-pxc7-modular_SBOM.json,ICS-0673,Siemens AG,Desigo PXC Automation Station PXC7 Modular,bas-controller,1,isolated-cell,food-and-beverage,16,4,9,1,7,1,0,0,9.8
ICS-0674_schneider_smartx-as-p-controller-rp-c_SBOM-CVE.json,ICS-0674_schneider_smartx-as-p-controller-rp-c_SBOM.json,ICS-0674,Schneider Electric,SmartX AS-P Controller RP-C,bas-controller,1,dmz-routable,steel-and-metals,17,4,8,2,5,1,0,0,9.8
ICS-0675_delta_ez-building-controller-dac-633_SBOM-CVE.json,ICS-0675_delta_ez-building-controller-dac-633_SBOM.json,ICS-0675,Delta Electronics,eZ Building Controller DAC-633,bas-controller,1,isolated-cell,food-and-beverage,15,5,13,5,8,0,0,0,9.8
ICS-0676_phoenix_radioline-wireless-gateway-rad-868_SBOM-CVE.json,ICS-0676_phoenix_radioline-wireless-gateway-rad-868_SBOM.json,ICS-0676,Phoenix Contact,Radioline Wireless Gateway RAD-868,wireless-gateway,1,dmz-routable,automotive,10,5,9,5,3,1,0,0,9.8
ICS-0677_moxa_awk-industrial-wireless-ap-awk-1137c_SBOM-CVE.json,ICS-0677_moxa_awk-industrial-wireless-ap-awk-1137c_SBOM.json,ICS-0677,Moxa Inc.,AWK Industrial Wireless AP AWK-1137C,wireless-gateway,2,dmz-routable,port-and-logistics,17,7,18,3,6,8,1,0,9.1
ICS-0678_emerson_wireless-1420-gateway-1552wu_SBOM-CVE.json,ICS-0678_emerson_wireless-1420-gateway-1552wu_SBOM.json,ICS-0678,Emerson Electric,Wireless 1420 Gateway 1552WU,wireless-gateway,1,dmz-routable,water-treatment,19,8,15,3,6,5,0,1,9.8
ICS-0679_siemens_simatic-s7-1500-cpu-1516-3-pn-dp_SBOM-CVE.json,ICS-0679_siemens_simatic-s7-1500-cpu-1516-3-pn-dp_SBOM.json,ICS-0679,Siemens AG,SIMATIC S7-1500 CPU 1516-3 PN/DP,plc,1,control-network,power-distribution,18,8,18,5,11,2,0,0,9.8
ICS-0680_siemens_simatic-s7-1200-cpu-1215c_SBOM-CVE.json,ICS-0680_siemens_simatic-s7-1200-cpu-1215c_SBOM.json,ICS-0680,Siemens AG,SIMATIC S7-1200 CPU 1215C,plc,1,control-network,transportation-rail,15,6,16,6,4,4,0,2,10.0
ICS-0681_siemens_simatic-s7-400-cpu-414-3_SBOM-CVE.json,ICS-0681_siemens_simatic-s7-400-cpu-414-3_SBOM.json,ICS-0681,Siemens AG,SIMATIC S7-400 CPU 414-3,plc,1,remote-accessible,transportation-metro,12,2,5,1,3,0,0,1,9.1
ICS-0682_rockwell_controllogix-controller-1756-l81e_SBOM-CVE.json,ICS-0682_rockwell_controllogix-controller-1756-l81e_SBOM.json,ICS-0682,Rockwell Automation,ControlLogix Controller 1756-L81E,plc,1,remote-accessible,transportation-metro,13,4,10,3,7,0,0,0,9.8
ICS-0683_rockwell_compactlogix-controller-5069-l306er_SBOM-CVE.json,ICS-0683_rockwell_compactlogix-controller-5069-l306er_SBOM.json,ICS-0683,Rockwell Automation,CompactLogix Controller 5069-L306ER,plc,1,remote-accessible,automotive,20,6,14,2,8,3,0,1,9.8
ICS-0684_rockwell_micrologix-controller-1400-b_SBOM-CVE.json,ICS-0684_rockwell_micrologix-controller-1400-b_SBOM.json,ICS-0684,Rockwell Automation,MicroLogix Controller 1400-B,plc,1,remote-accessible,power-distribution,15,4,7,0,5,2,0,0,7.5
ICS-0685_schneider_modicon-m340-controller-bmxp342020_SBOM-CVE.json,ICS-0685_schneider_modicon-m340-controller-bmxp342020_SBOM.json,ICS-0685,Schneider Electric,Modicon M340 Controller BMXP342020,plc,1,remote-accessible,building-automation,17,5,14,5,4,5,0,0,9.8
ICS-0686_schneider_modicon-m580-epac-bmep582040_SBOM-CVE.json,ICS-0686_schneider_modicon-m580-epac-bmep582040_SBOM.json,ICS-0686,Schneider Electric,Modicon M580 ePAC BMEP582040,plc,1,remote-accessible,pulp-and-paper,17,3,8,1,3,4,0,0,9.8
ICS-0687_mitsubishi_melsec-iq-r-cpu-r16cpu_SBOM-CVE.json,ICS-0687_mitsubishi_melsec-iq-r-cpu-r16cpu_SBOM.json,ICS-0687,Mitsubishi Electric,MELSEC iQ-R CPU R16CPU,plc,1,control-network,oil-and-gas-midstream,14,3,6,2,2,1,0,1,9.8
ICS-0688_mitsubishi_melsec-q-series-cpu-q03ude_SBOM-CVE.json,ICS-0688_mitsubishi_melsec-q-series-cpu-q03ude_SBOM.json,ICS-0688,Mitsubishi Electric,MELSEC-Q Series CPU Q03UDE,plc,1,isolated-cell,building-automation,14,5,14,6,6,2,0,0,9.8
ICS-0689_omron_sysmac-nj-machine-controller-nj101-1000_SBOM-CVE.json,ICS-0689_omron_sysmac-nj-machine-controller-nj101-1000_SBOM.json,ICS-0689,OMRON Corporation,SYSMAC NJ Machine Controller NJ101-1000,plc,1,control-network,steel-and-metals,14,4,9,4,4,1,0,0,9.8
ICS-0690_omron_sysmac-cj2-plc-cj2m-cpu31_SBOM-CVE.json,ICS-0690_omron_sysmac-cj2-plc-cj2m-cpu31_SBOM.json,ICS-0690,OMRON Corporation,SYSMAC CJ2 PLC CJ2M-CPU31,plc,1,dmz-routable,transportation-metro,16,4,11,6,2,3,0,0,10.0
ICS-0691_beckhoff_twincat-runtime-controller-cx5140_SBOM-CVE.json,ICS-0691_beckhoff_twincat-runtime-controller-cx5140_SBOM.json,ICS-0691,Beckhoff Automation,TwinCAT Runtime Controller CX5140,plc,1,isolated-cell,steel-and-metals,16,4,12,3,6,3,0,0,9.8
ICS-0692_wago_pfc200-controller-750-8202_SBOM-CVE.json,ICS-0692_wago_pfc200-controller-750-8202_SBOM.json,ICS-0692,WAGO GmbH,PFC200 Controller 750-8202,plc,1,isolated-cell,manufacturing-process,23,9,20,8,8,4,0,0,9.8
ICS-0693_phoenix_axc-f-2152-controller-axc-f-2152_SBOM-CVE.json,ICS-0693_phoenix_axc-f-2152-controller-axc-f-2152_SBOM.json,ICS-0693,Phoenix Contact,AXC F 2152 Controller AXC-F-2152,plc,1,isolated-cell,district-heating,19,9,22,3,11,7,1,0,9.8
ICS-0694_br_x20-controller-x20cp1586_SBOM-CVE.json,ICS-0694_br_x20-controller-x20cp1586_SBOM.json,ICS-0694,B&R Industrial Automation,X20 Controller X20CP1586,plc,1,dmz-routable,transportation-rail,13,2,5,1,4,0,0,0,9.1
ICS-0695_ls-electric_xgt-plc-cpu-xgk-cpuh_SBOM-CVE.json,ICS-0695_ls-electric_xgt-plc-cpu-xgk-cpuh_SBOM.json,ICS-0695,LS ELECTRIC,XGT PLC CPU XGK-CPUH,plc,1,isolated-cell,food-and-beverage,13,6,13,7,5,1,0,0,9.8
ICS-0696_delta_as-series-plc-as228t-a_SBOM-CVE.json,ICS-0696_delta_as-series-plc-as228t-a_SBOM.json,ICS-0696,Delta Electronics,AS Series PLC AS228T-A,plc,1,remote-accessible,power-transmission,16,6,12,4,6,1,0,1,9.1
ICS-0697_unitronics_unistream-plc-usp-070-b10_SBOM-CVE.json,ICS-0697_unitronics_unistream-plc-usp-070-b10_SBOM.json,ICS-0697,Unitronics,UniStream PLC USP-070-B10,plc,1,dmz-routable,semiconductor-fab,13,4,11,3,7,1,0,0,9.8
ICS-0698_idec_microsmart-fc6a-plc-fc6a-c40r1ae_SBOM-CVE.json,ICS-0698_idec_microsmart-fc6a-plc-fc6a-c40r1ae_SBOM.json,ICS-0698,IDEC Corporation,MicroSmart FC6A PLC FC6A-C40R1AE,plc,1,isolated-cell,power-generation,13,3,7,3,1,3,0,0,9.1
ICS-0699_panasonic_fp7-series-plc-afp7cps41_SBOM-CVE.json,ICS-0699_panasonic_fp7-series-plc-afp7cps41_SBOM.json,ICS-0699,"Panasonic Industry Co., Ltd.",FP7 Series PLC AFP7CPS41,plc,1,control-network,automotive,11,3,4,1,3,0,0,0,9.1
ICS-0700_keyence_kv-8000-plc-kv-8000_SBOM-CVE.json,ICS-0700_keyence_kv-8000-plc-kv-8000_SBOM.json,ICS-0700,KEYENCE Corporation,KV-8000 PLC KV-8000,plc,1,dmz-routable,oil-and-gas-midstream,16,5,14,3,4,5,0,2,9.8
ICS-0701_fuji_micrex-sx-plc-np1ps-245r_SBOM-CVE.json,ICS-0701_fuji_micrex-sx-plc-np1ps-245r_SBOM.json,ICS-0701,Fuji Electric,MICREX-SX PLC NP1PS-245R,plc,1,isolated-cell,oil-and-gas-upstream,15,4,7,2,5,0,0,0,9.8
ICS-0702_codesys_codesys-control-runtime-rte-v3_SBOM-CVE.json,ICS-0702_codesys_codesys-control-runtime-rte-v3_SBOM.json,ICS-0702,CODESYS GmbH,CODESYS Control Runtime RTE V3,plc-runtime,1,dmz-routable,port-and-logistics,17,5,10,1,4,5,0,0,9.8
ICS-0703_abb_rtu560-telecontrol-unit-560cmu05_SBOM-CVE.json,ICS-0703_abb_rtu560-telecontrol-unit-560cmu05_SBOM.json,ICS-0703,ABB Ltd,RTU560 Telecontrol Unit 560CMU05,rtu,1,isolated-cell,semiconductor-fab,21,8,16,2,10,4,0,0,9.8
ICS-0704_schneider_scadapack-rtu-570_SBOM-CVE.json,ICS-0704_schneider_scadapack-rtu-570_SBOM.json,ICS-0704,Schneider Electric,SCADAPack RTU 570,rtu,1,dmz-routable,power-transmission,20,8,21,8,9,4,0,0,9.8
ICS-0705_ge_d20-mx-substation-controller-d20mx_SBOM-CVE.json,ICS-0705_ge_d20-mx-substation-controller-d20mx_SBOM.json,ICS-0705,GE Vernova,D20 MX Substation Controller D20MX,rtu,1,remote-accessible,steel-and-metals,15,6,13,2,7,4,0,0,9.8
ICS-0706_siemens_sicam-a8000-rtu-cp-8050_SBOM-CVE.json,ICS-0706_siemens_sicam-a8000-rtu-cp-8050_SBOM.json,ICS-0706,Siemens AG,SICAM A8000 RTU CP-8050,rtu,1,control-network,oil-and-gas-midstream,15,3,7,1,3,2,1,0,9.8
ICS-0707_hitachi-energy_rtu500-series-560cmu80_SBOM-CVE.json,ICS-0707_hitachi-energy_rtu500-series-560cmu80_SBOM.json,ICS-0707,Hitachi Energy,RTU500 Series 560CMU80,rtu,1,remote-accessible,power-transmission,16,5,9,7,2,0,0,0,10.0
ICS-0708_moxa_iopac-programmable-controller-8600-cpu30_SBOM-CVE.json,ICS-0708_moxa_iopac-programmable-controller-8600-cpu30_SBOM.json,ICS-0708,Moxa Inc.,ioPAC Programmable Controller 8600-CPU30,rtu,1,remote-accessible,transportation-metro,15,3,8,2,5,1,0,0,9.8
ICS-0709_red-lion_data-station-plus-rtu-dspsx000_SBOM-CVE.json,ICS-0709_red-lion_data-station-plus-rtu-dspsx000_SBOM.json,ICS-0709,Red Lion Controls,Data Station Plus RTU DSPSX000,rtu,1,dmz-routable,port-and-logistics,16,5,8,3,1,4,0,0,9.8
ICS-0710_sel_sel-451-protection-system-487e_SBOM-CVE.json,ICS-0710_sel_sel-451-protection-system-487e_SBOM.json,ICS-0710,Schweitzer Engineering Laboratories,SEL-451 Protection System 487E,ied,1,control-network,power-distribution,18,6,17,7,5,4,0,1,10.0
ICS-0711_sel_sel-3530-rtac-3530_SBOM-CVE.json,ICS-0711_sel_sel-3530-rtac-3530_SBOM.json,ICS-0711,Schweitzer Engineering Laboratories,SEL-3530 RTAC 3530,ied,1,control-network,power-generation,15,4,9,2,4,3,0,0,9.8
ICS-0712_hitachi-energy_ref615-feeder-protection-relay-red615_SBOM-CVE.json,ICS-0712_hitachi-energy_ref615-feeder-protection-relay-red615_SBOM.json,ICS-0712,Hitachi Energy,REF615 Feeder Protection Relay RED615,ied,1,control-network,manufacturing-process,14,3,4,2,1,1,0,0,9.1
ICS-0713_siemens_siprotec-5-protection-relay-7ut85_SBOM-CVE.json,ICS-0713_siemens_siprotec-5-protection-relay-7ut85_SBOM.json,ICS-0713,Siemens AG,SIPROTEC 5 Protection Relay 7UT85,ied,1,remote-accessible,wastewater,14,3,7,5,1,1,0,0,9.8
ICS-0714_ge_multilin-ur-relay-l90_SBOM-CVE.json,ICS-0714_ge_multilin-ur-relay-l90_SBOM.json,ICS-0714,GE Vernova,Multilin UR Relay L90,ied,1,control-network,water-treatment,16,5,14,2,6,4,0,2,9.8
ICS-0715_schneider_easergy-p3-protection-relay-p3u30_SBOM-CVE.json,ICS-0715_schneider_easergy-p3-protection-relay-p3u30_SBOM.json,ICS-0715,Schneider Electric,Easergy P3 Protection Relay P3U30,ied,1,dmz-routable,oil-and-gas-upstream,15,4,8,2,4,1,0,1,9.8
ICS-0716_nari_pcs-9611-feeder-protection-pcs-9611_SBOM-CVE.json,ICS-0716_nari_pcs-9611-feeder-protection-pcs-9611_SBOM.json,ICS-0716,NARI Technology,PCS-9611 Feeder Protection PCS-9611,ied,1,remote-accessible,chemical,17,3,6,4,1,1,0,0,9.8
ICS-0717_hd-hyundai_higen-protection-relay-hgr-100_SBOM-CVE.json,ICS-0717_hd-hyundai_higen-protection-relay-hgr-100_SBOM.json,ICS-0717,HD Hyundai Electric,HiGEN Protection Relay HGR-100,ied,1,control-network,power-generation,13,4,7,3,3,1,0,0,9.8
ICS-0718_siemens_simatic-hmi-comfort-panel-kp700_SBOM-CVE.json,ICS-0718_siemens_simatic-hmi-comfort-panel-kp700_SBOM.json,ICS-0718,Siemens AG,SIMATIC HMI Comfort Panel KP700,hmi,2,control-network,pulp-and-paper,16,4,7,2,2,3,0,0,9.8
ICS-0719_rockwell_panelview-plus-terminal-7-standard-1000_SBOM-CVE.json,ICS-0719_rockwell_panelview-plus-terminal-7-standard-1000_SBOM.json,ICS-0719,Rockwell Automation,PanelView Plus Terminal 7 Standard 1000,hmi,2,dmz-routable,pharmaceutical,11,3,7,4,1,2,0,0,9.8
ICS-0720_schneider_magelis-gtu-hmi-hmigtu655_SBOM-CVE.json,ICS-0720_schneider_magelis-gtu-hmi-hmigtu655_SBOM.json,ICS-0720,Schneider Electric,Magelis GTU HMI HMIGTU655,hmi,2,isolated-cell,oil-and-gas-midstream,15,5,13,2,7,4,0,0,9.1
ICS-0721_mitsubishi_got2000-graphic-terminal-gt2712-stba_SBOM-CVE.json,ICS-0721_mitsubishi_got2000-graphic-terminal-gt2712-stba_SBOM.json,ICS-0721,Mitsubishi Electric,GOT2000 Graphic Terminal GT2712-STBA,hmi,2,isolated-cell,power-transmission,14,3,5,3,2,0,0,0,9.8
ICS-0722_advantech_webop-operator-panel-wop-2100t_SBOM-CVE.json,ICS-0722_advantech_webop-operator-panel-wop-2100t_SBOM.json,ICS-0722,"Advantech Co., Ltd.",WebOP Operator Panel WOP-2100T,hmi,2,isolated-cell,power-distribution,19,6,14,4,8,2,0,0,9.8
ICS-0723_delta_dop-100-hmi-dop-107bv_SBOM-CVE.json,ICS-0723_delta_dop-100-hmi-dop-107bv_SBOM.json,ICS-0723,Delta Electronics,DOP-100 HMI DOP-107BV,hmi,2,remote-accessible,manufacturing-discrete,13,4,9,2,6,1,0,0,9.1
ICS-0724_omron_na-series-hmi-na5-12w_SBOM-CVE.json,ICS-0724_omron_na-series-hmi-na5-12w_SBOM.json,ICS-0724,OMRON Corporation,NA Series HMI NA5-12W,hmi,2,control-network,water-treatment,15,4,9,2,6,1,0,0,9.8
ICS-0725_pilz_pmi-operator-terminal-pmi-6-primo_SBOM-CVE.json,ICS-0725_pilz_pmi-operator-terminal-pmi-6-primo_SBOM.json,ICS-0725,Pilz GmbH,PMI Operator Terminal PMI 6 primo,hmi,2,control-network,transportation-rail,17,7,14,0,7,7,0,0,8.8
ICS-0726_aveva_aveva-plant-scada-2020-r2_SBOM-CVE.json,ICS-0726_aveva_aveva-plant-scada-2020-r2_SBOM.json,ICS-0726,AVEVA Group plc,AVEVA Plant SCADA 2020 R2,scada-server,2,control-network,pulp-and-paper,16,3,5,1,4,0,0,0,9.8
ICS-0727_inductive_ignition-scada-platform-8-1_SBOM-CVE.json,ICS-0727_inductive_ignition-scada-platform-8-1_SBOM.json,ICS-0727,Inductive Automation,Ignition SCADA Platform 8.1,scada-server,2,control-network,petrochemical,16,4,11,1,7,3,0,0,9.0
ICS-0728_copadata_zenon-supervisor-10_SBOM-CVE.json,ICS-0728_copadata_zenon-supervisor-10_SBOM.json,ICS-0728,COPA-DATA GmbH,zenon Supervisor 10,scada-server,2,remote-accessible,district-heating,19,5,13,2,10,1,0,0,9.8
ICS-0729_siemens_simatic-wincc-v7-5_SBOM-CVE.json,ICS-0729_siemens_simatic-wincc-v7-5_SBOM.json,ICS-0729,Siemens AG,SIMATIC WinCC V7.5,scada-server,2,isolated-cell,wastewater,16,6,14,3,9,2,0,0,9.8
ICS-0730_ge_cimplicity-hmi-scada-11-1_SBOM-CVE.json,ICS-0730_ge_cimplicity-hmi-scada-11-1_SBOM.json,ICS-0730,GE Vernova,CIMPLICITY HMI/SCADA 11.1,scada-server,2,remote-accessible,manufacturing-process,18,7,16,3,11,2,0,0,9.8
ICS-0731_schneider_ecostruxure-geo-scada-expert-2021_SBOM-CVE.json,ICS-0731_schneider_ecostruxure-geo-scada-expert-2021_SBOM.json,ICS-0731,Schneider Electric,EcoStruxure Geo SCADA Expert 2021,scada-server,2,isolated-cell,automotive,15,1,3,1,1,1,0,0,9.8
ICS-0732_rockwell_factorytalk-view-se-12-00_SBOM-CVE.json,ICS-0732_rockwell_factorytalk-view-se-12-00_SBOM.json,ICS-0732,Rockwell Automation,FactoryTalk View SE 12.00,scada-server,2,dmz-routable,wastewater,13,5,12,4,7,1,0,0,9.8
ICS-0733_aveva_aveva-historian-2020-r2_SBOM-CVE.json,ICS-0733_aveva_aveva-historian-2020-r2_SBOM.json,ICS-0733,AVEVA Group plc,AVEVA Historian 2020 R2,historian,3,dmz-routable,wastewater,16,6,15,5,7,3,0,0,9.8
ICS-0734_ge_proficy-historian-2022_SBOM-CVE.json,ICS-0734_ge_proficy-historian-2022_SBOM.json,ICS-0734,GE Vernova,Proficy Historian 2022,historian,3,dmz-routable,power-generation,13,3,5,3,1,1,0,0,9.8
ICS-0735_honeywell_uniformance-phd-historian-r500_SBOM-CVE.json,ICS-0735_honeywell_uniformance-phd-historian-r500_SBOM.json,ICS-0735,Honeywell International,Uniformance PHD Historian R500,historian,3,control-network,semiconductor-fab,16,4,8,2,3,3,0,0,9.8
ICS-0736_emerson_deltav-continuous-historian-14-3_SBOM-CVE.json,ICS-0736_emerson_deltav-continuous-historian-14-3_SBOM.json,ICS-0736,Emerson Electric,DeltaV Continuous Historian 14.3,historian,3,remote-accessible,petrochemical,15,4,9,1,5,3,0,0,9.8
ICS-0737_yokogawa_exaquantum-plant-information-system-r3-20_SBOM-CVE.json,ICS-0737_yokogawa_exaquantum-plant-information-system-r3-20_SBOM.json,ICS-0737,Yokogawa Electric,Exaquantum Plant Information System R3.20,historian,3,dmz-routable,semiconductor-fab,15,4,10,1,6,3,0,0,9.8
ICS-0738_siemens_tia-portal-engineering-suite-v17_SBOM-CVE.json,ICS-0738_siemens_tia-portal-engineering-suite-v17_SBOM.json,ICS-0738,Siemens AG,TIA Portal Engineering Suite V17,engineering-workstation,3,control-network,automotive,12,5,12,1,5,6,0,0,9.8
ICS-0739_rockwell_studio-5000-logix-designer-34-00_SBOM-CVE.json,ICS-0739_rockwell_studio-5000-logix-designer-34-00_SBOM.json,ICS-0739,Rockwell Automation,Studio 5000 Logix Designer 34.00,engineering-workstation,3,isolated-cell,water-treatment,15,5,15,2,10,3,0,0,9.8
ICS-0740_schneider_ecostruxure-control-expert-v15-1_SBOM-CVE.json,ICS-0740_schneider_ecostruxure-control-expert-v15-1_SBOM.json,ICS-0740,Schneider Electric,EcoStruxure Control Expert V15.1,engineering-workstation,3,control-network,power-distribution,19,4,9,3,5,1,0,0,9.8
ICS-0741_mitsubishi_gx-works3-engineering-tool-1-080j_SBOM-CVE.json,ICS-0741_mitsubishi_gx-works3-engineering-tool-1-080j_SBOM.json,ICS-0741,Mitsubishi Electric,GX Works3 Engineering Tool 1.080J,engineering-workstation,3,dmz-routable,pulp-and-paper,13,4,9,1,5,3,0,0,9.8
ICS-0742_codesys_codesys-development-system-v3-5-sp17_SBOM-CVE.json,ICS-0742_codesys_codesys-development-system-v3-5-sp17_SBOM.json,ICS-0742,CODESYS GmbH,CODESYS Development System V3.5 SP17,engineering-workstation,3,isolated-cell,manufacturing-discrete,16,5,13,5,8,0,0,0,9.8
ICS-0743_abb_automation-builder-2-5_SBOM-CVE.json,ICS-0743_abb_automation-builder-2-5_SBOM.json,ICS-0743,ABB Ltd,Automation Builder 2.5,engineering-workstation,3,remote-accessible,automotive,13,2,5,0,1,4,0,0,7.5
ICS-0744_emerson_deltav-md-plus-controller-md-plus_SBOM-CVE.json,ICS-0744_emerson_deltav-md-plus-controller-md-plus_SBOM.json,ICS-0744,Emerson Electric,DeltaV MD Plus Controller MD Plus,dcs-controller,1,control-network,manufacturing-process,15,4,9,2,5,2,0,0,9.8
ICS-0745_honeywell_experion-c300-controller-c300_SBOM-CVE.json,ICS-0745_honeywell_experion-c300-controller-c300_SBOM.json,ICS-0745,Honeywell International,Experion C300 Controller C300,dcs-controller,1,remote-accessible,district-heating,18,6,18,6,9,3,0,0,9.8
ICS-0746_yokogawa_centum-vp-field-control-station-afv30d_SBOM-CVE.json,ICS-0746_yokogawa_centum-vp-field-control-station-afv30d_SBOM.json,ICS-0746,Yokogawa Electric,CENTUM VP Field Control Station AFV30D,dcs-controller,1,control-network,power-transmission,16,4,7,1,6,0,0,0,9.8
ICS-0747_abb_ac-800m-controller-pm866_SBOM-CVE.json,ICS-0747_abb_ac-800m-controller-pm866_SBOM.json,ICS-0747,ABB Ltd,AC 800M Controller PM866,dcs-controller,1,remote-accessible,food-and-beverage,15,5,6,1,3,2,0,0,9.8
ICS-0748_siemens_simatic-pcs-7-as-controller-as-410-5h_SBOM-CVE.json,ICS-0748_siemens_simatic-pcs-7-as-controller-as-410-5h_SBOM.json,ICS-0748,Siemens AG,SIMATIC PCS 7 AS Controller AS 410-5H,dcs-controller,1,isolated-cell,pulp-and-paper,16,3,6,1,2,3,0,0,9.1
ICS-0749_hitachi-energy_symphony-plus-hpc800-hpc800_SBOM-CVE.json,ICS-0749_hitachi-energy_symphony-plus-hpc800-hpc800_SBOM.json,ICS-0749,Hitachi Energy,Symphony Plus HPC800 HPC800,dcs-controller,1,remote-accessible,transportation-rail,13,5,16,6,7,3,0,0,9.8
ICS-0750_schneider_triconex-tricon-cx-controller-tricon-cx_SBOM-CVE.json,ICS-0750_schneider_triconex-tricon-cx-controller-tricon-cx_SBOM.json,ICS-0750,Schneider Electric,Triconex Tricon CX Controller Tricon CX,sis-logic-solver,1,remote-accessible,water-treatment,14,5,9,2,4,1,0,2,9.1
ICS-0751_hima_himax-safety-controller-x-cpu-31_SBOM-CVE.json,ICS-0751_hima_himax-safety-controller-x-cpu-31_SBOM.json,ICS-0751,HIMA Paul Hildebrandt GmbH,HIMax Safety Controller X-CPU 31,sis-logic-solver,1,dmz-routable,wastewater,15,5,13,5,6,0,0,2,9.8
ICS-0752_pilz_pss-4000-safety-controller-pssu-h-plc1_SBOM-CVE.json,ICS-0752_pilz_pss-4000-safety-controller-pssu-h-plc1_SBOM.json,ICS-0752,Pilz GmbH,PSS 4000 Safety Controller PSSu H PLC1,sis-logic-solver,1,remote-accessible,automotive,16,6,16,3,6,6,0,1,10.0
ICS-0753_siemens_simatic-s7-1500f-safety-cpu-1511f-1-pn_SBOM-CVE.json,ICS-0753_siemens_simatic-s7-1500f-safety-cpu-1511f-1-pn_SBOM.json,ICS-0753,Siemens AG,SIMATIC S7-1500F Safety CPU 1511F-1 PN,sis-logic-solver,1,dmz-routable,power-distribution,15,5,8,4,2,2,0,0,9.8
ICS-0754_rockwell_guardlogix-safety-controller-1756-l81es_SBOM-CVE.json,ICS-0754_rockwell_guardlogix-safety-controller-1756-l81es_SBOM.json,ICS-0754,Rockwell Automation,GuardLogix Safety Controller 1756-L81ES,sis-logic-solver,1,isolated-cell,water-treatment,13,5,12,4,4,3,0,1,9.8
ICS-0755_moxa_mgate-protocol-gateway-5217a_SBOM-CVE.json,ICS-0755_moxa_mgate-protocol-gateway-5217a_SBOM.json,ICS-0755,Moxa Inc.,MGate Protocol Gateway 5217A,protocol-gateway,3.5,dmz-routable,wastewater,18,5,10,1,6,3,0,0,9.8
ICS-0756_softing_edgeaggregator-gateway-ea-500_SBOM-CVE.json,ICS-0756_softing_edgeaggregator-gateway-ea-500_SBOM.json,ICS-0756,Softing Industrial Automation,edgeAggregator Gateway EA-500,protocol-gateway,3.5,control-network,steel-and-metals,19,10,23,1,12,9,1,0,9.8
ICS-0757_advantech_ecu-1251-edge-gateway-ecu-1251_SBOM-CVE.json,ICS-0757_advantech_ecu-1251-edge-gateway-ecu-1251_SBOM.json,ICS-0757,"Advantech Co., Ltd.",ECU-1251 Edge Gateway ECU-1251,protocol-gateway,3.5,remote-accessible,building-automation,16,6,13,4,5,3,1,0,9.8
ICS-0758_phoenix_fl-mguard-security-appliance-rs4000_SBOM-CVE.json,ICS-0758_phoenix_fl-mguard-security-appliance-rs4000_SBOM.json,ICS-0758,Phoenix Contact,FL MGUARD Security Appliance RS4000,industrial-firewall,3.5,isolated-cell,pulp-and-paper,16,6,13,1,6,5,0,1,9.8
ICS-0759_belden_eagle40-industrial-firewall-eagle40-4d_SBOM-CVE.json,ICS-0759_belden_eagle40-industrial-firewall-eagle40-4d_SBOM.json,ICS-0759,Belden / Hirschmann,EAGLE40 Industrial Firewall EAGLE40-4D,industrial-firewall,3.5,isolated-cell,manufacturing-process,14,3,9,1,5,3,0,0,9.8
ICS-0760_belden_rsp-managed-switch-rsp35_SBOM-CVE.json,ICS-0760_belden_rsp-managed-switch-rsp35_SBOM.json,ICS-0760,Belden / Hirschmann,RSP Managed Switch RSP35,industrial-switch,2,dmz-routable,pulp-and-paper,18,7,12,4,4,4,0,0,9.8
ICS-0761_westermo_lynx-dss-managed-switch-lynx-3510_SBOM-CVE.json,ICS-0761_westermo_lynx-dss-managed-switch-lynx-3510_SBOM.json,ICS-0761,Westermo Network Technologies,Lynx DSS Managed Switch Lynx-3510,industrial-switch,2,remote-accessible,steel-and-metals,18,7,17,5,5,6,1,0,9.8
ICS-0762_moxa_eds-managed-ethernet-switch-eds-4012_SBOM-CVE.json,ICS-0762_moxa_eds-managed-ethernet-switch-eds-4012_SBOM.json,ICS-0762,Moxa Inc.,EDS Managed Ethernet Switch EDS-4012,industrial-switch,2,isolated-cell,manufacturing-discrete,19,7,17,2,8,7,0,0,9.8
ICS-0763_siemens_scalance-x-industrial-switch-xc216-4c_SBOM-CVE.json,ICS-0763_siemens_scalance-x-industrial-switch-xc216-4c_SBOM.json,ICS-0763,Siemens AG,SCALANCE X Industrial Switch XC216-4C,industrial-switch,2,isolated-cell,manufacturing-discrete,19,5,11,1,6,3,0,1,9.8
ICS-0764_siemens_ruggedcom-rx1500-router-rx1500_SBOM-CVE.json,ICS-0764_siemens_ruggedcom-rx1500-router-rx1500_SBOM.json,ICS-0764,Siemens AG,RUGGEDCOM RX1500 Router RX1500,industrial-router,3.5,remote-accessible,district-heating,13,3,8,1,4,3,0,0,9.8
ICS-0765_abb_acs880-industrial-drive-acs880-01_SBOM-CVE.json,ICS-0765_abb_acs880-industrial-drive-acs880-01_SBOM.json,ICS-0765,ABB Ltd,ACS880 Industrial Drive ACS880-01,vfd-drive,1,control-network,automotive,16,6,9,5,3,1,0,0,9.8
ICS-0766_siemens_sinamics-s120-drive-cu320-2-pn_SBOM-CVE.json,ICS-0766_siemens_sinamics-s120-drive-cu320-2-pn_SBOM.json,ICS-0766,Siemens AG,SINAMICS S120 Drive CU320-2 PN,vfd-drive,1,remote-accessible,power-generation,14,4,10,1,5,4,0,0,9.8
ICS-0767_danfoss_vlt-automationdrive-fc-302_SBOM-CVE.json,ICS-0767_danfoss_vlt-automationdrive-fc-302_SBOM.json,ICS-0767,Danfoss A/S,VLT AutomationDrive FC-302,vfd-drive,1,isolated-cell,food-and-beverage,18,4,11,4,3,2,0,2,10.0
ICS-0768_rockwell_powerflex-755-drive-755_SBOM-CVE.json,ICS-0768_rockwell_powerflex-755-drive-755_SBOM.json,ICS-0768,Rockwell Automation,PowerFlex 755 Drive 755,vfd-drive,1,remote-accessible,oil-and-gas-upstream,11,5,12,4,6,1,0,1,9.8
ICS-0769_bosch-rexroth_indradrive-controller-hcs01_SBOM-CVE.json,ICS-0769_bosch-rexroth_indradrive-controller-hcs01_SBOM.json,ICS-0769,Bosch Rexroth AG,IndraDrive Controller HCS01,motion-controller,1,dmz-routable,power-transmission,17,7,16,5,9,0,0,2,9.8
ICS-0770_bosch-rexroth_indramotion-mlc-xm22_SBOM-CVE.json,ICS-0770_bosch-rexroth_indramotion-mlc-xm22_SBOM.json,ICS-0770,Bosch Rexroth AG,IndraMotion MLC XM22,motion-controller,1,control-network,building-automation,18,7,15,2,8,5,0,0,9.1
ICS-0771_fuji_frenic-ace-inverter-frn0006e2s_SBOM-CVE.json,ICS-0771_fuji_frenic-ace-inverter-frn0006e2s_SBOM.json,ICS-0771,Fuji Electric,FRENIC-Ace Inverter FRN0006E2S,vfd-drive,1,control-network,district-heating,13,3,6,2,3,1,0,0,9.1
ICS-0772_mitsubishi_melfa-robot-controller-cr800-d_SBOM-CVE.json,ICS-0772_mitsubishi_melfa-robot-controller-cr800-d_SBOM.json,ICS-0772,Mitsubishi Electric,MELFA Robot Controller CR800-D,robot-controller,1,remote-accessible,transportation-metro,16,5,11,4,5,0,0,2,9.1
ICS-0773_abb_irc5-robot-controller-irc5-compact_SBOM-CVE.json,ICS-0773_abb_irc5-robot-controller-irc5-compact_SBOM.json,ICS-0773,ABB Ltd,IRC5 Robot Controller IRC5 Compact,robot-controller,1,control-network,port-and-logistics,15,6,14,1,10,2,0,1,9.8
ICS-0774_keyence_cnc-motion-unit-mc-1_SBOM-CVE.json,ICS-0774_keyence_cnc-motion-unit-mc-1_SBOM.json,ICS-0774,KEYENCE Corporation,CNC Motion Unit MC-1,cnc-controller,1,remote-accessible,district-heating,11,5,11,3,5,3,0,0,10.0
ICS-0775_mitsubishi_m800-cnc-controller-m830w_SBOM-CVE.json,ICS-0775_mitsubishi_m800-cnc-controller-m830w_SBOM.json,ICS-0775,Mitsubishi Electric,M800 CNC Controller M830W,cnc-controller,1,control-network,water-treatment,17,5,10,1,6,1,0,2,9.8
ICS-0776_emerson_rosemount-3051s-transmitter-3051s_SBOM-CVE.json,ICS-0776_emerson_rosemount-3051s-transmitter-3051s_SBOM.json,ICS-0776,Emerson Electric,Rosemount 3051S Transmitter 3051S,field-transmitter,0,isolated-cell,wastewater,9,2,4,2,2,0,0,0,9.1
ICS-0777_yokogawa_eja-e-series-transmitter-eja110e_SBOM-CVE.json,ICS-0777_yokogawa_eja-e-series-transmitter-eja110e_SBOM.json,ICS-0777,Yokogawa Electric,EJA-E Series Transmitter EJA110E,field-transmitter,0,dmz-routable,port-and-logistics,8,2,6,3,3,0,0,0,10.0
ICS-0778_honeywell_smartline-st800-transmitter-st800_SBOM-CVE.json,ICS-0778_honeywell_smartline-st800-transmitter-st800_SBOM.json,ICS-0778,Honeywell International,SmartLine ST800 Transmitter ST800,field-transmitter,0,control-network,chemical,9,3,8,0,4,4,0,0,8.1
ICS-0779_abb_merging-unit-sam600-sam600-io_SBOM-CVE.json,ICS-0779_abb_merging-unit-sam600-sam600-io_SBOM.json,ICS-0779,ABB Ltd,Merging Unit SAM600 SAM600-IO,merging-unit,0,remote-accessible,building-automation,11,2,3,1,2,0,0,0,9.8
ICS-0780_schneider_powerlogic-ion9000-meter-ion9000_SBOM-CVE.json,ICS-0780_schneider_powerlogic-ion9000-meter-ion9000_SBOM.json,ICS-0780,Schneider Electric,PowerLogic ION9000 Meter ION9000,power-meter,1,control-network,oil-and-gas-upstream,20,9,18,1,7,9,1,0,9.8
ICS-0781_ge_epm-9900-power-meter-epm9900_SBOM-CVE.json,ICS-0781_ge_epm-9900-power-meter-epm9900_SBOM.json,ICS-0781,GE Vernova,EPM 9900 Power Meter EPM9900,power-meter,1,isolated-cell,chemical,15,6,15,10,4,1,0,0,10.0
ICS-0782_ptc_kepserverex-connectivity-platform-6-11_SBOM-CVE.json,ICS-0782_ptc_kepserverex-connectivity-platform-6-11_SBOM.json,ICS-0782,PTC Inc.,KEPServerEX Connectivity Platform 6.11,opc-server,3,isolated-cell,pharmaceutical,16,3,7,3,3,1,0,0,9.8
ICS-0783_softing_datafeed-opc-suite-v5-20_SBOM-CVE.json,ICS-0783_softing_datafeed-opc-suite-v5-20_SBOM.json,ICS-0783,Softing Industrial Automation,dataFEED OPC Suite V5.20,opc-server,3,control-network,power-distribution,15,6,15,6,6,3,0,0,9.8
ICS-0784_aveva_aveva-opc-ua-server-2020_SBOM-CVE.json,ICS-0784_aveva_aveva-opc-ua-server-2020_SBOM.json,ICS-0784,AVEVA Group plc,AVEVA OPC UA Server 2020,opc-server,3,dmz-routable,pulp-and-paper,11,5,12,4,5,3,0,0,9.8
ICS-0785_honeywell_excel-web-ii-bacnet-controller-xl1000c50_SBOM-CVE.json,ICS-0785_honeywell_excel-web-ii-bacnet-controller-xl1000c50_SBOM.json,ICS-0785,Honeywell International,Excel Web II BACnet Controller XL1000C50,bas-controller,1,isolated-cell,power-generation,17,7,16,3,10,2,0,1,9.1
ICS-0786_siemens_desigo-pxc-automation-station-pxc100-e-d_SBOM-CVE.json,ICS-0786_siemens_desigo-pxc-automation-station-pxc100-e-d_SBOM.json,ICS-0786,Siemens AG,Desigo PXC Automation Station PXC100-E.D,bas-controller,1,dmz-routable,food-and-beverage,14,3,8,3,4,1,0,0,9.8
ICS-0787_schneider_smartx-as-p-controller-as-p_SBOM-CVE.json,ICS-0787_schneider_smartx-as-p-controller-as-p_SBOM.json,ICS-0787,Schneider Electric,SmartX AS-P Controller AS-P,bas-controller,1,isolated-cell,pulp-and-paper,16,7,13,2,7,3,0,1,9.1
ICS-0788_delta_ez-building-controller-ezns-1000_SBOM-CVE.json,ICS-0788_delta_ez-building-controller-ezns-1000_SBOM.json,ICS-0788,Delta Electronics,eZ Building Controller eZNS-1000,bas-controller,1,control-network,building-automation,15,7,14,4,8,2,0,0,9.8
ICS-0789_phoenix_radioline-wireless-gateway-rad-2400_SBOM-CVE.json,ICS-0789_phoenix_radioline-wireless-gateway-rad-2400_SBOM.json,ICS-0789,Phoenix Contact,Radioline Wireless Gateway RAD-2400,wireless-gateway,1,control-network,food-and-beverage,11,4,9,1,4,3,0,1,9.1
ICS-0790_moxa_awk-industrial-wireless-ap-awk-3131a_SBOM-CVE.json,ICS-0790_moxa_awk-industrial-wireless-ap-awk-3131a_SBOM.json,ICS-0790,Moxa Inc.,AWK Industrial Wireless AP AWK-3131A,wireless-gateway,2,dmz-routable,wastewater,18,8,16,3,9,3,0,1,9.8
ICS-0791_emerson_wireless-1420-gateway-1420_SBOM-CVE.json,ICS-0791_emerson_wireless-1420-gateway-1420_SBOM.json,ICS-0791,Emerson Electric,Wireless 1420 Gateway 1420,wireless-gateway,1,isolated-cell,transportation-rail,14,6,10,3,3,4,0,0,9.8
ICS-0792_siemens_simatic-s7-1500-cpu-1518-4-pn-dp_SBOM-CVE.json,ICS-0792_siemens_simatic-s7-1500-cpu-1518-4-pn-dp_SBOM.json,ICS-0792,Siemens AG,SIMATIC S7-1500 CPU 1518-4 PN/DP,plc,1,dmz-routable,manufacturing-process,18,5,11,3,7,1,0,0,9.8
ICS-0793_siemens_simatic-s7-1200-cpu-1217c_SBOM-CVE.json,ICS-0793_siemens_simatic-s7-1200-cpu-1217c_SBOM.json,ICS-0793,Siemens AG,SIMATIC S7-1200 CPU 1217C,plc,1,dmz-routable,transportation-metro,15,4,11,6,2,3,0,0,10.0
ICS-0794_siemens_simatic-s7-400-cpu-416-3_SBOM-CVE.json,ICS-0794_siemens_simatic-s7-400-cpu-416-3_SBOM.json,ICS-0794,Siemens AG,SIMATIC S7-400 CPU 416-3,plc,1,isolated-cell,power-transmission,12,3,7,0,7,0,0,0,7.5
ICS-0795_rockwell_controllogix-controller-1756-l83e_SBOM-CVE.json,ICS-0795_rockwell_controllogix-controller-1756-l83e_SBOM.json,ICS-0795,Rockwell Automation,ControlLogix Controller 1756-L83E,plc,1,dmz-routable,food-and-beverage,15,5,12,2,4,6,0,0,9.8
ICS-0796_rockwell_compactlogix-controller-5069-l320er_SBOM-CVE.json,ICS-0796_rockwell_compactlogix-controller-5069-l320er_SBOM.json,ICS-0796,Rockwell Automation,CompactLogix Controller 5069-L320ER,plc,1,control-network,power-generation,15,5,9,3,3,3,0,0,9.8
ICS-0797_rockwell_micrologix-controller-1100-c_SBOM-CVE.json,ICS-0797_rockwell_micrologix-controller-1100-c_SBOM.json,ICS-0797,Rockwell Automation,MicroLogix Controller 1100-C,plc,1,control-network,automotive,14,6,11,2,5,4,0,0,9.1
ICS-0798_schneider_modicon-m340-controller-bmxp341000_SBOM-CVE.json,ICS-0798_schneider_modicon-m340-controller-bmxp341000_SBOM.json,ICS-0798,Schneider Electric,Modicon M340 Controller BMXP341000,plc,1,remote-accessible,power-distribution,17,8,17,4,7,6,0,0,9.8
ICS-0799_schneider_modicon-m580-epac-bmep584040_SBOM-CVE.json,ICS-0799_schneider_modicon-m580-epac-bmep584040_SBOM.json,ICS-0799,Schneider Electric,Modicon M580 ePAC BMEP584040,plc,1,control-network,port-and-logistics,19,7,17,0,10,7,0,0,8.8
ICS-0800_mitsubishi_melsec-iq-r-cpu-r32cpu_SBOM-CVE.json,ICS-0800_mitsubishi_melsec-iq-r-cpu-r32cpu_SBOM.json,ICS-0800,Mitsubishi Electric,MELSEC iQ-R CPU R32CPU,plc,1,isolated-cell,transportation-metro,15,5,12,5,4,3,0,0,9.8
ICS-0801_mitsubishi_melsec-q-series-cpu-q06ude_SBOM-CVE.json,ICS-0801_mitsubishi_melsec-q-series-cpu-q06ude_SBOM.json,ICS-0801,Mitsubishi Electric,MELSEC-Q Series CPU Q06UDE,plc,1,isolated-cell,building-automation,15,3,5,2,3,0,0,0,9.8
ICS-0802_omron_sysmac-nj-machine-controller-nj301-1200_SBOM-CVE.json,ICS-0802_omron_sysmac-nj-machine-controller-nj301-1200_SBOM.json,ICS-0802,OMRON Corporation,SYSMAC NJ Machine Controller NJ301-1200,plc,1,dmz-routable,chemical,18,6,11,2,7,1,0,1,9.8
ICS-0803_omron_sysmac-cj2-plc-cj2h-cpu64_SBOM-CVE.json,ICS-0803_omron_sysmac-cj2-plc-cj2h-cpu64_SBOM.json,ICS-0803,OMRON Corporation,SYSMAC CJ2 PLC CJ2H-CPU64,plc,1,control-network,port-and-logistics,16,6,10,4,5,1,0,0,9.8
ICS-0804_beckhoff_twincat-runtime-controller-cx8190_SBOM-CVE.json,ICS-0804_beckhoff_twincat-runtime-controller-cx8190_SBOM.json,ICS-0804,Beckhoff Automation,TwinCAT Runtime Controller CX8190,plc,1,dmz-routable,pharmaceutical,16,5,12,4,5,3,0,0,9.8
ICS-0805_wago_pfc200-controller-750-8206_SBOM-CVE.json,ICS-0805_wago_pfc200-controller-750-8206_SBOM.json,ICS-0805,WAGO GmbH,PFC200 Controller 750-8206,plc,1,remote-accessible,pulp-and-paper,22,9,23,5,12,5,1,0,9.8
ICS-0806_phoenix_axc-f-2152-controller-axc-f-3152_SBOM-CVE.json,ICS-0806_phoenix_axc-f-2152-controller-axc-f-3152_SBOM.json,ICS-0806,Phoenix Contact,AXC F 2152 Controller AXC-F-3152,plc,1,remote-accessible,manufacturing-discrete,16,5,11,2,5,4,0,0,9.8
ICS-0807_br_x20-controller-x20cp3586_SBOM-CVE.json,ICS-0807_br_x20-controller-x20cp3586_SBOM.json,ICS-0807,B&R Industrial Automation,X20 Controller X20CP3586,plc,1,isolated-cell,automotive,15,2,5,0,2,3,0,0,7.5
ICS-0808_ls-electric_xgt-plc-cpu-xgi-cpuu_SBOM-CVE.json,ICS-0808_ls-electric_xgt-plc-cpu-xgi-cpuu_SBOM.json,ICS-0808,LS ELECTRIC,XGT PLC CPU XGI-CPUU,plc,1,dmz-routable,automotive,15,4,11,2,8,1,0,0,9.8
ICS-0809_delta_as-series-plc-as332t-a_SBOM-CVE.json,ICS-0809_delta_as-series-plc-as332t-a_SBOM.json,ICS-0809,Delta Electronics,AS Series PLC AS332T-A,plc,1,isolated-cell,water-treatment,17,7,16,7,5,4,0,0,9.8
ICS-0810_unitronics_unistream-plc-usp-104-b10_SBOM-CVE.json,ICS-0810_unitronics_unistream-plc-usp-104-b10_SBOM.json,ICS-0810,Unitronics,UniStream PLC USP-104-B10,plc,1,remote-accessible,pulp-and-paper,14,3,7,3,3,1,0,0,9.8
ICS-0811_idec_microsmart-fc6a-plc-fc6a-d32k3_SBOM-CVE.json,ICS-0811_idec_microsmart-fc6a-plc-fc6a-d32k3_SBOM.json,ICS-0811,IDEC Corporation,MicroSmart FC6A PLC FC6A-D32K3,plc,1,isolated-cell,power-distribution,14,4,11,5,4,0,0,2,10.0
ICS-0812_panasonic_fp7-series-plc-afp7cps31_SBOM-CVE.json,ICS-0812_panasonic_fp7-series-plc-afp7cps31_SBOM.json,ICS-0812,"Panasonic Industry Co., Ltd.",FP7 Series PLC AFP7CPS31,plc,1,isolated-cell,food-and-beverage,13,5,9,4,5,0,0,0,9.1
ICS-0813_keyence_kv-8000-plc-kv-7500_SBOM-CVE.json,ICS-0813_keyence_kv-8000-plc-kv-7500_SBOM.json,ICS-0813,KEYENCE Corporation,KV-8000 PLC KV-7500,plc,1,control-network,district-heating,11,2,5,1,1,3,0,0,9.1
ICS-0814_fuji_micrex-sx-plc-np1pm-256e_SBOM-CVE.json,ICS-0814_fuji_micrex-sx-plc-np1pm-256e_SBOM.json,ICS-0814,Fuji Electric,MICREX-SX PLC NP1PM-256E,plc,1,dmz-routable,power-transmission,13,5,10,2,7,1,0,0,9.8
ICS-0815_codesys_codesys-control-runtime-for-beaglebone-sl_SBOM-CVE.json,ICS-0815_codesys_codesys-control-runtime-for-beaglebone-sl_SBOM.json,ICS-0815,CODESYS GmbH,CODESYS Control Runtime for BeagleBone SL,plc-runtime,1,control-network,transportation-metro,18,8,22,7,12,3,0,0,9.8
ICS-0816_abb_rtu560-telecontrol-unit-560cmr01_SBOM-CVE.json,ICS-0816_abb_rtu560-telecontrol-unit-560cmr01_SBOM.json,ICS-0816,ABB Ltd,RTU560 Telecontrol Unit 560CMR01,rtu,1,dmz-routable,steel-and-metals,19,6,14,5,5,4,0,0,9.8
ICS-0817_schneider_scadapack-rtu-x70_SBOM-CVE.json,ICS-0817_schneider_scadapack-rtu-x70_SBOM.json,ICS-0817,Schneider Electric,SCADAPack RTU x70,rtu,1,control-network,district-heating,16,6,16,2,8,6,0,0,9.8
ICS-0818_ge_d20-mx-substation-controller-d20eme_SBOM-CVE.json,ICS-0818_ge_d20-mx-substation-controller-d20eme_SBOM.json,ICS-0818,GE Vernova,D20 MX Substation Controller D20EME,rtu,1,dmz-routable,food-and-beverage,17,7,18,7,8,3,0,0,9.8
ICS-0819_siemens_sicam-a8000-rtu-cp-8031_SBOM-CVE.json,ICS-0819_siemens_sicam-a8000-rtu-cp-8031_SBOM.json,ICS-0819,Siemens AG,SICAM A8000 RTU CP-8031,rtu,1,remote-accessible,power-generation,17,5,10,2,6,2,0,0,9.8
ICS-0820_hitachi-energy_rtu500-series-rtu520_SBOM-CVE.json,ICS-0820_hitachi-energy_rtu500-series-rtu520_SBOM.json,ICS-0820,Hitachi Energy,RTU500 Series RTU520,rtu,1,dmz-routable,semiconductor-fab,16,5,11,5,5,1,0,0,9.8
ICS-0821_moxa_iopac-programmable-controller-8500-c-t_SBOM-CVE.json,ICS-0821_moxa_iopac-programmable-controller-8500-c-t_SBOM.json,ICS-0821,Moxa Inc.,ioPAC Programmable Controller 8500-C-T,rtu,1,control-network,power-distribution,19,10,21,6,9,6,0,0,9.8
ICS-0822_red-lion_data-station-plus-rtu-dspzr000_SBOM-CVE.json,ICS-0822_red-lion_data-station-plus-rtu-dspzr000_SBOM.json,ICS-0822,Red Lion Controls,Data Station Plus RTU DSPZR000,rtu,1,remote-accessible,steel-and-metals,17,5,12,2,7,3,0,0,9.8
ICS-0823_sel_sel-451-protection-system-421_SBOM-CVE.json,ICS-0823_sel_sel-451-protection-system-421_SBOM.json,ICS-0823,Schweitzer Engineering Laboratories,SEL-451 Protection System 421,ied,1,dmz-routable,petrochemical,16,5,11,5,6,0,0,0,10.0
ICS-0824_sel_sel-3530-rtac-3530-4_SBOM-CVE.json,ICS-0824_sel_sel-3530-rtac-3530-4_SBOM.json,ICS-0824,Schweitzer Engineering Laboratories,SEL-3530 RTAC 3530-4,ied,1,control-network,semiconductor-fab,19,5,13,4,6,3,0,0,9.8
ICS-0825_hitachi-energy_ref615-feeder-protection-relay-reu615_SBOM-CVE.json,ICS-0825_hitachi-energy_ref615-feeder-protection-relay-reu615_SBOM.json,ICS-0825,Hitachi Energy,REF615 Feeder Protection Relay REU615,ied,1,isolated-cell,chemical,18,7,15,4,8,1,0,2,9.8
ICS-0826_siemens_siprotec-5-protection-relay-7sa86_SBOM-CVE.json,ICS-0826_siemens_siprotec-5-protection-relay-7sa86_SBOM.json,ICS-0826,Siemens AG,SIPROTEC 5 Protection Relay 7SA86,ied,1,dmz-routable,pharmaceutical,13,3,8,6,2,0,0,0,10.0
ICS-0827_ge_multilin-ur-relay-t35_SBOM-CVE.json,ICS-0827_ge_multilin-ur-relay-t35_SBOM.json,ICS-0827,GE Vernova,Multilin UR Relay T35,ied,1,control-network,oil-and-gas-upstream,17,4,9,2,6,0,0,1,9.1
ICS-0828_schneider_easergy-p3-protection-relay-p3l30_SBOM-CVE.json,ICS-0828_schneider_easergy-p3-protection-relay-p3l30_SBOM.json,ICS-0828,Schneider Electric,Easergy P3 Protection Relay P3L30,ied,1,dmz-routable,power-transmission,17,6,11,5,3,3,0,0,9.8
ICS-0829_nari_pcs-9611-feeder-protection-pcs-9705_SBOM-CVE.json,ICS-0829_nari_pcs-9611-feeder-protection-pcs-9705_SBOM.json,ICS-0829,NARI Technology,PCS-9611 Feeder Protection PCS-9705,ied,1,isolated-cell,petrochemical,12,3,6,4,2,0,0,0,10.0
ICS-0830_hd-hyundai_higen-protection-relay-hgr-200_SBOM-CVE.json,ICS-0830_hd-hyundai_higen-protection-relay-hgr-200_SBOM.json,ICS-0830,HD Hyundai Electric,HiGEN Protection Relay HGR-200,ied,1,isolated-cell,petrochemical,18,6,13,5,7,0,0,1,9.8
ICS-0831_siemens_simatic-hmi-comfort-panel-tp2200_SBOM-CVE.json,ICS-0831_siemens_simatic-hmi-comfort-panel-tp2200_SBOM.json,ICS-0831,Siemens AG,SIMATIC HMI Comfort Panel TP2200,hmi,2,dmz-routable,steel-and-metals,15,6,12,3,6,3,0,0,9.8
ICS-0832_rockwell_panelview-plus-terminal-7-performance-1500_SBOM-CVE.json,ICS-0832_rockwell_panelview-plus-terminal-7-performance-1500_SBOM.json,ICS-0832,Rockwell Automation,PanelView Plus Terminal 7 Performance 1500,hmi,2,control-network,building-automation,16,7,15,2,12,1,0,0,9.8
ICS-0833_schneider_magelis-gtu-hmi-hmidt551_SBOM-CVE.json,ICS-0833_schneider_magelis-gtu-hmi-hmidt551_SBOM.json,ICS-0833,Schneider Electric,Magelis GTU HMI HMIDT551,hmi,2,remote-accessible,transportation-rail,13,3,6,0,3,3,0,0,8.8
ICS-0834_mitsubishi_got2000-graphic-terminal-gt2510-vtba_SBOM-CVE.json,ICS-0834_mitsubishi_got2000-graphic-terminal-gt2510-vtba_SBOM.json,ICS-0834,Mitsubishi Electric,GOT2000 Graphic Terminal GT2510-VTBA,hmi,2,isolated-cell,power-generation,14,4,10,4,5,0,0,1,9.8
ICS-0835_advantech_webop-operator-panel-wop-3070t_SBOM-CVE.json,ICS-0835_advantech_webop-operator-panel-wop-3070t_SBOM.json,ICS-0835,"Advantech Co., Ltd.",WebOP Operator Panel WOP-3070T,hmi,2,isolated-cell,petrochemical,13,6,12,1,6,5,0,0,9.8
ICS-0836_delta_dop-100-hmi-dop-110cs_SBOM-CVE.json,ICS-0836_delta_dop-100-hmi-dop-110cs_SBOM.json,ICS-0836,Delta Electronics,DOP-100 HMI DOP-110CS,hmi,2,remote-accessible,semiconductor-fab,14,4,9,1,7,1,0,0,9.1
ICS-0837_omron_na-series-hmi-na5-9w_SBOM-CVE.json,ICS-0837_omron_na-series-hmi-na5-9w_SBOM.json,ICS-0837,OMRON Corporation,NA Series HMI NA5-9W,hmi,2,dmz-routable,petrochemical,15,3,6,2,3,1,0,0,9.8
ICS-0838_pilz_pmi-operator-terminal-pmi-v812_SBOM-CVE.json,ICS-0838_pilz_pmi-operator-terminal-pmi-v812_SBOM.json,ICS-0838,Pilz GmbH,PMI Operator Terminal PMI v812,hmi,2,remote-accessible,petrochemical,13,5,8,1,4,3,0,0,9.8
ICS-0839_aveva_aveva-plant-scada-2023_SBOM-CVE.json,ICS-0839_aveva_aveva-plant-scada-2023_SBOM.json,ICS-0839,AVEVA Group plc,AVEVA Plant SCADA 2023,scada-server,2,control-network,port-and-logistics,14,5,11,2,9,0,0,0,9.8
ICS-0840_inductive_ignition-scada-platform-8-1-edge_SBOM-CVE.json,ICS-0840_inductive_ignition-scada-platform-8-1-edge_SBOM.json,ICS-0840,Inductive Automation,Ignition SCADA Platform 8.1 Edge,scada-server,2,remote-accessible,petrochemical,15,5,14,4,8,2,0,0,9.8
ICS-0841_copadata_zenon-supervisor-11_SBOM-CVE.json,ICS-0841_copadata_zenon-supervisor-11_SBOM.json,ICS-0841,COPA-DATA GmbH,zenon Supervisor 11,scada-server,2,isolated-cell,power-transmission,16,3,7,0,5,2,0,0,8.8
ICS-0842_siemens_simatic-wincc-v8-0_SBOM-CVE.json,ICS-0842_siemens_simatic-wincc-v8-0_SBOM.json,ICS-0842,Siemens AG,SIMATIC WinCC V8.0,scada-server,2,control-network,power-generation,14,2,5,1,4,0,0,0,9.8
ICS-0843_ge_cimplicity-hmi-scada-2022_SBOM-CVE.json,ICS-0843_ge_cimplicity-hmi-scada-2022_SBOM.json,ICS-0843,GE Vernova,CIMPLICITY HMI/SCADA 2022,scada-server,2,control-network,oil-and-gas-midstream,15,2,6,0,5,1,0,0,8.1
ICS-0844_schneider_ecostruxure-geo-scada-expert-2022_SBOM-CVE.json,ICS-0844_schneider_ecostruxure-geo-scada-expert-2022_SBOM.json,ICS-0844,Schneider Electric,EcoStruxure Geo SCADA Expert 2022,scada-server,2,isolated-cell,port-and-logistics,16,5,11,3,7,1,0,0,9.8
ICS-0845_rockwell_factorytalk-view-se-13-00_SBOM-CVE.json,ICS-0845_rockwell_factorytalk-view-se-13-00_SBOM.json,ICS-0845,Rockwell Automation,FactoryTalk View SE 13.00,scada-server,2,dmz-routable,oil-and-gas-upstream,16,5,11,4,7,0,0,0,9.8
ICS-0846_aveva_aveva-historian-2023_SBOM-CVE.json,ICS-0846_aveva_aveva-historian-2023_SBOM.json,ICS-0846,AVEVA Group plc,AVEVA Historian 2023,historian,3,remote-accessible,manufacturing-discrete,17,5,13,5,6,2,0,0,9.8
ICS-0847_ge_proficy-historian-2023_SBOM-CVE.json,ICS-0847_ge_proficy-historian-2023_SBOM.json,ICS-0847,GE Vernova,Proficy Historian 2023,historian,3,control-network,food-and-beverage,16,5,13,3,8,2,0,0,9.8
ICS-0848_honeywell_uniformance-phd-historian-r400_SBOM-CVE.json,ICS-0848_honeywell_uniformance-phd-historian-r400_SBOM.json,ICS-0848,Honeywell International,Uniformance PHD Historian R400,historian,3,isolated-cell,manufacturing-discrete,12,4,12,4,3,5,0,0,9.8
ICS-0849_emerson_deltav-continuous-historian-14-lts_SBOM-CVE.json,ICS-0849_emerson_deltav-continuous-historian-14-lts_SBOM.json,ICS-0849,Emerson Electric,DeltaV Continuous Historian 14.LTS,historian,3,dmz-routable,automotive,13,5,13,4,8,1,0,0,9.8
ICS-0850_yokogawa_exaquantum-plant-information-system-r3-15_SBOM-CVE.json,ICS-0850_yokogawa_exaquantum-plant-information-system-r3-15_SBOM.json,ICS-0850,Yokogawa Electric,Exaquantum Plant Information System R3.15,historian,3,control-network,petrochemical,17,5,13,4,6,3,0,0,9.8
ICS-0851_siemens_tia-portal-engineering-suite-v18_SBOM-CVE.json,ICS-0851_siemens_tia-portal-engineering-suite-v18_SBOM.json,ICS-0851,Siemens AG,TIA Portal Engineering Suite V18,engineering-workstation,3,dmz-routable,pulp-and-paper,15,7,14,4,8,2,0,0,9.8
ICS-0852_rockwell_studio-5000-logix-designer-35-00_SBOM-CVE.json,ICS-0852_rockwell_studio-5000-logix-designer-35-00_SBOM.json,ICS-0852,Rockwell Automation,Studio 5000 Logix Designer 35.00,engineering-workstation,3,control-network,pulp-and-paper,15,4,8,2,4,2,0,0,9.8
ICS-0853_schneider_ecostruxure-control-expert-v16-0_SBOM-CVE.json,ICS-0853_schneider_ecostruxure-control-expert-v16-0_SBOM.json,ICS-0853,Schneider Electric,EcoStruxure Control Expert V16.0,engineering-workstation,3,control-network,district-heating,16,6,14,4,8,2,0,0,9.8
ICS-0854_mitsubishi_gx-works3-engineering-tool-1-090u_SBOM-CVE.json,ICS-0854_mitsubishi_gx-works3-engineering-tool-1-090u_SBOM.json,ICS-0854,Mitsubishi Electric,GX Works3 Engineering Tool 1.090U,engineering-workstation,3,isolated-cell,building-automation,16,5,13,3,8,2,0,0,9.8
ICS-0855_codesys_codesys-development-system-v3-5-sp18_SBOM-CVE.json,ICS-0855_codesys_codesys-development-system-v3-5-sp18_SBOM.json,ICS-0855,CODESYS GmbH,CODESYS Development System V3.5 SP18,engineering-workstation,3,isolated-cell,transportation-rail,15,4,9,3,4,2,0,0,9.8
ICS-0856_abb_automation-builder-2-6_SBOM-CVE.json,ICS-0856_abb_automation-builder-2-6_SBOM.json,ICS-0856,ABB Ltd,Automation Builder 2.6,engineering-workstation,3,remote-accessible,pharmaceutical,13,5,11,1,10,0,0,0,9.8
ICS-0857_emerson_deltav-md-plus-controller-sx_SBOM-CVE.json,ICS-0857_emerson_deltav-md-plus-controller-sx_SBOM.json,ICS-0857,Emerson Electric,DeltaV MD Plus Controller SX,dcs-controller,1,dmz-routable,building-automation,20,9,23,10,9,3,0,1,9.8
ICS-0858_honeywell_experion-c300-controller-c200e_SBOM-CVE.json,ICS-0858_honeywell_experion-c300-controller-c200e_SBOM.json,ICS-0858,Honeywell International,Experion C300 Controller C200E,dcs-controller,1,dmz-routable,power-transmission,20,7,16,4,7,4,0,1,9.8
ICS-0859_yokogawa_centum-vp-field-control-station-afv10d_SBOM-CVE.json,ICS-0859_yokogawa_centum-vp-field-control-station-afv10d_SBOM.json,ICS-0859,Yokogawa Electric,CENTUM VP Field Control Station AFV10D,dcs-controller,1,isolated-cell,water-treatment,12,4,8,1,3,3,0,1,9.8
ICS-0860_abb_ac-800m-controller-pm891_SBOM-CVE.json,ICS-0860_abb_ac-800m-controller-pm891_SBOM.json,ICS-0860,ABB Ltd,AC 800M Controller PM891,dcs-controller,1,dmz-routable,steel-and-metals,18,6,16,5,8,3,0,0,9.8
ICS-0861_siemens_simatic-pcs-7-as-controller-as-417-4_SBOM-CVE.json,ICS-0861_siemens_simatic-pcs-7-as-controller-as-417-4_SBOM.json,ICS-0861,Siemens AG,SIMATIC PCS 7 AS Controller AS 417-4,dcs-controller,1,isolated-cell,power-generation,19,3,7,4,2,1,0,0,9.8
ICS-0862_hitachi-energy_symphony-plus-hpc800-brc410_SBOM-CVE.json,ICS-0862_hitachi-energy_symphony-plus-hpc800-brc410_SBOM.json,ICS-0862,Hitachi Energy,Symphony Plus HPC800 BRC410,dcs-controller,1,control-network,building-automation,16,7,18,2,11,4,0,1,9.8
ICS-0863_schneider_triconex-tricon-cx-controller-trident-3_SBOM-CVE.json,ICS-0863_schneider_triconex-tricon-cx-controller-trident-3_SBOM.json,ICS-0863,Schneider Electric,Triconex Tricon CX Controller Trident 3,sis-logic-solver,1,isolated-cell,manufacturing-discrete,15,6,13,7,5,1,0,0,10.0
ICS-0864_hima_himax-safety-controller-x-cpu-01_SBOM-CVE.json,ICS-0864_hima_himax-safety-controller-x-cpu-01_SBOM.json,ICS-0864,HIMA Paul Hildebrandt GmbH,HIMax Safety Controller X-CPU 01,sis-logic-solver,1,remote-accessible,power-transmission,12,4,7,5,1,1,0,0,10.0
ICS-0865_pilz_pss-4000-safety-controller-pssu-h-fs_SBOM-CVE.json,ICS-0865_pilz_pss-4000-safety-controller-pssu-h-fs_SBOM.json,ICS-0865,Pilz GmbH,PSS 4000 Safety Controller PSSu H FS,sis-logic-solver,1,control-network,transportation-metro,14,4,8,1,4,3,0,0,9.1
ICS-0866_siemens_simatic-s7-1500f-safety-cpu-1516f-3-pn-dp_SBOM-CVE.json,ICS-0866_siemens_simatic-s7-1500f-safety-cpu-1516f-3-pn-dp_SBOM.json,ICS-0866,Siemens AG,SIMATIC S7-1500F Safety CPU 1516F-3 PN/DP,sis-logic-solver,1,dmz-routable,power-transmission,13,6,10,3,6,1,0,0,9.1
ICS-0867_rockwell_guardlogix-safety-controller-1756-l83es_SBOM-CVE.json,ICS-0867_rockwell_guardlogix-safety-controller-1756-l83es_SBOM.json,ICS-0867,Rockwell Automation,GuardLogix Safety Controller 1756-L83ES,sis-logic-solver,1,control-network,power-transmission,14,4,9,4,3,1,0,1,9.8
ICS-0868_moxa_mgate-protocol-gateway-eip3170i_SBOM-CVE.json,ICS-0868_moxa_mgate-protocol-gateway-eip3170i_SBOM.json,ICS-0868,Moxa Inc.,MGate Protocol Gateway EIP3170I,protocol-gateway,3.5,remote-accessible,power-distribution,20,9,16,6,5,4,0,1,9.8
ICS-0869_softing_edgeaggregator-gateway-ea-300_SBOM-CVE.json,ICS-0869_softing_edgeaggregator-gateway-ea-300_SBOM.json,ICS-0869,Softing Industrial Automation,edgeAggregator Gateway EA-300,protocol-gateway,3.5,isolated-cell,transportation-rail,17,6,14,4,8,2,0,0,9.8
ICS-0870_advantech_ecu-1251-edge-gateway-ecu-1051_SBOM-CVE.json,ICS-0870_advantech_ecu-1251-edge-gateway-ecu-1051_SBOM.json,ICS-0870,"Advantech Co., Ltd.",ECU-1251 Edge Gateway ECU-1051,protocol-gateway,3.5,dmz-routable,petrochemical,21,7,15,2,9,3,0,1,9.8
ICS-0871_phoenix_fl-mguard-security-appliance-rs2000_SBOM-CVE.json,ICS-0871_phoenix_fl-mguard-security-appliance-rs2000_SBOM.json,ICS-0871,Phoenix Contact,FL MGUARD Security Appliance RS2000,industrial-firewall,3.5,remote-accessible,wastewater,18,10,22,5,10,5,1,1,9.8
ICS-0872_belden_eagle40-industrial-firewall-eagle30_SBOM-CVE.json,ICS-0872_belden_eagle40-industrial-firewall-eagle30_SBOM.json,ICS-0872,Belden / Hirschmann,EAGLE40 Industrial Firewall EAGLE30,industrial-firewall,3.5,remote-accessible,food-and-beverage,18,7,17,4,9,4,0,0,9.8
ICS-0873_belden_rsp-managed-switch-rsp20_SBOM-CVE.json,ICS-0873_belden_rsp-managed-switch-rsp20_SBOM.json,ICS-0873,Belden / Hirschmann,RSP Managed Switch RSP20,industrial-switch,2,dmz-routable,semiconductor-fab,19,6,17,3,7,7,0,0,9.8
ICS-0874_westermo_lynx-dss-managed-switch-lynx-5612_SBOM-CVE.json,ICS-0874_westermo_lynx-dss-managed-switch-lynx-5612_SBOM.json,ICS-0874,Westermo Network Technologies,Lynx DSS Managed Switch Lynx-5612,industrial-switch,2,dmz-routable,chemical,17,4,10,1,7,1,1,0,9.8
ICS-0875_moxa_eds-managed-ethernet-switch-eds-508a_SBOM-CVE.json,ICS-0875_moxa_eds-managed-ethernet-switch-eds-508a_SBOM.json,ICS-0875,Moxa Inc.,EDS Managed Ethernet Switch EDS-508A,industrial-switch,2,control-network,power-generation,14,4,11,4,5,2,0,0,9.8
ICS-0876_siemens_scalance-x-industrial-switch-x308-2_SBOM-CVE.json,ICS-0876_siemens_scalance-x-industrial-switch-x308-2_SBOM.json,ICS-0876,Siemens AG,SCALANCE X Industrial Switch X308-2,industrial-switch,2,dmz-routable,manufacturing-discrete,16,5,10,0,8,2,0,0,8.1
ICS-0877_siemens_ruggedcom-rx1500-router-rx1400_SBOM-CVE.json,ICS-0877_siemens_ruggedcom-rx1500-router-rx1400_SBOM.json,ICS-0877,Siemens AG,RUGGEDCOM RX1500 Router RX1400,industrial-router,3.5,remote-accessible,water-treatment,12,3,7,4,3,0,0,0,9.8
ICS-0878_abb_acs880-industrial-drive-acs880-07_SBOM-CVE.json,ICS-0878_abb_acs880-industrial-drive-acs880-07_SBOM.json,ICS-0878,ABB Ltd,ACS880 Industrial Drive ACS880-07,vfd-drive,1,control-network,food-and-beverage,15,4,8,1,6,0,0,1,9.1
ICS-0879_siemens_sinamics-s120-drive-cu310-2-pn_SBOM-CVE.json,ICS-0879_siemens_sinamics-s120-drive-cu310-2-pn_SBOM.json,ICS-0879,Siemens AG,SINAMICS S120 Drive CU310-2 PN,vfd-drive,1,dmz-routable,oil-and-gas-upstream,16,5,13,2,7,4,0,0,9.8
ICS-0880_danfoss_vlt-automationdrive-fc-102_SBOM-CVE.json,ICS-0880_danfoss_vlt-automationdrive-fc-102_SBOM.json,ICS-0880,Danfoss A/S,VLT AutomationDrive FC-102,vfd-drive,1,remote-accessible,automotive,15,5,12,5,5,0,0,2,9.8
ICS-0881_rockwell_powerflex-755-drive-755t_SBOM-CVE.json,ICS-0881_rockwell_powerflex-755-drive-755t_SBOM.json,ICS-0881,Rockwell Automation,PowerFlex 755 Drive 755T,vfd-drive,1,dmz-routable,oil-and-gas-upstream,11,4,10,2,5,1,0,2,9.1
ICS-0882_bosch-rexroth_indradrive-controller-hcs02_SBOM-CVE.json,ICS-0882_bosch-rexroth_indradrive-controller-hcs02_SBOM.json,ICS-0882,Bosch Rexroth AG,IndraDrive Controller HCS02,motion-controller,1,remote-accessible,wastewater,14,5,14,6,4,4,0,0,10.0
ICS-0883_bosch-rexroth_indramotion-mlc-xm42_SBOM-CVE.json,ICS-0883_bosch-rexroth_indramotion-mlc-xm42_SBOM.json,ICS-0883,Bosch Rexroth AG,IndraMotion MLC XM42,motion-controller,1,control-network,oil-and-gas-upstream,20,8,19,2,11,5,1,0,9.8
ICS-0884_fuji_frenic-ace-inverter-frn0012e2s_SBOM-CVE.json,ICS-0884_fuji_frenic-ace-inverter-frn0012e2s_SBOM.json,ICS-0884,Fuji Electric,FRENIC-Ace Inverter FRN0012E2S,vfd-drive,1,remote-accessible,transportation-metro,16,6,15,7,8,0,0,0,10.0
ICS-0885_mitsubishi_melfa-robot-controller-cr800-r_SBOM-CVE.json,ICS-0885_mitsubishi_melfa-robot-controller-cr800-r_SBOM.json,ICS-0885,Mitsubishi Electric,MELFA Robot Controller CR800-R,robot-controller,1,control-network,manufacturing-process,12,3,5,0,1,4,0,0,7.5
ICS-0886_abb_irc5-robot-controller-irc5-single_SBOM-CVE.json,ICS-0886_abb_irc5-robot-controller-irc5-single_SBOM.json,ICS-0886,ABB Ltd,IRC5 Robot Controller IRC5 Single,robot-controller,1,isolated-cell,food-and-beverage,18,7,14,5,6,3,0,0,9.8
ICS-0887_keyence_cnc-motion-unit-mc-2_SBOM-CVE.json,ICS-0887_keyence_cnc-motion-unit-mc-2_SBOM.json,ICS-0887,KEYENCE Corporation,CNC Motion Unit MC-2,cnc-controller,1,dmz-routable,chemical,15,7,15,7,7,0,0,1,10.0
ICS-0888_mitsubishi_m800-cnc-controller-m850w_SBOM-CVE.json,ICS-0888_mitsubishi_m800-cnc-controller-m850w_SBOM.json,ICS-0888,Mitsubishi Electric,M800 CNC Controller M850W,cnc-controller,1,isolated-cell,wastewater,14,5,10,5,3,2,0,0,10.0
ICS-0889_emerson_rosemount-3051s-transmitter-3051smv_SBOM-CVE.json,ICS-0889_emerson_rosemount-3051s-transmitter-3051smv_SBOM.json,ICS-0889,Emerson Electric,Rosemount 3051S Transmitter 3051SMV,field-transmitter,0,dmz-routable,transportation-rail,12,4,11,3,2,4,0,2,10.0
ICS-0890_yokogawa_eja-e-series-transmitter-eja430e_SBOM-CVE.json,ICS-0890_yokogawa_eja-e-series-transmitter-eja430e_SBOM.json,ICS-0890,Yokogawa Electric,EJA-E Series Transmitter EJA430E,field-transmitter,0,isolated-cell,transportation-rail,10,4,9,2,6,1,0,0,9.1
ICS-0891_honeywell_smartline-st800-transmitter-st700_SBOM-CVE.json,ICS-0891_honeywell_smartline-st800-transmitter-st700_SBOM.json,ICS-0891,Honeywell International,SmartLine ST800 Transmitter ST700,field-transmitter,0,control-network,port-and-logistics,9,3,6,2,3,1,0,0,9.1
ICS-0892_abb_merging-unit-sam600-sam600-ct_SBOM-CVE.json,ICS-0892_abb_merging-unit-sam600-sam600-ct_SBOM.json,ICS-0892,ABB Ltd,Merging Unit SAM600 SAM600-CT,merging-unit,0,control-network,wastewater,14,7,16,7,9,0,0,0,10.0
ICS-0893_schneider_powerlogic-ion9000-meter-ion7650_SBOM-CVE.json,ICS-0893_schneider_powerlogic-ion9000-meter-ion7650_SBOM.json,ICS-0893,Schneider Electric,PowerLogic ION9000 Meter ION7650,power-meter,1,remote-accessible,power-transmission,17,9,22,6,12,4,0,0,9.8
ICS-0894_ge_epm-9900-power-meter-epm7000_SBOM-CVE.json,ICS-0894_ge_epm-9900-power-meter-epm7000_SBOM.json,ICS-0894,GE Vernova,EPM 9900 Power Meter EPM7000,power-meter,1,isolated-cell,manufacturing-process,18,4,8,4,3,1,0,0,9.8
ICS-0895_ptc_kepserverex-connectivity-platform-6-13_SBOM-CVE.json,ICS-0895_ptc_kepserverex-connectivity-platform-6-13_SBOM.json,ICS-0895,PTC Inc.,KEPServerEX Connectivity Platform 6.13,opc-server,3,dmz-routable,pharmaceutical,15,6,17,3,11,3,0,0,9.8
ICS-0896_softing_datafeed-opc-suite-v5-22_SBOM-CVE.json,ICS-0896_softing_datafeed-opc-suite-v5-22_SBOM.json,ICS-0896,Softing Industrial Automation,dataFEED OPC Suite V5.22,opc-server,3,control-network,port-and-logistics,16,3,7,0,4,3,0,0,8.8
ICS-0897_aveva_aveva-opc-ua-server-2023_SBOM-CVE.json,ICS-0897_aveva_aveva-opc-ua-server-2023_SBOM.json,ICS-0897,AVEVA Group plc,AVEVA OPC UA Server 2023,opc-server,3,isolated-cell,steel-and-metals,16,4,8,1,5,2,0,0,9.8
ICS-0898_honeywell_excel-web-ii-bacnet-controller-xl1000c1000_SBOM-CVE.json,ICS-0898_honeywell_excel-web-ii-bacnet-controller-xl1000c1000_SBOM.json,ICS-0898,Honeywell International,Excel Web II BACnet Controller XL1000C1000,bas-controller,1,dmz-routable,chemical,17,5,12,5,5,2,0,0,9.8
ICS-0899_siemens_desigo-pxc-automation-station-pxc200-e-d_SBOM-CVE.json,ICS-0899_siemens_desigo-pxc-automation-station-pxc200-e-d_SBOM.json,ICS-0899,Siemens AG,Desigo PXC Automation Station PXC200-E.D,bas-controller,1,dmz-routable,pulp-and-paper,13,4,11,3,5,3,0,0,9.8
ICS-0900_schneider_smartx-as-p-controller-as-b_SBOM-CVE.json,ICS-0900_schneider_smartx-as-p-controller-as-b_SBOM.json,ICS-0900,Schneider Electric,SmartX AS-P Controller AS-B,bas-controller,1,dmz-routable,water-treatment,17,7,16,5,6,4,0,1,9.8
ICS-0901_delta_ez-building-controller-ezns-500_SBOM-CVE.json,ICS-0901_delta_ez-building-controller-ezns-500_SBOM.json,ICS-0901,Delta Electronics,eZ Building Controller eZNS-500,bas-controller,1,remote-accessible,water-treatment,13,6,12,3,6,2,0,1,9.1
ICS-0902_phoenix_radioline-wireless-gateway-rad-900_SBOM-CVE.json,ICS-0902_phoenix_radioline-wireless-gateway-rad-900_SBOM.json,ICS-0902,Phoenix Contact,Radioline Wireless Gateway RAD-900,wireless-gateway,1,isolated-cell,oil-and-gas-midstream,10,3,7,3,2,0,0,2,9.8
ICS-0903_moxa_awk-industrial-wireless-ap-awk-4131a_SBOM-CVE.json,ICS-0903_moxa_awk-industrial-wireless-ap-awk-4131a_SBOM.json,ICS-0903,Moxa Inc.,AWK Industrial Wireless AP AWK-4131A,wireless-gateway,2,isolated-cell,oil-and-gas-upstream,14,6,11,3,5,3,0,0,9.8
ICS-0904_emerson_wireless-1420-gateway-1410s_SBOM-CVE.json,ICS-0904_emerson_wireless-1420-gateway-1410s_SBOM.json,ICS-0904,Emerson Electric,Wireless 1420 Gateway 1410S,wireless-gateway,1,remote-accessible,manufacturing-discrete,14,4,8,0,6,2,0,0,8.8
ICS-0905_siemens_simatic-s7-1500-cpu-1511-1-pn_SBOM-CVE.json,ICS-0905_siemens_simatic-s7-1500-cpu-1511-1-pn_SBOM.json,ICS-0905,Siemens AG,SIMATIC S7-1500 CPU 1511-1 PN,plc,1,dmz-routable,wastewater,18,5,11,5,6,0,0,0,10.0
ICS-0906_siemens_simatic-s7-1200-cpu-1212c_SBOM-CVE.json,ICS-0906_siemens_simatic-s7-1200-cpu-1212c_SBOM.json,ICS-0906,Siemens AG,SIMATIC S7-1200 CPU 1212C,plc,1,isolated-cell,transportation-rail,15,2,2,0,2,0,0,0,7.5
ICS-0907_siemens_simatic-s7-400-cpu-417-4h_SBOM-CVE.json,ICS-0907_siemens_simatic-s7-400-cpu-417-4h_SBOM.json,ICS-0907,Siemens AG,SIMATIC S7-400 CPU 417-4H,plc,1,control-network,building-automation,12,5,13,7,3,3,0,0,9.8
ICS-0908_rockwell_controllogix-controller-1756-l71_SBOM-CVE.json,ICS-0908_rockwell_controllogix-controller-1756-l71_SBOM.json,ICS-0908,Rockwell Automation,ControlLogix Controller 1756-L71,plc,1,isolated-cell,district-heating,13,5,10,5,3,2,0,0,9.8
ICS-0909_rockwell_compactlogix-controller-5370-l33er_SBOM-CVE.json,ICS-0909_rockwell_compactlogix-controller-5370-l33er_SBOM.json,ICS-0909,Rockwell Automation,CompactLogix Controller 5370-L33ER,plc,1,isolated-cell,food-and-beverage,14,5,16,5,7,4,0,0,9.8
ICS-0910_rockwell_micrologix-controller-1200-e_SBOM-CVE.json,ICS-0910_rockwell_micrologix-controller-1200-e_SBOM.json,ICS-0910,Rockwell Automation,MicroLogix Controller 1200-E,plc,1,control-network,steel-and-metals,13,3,6,4,2,0,0,0,9.8
ICS-0911_schneider_modicon-m340-controller-bmxp342030_SBOM-CVE.json,ICS-0911_schneider_modicon-m340-controller-bmxp342030_SBOM.json,ICS-0911,Schneider Electric,Modicon M340 Controller BMXP342030,plc,1,dmz-routable,power-distribution,17,8,21,12,7,2,0,0,9.8
ICS-0912_schneider_modicon-m580-epac-bmeh586040_SBOM-CVE.json,ICS-0912_schneider_modicon-m580-epac-bmeh586040_SBOM.json,ICS-0912,Schneider Electric,Modicon M580 ePAC BMEH586040,plc,1,control-network,district-heating,16,3,8,3,4,1,0,0,9.8
ICS-0913_mitsubishi_melsec-iq-r-cpu-r04cpu_SBOM-CVE.json,ICS-0913_mitsubishi_melsec-iq-r-cpu-r04cpu_SBOM.json,ICS-0913,Mitsubishi Electric,MELSEC iQ-R CPU R04CPU,plc,1,isolated-cell,manufacturing-process,20,6,12,4,8,0,0,0,9.1
ICS-0914_mitsubishi_melsec-q-series-cpu-q13udh_SBOM-CVE.json,ICS-0914_mitsubishi_melsec-q-series-cpu-q13udh_SBOM.json,ICS-0914,Mitsubishi Electric,MELSEC-Q Series CPU Q13UDH,plc,1,isolated-cell,port-and-logistics,12,3,5,0,3,1,0,1,7.5
ICS-0915_omron_sysmac-nj-machine-controller-nj501-1500_SBOM-CVE.json,ICS-0915_omron_sysmac-nj-machine-controller-nj501-1500_SBOM.json,ICS-0915,OMRON Corporation,SYSMAC NJ Machine Controller NJ501-1500,plc,1,remote-accessible,oil-and-gas-midstream,12,3,6,4,2,0,0,0,10.0
ICS-0916_omron_sysmac-cj2-plc-cj2h-cpu68_SBOM-CVE.json,ICS-0916_omron_sysmac-cj2-plc-cj2h-cpu68_SBOM.json,ICS-0916,OMRON Corporation,SYSMAC CJ2 PLC CJ2H-CPU68,plc,1,remote-accessible,oil-and-gas-upstream,17,5,10,3,5,2,0,0,9.1
ICS-0917_beckhoff_twincat-runtime-controller-cx2043_SBOM-CVE.json,ICS-0917_beckhoff_twincat-runtime-controller-cx2043_SBOM.json,ICS-0917,Beckhoff Automation,TwinCAT Runtime Controller CX2043,plc,1,remote-accessible,chemical,17,6,17,2,9,6,0,0,9.8
ICS-0918_wago_pfc200-controller-750-8212_SBOM-CVE.json,ICS-0918_wago_pfc200-controller-750-8212_SBOM.json,ICS-0918,WAGO GmbH,PFC200 Controller 750-8212,plc,1,isolated-cell,power-distribution,18,8,20,2,13,4,1,0,9.8
ICS-0919_phoenix_axc-f-2152-controller-axc-f-1152_SBOM-CVE.json,ICS-0919_phoenix_axc-f-2152-controller-axc-f-1152_SBOM.json,ICS-0919,Phoenix Contact,AXC F 2152 Controller AXC-F-1152,plc,1,remote-accessible,transportation-rail,18,8,15,3,7,5,0,0,9.8
ICS-0920_br_x20-controller-x20cp0484_SBOM-CVE.json,ICS-0920_br_x20-controller-x20cp0484_SBOM.json,ICS-0920,B&R Industrial Automation,X20 Controller X20CP0484,plc,1,dmz-routable,power-distribution,15,6,14,3,7,4,0,0,9.1
ICS-0921_ls-electric_xgt-plc-cpu-xgr-cpuh_SBOM-CVE.json,ICS-0921_ls-electric_xgt-plc-cpu-xgr-cpuh_SBOM.json,ICS-0921,LS ELECTRIC,XGT PLC CPU XGR-CPUH,plc,1,control-network,wastewater,15,7,17,8,4,3,0,2,10.0
ICS-0922_delta_as-series-plc-as324mt-a_SBOM-CVE.json,ICS-0922_delta_as-series-plc-as324mt-a_SBOM.json,ICS-0922,Delta Electronics,AS Series PLC AS324MT-A,plc,1,isolated-cell,power-distribution,19,6,11,2,7,1,0,1,9.8
ICS-0923_unitronics_unistream-plc-usc-b10-t24_SBOM-CVE.json,ICS-0923_unitronics_unistream-plc-usc-b10-t24_SBOM.json,ICS-0923,Unitronics,UniStream PLC USC-B10-T24,plc,1,dmz-routable,transportation-metro,16,5,10,3,6,1,0,0,9.8
ICS-0924_idec_microsmart-fc6a-plc-fc6a-c24r2c_SBOM-CVE.json,ICS-0924_idec_microsmart-fc6a-plc-fc6a-c24r2c_SBOM.json,ICS-0924,IDEC Corporation,MicroSmart FC6A PLC FC6A-C24R2C,plc,1,dmz-routable,food-and-beverage,11,3,5,2,3,0,0,0,9.1
ICS-0925_panasonic_fp7-series-plc-afp7cps21_SBOM-CVE.json,ICS-0925_panasonic_fp7-series-plc-afp7cps21_SBOM.json,ICS-0925,"Panasonic Industry Co., Ltd.",FP7 Series PLC AFP7CPS21,plc,1,dmz-routable,power-distribution,13,7,17,9,5,2,0,1,10.0
ICS-0926_keyence_kv-8000-plc-kv-5500_SBOM-CVE.json,ICS-0926_keyence_kv-8000-plc-kv-5500_SBOM.json,ICS-0926,KEYENCE Corporation,KV-8000 PLC KV-5500,plc,1,dmz-routable,oil-and-gas-midstream,13,3,7,4,3,0,0,0,9.8
ICS-0927_fuji_micrex-sx-plc-np1ps-117r_SBOM-CVE.json,ICS-0927_fuji_micrex-sx-plc-np1ps-117r_SBOM.json,ICS-0927,Fuji Electric,MICREX-SX PLC NP1PS-117R,plc,1,isolated-cell,food-and-beverage,12,3,5,3,2,0,0,0,9.1
ICS-0928_codesys_codesys-control-runtime-for-linux-sl_SBOM-CVE.json,ICS-0928_codesys_codesys-control-runtime-for-linux-sl_SBOM.json,ICS-0928,CODESYS GmbH,CODESYS Control Runtime for Linux SL,plc-runtime,1,dmz-routable,wastewater,18,7,19,4,11,4,0,0,9.8
ICS-0929_abb_rtu560-telecontrol-unit-560cig10_SBOM-CVE.json,ICS-0929_abb_rtu560-telecontrol-unit-560cig10_SBOM.json,ICS-0929,ABB Ltd,RTU560 Telecontrol Unit 560CIG10,rtu,1,control-network,wastewater,15,6,16,5,11,0,0,0,9.8
ICS-0930_schneider_scadapack-rtu-474i_SBOM-CVE.json,ICS-0930_schneider_scadapack-rtu-474i_SBOM.json,ICS-0930,Schneider Electric,SCADAPack RTU 474i,rtu,1,dmz-routable,automotive,14,3,8,2,5,1,0,0,9.8
ICS-0931_ge_d20-mx-substation-controller-d400_SBOM-CVE.json,ICS-0931_ge_d20-mx-substation-controller-d400_SBOM.json,ICS-0931,GE Vernova,D20 MX Substation Controller D400,rtu,1,control-network,petrochemical,18,7,13,0,9,4,0,0,8.8
ICS-0932_siemens_sicam-a8000-rtu-cp-8000_SBOM-CVE.json,ICS-0932_siemens_sicam-a8000-rtu-cp-8000_SBOM.json,ICS-0932,Siemens AG,SICAM A8000 RTU CP-8000,rtu,1,isolated-cell,pharmaceutical,21,9,20,3,12,5,0,0,9.8
ICS-0933_hitachi-energy_rtu500-series-rtu540_SBOM-CVE.json,ICS-0933_hitachi-energy_rtu500-series-rtu540_SBOM.json,ICS-0933,Hitachi Energy,RTU500 Series RTU540,rtu,1,dmz-routable,semiconductor-fab,15,6,12,3,6,2,0,1,10.0
ICS-0934_moxa_iopac-programmable-controller-5542-c-t_SBOM-CVE.json,ICS-0934_moxa_iopac-programmable-controller-5542-c-t_SBOM.json,ICS-0934,Moxa Inc.,ioPAC Programmable Controller 5542-C-T,rtu,1,control-network,building-automation,17,7,16,7,6,3,0,0,9.8
ICS-0935_red-lion_data-station-plus-rtu-dspgt000_SBOM-CVE.json,ICS-0935_red-lion_data-station-plus-rtu-dspgt000_SBOM.json,ICS-0935,Red Lion Controls,Data Station Plus RTU DSPGT000,rtu,1,isolated-cell,manufacturing-discrete,17,2,5,2,3,0,0,0,9.8
ICS-0936_sel_sel-451-protection-system-451-5_SBOM-CVE.json,ICS-0936_sel_sel-451-protection-system-451-5_SBOM.json,ICS-0936,Schweitzer Engineering Laboratories,SEL-451 Protection System 451-5,ied,1,remote-accessible,power-distribution,16,4,9,3,2,4,0,0,9.8
ICS-0937_sel_sel-3530-rtac-3555_SBOM-CVE.json,ICS-0937_sel_sel-3530-rtac-3555_SBOM.json,ICS-0937,Schweitzer Engineering Laboratories,SEL-3530 RTAC 3555,ied,1,control-network,manufacturing-discrete,18,6,12,0,8,4,0,0,8.8
ICS-0938_hitachi-energy_ref615-feeder-protection-relay-ref615_SBOM-CVE.json,ICS-0938_hitachi-energy_ref615-feeder-protection-relay-ref615_SBOM.json,ICS-0938,Hitachi Energy,REF615 Feeder Protection Relay REF615,ied,1,isolated-cell,semiconductor-fab,20,6,14,2,9,2,0,1,9.8
ICS-0939_siemens_siprotec-5-protection-relay-7sj85_SBOM-CVE.json,ICS-0939_siemens_siprotec-5-protection-relay-7sj85_SBOM.json,ICS-0939,Siemens AG,SIPROTEC 5 Protection Relay 7SJ85,ied,1,control-network,pulp-and-paper,16,4,8,2,4,2,0,0,9.1
ICS-0940_ge_multilin-ur-relay-b30_SBOM-CVE.json,ICS-0940_ge_multilin-ur-relay-b30_SBOM.json,ICS-0940,GE Vernova,Multilin UR Relay B30,ied,1,remote-accessible,transportation-rail,19,5,12,7,3,2,0,0,9.8
ICS-0941_schneider_easergy-p3-protection-relay-p3f30_SBOM-CVE.json,ICS-0941_schneider_easergy-p3-protection-relay-p3f30_SBOM.json,ICS-0941,Schneider Electric,Easergy P3 Protection Relay P3F30,ied,1,isolated-cell,power-transmission,13,3,4,1,2,1,0,0,9.8
ICS-0942_nari_pcs-9611-feeder-protection-pcs-9671_SBOM-CVE.json,ICS-0942_nari_pcs-9611-feeder-protection-pcs-9671_SBOM.json,ICS-0942,NARI Technology,PCS-9611 Feeder Protection PCS-9671,ied,1,control-network,building-automation,17,2,5,3,2,0,0,0,9.8
ICS-0943_hd-hyundai_higen-protection-relay-hgr-300_SBOM-CVE.json,ICS-0943_hd-hyundai_higen-protection-relay-hgr-300_SBOM.json,ICS-0943,HD Hyundai Electric,HiGEN Protection Relay HGR-300,ied,1,control-network,manufacturing-discrete,16,3,6,3,2,1,0,0,9.8
ICS-0944_siemens_simatic-hmi-comfort-panel-tp1200_SBOM-CVE.json,ICS-0944_siemens_simatic-hmi-comfort-panel-tp1200_SBOM.json,ICS-0944,Siemens AG,SIMATIC HMI Comfort Panel TP1200,hmi,2,dmz-routable,oil-and-gas-upstream,17,5,11,2,7,2,0,0,9.8
ICS-0945_rockwell_panelview-plus-terminal-6-compact-600_SBOM-CVE.json,ICS-0945_rockwell_panelview-plus-terminal-6-compact-600_SBOM.json,ICS-0945,Rockwell Automation,PanelView Plus Terminal 6 Compact 600,hmi,2,control-network,oil-and-gas-upstream,14,4,9,1,8,0,0,0,9.8
ICS-0946_schneider_magelis-gtu-hmi-hmist6500_SBOM-CVE.json,ICS-0946_schneider_magelis-gtu-hmi-hmist6500_SBOM.json,ICS-0946,Schneider Electric,Magelis GTU HMI HMIST6500,hmi,2,dmz-routable,manufacturing-process,19,9,21,7,13,1,0,0,9.8
ICS-0947_mitsubishi_got2000-graphic-terminal-gt2107-wtbd_SBOM-CVE.json,ICS-0947_mitsubishi_got2000-graphic-terminal-gt2107-wtbd_SBOM.json,ICS-0947,Mitsubishi Electric,GOT2000 Graphic Terminal GT2107-WTBD,hmi,2,remote-accessible,transportation-metro,18,7,16,7,7,0,0,2,10.0
ICS-0948_advantech_webop-operator-panel-wop-2070t_SBOM-CVE.json,ICS-0948_advantech_webop-operator-panel-wop-2070t_SBOM.json,ICS-0948,"Advantech Co., Ltd.",WebOP Operator Panel WOP-2070T,hmi,2,isolated-cell,oil-and-gas-upstream,14,7,19,3,10,5,1,0,9.8
ICS-0949_delta_dop-100-hmi-dop-103bq_SBOM-CVE.json,ICS-0949_delta_dop-100-hmi-dop-103bq_SBOM.json,ICS-0949,Delta Electronics,DOP-100 HMI DOP-103BQ,hmi,2,dmz-routable,power-transmission,16,8,19,9,7,1,0,2,10.0
ICS-0950_omron_na-series-hmi-na5-15w_SBOM-CVE.json,ICS-0950_omron_na-series-hmi-na5-15w_SBOM.json,ICS-0950,OMRON Corporation,NA Series HMI NA5-15W,hmi,2,remote-accessible,automotive,15,2,6,3,2,1,0,0,9.8
ICS-0951_pilz_pmi-operator-terminal-pmi-5_SBOM-CVE.json,ICS-0951_pilz_pmi-operator-terminal-pmi-5_SBOM.json,ICS-0951,Pilz GmbH,PMI Operator Terminal PMI 5,hmi,2,isolated-cell,port-and-logistics,15,8,17,1,9,6,1,0,9.8
ICS-0952_aveva_aveva-plant-scada-2023-r2_SBOM-CVE.json,ICS-0952_aveva_aveva-plant-scada-2023-r2_SBOM.json,ICS-0952,AVEVA Group plc,AVEVA Plant SCADA 2023 R2,scada-server,2,dmz-routable,power-distribution,17,3,5,1,1,3,0,0,9.8
ICS-0953_inductive_ignition-scada-platform-8-3_SBOM-CVE.json,ICS-0953_inductive_ignition-scada-platform-8-3_SBOM.json,ICS-0953,Inductive Automation,Ignition SCADA Platform 8.3,scada-server,2,isolated-cell,pharmaceutical,15,5,11,1,5,5,0,0,9.8
ICS-0954_copadata_zenon-supervisor-12_SBOM-CVE.json,ICS-0954_copadata_zenon-supervisor-12_SBOM.json,ICS-0954,COPA-DATA GmbH,zenon Supervisor 12,scada-server,2,control-network,transportation-metro,13,3,5,0,5,0,0,0,8.1
ICS-0955_siemens_simatic-wincc-unified-v18_SBOM-CVE.json,ICS-0955_siemens_simatic-wincc-unified-v18_SBOM.json,ICS-0955,Siemens AG,SIMATIC WinCC Unified V18,scada-server,2,remote-accessible,port-and-logistics,14,5,13,3,6,4,0,0,9.8
ICS-0956_ge_cimplicity-hmi-scada-2023_SBOM-CVE.json,ICS-0956_ge_cimplicity-hmi-scada-2023_SBOM.json,ICS-0956,GE Vernova,CIMPLICITY HMI/SCADA 2023,scada-server,2,isolated-cell,water-treatment,18,5,13,3,4,6,0,0,9.8
ICS-0957_schneider_ecostruxure-geo-scada-expert-2023_SBOM-CVE.json,ICS-0957_schneider_ecostruxure-geo-scada-expert-2023_SBOM.json,ICS-0957,Schneider Electric,EcoStruxure Geo SCADA Expert 2023,scada-server,2,isolated-cell,pharmaceutical,16,7,17,6,7,4,0,0,9.8
ICS-0958_rockwell_factorytalk-view-se-14-00_SBOM-CVE.json,ICS-0958_rockwell_factorytalk-view-se-14-00_SBOM.json,ICS-0958,Rockwell Automation,FactoryTalk View SE 14.00,scada-server,2,control-network,transportation-rail,14,5,12,4,8,0,0,0,9.8
ICS-0959_aveva_aveva-historian-2023-r2_SBOM-CVE.json,ICS-0959_aveva_aveva-historian-2023-r2_SBOM.json,ICS-0959,AVEVA Group plc,AVEVA Historian 2023 R2,historian,3,dmz-routable,port-and-logistics,18,5,9,2,6,1,0,0,9.8
ICS-0960_ge_proficy-historian-9-1_SBOM-CVE.json,ICS-0960_ge_proficy-historian-9-1_SBOM.json,ICS-0960,GE Vernova,Proficy Historian 9.1,historian,3,control-network,transportation-metro,14,5,8,2,5,1,0,0,9.8
ICS-0961_honeywell_uniformance-phd-historian-r321_SBOM-CVE.json,ICS-0961_honeywell_uniformance-phd-historian-r321_SBOM.json,ICS-0961,Honeywell International,Uniformance PHD Historian R321,historian,3,control-network,automotive,15,4,10,5,3,2,0,0,9.8
ICS-0962_emerson_deltav-continuous-historian-15-lts_SBOM-CVE.json,ICS-0962_emerson_deltav-continuous-historian-15-lts_SBOM.json,ICS-0962,Emerson Electric,DeltaV Continuous Historian 15.LTS,historian,3,control-network,food-and-beverage,17,6,14,2,10,2,0,0,9.8
ICS-0963_yokogawa_exaquantum-plant-information-system-r3-30_SBOM-CVE.json,ICS-0963_yokogawa_exaquantum-plant-information-system-r3-30_SBOM.json,ICS-0963,Yokogawa Electric,Exaquantum Plant Information System R3.30,historian,3,dmz-routable,petrochemical,14,6,13,4,8,1,0,0,9.8
ICS-0964_siemens_tia-portal-engineering-suite-v19_SBOM-CVE.json,ICS-0964_siemens_tia-portal-engineering-suite-v19_SBOM.json,ICS-0964,Siemens AG,TIA Portal Engineering Suite V19,engineering-workstation,3,remote-accessible,chemical,16,6,13,1,10,2,0,0,9.8
ICS-0965_rockwell_studio-5000-logix-designer-32-00_SBOM-CVE.json,ICS-0965_rockwell_studio-5000-logix-designer-32-00_SBOM.json,ICS-0965,Rockwell Automation,Studio 5000 Logix Designer 32.00,engineering-workstation,3,isolated-cell,pulp-and-paper,11,2,5,0,4,1,0,0,7.5
ICS-0966_schneider_ecostruxure-control-expert-v16-1_SBOM-CVE.json,ICS-0966_schneider_ecostruxure-control-expert-v16-1_SBOM.json,ICS-0966,Schneider Electric,EcoStruxure Control Expert V16.1,engineering-workstation,3,dmz-routable,manufacturing-discrete,13,5,12,3,7,2,0,0,9.8
ICS-0967_mitsubishi_gx-works3-engineering-tool-1-100e_SBOM-CVE.json,ICS-0967_mitsubishi_gx-works3-engineering-tool-1-100e_SBOM.json,ICS-0967,Mitsubishi Electric,GX Works3 Engineering Tool 1.100E,engineering-workstation,3,control-network,automotive,14,3,6,2,3,1,0,0,9.8
ICS-0968_codesys_codesys-development-system-v3-5-sp19_SBOM-CVE.json,ICS-0968_codesys_codesys-development-system-v3-5-sp19_SBOM.json,ICS-0968,CODESYS GmbH,CODESYS Development System V3.5 SP19,engineering-workstation,3,control-network,semiconductor-fab,19,9,22,8,13,1,0,0,9.8
ICS-0969_abb_automation-builder-2-7_SBOM-CVE.json,ICS-0969_abb_automation-builder-2-7_SBOM.json,ICS-0969,ABB Ltd,Automation Builder 2.7,engineering-workstation,3,isolated-cell,building-automation,17,8,18,4,10,4,0,0,9.8
ICS-0970_emerson_deltav-md-plus-controller-pk_SBOM-CVE.json,ICS-0970_emerson_deltav-md-plus-controller-pk_SBOM.json,ICS-0970,Emerson Electric,DeltaV MD Plus Controller PK,dcs-controller,1,dmz-routable,building-automation,15,6,15,6,5,4,0,0,9.8
ICS-0971_honeywell_experion-c300-controller-uoc_SBOM-CVE.json,ICS-0971_honeywell_experion-c300-controller-uoc_SBOM.json,ICS-0971,Honeywell International,Experion C300 Controller UOC,dcs-controller,1,remote-accessible,pulp-and-paper,13,4,11,4,6,1,0,0,9.8
ICS-0972_yokogawa_centum-vp-field-control-station-afv40s_SBOM-CVE.json,ICS-0972_yokogawa_centum-vp-field-control-station-afv40s_SBOM.json,ICS-0972,Yokogawa Electric,CENTUM VP Field Control Station AFV40S,dcs-controller,1,isolated-cell,manufacturing-discrete,16,3,5,2,3,0,0,0,9.8
ICS-0973_abb_ac-800m-controller-pm864a_SBOM-CVE.json,ICS-0973_abb_ac-800m-controller-pm864a_SBOM.json,ICS-0973,ABB Ltd,AC 800M Controller PM864A,dcs-controller,1,isolated-cell,water-treatment,21,8,23,9,10,4,0,0,9.8
ICS-0974_siemens_simatic-pcs-7-as-controller-as-416-3_SBOM-CVE.json,ICS-0974_siemens_simatic-pcs-7-as-controller-as-416-3_SBOM.json,ICS-0974,Siemens AG,SIMATIC PCS 7 AS Controller AS 416-3,dcs-controller,1,isolated-cell,port-and-logistics,18,5,10,5,4,1,0,0,9.8
ICS-0975_hitachi-energy_symphony-plus-hpc800-spc700_SBOM-CVE.json,ICS-0975_hitachi-energy_symphony-plus-hpc800-spc700_SBOM.json,ICS-0975,Hitachi Energy,Symphony Plus HPC800 SPC700,dcs-controller,1,remote-accessible,food-and-beverage,20,9,25,8,12,5,0,0,9.8
ICS-0976_schneider_triconex-tricon-cx-controller-tri-gp_SBOM-CVE.json,ICS-0976_schneider_triconex-tricon-cx-controller-tri-gp_SBOM.json,ICS-0976,Schneider Electric,Triconex Tricon CX Controller Tri-GP,sis-logic-solver,1,remote-accessible,pharmaceutical,16,4,10,4,4,0,0,2,10.0
ICS-0977_hima_himax-safety-controller-himatrix-f35_SBOM-CVE.json,ICS-0977_hima_himax-safety-controller-himatrix-f35_SBOM.json,ICS-0977,HIMA Paul Hildebrandt GmbH,HIMax Safety Controller HIMatrix F35,sis-logic-solver,1,remote-accessible,automotive,15,2,4,0,1,3,0,0,7.5
ICS-0978_pilz_pss-4000-safety-controller-pss-4000-r_SBOM-CVE.json,ICS-0978_pilz_pss-4000-safety-controller-pss-4000-r_SBOM.json,ICS-0978,Pilz GmbH,PSS 4000 Safety Controller PSS 4000-R,sis-logic-solver,1,dmz-routable,manufacturing-discrete,15,5,12,2,7,2,0,1,9.8
ICS-0979_siemens_simatic-s7-1500f-safety-cpu-1518f-4-pn-dp_SBOM-CVE.json,ICS-0979_siemens_simatic-s7-1500f-safety-cpu-1518f-4-pn-dp_SBOM.json,ICS-0979,Siemens AG,SIMATIC S7-1500F Safety CPU 1518F-4 PN/DP,sis-logic-solver,1,dmz-routable,power-generation,14,5,11,4,5,2,0,0,9.1
ICS-0980_rockwell_guardlogix-safety-controller-5069-l306ers2_SBOM-CVE.json,ICS-0980_rockwell_guardlogix-safety-controller-5069-l306ers2_SBOM.json,ICS-0980,Rockwell Automation,GuardLogix Safety Controller 5069-L306ERS2,sis-logic-solver,1,dmz-routable,petrochemical,14,4,9,3,1,5,0,0,9.8
ICS-0981_moxa_mgate-protocol-gateway-5105-mb-eip_SBOM-CVE.json,ICS-0981_moxa_mgate-protocol-gateway-5105-mb-eip_SBOM.json,ICS-0981,Moxa Inc.,MGate Protocol Gateway 5105-MB-EIP,protocol-gateway,3.5,isolated-cell,building-automation,20,9,21,6,12,2,0,1,9.8
ICS-0982_softing_edgeaggregator-gateway-uagate-si_SBOM-CVE.json,ICS-0982_softing_edgeaggregator-gateway-uagate-si_SBOM.json,ICS-0982,Softing Industrial Automation,edgeAggregator Gateway uaGate SI,protocol-gateway,3.5,isolated-cell,pharmaceutical,19,8,18,1,10,6,1,0,9.8
ICS-0983_advantech_ecu-1251-edge-gateway-ecu-4784_SBOM-CVE.json,ICS-0983_advantech_ecu-1251-edge-gateway-ecu-4784_SBOM.json,ICS-0983,"Advantech Co., Ltd.",ECU-1251 Edge Gateway ECU-4784,protocol-gateway,3.5,remote-accessible,district-heating,18,5,13,3,7,2,0,1,9.8
ICS-0984_phoenix_fl-mguard-security-appliance-centerport_SBOM-CVE.json,ICS-0984_phoenix_fl-mguard-security-appliance-centerport_SBOM.json,ICS-0984,Phoenix Contact,FL MGUARD Security Appliance CENTERPORT,industrial-firewall,3.5,remote-accessible,transportation-metro,18,7,17,4,7,6,0,0,9.8
ICS-0985_belden_eagle40-industrial-firewall-eagle20_SBOM-CVE.json,ICS-0985_belden_eagle40-industrial-firewall-eagle20_SBOM.json,ICS-0985,Belden / Hirschmann,EAGLE40 Industrial Firewall EAGLE20,industrial-firewall,3.5,isolated-cell,wastewater,17,6,12,1,6,4,0,1,9.8
ICS-0986_belden_rsp-managed-switch-rspe37_SBOM-CVE.json,ICS-0986_belden_rsp-managed-switch-rspe37_SBOM.json,ICS-0986,Belden / Hirschmann,RSP Managed Switch RSPE37,industrial-switch,2,control-network,manufacturing-process,13,3,4,0,2,1,1,0,7.5
ICS-0987_westermo_lynx-dss-managed-switch-redfox-5528_SBOM-CVE.json,ICS-0987_westermo_lynx-dss-managed-switch-redfox-5528_SBOM.json,ICS-0987,Westermo Network Technologies,Lynx DSS Managed Switch RedFox-5528,industrial-switch,2,remote-accessible,manufacturing-discrete,17,7,13,2,8,3,0,0,9.8
ICS-0988_moxa_eds-managed-ethernet-switch-eds-g516e_SBOM-CVE.json,ICS-0988_moxa_eds-managed-ethernet-switch-eds-g516e_SBOM.json,ICS-0988,Moxa Inc.,EDS Managed Ethernet Switch EDS-G516E,industrial-switch,2,dmz-routable,district-heating,18,7,18,6,7,5,0,0,9.8
ICS-0989_siemens_scalance-x-industrial-switch-xm416-4c_SBOM-CVE.json,ICS-0989_siemens_scalance-x-industrial-switch-xm416-4c_SBOM.json,ICS-0989,Siemens AG,SCALANCE X Industrial Switch XM416-4C,industrial-switch,2,dmz-routable,automotive,17,7,20,4,12,4,0,0,9.8
ICS-0990_siemens_ruggedcom-rx1500-router-rx5000_SBOM-CVE.json,ICS-0990_siemens_ruggedcom-rx1500-router-rx5000_SBOM.json,ICS-0990,Siemens AG,RUGGEDCOM RX1500 Router RX5000,industrial-router,3.5,dmz-routable,manufacturing-discrete,19,7,14,4,7,3,0,0,9.8
ICS-0991_abb_acs880-industrial-drive-acs580-01_SBOM-CVE.json,ICS-0991_abb_acs880-industrial-drive-acs580-01_SBOM.json,ICS-0991,ABB Ltd,ACS880 Industrial Drive ACS580-01,vfd-drive,1,dmz-routable,wastewater,18,6,14,5,6,2,0,1,9.8
ICS-0992_siemens_sinamics-s120-drive-s210_SBOM-CVE.json,ICS-0992_siemens_sinamics-s120-drive-s210_SBOM.json,ICS-0992,Siemens AG,SINAMICS S120 Drive S210,vfd-drive,1,control-network,transportation-metro,13,5,12,1,5,6,0,0,9.8
ICS-0993_danfoss_vlt-automationdrive-fc-360_SBOM-CVE.json,ICS-0993_danfoss_vlt-automationdrive-fc-360_SBOM.json,ICS-0993,Danfoss A/S,VLT AutomationDrive FC-360,vfd-drive,1,control-network,food-and-beverage,19,7,16,4,10,1,0,1,9.8
ICS-0994_rockwell_powerflex-755-drive-527_SBOM-CVE.json,ICS-0994_rockwell_powerflex-755-drive-527_SBOM.json,ICS-0994,Rockwell Automation,PowerFlex 755 Drive 527,vfd-drive,1,isolated-cell,automotive,10,4,7,3,4,0,0,0,9.8
ICS-0995_bosch-rexroth_indradrive-controller-hms01_SBOM-CVE.json,ICS-0995_bosch-rexroth_indradrive-controller-hms01_SBOM.json,ICS-0995,Bosch Rexroth AG,IndraDrive Controller HMS01,motion-controller,1,remote-accessible,water-treatment,16,4,7,3,1,3,0,0,10.0
ICS-0996_bosch-rexroth_indramotion-mlc-l75_SBOM-CVE.json,ICS-0996_bosch-rexroth_indramotion-mlc-l75_SBOM.json,ICS-0996,Bosch Rexroth AG,IndraMotion MLC L75,motion-controller,1,control-network,power-generation,20,9,20,4,8,8,0,0,9.8
ICS-0997_fuji_frenic-ace-inverter-frn0022e2s_SBOM-CVE.json,ICS-0997_fuji_frenic-ace-inverter-frn0022e2s_SBOM.json,ICS-0997,Fuji Electric,FRENIC-Ace Inverter FRN0022E2S,vfd-drive,1,isolated-cell,oil-and-gas-upstream,13,3,4,0,3,1,0,0,8.1
ICS-0998_mitsubishi_melfa-robot-controller-cr750-q_SBOM-CVE.json,ICS-0998_mitsubishi_melfa-robot-controller-cr750-q_SBOM.json,ICS-0998,Mitsubishi Electric,MELFA Robot Controller CR750-Q,robot-controller,1,remote-accessible,food-and-beverage,14,4,11,3,7,0,0,1,9.8
ICS-0999_abb_irc5-robot-controller-omnicore-c30_SBOM-CVE.json,ICS-0999_abb_irc5-robot-controller-omnicore-c30_SBOM.json,ICS-0999,ABB Ltd,IRC5 Robot Controller OmniCore C30,robot-controller,1,control-network,wastewater,14,6,12,3,5,4,0,0,9.8
ICS-1000_keyence_cnc-motion-unit-mc-4_SBOM-CVE.json,ICS-1000_keyence_cnc-motion-unit-mc-4_SBOM.json,ICS-1000,KEYENCE Corporation,CNC Motion Unit MC-4,cnc-controller,1,remote-accessible,power-transmission,16,5,12,5,7,0,0,0,9.8
