device,vendor,product,base_platform,advisory_count,cve_count,oss_cve,vendor_cve,oss_components
icsa-10-070-01a,Rockwell Automation,Automation RSLinx Classic EDS Vulnerability (Update A),vendor-firmware,1,0,0,0,
icsa-10-070-02,Rockwell Automation,PLC5/SLC5/0x/RSLogix Security Vulnerability,vendor-firmware,1,0,0,0,
icsa-10-090-01,Mariposa,Botnet,vendor-firmware,1,0,0,0,
icsa-10-097-01,ABB,NETCADOPS HELP SYSTEM VULNERABILITY,vendor-firmware,1,0,0,0,
icsa-10-147-01,Cisco,Network Building Mediator,vendor-firmware,1,6,0,6,
icsa-10-201-01c,USB,Malware Targeting Siemens Control Software (Update C),vendor-firmware,1,0,0,0,
icsa-10-214-01,Wind,River VxWorks Vulnerabilities,linux,1,0,0,0,linux_kernel
icsa-10-228-01,Vendor,Admin Accounts Warning,vendor-firmware,1,0,0,0,
icsa-10-238-01b,Stuxnet,Malware Mitigation (Update B),linux,1,0,0,0,linux_kernel
icsa-10-264-01,SCADA,Engine BACnet OPC Client Buffer Overflow Vulnerability,vendor-firmware,1,0,0,0,
icsa-10-272-01,Primary,Stuxnet Advisory,vendor-firmware,1,0,0,0,
icsa-10-301-01a,Moxa,Device Manager Buffer Overflow (Update A),linux,1,0,0,0,linux_kernel
icsa-10-313-01,RealFlex,RealWin Buffer Overflow,vendor-firmware,1,0,0,0,
icsa-10-314-01a,ClearScada,Vulnerabilities (Update A),vendor-firmware,1,0,0,0,
icsa-10-316-01a,Intellicom,NetBiter WebSCADA Vulnerabilities (Update A),vendor-firmware,1,0,0,0,
icsa-10-322-01,Ecava,IntegraXor Buffer Overflow,vendor-firmware,1,0,0,0,
icsa-10-322-02a,Automated,Solutions OPC Vulnerability (Update),vendor-firmware,1,0,0,0,
icsa-10-337-01,Advantech,Studio Test Web Server Buffer Overflow,vendor-firmware,1,0,0,0,
icsa-10-348-01a,Wonderware,InBatch Vulnerability (Update A),vendor-firmware,1,0,0,0,
icsa-10-362-01,Ecava,IntegraXor Directory Traversal,vendor-firmware,1,0,0,0,
icsa-11-017-01,WellinTech,Kingview 6.53 Remote Heap Overflow,vendor-firmware,1,0,0,0,
icsa-11-017-02,Sielco,Sistemi WinLog Stack Overflow,vendor-firmware,1,0,0,0,
icsa-11-018-01,AGG,SCADA Viewer OPC Buffer Overflow Vulnerability,vendor-firmware,1,0,0,0,
icsa-11-018-02,7-Technologies,IGSS 8 ODBC Server Remote Heap Corruption,vendor-firmware,1,0,0,0,
icsa-11-025-01,Federal,Aviation Administration GPS Testing,vendor-firmware,1,0,0,0,
icsa-11-041-01a,McAfee,Night Dragon Report (Update A),vendor-firmware,1,0,0,0,
icsa-11-056-01a,Progea,Movicon TCPUploadServer (Update A),vendor-firmware,1,0,0,0,openjdk
icsa-11-069-01b,Samsung,Data Management Server (Update B),vendor-firmware,1,0,0,0,
icsa-11-074-01,WellinTech,KingView 6.53 KVWebSvr ActiveX,vendor-firmware,1,0,0,0,
icsa-11-082-01,Ecava,IntegraXor SQL,vendor-firmware,1,0,0,0,
icsa-11-084-01,Solar,Magnetic Storm Impact on Control Systems,vendor-firmware,1,0,0,0,
icsa-11-091-01a,Siemens,Tecnomatix FactoryLink Vulnerabilities (Update A),vendor-firmware,1,0,0,0,
icsa-11-094-01,Wonderware,InBatch Client ActiveX Buffer Overflow,vendor-firmware,1,0,0,0,
icsa-11-094-02b,Advantech/Broadwin,WebAccess RPC Vulnerability (Update B),vendor-firmware,1,1,0,1,
icsa-11-096-01,GLEG,Agora SCADA+ Exploit Pack,vendor-firmware,1,13,0,13,
icsa-11-103-01a,Honeywell,ScanServer ActiveX Control (Update A),vendor-firmware,1,0,0,0,
icsa-11-108-01,ICONICS,GENESIS (32 &amp; 64) Vulnerabilities,vendor-firmware,1,1,0,1,
icsa-11-110-01,RealFlex,RealWin Vulnerabilities,vendor-firmware,1,0,0,0,
icsa-11-119-01,7-Technologies,IGSS ODBC Remote Stack Overflow,vendor-firmware,1,0,0,0,
icsa-11-122-01,AzeoTech,DAQFactory Networking Vulnerabilities,vendor-firmware,1,0,0,0,
icsa-11-126-01,7-Technologies,IGSS Vulnerabilities,vendor-firmware,1,0,0,0,
icsa-11-131-01,ICONICS,GENESIS32 and BizViz ActiveX Stack Overflow,vendor-firmware,1,0,0,0,
icsa-11-132-01a,7-Technologies,IGSS Denial of Service (Update A),vendor-firmware,1,0,0,0,
icsa-11-147-01b,Ecava,IntegraXor DLL Hijacking (Update B),vendor-firmware,1,0,0,0,
icsa-11-147-02,Ecava,IntegraXor XSS,vendor-firmware,1,0,0,0,
icsa-11-161-01,Rockwell Automation,RSLinx EDS Vulnerability,vendor-firmware,1,0,0,0,
icsa-11-167-01,Sunway,Force Control,vendor-firmware,1,0,0,0,
icsa-11-168-01a,InduSoft,ISSymbol ActiveX Control Buffer Overflow (Update A),vendor-firmware,1,0,0,0,
icsa-11-173-01,ClearSCADA,Remote Authentication Bypass,vendor-firmware,1,0,0,0,
icsa-11-175-01,Rockwell Automation,FactoryTalk Diag Viewer Memory Corruption,vendor-firmware,1,0,0,0,
icsa-11-175-02,Siemens,WinCC Exploitable Crashes,vendor-firmware,1,0,0,0,
icsa-11-182-01,ICONICS,GENESIS32 and BizViz ActiveX Trusted Zone Vulnerability,vendor-firmware,1,0,0,0,
icsa-11-182-02,ICONICS,Login ActiveX Vulnerability,vendor-firmware,1,0,0,0,
icsa-11-189-01,7-Technologies,IGSS Remote Memory Corruption,vendor-firmware,1,0,0,0,
icsa-11-195-01,Wonderware,Information Server,vendor-firmware,1,0,0,0,
icsa-11-216-01,Scadatec,Limited Procyon Telnet Buffer Overflow,vendor-firmware,1,1,0,1,
icsa-11-223-01a,Siemens,SIMATIC PLCs Reported Issues Summary (Update A),vendor-firmware,1,0,0,0,
icsa-11-231-01,Inductive,Automation Ignition Information Disclosure Vulnerability,vendor-firmware,1,0,0,0,
icsa-11-243-01,GE,Intelligent Platforms Proficy Plant Applications Buffer Over,vendor-firmware,1,1,0,1,
icsa-11-243-02,GE,Proficy Historian Web Administrator XSS,vendor-firmware,1,1,0,1,
icsa-11-243-03a,GE,Intelligent Platforms Proficy Historian Data Archiver Buffer,vendor-firmware,1,1,0,1,
icsa-11-244-01,Siemens,WinCC Flexible Runtime Heap Overflow,vendor-firmware,1,1,0,1,
icsa-11-263-01,Measuresoft,ScadaPro Vulnerabilities,vendor-firmware,1,4,0,4,
icsa-11-264-01,AzeoTech,DAQFactory Stack Overflow,vendor-firmware,1,1,0,1,
icsa-11-273-01,ICONICS,GENESIS32 Multiple Memory Corruption,vendor-firmware,1,0,0,0,
icsa-11-273-02,InduSoft,ISSymbol ActiveX Control Buffer Overflow,vendor-firmware,1,1,0,1,
icsa-11-273-03a,Rockwell Automation,RSLogix Overflow Vulnerability (Update A),vendor-firmware,1,1,0,1,
icsa-11-277-01,Schneider Electric,Electric UnitelWay Buffer Overflow,vendor-firmware,1,1,0,1,
icsa-11-279-01,Advantech,OPC Server Buffer Overflow,vendor-firmware,1,1,0,1,
icsa-11-279-02,CitectSCADA,and Mitsubishi MX4 SCADA Batch Server Buffer Overflow,vendor-firmware,1,0,0,0,
icsa-11-279-03a,Unitronics,UNIOPC Server Input Handling Vulnerability (Update A),vendor-firmware,1,0,0,0,
icsa-11-279-04,Beckhoff,TwinCAT Read Access Violation,vendor-firmware,1,1,0,1,
icsa-11-280-01,Cogent,DataHub Vulnerabilities,vendor-firmware,1,4,0,4,
icsa-11-285-01,Honeywell,TEMA Remote Installer ActiveX Vulnerability,vendor-firmware,1,0,0,0,
icsa-11-294-01,Progea,Movicon Power HMI Vulnerabilities,vendor-firmware,1,3,0,3,
icsa-11-298-01a,Sielco,Sistemi Winlog Buffer Overflow (Update A),vendor-firmware,1,1,0,1,
icsa-11-307-01,Schneider Electric,Electric Vijeo Historian Web Server Multiple Vulnerabilities,vendor-firmware,1,4,0,4,
icsa-11-314-01,Safenet,Sentinel and 7-T Input Sanitization Vulnerability,vendor-firmware,1,1,0,1,
icsa-11-319-01,InduSoft,Web Studio Vulnerabilities,vendor-firmware,1,2,0,2,
icsa-11-332-01a,Wonderware,InBatch ActiveX Vulnerabilities (Update A),vendor-firmware,1,1,0,1,
icsa-11-335-01,7-Technologies,Data Server Denial of Service,vendor-firmware,1,1,0,1,
icsa-11-340-01,ARC,Informatique PcVue HMI/SCADA ActiveX Vulnerabilities,vendor-firmware,1,2,0,2,
icsa-11-343-01,Siemens,FactoryLink Multiple ActiveX Vulnerabilities,vendor-firmware,1,2,0,2,
icsa-11-353-01,7-Technologies,Interactive Graphical SCADA,vendor-firmware,1,1,0,1,
icsa-11-355-01,7-Technologies,IGSS Buffer Overflow,vendor-firmware,1,1,0,1,
icsa-11-355-02,WellinTech,KingView History Server Buffer Overflow,vendor-firmware,1,1,0,1,
icsa-11-356-01,Siemens,Simatic HMI Authentication Vulnerabilities,vendor-firmware,1,2,0,2,
icsa-11-361-01,Siemens,Automation License Manager Vulnerabilities,vendor-firmware,1,4,0,4,
icsa-11-362-01,ScadaTEC,ScadaPhone &amp; Modbus TagServer Buffer Overflow Vulnerabil,vendor-firmware,1,1,0,1,
icsa-12-006-01,3S,CoDeSys Vulnerabilities,vendor-firmware,1,3,3,0,codesys_rt
icsa-12-012-01a,Open,Automation Software OPC Systems.NET Vulnerability (Update A),vendor-firmware,1,2,2,0,dotnet
icsa-12-013-01,ING,Punzenberger COPA-DATA GMBH DoS Vulnerabilities,vendor-firmware,1,2,0,2,
icsa-12-016-01,Cogent,DataHub XSS and CRLF,vendor-firmware,1,2,0,2,
icsa-12-018-01b,Schneider Electric,Electric Quantum Ethernet Module Hard-Coded Credentials (Upd,vendor-firmware,1,1,0,1,
icsa-12-018-02,Certec,Atvise Server Remote DOS,vendor-firmware,1,1,0,1,
icsa-12-024-01,Ocean,Data Systems Dream Reports XSS and Write Access Violation Vu,vendor-firmware,1,2,0,2,
icsa-12-024-02,MICROSYS,PROMOTIC Vulnerabilities,vendor-firmware,1,3,0,3,
icsa-12-025-02a,7-Technologies,Termis DLL Hijacking (Update A),vendor-firmware,1,1,0,1,
icsa-12-030-01a,Siemens,SIMATIC WinCC Vulnerabilities (UPDATE A),vendor-firmware,1,12,0,12,
icsa-12-032-01,GE,Proficy Historian ihDataArchiver,vendor-firmware,1,1,0,1,
icsa-12-032-02,GE,Intelligent Platforms Proficy Plant Applications Memory Corr,vendor-firmware,1,2,0,2,
icsa-12-032-03,GE,Intelligent Platforms Proficy Real-Time Information Portal D,vendor-firmware,1,1,0,1,
icsa-12-039-01,Invensys,Wonderware HMI Reports XSS and Write Access Violation Vulner,vendor-firmware,1,0,0,0,
icsa-12-047-01a,Advantech,WebAccess Vulnerabilities (UPDATE A),vendor-firmware,1,18,0,18,
icsa-12-059-01,ABB,Robot Communications Runtime Buffer Overflow,vendor-firmware,1,1,0,1,
icsa-12-062-01,Wonderware,Information Server Multiple Vulnerabilities,vendor-firmware,1,3,0,3,
icsa-12-079-01,Microsoft,Remote Desktop Protocol Memory Corruption Vulnerability,vendor-firmware,1,1,0,1,
icsa-12-081-01,Wonderware,System Platform Buffer Overflows,vendor-firmware,1,2,0,2,
icsa-12-083-01,Ecava,IntegraXor ActiveX Directory Traversal,vendor-firmware,1,1,0,1,
icsa-12-088-01a,Rockwell Automation,Automation FactoryTalk RNADiagReceiver (UPDATE A),vendor-firmware,1,2,0,2,
icsa-12-095-01a,ABB,Multiple Components Buffer Overflow (UPDATE),vendor-firmware,1,1,0,1,
icsa-12-102-01,Certec,atvise webMI2ADS Vulnerabilities,vendor-firmware,1,3,0,3,
icsa-12-102-02,Koyo,Ecom Modules Vulnerabilities,vendor-firmware,1,4,0,4,
icsa-12-102-03,MICROSYS,PROMOTIC Use After Free Vulnerability,vendor-firmware,1,1,0,1,
icsa-12-102-04,Siemens,Scalance X Buffer Overflow Vulnerability,vendor-firmware,1,1,0,1,
icsa-12-102-05,Siemens,Scalance S Multiple Security Vulnerabilities,vendor-firmware,1,2,0,2,
icsa-12-122-01,WellinTech,KingView DLL Hijack Vulnerability,vendor-firmware,1,1,0,1,
icsa-12-129-01,WellinTech,KingSCADA Insecure Password Encryption,vendor-firmware,1,1,0,1,
icsa-12-131-01,Progea,Movicon Memory Corruption Vulnerability,vendor-firmware,1,1,0,1,
icsa-12-131-02,GE,Intelligent Platforms Proficy HTML Help Vulnerabilities (Upd,vendor-firmware,1,2,0,2,
icsa-12-137-02,Advantech,Studio ISSymbol ActiveX Buffer Overflow,vendor-firmware,1,2,0,2,
icsa-12-138-01,Emerson,DeltaV Multiple Vulnerabilities,vendor-firmware,1,5,0,5,
icsa-12-145-01,Measuresoft,ScadaPro DLL Hijack,vendor-firmware,1,1,0,1,
icsa-12-145-02,xArrow,Multiple Vulnerabilities,vendor-firmware,1,4,0,4,
icsa-12-146-01a,RuggedCom,Weak Cryptography for Password Vulnerability (Update A),vendor-firmware,1,1,0,1,
icsa-12-150-01,Honeywell,HMIWeb Browser Buffer Overflow Vulnerability,vendor-firmware,1,1,0,1,
icsa-12-158-01,Siemens,WinCC Multiple Vulnerabilities,vendor-firmware,1,5,0,5,
icsa-12-167-01,Innominate,MGuard Weak HTTPS and SSH Keys,vendor-firmware,1,0,0,0,
icsa-12-171-01,Wonderware,SuiteLink Unallocated Unicode String Vulnerability,vendor-firmware,1,1,0,1,
icsa-12-177-02,Invensys,Wonderware InTouch 10 DLL Hijack,vendor-firmware,1,1,0,1,
icsa-12-179-01,Pro-Face,Pro-Server EX Vulnerabilities,vendor-firmware,1,6,0,6,
icsa-12-185-01,WellinTech,KingView Multiple Vulnerabilities,vendor-firmware,1,5,0,5,
icsa-12-201-01,OSIsoft,PI OPC DA Interface Buffer Overflow,vendor-firmware,1,1,0,1,
icsa-12-205-01,Siemens,WinCC Insecure SQL Server Authentication,vendor-firmware,1,1,0,1,
icsa-12-205-02,Siemens,SIMATIC STEP 7 DLL Vulnerability,vendor-firmware,1,1,0,1,
icsa-12-212-01,ICONICS,GENESIS32/BizViz Security Configurator Authentication Bypass,vendor-firmware,1,1,0,1,
icsa-12-212-02,Siemens,SIMATIC S7-400 PN CPU DoS,vendor-firmware,1,1,0,1,
icsa-12-213-01a,Sielco,Sistemi Winlog Multiple Vulnerabilities (Update A),vendor-firmware,1,7,0,7,
icsa-12-214-01,Siemens,Synco OZW Default Password,vendor-firmware,1,1,0,1,
icsa-12-227-01,Siemens,COMOS Database Privilege Escalation Vulnerability,vendor-firmware,1,1,0,1,
icsa-12-228-01a,Tridium,Niagara Vulnerabilities (Update A),vendor-firmware,1,4,0,4,
icsa-12-234-01,GE,Intelligent Platforms Proficy Real-Time Information Portal V,vendor-firmware,1,3,0,3,
icsa-12-243-01,GarrettCom,Use of Hard-Coded Password,vendor-firmware,1,1,0,1,
icsa-12-249-01,Arbiter,Systems Power Sentinel Denial-of-Service Vulnerability,vendor-firmware,1,1,0,1,
icsa-12-249-02,WAGO,IO 758 Default Linux Credentials,linux,1,1,0,1,"codesys_rt,linux_kernel"
icsa-12-249-03,InduSoft,ISSymbol ActiveX Control Buffer Overflow,vendor-firmware,1,1,0,1,
icsa-12-251-01,RealFlex,RealWinDemo DLL Hijack,vendor-firmware,1,1,0,1,
icsa-12-256-01,Siemens,WinCC WebNavigator Multiple Vulnerabilities,vendor-firmware,1,5,5,0,openjdk
icsa-12-258-01,IOServer,OPC Server Multiple Vulnerabilities,vendor-firmware,1,1,0,1,
icsa-12-262-01,Fultek,WinTr Directory Traversal,vendor-firmware,1,1,0,1,
icsa-12-263-01,Siemens,S7-1200 Insecure Storage of HTTPS CA Certificate,vendor-firmware,1,1,0,1,
icsa-12-263-02,ORing,Industrial Networking IDS-5042/5042+ Hard-Coded Credential V,vendor-firmware,1,1,0,1,
icsa-12-265-01,Emerson,DeltaV Buffer Overflow,vendor-firmware,1,1,0,1,
icsa-12-271-01,C3-ilex,EOScada Multiple Vulnerabilities,vendor-firmware,1,4,0,4,
icsa-12-271-02,Optimalog,Optima PLC Multiple Vulnerabilities,vendor-firmware,1,2,0,2,
icsa-12-283-01,Siemens,S7-1200 Web Application Cross Site Scripting,vendor-firmware,1,1,0,1,
icsa-12-283-02,WellinTech,KingView User Credentials Not Securely Hashed,vendor-firmware,1,1,0,1,
icsa-12-297-01,Tropos,Wireless Mesh Routers,vendor-firmware,1,1,0,1,
icsa-12-297-02,Korenix,Jetport 5600 Series Hard-coded Credentials,vendor-firmware,1,1,1,0,openssl
icsa-12-305-01,Siemens,SiPass Server Buffer Overflow,vendor-firmware,1,1,0,1,
icsa-12-320-01,ABB,AC500 PLC Webserver CoDeSys Vulnerability,vendor-firmware,1,1,1,0,codesys_rt
icsa-12-325-01,Sinapsi,Devices Vulnerabilities,vendor-firmware,1,4,0,4,
icsa-12-335-01,Post,Oak Bluetooth Traffic Systems Insufficient Entropy Vulnerabi,vendor-firmware,1,1,0,1,
icsa-12-341-01,GE,Proficy HMI/SCADA Cimplicity Integer Overflow,vendor-firmware,1,1,0,1,
icsa-12-342-01b,Rockwell Automation,"Allen-Bradley MicroLogix, SLC 500, and PLC-5 Fault Generatio",vendor-firmware,1,1,0,1,
icsa-12-348-01,Siemens,ProcessSuite and Invensys Intouch Poorly Encrypted Password ,vendor-firmware,1,1,0,1,
icsa-12-349-01,Siemens,Automation License Manager Uncontrolled Resource Consumption,vendor-firmware,1,1,0,1,
icsa-12-354-01a,Ruggedcom,ROS Hard-Coded RSA SSL Private Key (Update A),vendor-firmware,1,1,0,1,
icsa-12-354-02,Carlo,Gavazzi EOS Box Multiple Vulnerabilities,vendor-firmware,1,2,0,2,
icsa-12-362-01,I-GEN,opLYNX Central Authentication Bypass,vendor-firmware,1,1,0,1,
icsa-13-011-01,3S-Smart Software Solutions,3S CoDeSys (Update A),vendor-firmware,1,2,2,0,codesys_rt
icsa-13-011-02,SpecView,Directory Traversal,vendor-firmware,1,1,0,1,
icsa-13-011-03,Rockwell Automation,Automation ControlLogix PLC Vulnerabilities,vendor-firmware,1,8,0,8,
icsa-13-014-01,Siemens,SIMATIC RF Manager ActiveX Buffer Overflow,vendor-firmware,1,1,0,1,
icsa-13-016-01,Schneider Electric,Electric Authenticated Communication Risk Vulnerability,vendor-firmware,1,1,0,1,
icsa-13-018-01,Schneider Electric,Electric IGSS Buffer Overflow,vendor-firmware,1,1,0,1,
icsa-13-022-01,GE,Proficy Real-Time Information Portal Information Disclosure ,vendor-firmware,1,2,2,0,openjdk
icsa-13-022-02,GE,Intelligent Platforms Proficy Cimplicity Multiple Vulnerabil,vendor-firmware,1,2,0,2,
icsa-13-024-01,Beijer,Electronics ADP and H-Designer Buffer Overflow Vulnerability,vendor-firmware,1,0,0,0,
icsa-13-036-02,Ecava,IntegraXor ActiveX Buffer Overflow,vendor-firmware,1,1,0,1,
icsa-13-038-01a,360,Systems Image Server 2000 Series Remote Root Access (Update ,vendor-firmware,1,1,0,1,
icsa-13-042-01,Moxa,EDR-G903 Series Multiple Vulnerabilities,vendor-firmware,1,2,0,2,
icsa-13-043-01,Schneider Electric,Electric Accutech Manager Heap Overflow,vendor-firmware,1,1,0,1,
icsa-13-043-02a,WellinTech,KingView KingMess Buffer Overflow (Update A),vendor-firmware,1,1,0,1,
icsa-13-045-01,Tridium,NiagaraAX Directory Traversal Vulnerability,vendor-firmware,1,1,0,1,
icsa-13-050-01a,3S,CODESYS Gateway-Server Vulnerabilities (Update A),vendor-firmware,1,5,5,0,codesys_rt
icsa-13-053-01,Emerson,DeltaV Uncontroller Resource Consumption Vulnerability,vendor-firmware,1,1,0,1,
icsa-13-053-02a,Honeywell,"EBI, SymmetrE, and ComfortPoint Open Manager Station (Update",vendor-firmware,1,1,0,1,
icsa-13-067-01,InduSoft,Advantech Studio Directory Traversal,vendor-firmware,1,1,0,1,
icsa-13-067-02,Invensys,Wonderware Win-XML Exporter Improper Input Validation Vulner,vendor-firmware,1,1,0,1,
icsa-13-077-01b,Schneider Electric,Electric PLCs Vulnerabilities (Update B),vendor-firmware,1,2,0,2,
icsa-13-079-01,Schweitzer,Engineering Laboratories AcSELerator Improper Authorization ,vendor-firmware,1,1,0,1,
icsa-13-079-02,Siemens,WinCC 7.0 SP3 Multiple Vulnerabilities,vendor-firmware,1,6,0,6,
icsa-13-079-03,Siemens,WinCC TIA Portal Vulnerabilities,vendor-firmware,1,7,0,7,
icsa-13-084-01,Siemens,CP 1604 and CP 1616 Improper Access Control,vendor-firmware,1,1,0,1,
icsa-13-091-01,"Wind River, General Electric",Wind River VxWorks SSH and Web Server and General Electric D,vendor-firmware,1,5,0,5,
icsa-13-095-01,Cogent,Real-Time Systems Vulnerabilities,vendor-firmware,1,4,0,4,
icsa-13-095-02a,Rockwell Automation,Automation FactoryTalk and RSLinx Vulnerabilities (Update A),vendor-firmware,1,7,0,7,
icsa-13-098-01,Canary,Labs Inc Trend Link Insecure ActiveX Control Method,vendor-firmware,1,1,0,1,
icsa-13-100-01,Schneider Electric,Electric MiCOM S1 Studio Improper Authorization Vulnerabilit,vendor-firmware,1,1,0,1,
icsa-13-106-01,MatrikonOPC,Multiple Product Vulnerabilities,vendor-firmware,1,2,0,2,
icsa-13-113-01,Wonderware,Information Server Vulnerabilities,vendor-firmware,1,4,0,4,
icsa-13-116-01,Galil,RIO-47100 Improper Input Validation,vendor-firmware,1,1,0,1,
icsa-13-136-01,TURCK,BL20 and BL67 Programmable Gateway Hard-Coded User Accounts,vendor-firmware,1,1,0,1,
icsa-13-140-01,Mitsubishi Electric,Electric Automation MX Component V3 ActiveX Vulnerability,vendor-firmware,1,1,0,1,
icsa-13-142-01,3S,CODESYS Gateway Use After Free,vendor-firmware,1,1,1,0,codesys_rt
icsa-13-149-01,Siemens,SCALANCE Privilege Escalation Vulnerabilities (Update A),vendor-firmware,1,2,2,0,net_snmp
icsa-13-161-01,IOServer,DNP3 Improper Input Validation,vendor-firmware,1,1,0,1,
icsa-13-169-01,Siemens,Scalance X200 IRT Multiple Vulnerabilities,vendor-firmware,1,2,2,0,net_snmp
icsa-13-169-02,Siemens,WinCC 7.2 Multiple Vulnerabilities,vendor-firmware,1,3,0,3,
icsa-13-169-03,Siemens,"COMOS Permissions, Privileges, and Access Controls",vendor-firmware,1,1,0,1,
icsa-13-170-01,GE,Proficy HMI/SCADA CIMPLICITY WebView Improper Input Validati,vendor-firmware,1,1,0,1,
icsa-13-184-01,Alstom,Grid S1 Agile Improper Authorization,vendor-firmware,1,1,0,1,
icsa-13-184-02,Monroe,Electronics DASDEC Compromised Root SSH Key,vendor-firmware,1,1,0,1,
icsa-13-189-01,QNX,Multiple Vulnerabilities,vendor-firmware,1,2,0,2,
icsa-13-189-02,Triangle,Research Nano 10 PLC Denial of Service,vendor-firmware,1,1,0,1,
icsa-13-213-01,Siemens,Scalance W-7xx Product Family Multiple Vulnerabilities,vendor-firmware,1,2,0,2,
icsa-13-213-02,Siemens,WinCC TIA Portal Vulnerabilities,vendor-firmware,1,2,0,2,
icsa-13-213-03,IOServer,Master Station Improper Input Validation,vendor-firmware,1,1,0,1,
icsa-13-213-04a,MatrikonOPC,SCADA DNP3 Master Station Improper Input Validation,vendor-firmware,1,1,0,1,
icsa-13-217-01,Moxa,Weak Entropy in DSA Keys Vulnerability,vendor-firmware,1,1,0,1,
icsa-13-217-02,Schneider Electric,"Electric Vijeo Citect, CitectSCADA, PowerLogic SCADA Vulnera",vendor-firmware,1,1,0,1,
icsa-13-219-01,Schweitzer,Engineering Laboratories Improper Input Validation,vendor-firmware,1,2,0,2,
icsa-13-225-01,Advantech,WebAccess Cross-Site Scripting,vendor-firmware,1,1,0,1,
icsa-13-225-02,OSIsoft,Multiple Vulnerabilities,vendor-firmware,1,2,0,2,
icsa-13-226-01,Kepware,Technologies Improper Input Validation Vulnerability,vendor-firmware,1,1,0,1,
icsa-13-231-01b,Sixnet,Universal Protocol Undocumented Function Codes (Update B),vendor-firmware,1,1,0,1,
icsa-13-233-01,Siemens,COMOS Privilege Escalation Vulnerability,vendor-firmware,1,1,0,1,
icsa-13-234-01,Schneider Electric,Electric Trio J-Series Radio Encryption,vendor-firmware,1,1,0,1,
icsa-13-234-02,Top,Server OPC Improper Input Validation Vulnerability,vendor-firmware,1,1,0,1,
icsa-13-240-01,Triangle,MicroWorks Improper Input Validation,vendor-firmware,1,2,0,2,
icsa-13-248-01,ProSoft,Technology RadioLinx ControlScape PRNG Vulnerability,vendor-firmware,1,1,0,1,
icsa-13-252-01,SUBNET,Solutions Inc. SubSTATION Server DNP3 Outstation Improper In,vendor-firmware,1,1,0,1,
icsa-13-254-01,Siemens,SCALANCE X-200 Web Hijack Vulnerability,vendor-firmware,1,1,0,1,
icsa-13-259-01a,Emerson,ROC800 Multiple Vulnerabilities (Update A),linux,1,5,5,0,linux_kernel
icsa-13-259-01b,Emerson,ROC800 Multiple Vulnerabilities (Update B),linux,1,5,5,0,linux_kernel
icsa-13-274-01,Siemens,SCALANCE X-200 Authentication Bypass Vulnerability,vendor-firmware,1,1,0,1,
icsa-13-276-01,Invensys,Wonderware InTouch Improper Input Validation Vulnerability,vendor-firmware,1,1,0,1,
icsa-13-277-01,Philips,Xper Buffer Overflow Vulnerability,vendor-firmware,1,1,0,1,
icsa-13-282-01a,Alstom,e-Terracontrol DNP3 Master Improper Input Validation (Update,vendor-firmware,1,2,0,2,
icsa-13-289-01,Cisco,ASA and FWSM Security Advisories,vendor-firmware,1,0,0,0,
icsa-13-291-01b,DNP3,Implementation Vulnerability (Update B),vendor-firmware,1,0,0,0,
icsa-13-295-01,WellinTech,KingView ActiveX Vulnerabilities,vendor-firmware,1,2,0,2,
icsa-13-297-01,Catapult,Software DNP3 Driver Improper Input Validation,vendor-firmware,1,2,0,2,
icsa-13-297-02,GE,Proficy DNP3 Improper Input Validation,vendor-firmware,1,2,0,2,
icsa-13-329-01,Triangle,Research Nano-10 PLC Improper Input Validation,vendor-firmware,1,1,0,1,
icsa-13-337-01,Elecsys,Director Gateway Improper Input Validation Vulnerability,vendor-firmware,1,1,0,1,
icsa-13-338-01,Siemens,SINAMICS S/G Authentication Bypass Vulnerability,vendor-firmware,1,1,0,1,
icsa-13-340-01,RuggedCom,ROS Multiple Vulnerabilities,vendor-firmware,1,2,0,2,
icsa-13-344-01,WellinTech,Vulnerabilities,vendor-firmware,1,2,0,2,
icsa-13-346-01,Cooper,Power Systems Improper Input Validation Vulnerability,vendor-firmware,1,2,0,2,
icsa-13-346-02,Cooper,Power Systems Cybectec DNP3 Master OPC Server Improper Input,vendor-firmware,1,1,0,1,
icsa-13-347-01,Siemens,COMOS Privilege Escalation,vendor-firmware,1,1,0,1,
icsa-13-350-01a,Schneider Electric,Electric CitectSCADA Products Exception Handler Vulnerabilit,vendor-firmware,1,1,0,1,
icsa-13-352-01,NovaTech,Orion DNP3 Improper Input Validation Vulnerability,vendor-firmware,1,2,0,2,
icsa-14-006-01,Schneider Electric,Electric Telvent SAGE RTU DNP3 Improper Input Validation Vul,vendor-firmware,1,1,0,1,
icsa-14-007-01b,Sierra,Wireless AirLink Raven X EV-DO Vulnerabilities (Update B),vendor-firmware,1,2,0,2,
icsa-14-008-01,Ecava,Sdn Bhd IntegraXor Project Directory Information Disclosure ,vendor-firmware,1,1,0,1,
icsa-14-010-01,MatrikonOPC,Improper Input Validation,vendor-firmware,1,1,0,1,
icsa-14-014-01,Schneider Electric,Electric ClearSCADA Uncontrolled Resource Consumption Vulner,vendor-firmware,1,1,0,1,
icsa-14-016-01,Ecava,IntegraXor Buffer Overflow Vulnerability,vendor-firmware,1,1,0,1,
icsa-14-021-01,Rockwell Automation,RSLogix 5000 Password Vulnerability,vendor-firmware,1,1,0,1,
icsa-14-023-01,GE,Proficy Vulnerabilities,vendor-firmware,1,2,0,2,
icsa-14-030-01,3S,CoDeSys Runtime Toolkit NULL Pointer Dereference,vendor-firmware,1,1,1,0,codesys_rt
icsa-14-035-01,Siemens,SIMATIC WinCC OA Multiple Vulnerabilities,vendor-firmware,1,4,0,4,
icsa-14-051-01,ICONICS,GENESIS32 Insecure ActiveX Control,vendor-firmware,1,1,0,1,
icsa-14-051-02,Mitsubishi Electric,Electric Automation MC-WorX Suite Unsecure ActiveX Control,vendor-firmware,1,1,0,1,
icsa-14-051-03b,Siemens,RuggedCom Uncontrolled Resource Consumption Vulnerability (U,vendor-firmware,1,1,1,0,net_snmp
icsa-14-051-04,NTP,Reflection Attack,vendor-firmware,1,1,1,0,ntp
icsa-14-058-01,Schneider Electric,Electric Floating License Manager Vulnerability,vendor-firmware,1,1,0,1,
icsa-14-058-02,Schneider Electric,Electric OFS Buffer Overflow Vulnerability,vendor-firmware,1,1,0,1,
icsa-14-070-01a,Yokogawa,CENTUM CS 3000 Vulnerabilities (Update A),vendor-firmware,1,4,0,4,
icsa-14-072-01,Schneider Electric,Electric StruxureWare SCADA Expert ClearSCADA Parsing Vulner,vendor-firmware,1,1,0,1,
icsa-14-073-01,Siemens,SIMATIC S7-1500 CPU Firmware Vulnerabilities,vendor-firmware,1,9,0,9,
icsa-14-079-01,Siemens,SIMATIC S7-1200 Improper Input Validation Vulnerabilities,vendor-firmware,1,2,2,0,net_snmp
icsa-14-079-02,Siemens,SIMATIC S7-1200 Vulnerabilities,vendor-firmware,1,6,0,6,
icsa-14-079-03,Advantech,WebAccess Vulnerabilities,vendor-firmware,1,10,0,10,
icsa-14-084-01,Festo,CECX-X-(C1/M1) Controller Vulnerabilities,vendor-firmware,1,4,4,0,codesys_rt
icsa-14-086-01,Schneider Electric,Electric Serial Modbus Driver Buffer Overflow,vendor-firmware,1,1,0,1,
icsa-14-086-01a,Schneider Electric,Electric Serial Modbus Driver Buffer Overflow (Update A),vendor-firmware,1,1,0,1,
icsa-14-087-01a,Siemens,ROS Improper Input Validation (Update A),vendor-firmware,1,1,0,1,
icsa-14-091-01,Ecava,IntegraXor Guest Account Information Disclosure Vulnerabilit,vendor-firmware,1,1,0,1,
icsa-14-093-01,Schneider Electric,Electric OPC Factory Server Buffer Overflow,vendor-firmware,1,1,0,1,
icsa-14-098-01,OSIsoft,PI Interface for DNP3 Improper Input Validation,vendor-firmware,1,2,0,2,
icsa-14-098-02,WellinTech,KingSCADA Stack-Based Buffer Overflow,vendor-firmware,1,1,0,1,
icsa-14-098-03,Siemens,Ruggedcom WIN Products BEAST Attack Vulnerability,vendor-firmware,1,1,0,1,
icsa-14-100-01,IOServer,Out of Bounds Read Vulnerability,vendor-firmware,1,1,0,1,
icsa-14-105-01,Progea,Movicon SCADA Information Disclosure Vulnerability,vendor-firmware,1,1,0,1,
icsa-14-105-02a,Innominate,mGuard OpenSSL HeartBleed Vulnerability (Update A),vendor-firmware,1,1,1,0,openssl
icsa-14-105-03b,Siemens,Industrial Products OpenSSL Heartbleed Vulnerability (Update,vendor-firmware,1,1,1,0,openssl
icsa-14-107-01,Siemens,SINEMA Vulnerabilities,vendor-firmware,1,3,0,3,
icsa-14-107-02,InduSoft,Web Studio Directory Traversal Vulnerability,vendor-firmware,1,1,0,1,
icsa-14-114-01,Certec,atvise scada OpenSSL Heartbleed Vulnerability,vendor-firmware,1,1,1,0,openssl
icsa-14-114-02,Siemens,SIMATIC S7-1200 CPU Web Vulnerabilities,vendor-firmware,1,2,0,2,
icsa-14-121-01,AMTELCO,miSecure Vulnerabilities,vendor-firmware,1,2,0,2,
icsa-14-126-01a,ABB,Relion 650 Series OpenSSL Vulnerability (Update A),vendor-firmware,1,1,1,0,openssl
icsa-14-128-01,Digi,International OpenSSL Vulnerability,vendor-firmware,1,1,1,0,openssl
icsa-14-133-01,Yokogawa,Multiple Products Vulnerabilities,vendor-firmware,1,4,0,4,
icsa-14-133-02,Emerson,DeltaV Vulnerabilities,vendor-firmware,1,2,0,2,
icsa-14-135-01,CSWorks,Software SQL Injection Vulnerability,vendor-firmware,1,1,0,1,
icsa-14-135-02,Schneider Electric,Electric Wonderware Intelligence Security Patch for OpenSSL ,vendor-firmware,1,1,1,0,openssl
icsa-14-135-03a,Siemens,RuggedCom ROX-based Devices Certificate Verification Vulnera,vendor-firmware,1,1,0,1,
icsa-14-135-04,Unified,Automation OPC SDK OpenSSL Vulnerability,vendor-firmware,1,1,1,0,openssl
icsa-14-135-05,OpenSSL,Vulnerability,linux,1,1,0,1,"linux_kernel,openssl"
icsa-14-149-01,Triangle,MicroWorks Uncontrolled Resource Consumption,vendor-firmware,1,2,0,2,
icsa-14-149-02,Cogent,DataHub Vulnerabilities,vendor-firmware,1,3,3,0,openssl
icsa-14-154-01,COPA-DATA,Improper Input Validation,vendor-firmware,1,2,0,2,
icsa-14-156-01,OpenSSL,Releases Security Advisory,vendor-firmware,1,0,0,0,openssl
icsa-14-175-01,Honeywell,FALCON XLWeb Controllers Vulnerabilities,vendor-firmware,1,2,0,2,
icsa-14-178-01,ICS,Focused Malware,vendor-firmware,1,0,0,0,
icsa-14-189-01,Yokogawa,Centum Buffer Overflow Vulnerability,vendor-firmware,1,1,0,1,
icsa-14-189-02,Innominate,mGuard Unauthorized Leakage of System Data,vendor-firmware,1,1,0,1,
icsa-14-196-01,SubSTATION,Server Telegyr 8979 Master Vulnerabilities,vendor-firmware,1,1,0,1,
icsa-14-198-01,Cogent,DataHub Code Injection Vulnerability,vendor-firmware,1,1,0,1,
icsa-14-198-02,Advantech,WebAccess Vulnerabilities,vendor-firmware,1,5,0,5,
icsa-14-198-03g,Siemens,OpenSSL Vulnerabilities (Update G),linux,1,4,0,4,"linux_kernel,openssl"
icsa-14-202-01a,OleumTech,WIO Family Vulnerabilities (Update A),vendor-firmware,1,3,0,3,
icsa-14-203-01,OMRON,NS Series HMI Vulnerabilities,vendor-firmware,1,3,0,3,
icsa-14-205-01,Morpho,Itemiser 3 Hard-Coded Credential,vendor-firmware,1,1,0,1,
icsa-14-205-02a,Siemens,SIMATIC WinCC Vulnerabilities (Update A),vendor-firmware,1,5,0,5,
icsa-14-224-01,Ecava,Integraxor SCADA Server Vulnerabilities,vendor-firmware,1,4,0,4,
icsa-14-226-01,Siemens,SIMATIC S7-1500 CPU Denial of Service,vendor-firmware,1,1,0,1,
icsa-14-238-01,CG,Automation Improper Input Validation,vendor-firmware,1,2,0,2,
icsa-14-238-02,Schneider Electric,Electric Wonderware Vulnerabilities,vendor-firmware,1,5,0,5,
icsa-14-247-01a,Sensys,Networks Traffic Sensor Vulnerabilities (Update A),vendor-firmware,1,2,0,2,
icsa-14-254-01,Schneider Electric,Electric VAMPSET Buffer Overflow,vendor-firmware,1,1,0,1,
icsa-14-254-02,Rockwell Automation,Micrologix 1400 DNP3 DOS Vulnerability,vendor-firmware,1,1,0,1,
icsa-14-259-01a,Schneider Electric,Electric SCADA Expert ClearSCADA Vulnerabilities (Update A),vendor-firmware,1,3,0,3,
icsa-14-260-01a,Yokogawa,CENTUM and Exaopc Vulnerability (Update A),vendor-firmware,1,2,0,2,
icsa-14-261-01,Advantech,WebAccess Vulnerabilities,vendor-firmware,1,8,0,8,
icsa-14-269-01a,Bash,Command Injection Vulnerability (Update A),linux,1,2,0,2,"linux_kernel,openssh"
icsa-14-269-02,Fox,DataDiode Proxy Server CSRF Vulnerability,vendor-firmware,1,1,0,1,
icsa-14-273-01,SchneiderWEB,Server Directory Traversal Vulnerability,vendor-firmware,1,1,0,1,
icsa-14-275-01,Meinberg,Radio Clocks LANTIME M-Series XSS,vendor-firmware,1,1,0,1,
icsa-14-275-02,Accuenergy,Acuvim II Authentication Vulnerabilities,vendor-firmware,1,2,0,2,
icsa-14-287-01,GE,Proficy HMI/SCADA DNP3 Driver Input Validation,vendor-firmware,1,1,0,1,
icsa-14-288-01,CareFusion,Pyxis SupplyStation System Vulnerabilities,vendor-firmware,1,4,0,4,
icsa-14-289-01,IOServer,Resource Exhaustion Vulnerability,vendor-firmware,1,1,0,1,
icsa-14-289-02,GE,Proficy HMI/SCADA CIMPLICITY CimView Memory Access Violation,vendor-firmware,1,1,0,1,
icsa-14-294-01,Rockwell Automation,Automation Connected Components Workbench ActiveX Component ,vendor-firmware,1,1,0,1,
icsa-14-303-01,Nordex,NC2 XSS Vulnerability,vendor-firmware,1,1,0,1,
icsa-14-303-02,Elipse,SCADA DNP3 Denial of Service,vendor-firmware,1,1,0,1,
icsa-14-308-01,ABB,RobotStudio and Test Signal Viewer DLL Hijack Vulnerability,vendor-firmware,1,1,0,1,
icsa-14-324-01,Advantech,WebAccess Stack-based Buffer Overflow,vendor-firmware,1,1,0,1,
icsa-14-329-01,MatrikonOPC,for DNP Unhandled C++ Exception,vendor-firmware,1,1,0,1,
icsa-14-329-02,Siemens,"SIMATIC WinCC, PCS7, and TIA Portal Vulnerabilities",vendor-firmware,1,2,0,2,
icsa-14-329-02a,Siemens,"SIMATIC WinCC, PCS7, and TIA Portal Vulnerabilities (Update ",vendor-firmware,1,2,0,2,
icsa-14-329-02b,Siemens,"SIMATIC WinCC, PCS7, and TIA Portal Vulnerabilities (Update ",vendor-firmware,1,2,0,2,
icsa-14-329-02d,Siemens,"SIMATIC WinCC, PCS7, and TIA Portal Vulnerabilities (Update ",vendor-firmware,1,2,0,2,
icsa-14-343-01,Yokogawa,FAST/TOOLS XML External Entity,vendor-firmware,1,1,0,1,
icsa-14-343-02,Trihedral,Engineering Limited VTScada Integer Overflow Vulnerability,vendor-firmware,1,1,0,1,
icsa-14-345-01,Arbiter,Systems 1094B GPS Clock Spoofing Vulnerability,vendor-firmware,1,1,0,1,
icsa-14-350-01,Schneider Electric,Electric ProClima Command Injection Vulnerabilities,vendor-firmware,1,5,0,5,
icsa-14-350-02,Johnson,Controls Metasys Vulnerabilities,vendor-firmware,1,2,0,2,
icsa-14-352-01,Honeywell,Experion PKS Vulnerabilities,vendor-firmware,1,5,0,5,
icsa-14-352-02,Innominate,mGuard Privilege Escalation Vulnerability,vendor-firmware,1,1,0,1,
icsa-14-353-01b,Network,Time Protocol Vulnerabilities (Update B),linux,1,6,0,6,"linux_kernel,ntp"
icsa-14-353-01c,Network,Time Protocol Vulnerabilities (Update C),linux,1,6,0,6,"linux_kernel,ntp"
icsa-15-006-01,Eaton’s,Cooper Power Series Form 6 Control and Idea/IdeaPlus Relays ,vendor-firmware,1,1,0,1,
icsa-15-008-01a,Emerson,HART DTM Vulnerability (Update A),vendor-firmware,1,1,0,1,
icsa-15-008-02,Schneider Electric,Electric Wonderware InTouch Access Anywhere Server Buffer Ov,vendor-firmware,1,1,0,1,
icsa-15-012-01,CodeWrights,GmbH HART DTM Vulnerability,vendor-firmware,1,1,0,1,
icsa-15-012-01a,CodeWrights,GmbH HART DTM Vulnerability (Update A),vendor-firmware,1,1,0,1,
icsa-15-012-01b,CodeWrights,GmbH HART DTM Vulnerability (Update B),vendor-firmware,1,1,0,1,
icsa-15-012-01c,CodeWrights,GmbH HART Device DTM Vulnerability (Update C),vendor-firmware,1,1,0,1,
icsa-15-013-01,Siemens,SIMATIC WinCC Sm@rtClient iOS Application Authentication Vul,vendor-firmware,1,3,0,3,
icsa-15-013-02,Clorius,Controls A/S ISC SCADA Insecure Java Client Web Authenticati,vendor-firmware,1,1,1,0,openjdk
icsa-15-013-03,Phoenix Contact,Contact Software ProConOs and MultiProg Authentication Vulne,vendor-firmware,1,1,0,1,
icsa-15-013-04a,GE,Multilink Switch Vulnerabilities (Update A),vendor-firmware,1,3,0,3,
icsa-15-020-01,Siemens,SCALANCE X-300/X408 Switch Family DOS Vulnerabilities,vendor-firmware,1,2,0,2,
icsa-15-020-02,Schneider Electric,Electric ETG3000 FactoryCast HMI Gateway Vulnerabilities,vendor-firmware,1,2,0,2,
icsa-15-022-01,Siemens,SIMATIC S7-1200 CPU Web Vulnerability,vendor-firmware,1,1,0,1,
icsa-15-027-01,Magnetrol,HART DTM Vulnerability,vendor-firmware,1,1,0,1,
icsa-15-027-02,Schneider Electric,Electric Multiple Products Buffer Overflow Vulnerability,vendor-firmware,1,1,0,1,
icsa-15-029-01,Honeywell,HART DTM Vulnerability,vendor-firmware,1,1,0,1,
icsa-15-034-01,Siemens,SCALANCE X-200IRT Switch Family User Impersonation Vulnerabi,vendor-firmware,1,1,0,1,
icsa-15-034-02,Siemens,Ruggedcom WIN Vulnerability,vendor-firmware,1,3,0,3,
icsa-15-036-01a,GE,and MACTek HART Device DTM Vulnerability (Update A),vendor-firmware,1,1,0,1,
icsa-15-036-02,Pepperl+Fuchs,Hart Device DTM Vulnerability,vendor-firmware,1,1,0,1,
icsa-15-041-01,Advantech,EKI-1200 Buffer Overflow,vendor-firmware,1,1,0,1,
icsa-15-041-02,GE,Hydran M2 Predictable TCP Initial Sequence Vulnerability,vendor-firmware,1,1,0,1,
icsa-15-048-01,Siemens,SIMATIC STEP 7 TIA Portal Vulnerabilities,vendor-firmware,1,2,0,2,
icsa-15-048-02,Siemens,SIMATIC WinCC TIA Portal Vulnerabilities,vendor-firmware,1,2,0,2,
icsa-15-048-03,Yokogawa,HART Device DTM Vulnerability,vendor-firmware,1,1,0,1,
icsa-15-050-01a,Siemens,SIMATIC STEP 7 TIA Portal Vulnerabilities (Update A),vendor-firmware,1,2,0,2,
icsa-15-055-01,Software,Toolbox Top Server Resource Exhaustion Vulnerability,vendor-firmware,1,1,0,1,
icsa-15-055-02,Kepware,Resource Exhaustion Vulnerability,vendor-firmware,1,1,0,1,
icsa-15-055-03,Schneider Electric,Electric Invensys Positioner Buffer Overflow Vulnerability,vendor-firmware,1,1,0,1,
icsa-15-057-01,Network,Vision IntraVue Code Injection Vulnerability,vendor-firmware,1,1,0,1,
icsa-15-062-01,MICROSYS,PROMOTIC Stack Buffer Overflow,vendor-firmware,1,1,0,1,
icsa-15-062-02,Rockwell Automation,Automation FactoryTalk DLL Hijacking Vulnerabilities,vendor-firmware,1,1,0,1,
icsa-15-064-01,Siemens,"SIMATIC HMI Basic, SINUMERIK, and Ruggedcom APE GHOST Vulner",vendor-firmware,1,1,1,0,glibc
icsa-15-064-01a,Siemens,"SIMATIC HMI Basic, SINUMERIK, and Ruggedcom APE GHOST Vulner",vendor-firmware,1,1,1,0,glibc
icsa-15-064-02,Siemens,"SIMATIC ProSave, SIMATIC CFC, SIMATIC STEP 7, SIMOTION Scout",vendor-firmware,1,1,0,1,
icsa-15-064-02a,Siemens,"SIMATIC ProSave, SIMATIC CFC, SIMATIC STEP 7, SIMOTION Scout",vendor-firmware,1,1,0,1,
icsa-15-064-03,Siemens,SPC Controller Series Denial-of-Service Vulnerability,vendor-firmware,1,1,0,1,
icsa-15-064-04,Siemens,SIMATIC S7-300 CPU Denial-of-Service Vulnerability,vendor-firmware,1,1,0,1,
icsa-15-064-05,Siemens,SPCanywhere App Vulnerabilities,vendor-firmware,1,5,0,5,
icsa-15-069-01,Cimon,CmnView DLL Hijacking Vulnerability,vendor-firmware,1,1,0,1,
icsa-15-069-02,ABB,HART Device DTM Vulnerability,vendor-firmware,1,1,0,1,
icsa-15-069-03,SCADA,Engine BACnet OPC Server Vulnerabilities,vendor-firmware,1,3,0,3,
icsa-15-069-04,Elipse,E3 Process Control Vulnerability,vendor-firmware,1,1,1,0,openssl
icsa-15-069-04a,Elipse,E3 Process Control Vulnerability (Update A),vendor-firmware,1,1,1,0,openssl
icsa-15-071-01,Schneider Electric,Electric Pelco DS-NVs Buffer Overflow Vulnerability,vendor-firmware,1,1,0,1,
icsa-15-076-01,XZERES,442SR Wind Turbine Vulnerability,vendor-firmware,1,1,0,1,
icsa-15-076-02,Honeywell,XL Web Controller Directory Traversal Vulnerability,linux,1,1,1,0,linux_kernel
icsa-15-085-01,Schneider Electric,Electric InduSoft Web Studio and InTouch Machine Edition 201,vendor-firmware,1,4,0,4,
icsa-15-085-01a,Schneider Electric,Electric InduSoft Web Studio and InTouch Machine Edition 201,vendor-firmware,1,4,0,4,
icsa-15-090-01,Inductive,Automation Ignition Vulnerabilities,linux,1,6,6,0,linux_kernel
icsa-15-090-02,Ecava,IntegraXor DLL Vulnerabilities,vendor-firmware,1,1,0,1,
icsa-15-090-03,Hospira,MedNet Vulnerabilities,vendor-firmware,1,4,0,4,
icsa-15-092-01,Schneider Electric,Electric VAMPSET Software Buffer Overflow Vulnerability,vendor-firmware,1,1,0,1,
icsa-15-097-01,Moxa,VPort ActiveX SDK Plus Stack-Based Buffer Overflow Vulnerabi,vendor-firmware,1,1,0,1,
icsa-15-099-01,Siemens,SIMATIC HMI Devices Vulnerabilities,vendor-firmware,1,3,0,3,
icsa-15-099-01e,Siemens,SIMATIC HMI Devices Vulnerabilities (Update E),vendor-firmware,1,3,0,3,
icsa-15-111-01,Emerson,AMS Device Manager SQL Injection Vulnerability,vendor-firmware,1,1,0,1,
icsa-15-111-02,Rockwell Automation,Automation RSLinx Classic Vulnerability,vendor-firmware,1,1,0,1,
icsa-15-120-01,Opto,22 Multiple Product Vulnerabilities,vendor-firmware,1,2,0,2,
icsa-15-125-01,Hospira,LifeCare PCA Infusion System Vulnerabilities,vendor-firmware,1,2,0,2,
icsa-15-125-01a,Hospira,LifeCare PCA Infusion System Vulnerabilities (Update A),vendor-firmware,1,4,0,4,
icsa-15-125-01b,Hospira,LifeCare PCA Infusion System Vulnerabilities (Update B),vendor-firmware,1,7,0,7,
icsa-15-132-01,OSIsoft,PI AF Incorrect Default Permissions Vulnerability,vendor-firmware,1,1,0,1,
icsa-15-132-02,Rockwell Automation,Automation RSView32 Weak Encryption Algorithm on Passwords,vendor-firmware,1,1,0,1,
icsa-15-141-01a,Schneider Electric,Electric OFS Server Vulnerability (Update A),vendor-firmware,1,1,0,1,
icsa-15-146-01,Mitsubishi Electric,Electric MELSEC FX-Series Controllers Denial of Service,vendor-firmware,1,1,0,1,
icsa-15-148-01,IDS,RTU 850 Directory Traversal Vulnerability,vendor-firmware,1,1,0,1,
icsa-15-153-01,Beckwith,Electric TCP Initial Sequence Vulnerability,vendor-firmware,1,1,0,1,
icsa-15-153-02,Moxa,SoftCMS Buffer Overflow Vulnerability,vendor-firmware,1,1,0,1,
icsa-15-155-01,XZERES,442SR Wind Turbine CSRF Vulnerability,vendor-firmware,1,1,0,1,
icsa-15-160-01a,N-Tron,702W Hard-Coded SSH and HTTPS Encryption Keys (Update A),vendor-firmware,1,1,0,1,
icsa-15-160-02,Sinapsi,eSolar Light Plaintext Passwords Vulnerability,vendor-firmware,1,1,0,1,
icsa-15-161-01,Hospira,Plum A+ and Symbiq Infusion Systems Vulnerabilities,vendor-firmware,1,7,0,7,
icsa-15-162-01a,RLE,Nova-Wind Turbine HMI Unsecure Credentials Vulnerability (Up,vendor-firmware,1,1,0,1,
icsa-15-167-01,GarrettCom,Magnum Series Devices Vulnerabilities,vendor-firmware,1,4,0,4,
icsa-15-169-01b,Wind,River VXWorks TCP Predictability Vulnerability in ICS Device,vxworks,1,1,1,0,ipnet
icsa-15-169-02,Schneider Electric,Electric Wonderware System Platform Vulnerabilities,vendor-firmware,1,1,0,1,
icsa-15-174-01,Hospira,Symbiq Infusion System Vulnerability,vendor-firmware,1,1,0,1,
icsa-15-176-01,Siemens,Climatix BACnet/IP Communication Module Cross-site Scripting,vendor-firmware,1,1,0,1,
icsa-15-176-02,PACTware,Exceptional Conditions Vulnerability,vendor-firmware,1,1,0,1,
icsa-15-181-01,Baxter,SIGMA Spectrum Infusion System Vulnerabilities,vendor-firmware,1,4,0,4,
icsa-15-181-02a,SMA,Solar Technology AG Sunny WebBox Hard-Coded Account Vulnerab,vendor-firmware,1,1,0,1,
icsa-15-195-01,Siemens,SICAM MIC Authentication Bypass Vulnerability,vendor-firmware,1,1,0,1,
icsa-15-202-01,Siemens,SIPROTEC Denial-of-Service Vulnerability,vendor-firmware,1,1,0,1,
icsa-15-202-02,Siemens,Sm@rtClient Password Storage Vulnerability,vendor-firmware,1,1,0,1,
icsa-15-202-03b,Siemens,RUGGEDCOM ROS and ROX-based Devices TLS POODLE Vulnerability,vendor-firmware,1,1,0,1,
icsa-15-211-01,Schneider Electric,Electric InduSoft Web Studio and InTouch Machine Edition 201,vendor-firmware,1,1,0,1,
icsa-15-223-01,Schneider Electric,Electric IMT25 DTM Vulnerability,vendor-firmware,1,1,0,1,
icsa-15-225-01,OSIsoft,PI Data Archive Server Vulnerabilities,vendor-firmware,1,0,0,0,
icsa-15-232-01,Everest,Software PeakHMI Pointer Dereference Vulnerabilities,vendor-firmware,1,1,0,1,
icsa-15-237-01,Endress+Hauser,HART Device DTM Vulnerability,vendor-firmware,1,1,0,1,
icsa-15-237-02,EasyIO-30P-SF,Hard-Coded Credential Vulnerability,vendor-firmware,1,1,0,1,
icsa-15-239-01,Moxa,SoftCMS Buffer Overflow Vulnerabilities,vendor-firmware,1,2,0,2,
icsa-15-239-02,Siemens,SIMATIC S7-1200 CSRF Vulnerability,vendor-firmware,1,1,0,1,
icsa-15-239-03,Innominate,mGuard VPN Vulnerability,vendor-firmware,1,1,0,1,
icsa-15-244-01,Siemens,RUGGEDCOM ROS IP Forwarding Vulnerability,vendor-firmware,1,1,0,1,
icsa-15-246-01,Cogent,DataHub Code Injection Vulnerability,vendor-firmware,1,1,0,1,
icsa-15-246-02,Schneider Electric,Electric Modicon PLC Vulnerabilities,vendor-firmware,1,2,2,0,openjdk
icsa-15-246-03,Moxa,Industrial Managed Switch Vulnerabilities,vendor-firmware,1,3,3,0,goahead
icsa-15-251-01a,Advantech,WebAccess Buffer Overflow Vulnerability (Update A),vendor-firmware,1,1,0,1,
icsa-15-253-01,Yokogawa,Multiple Products Buffer Overflow Vulnerabilities,vendor-firmware,1,3,0,3,
icsa-15-258-01,Schneider Electric,Electric StruxureWare Building Expert Plaintext Credentials ,vendor-firmware,1,1,0,1,
icsa-15-258-02,CODESYS,Gateway Server (Update A),vendor-firmware,1,1,1,0,codesys_rt
icsa-15-258-03,GE,MDS PulseNET Vulnerabilities,vendor-firmware,1,2,0,2,
icsa-15-258-04,Advantech,WebAccess Stack-Based Buffer Overflow Vulnerability,vendor-firmware,1,1,0,1,
icsa-15-260-01,Harman-Kardon,Uconnect Vulnerability,vendor-firmware,1,1,0,1,
icsa-15-265-01,Resource,Data Management Privilege Escalation Vulnerability,vendor-firmware,1,2,0,2,
icsa-15-265-02,IBC,Solar ServeMaster Source Code Vulnerability,vendor-firmware,1,3,0,3,
icsa-15-265-03,Janitza,UMG Power Quality Measuring Products Vulnerabilities,vendor-firmware,1,7,0,7,
icsa-15-267-01,Endress+Hauser,Fieldcare/CodeWrights HART Comm DTM XML Injection Vulnerabil,vendor-firmware,1,1,0,1,
icsa-15-272-01,Honeywell,Experion PKS Directory Traversal Vulnerability,vendor-firmware,1,1,0,1,
icsa-15-274-01,OMRON,Multiple Product Vulnerabilities,vendor-firmware,1,3,0,3,
icsa-15-274-02a,Unitronics,VisiLogic OPLC IDE Vulnerabilities (Update A),vendor-firmware,1,3,0,3,
icsa-15-286-01,Nordex,NC2 XSS Vulnerability,vendor-firmware,1,1,0,1,
icsa-15-288-01,3S,CODESYS Runtime Toolkit Null Pointer Dereference Vulnerabili,vendor-firmware,1,1,1,0,codesys_rt
icsa-15-293-01,IniNet,Solutions embeddedWebServer Cleartext Storage Vulnerability,vendor-firmware,1,1,0,1,
icsa-15-293-02,IniNet,Solutions SCADA Web Server Vulnerabilities,vendor-firmware,1,3,0,3,
icsa-15-293-03,3S,CODESYS Gateway Null Pointer Exception Vulnerability,vendor-firmware,1,1,1,0,codesys_rt
icsa-15-295-01,Eaton&#039;s,Cooper Devices Improper Ethernet Frame Padding Vulnerability,vendor-firmware,1,1,0,1,
icsa-15-300-01,Siemens,RuggedCom Improper Ethernet Frame Padding Vulnerability,vendor-firmware,1,1,0,1,
icsa-15-300-02a,Infinite,Automation Systems Mango Automation Vulnerabilities (Update ,vendor-firmware,1,7,0,7,
icsa-15-300-03a,Rockwell Automation,Automation Micrologix 1100 and 1400 PLC Systems Vulnerabilit,vendor-firmware,1,5,0,5,
icsa-15-309-01,Advantech,EKI Hard-coded SSH Keys Vulnerability,vendor-firmware,1,1,0,1,
icsa-15-309-02,Honeywell,Midas Gas Detector Vulnerabilities,vendor-firmware,1,2,0,2,
icsa-15-321-01,Exemys,Web Server Bypass Vulnerability,vendor-firmware,1,1,0,1,
icsa-15-323-01,Tibbo,AggreGate Platform Vulnerabilities,vendor-firmware,1,2,2,0,openjdk
icsa-15-328-01,Moxa,OnCell Central Manager Vulnerabilities,vendor-firmware,1,2,0,2,
icsa-15-335-01,Saia,Burgess Controls PCD Controller Hard-coded Password Vulnerab,vendor-firmware,1,1,0,1,
icsa-15-335-02,Schneider Electric,Electric ProClima ActiveX Control Vulnerabilities,vendor-firmware,1,1,0,1,
icsa-15-335-03,Siemens,SIMATIC Communication Processor Vulnerability (Update C),vendor-firmware,1,1,0,1,
icsa-15-337-01,SearchBlox,File Exfiltration Vulnerability,vendor-firmware,1,1,0,1,
icsa-15-337-02,Hospira,Multiple Products Buffer Overflow Vulnerability,vendor-firmware,1,1,0,1,
icsa-15-337-03,Pacom,1000 CCU GMS System Cryptographic Implementation Vulnerabili,vendor-firmware,1,1,0,1,
icsa-15-342-01c,XZERES,442SR Wind Turbine Cross-site Scripting Vulnerability (Updat,vendor-firmware,1,1,0,1,
icsa-15-342-02,LOYTEC,Router Information Exposure Vulnerability,vendor-firmware,1,1,0,1,
icsa-15-344-01b,Advantech,EKI Vulnerabilities (Update B),vendor-firmware,1,4,4,0,openssl
icsa-15-344-02,Open,Automation Software OPC Systems NET DLL Hijacking Vulnerabil,vendor-firmware,1,1,0,1,
icsa-15-349-01,Adcon,Telemetry A840 Vulnerabilities,vendor-firmware,1,4,4,0,openjdk
icsa-15-351-01,Schneider Electric,Electric Modicon M340 Buffer Overflow Vulnerability,vendor-firmware,1,1,0,1,
icsa-15-351-02,Motorola,MOSCAD SCADA IP Gateway Vulnerabilities,vendor-firmware,1,2,0,2,
icsa-15-351-03,eWON,Vulnerabilities,vendor-firmware,1,6,0,6,
icsa-15-356-01,Siemens,RUGGEDCOM ROX-based Devices NTP Vulnerabilities,vendor-firmware,1,4,4,0,ntp
icsa-16-014-01,Advantech,WebAccess Vulnerabilities,linux,1,15,15,0,linux_kernel
icsa-16-019-01,Siemens,OZW672 and OZW772 XSS Vulnerability,vendor-firmware,1,2,0,2,
icsa-16-021-01,CAREL,PlantVisor Enhanced Authentication Bypass Vulnerability,vendor-firmware,1,1,0,1,
icsa-16-026-01,MICROSYS,PROMOTIC Memory Corruption Vulnerability,vendor-firmware,1,1,0,1,
icsa-16-026-02,Rockwell Automation,Automation MicroLogix 1100 PLC Overflow Vulnerability,vendor-firmware,1,1,0,1,
icsa-16-028-01a,Westermo,Industrial Switch Hard-coded Certificate Vulnerability (Upda,vendor-firmware,1,1,0,1,
icsa-16-033-01,Sauter,moduWeb Vision Vulnerabilities,vendor-firmware,1,3,0,3,
icsa-16-033-02,GE,SNMP/Web Interface Vulnerabilities,vendor-firmware,1,2,2,0,net_snmp
icsa-16-040-01,Tollgrade,SmartGrid Sensor Management System Software Vulnerabilities,vendor-firmware,1,4,0,4,
icsa-16-040-02,Siemens,SIMATIC S7-1500 CPU Vulnerabilities,vendor-firmware,1,2,0,2,
icsa-16-042-01a,Moxa,EDR-G903 Secure Router Vulnerabilities (Update A),vendor-firmware,1,5,0,5,
icsa-16-049-01,B+B,SmartWorx VESP211 Authentication Bypass Vulnerability,vendor-firmware,1,1,0,1,
icsa-16-049-02a,AMX,Multiple Products Credential Management Vulnerabilities (Upd,vendor-firmware,1,2,0,2,
icsa-16-056-01,Rockwell Automation,Automation Integrated Architecture Builder Access Violation ,vendor-firmware,1,1,0,1,
icsa-16-061-01,Schneider Electric,Electric Building Operation Automation Server Vulnerability,linux,1,1,1,0,linux_kernel
icsa-16-061-02,Rockwell Automation,Allen-Bradley CompactLogix Reflective Cross-Site Scripting V,vendor-firmware,1,1,0,1,
icsa-16-061-03,Eaton,Lighting Systems EG2 Web Control Authentication Bypass Vulne,vendor-firmware,1,2,0,2,
icsa-16-063-01,Moxa,ioLogik E2200 Series Weak Authentication Practices,vendor-firmware,1,2,0,2,
icsa-16-070-01,Schneider Electric,Electric Telvent RTU Improper Ethernet Frame Padding Vulnera,vendor-firmware,1,1,0,1,
icsa-16-070-02a,Honeywell,Uniformance PHD Denial Of Service (Update A),vendor-firmware,1,1,0,1,
icsa-16-075-01,Siemens,SIMATIC S7-1200 CPU Protection Mechanism Failure,vendor-firmware,1,1,0,1,
icsa-16-077-01a,ABB,Panel Builder 800 DLL Hijacking Vulnerability (Update A),vendor-firmware,1,1,0,1,
icsa-16-082-01a,Siemens,APOGEE Insight Incorrect File Permissions Vulnerability (Upd,vendor-firmware,1,1,0,1,
icsa-16-084-01,Cogent,DataHub Elevation of Privilege Vulnerability,vendor-firmware,1,1,0,1,
icsa-16-091-01,ICONICS,WebHMI Directory Traversal Vulnerability,vendor-firmware,1,1,0,1,
icsa-16-096-01,Pro-face,GP-Pro EX HMI Vulnerabilities,vendor-firmware,1,4,0,4,
icsa-16-103-01c,Siemens,Industrial Products glibc Library Vulnerability (Update C),linux,1,1,1,0,"glibc,linux_kernel"
icsa-16-103-02,Siemens,SCALANCE S613 Denial-of-Service Vulnerability,vendor-firmware,1,1,0,1,
icsa-16-103-03c,Siemens,Industrial Products DROWN Vulnerability (Update C),vendor-firmware,1,1,0,1,
icsa-16-105-01,Sierra,Wireless ACEmanager Information Exposure Vulnerability,vendor-firmware,1,1,0,1,
icsa-16-105-02,Accuenergy,Acuvim II Series AXM-NET Module Vulnerabilities,vendor-firmware,1,2,0,2,
icsa-16-105-03,Ecava,IntegraXor Vulnerabilities,vendor-firmware,1,8,0,8,
icsa-16-126-01,KMC,Controls Conquest BACnet Router Vulnerabilities,vendor-firmware,1,2,0,2,
icsa-16-131-01,Panasonic,FPWIN Pro Vulnerabilities,vendor-firmware,1,4,0,4,
icsa-16-133-01a,Meteocontrol,WEB&#039;log Vulnerabilities (Update A),vendor-firmware,1,4,0,4,
icsa-16-138-01a,IRZ,RUH2 3G Firmware Overwrite Vulnerability (Update A),vendor-firmware,1,1,0,1,
icsa-16-140-01a,Resource,Data Management Intuitive 650 TDB Controller Vulnerabilities,vendor-firmware,1,2,0,2,
icsa-16-140-02,Siemens,SIPROTEC Information Disclosure Vulnerabilities (Update B),vendor-firmware,1,2,0,2,
icsa-16-145-01a,Moxa,MiiNePort Vulnerabilities (Update A),vendor-firmware,1,3,3,0,net_snmp
icsa-16-147-01b,Environmental,Systems Corporation Data Controllers Vulnerabilities (Update,vendor-firmware,1,2,0,2,
icsa-16-147-02,Sixnet,BT Series Hard-coded Credentials Vulnerability,vendor-firmware,1,1,0,1,
icsa-16-147-03,Black,Box AlertWerks ServSensor Credential Management Vulnerabilit,vendor-firmware,1,1,0,1,
icsa-16-152-01,Moxa,UC 7408-LX-Plus Firmware Overwrite Vulnerability,vendor-firmware,1,1,0,1,
icsa-16-152-02,ABB,PCM600 Vulnerabilities,vendor-firmware,1,4,0,4,
icsa-16-154-01,GE,MultiLink Series Hard-coded Credential Vulnerability,vendor-firmware,1,1,0,1,
icsa-16-159-01,Trihedral,Engineering Limited VTScada Vulnerabilities,vendor-firmware,1,3,0,3,
icsa-16-161-01,Siemens,SIMATIC S7-300 Denial-of-Service Vulnerability,vendor-firmware,1,1,0,1,
icsa-16-161-02,Siemens,SIMATIC WinCC Flexible Weakly Protected Credentials Vulnerab,vendor-firmware,1,1,0,1,
icsa-16-166-01,OSIsoft,PI SQL Data Access Server Input Validation Vulnerability,vendor-firmware,1,1,0,1,
icsa-16-166-02,OSIsoft,PI AF Server Input Validation Vulnerability,vendor-firmware,1,1,0,1,
icsa-16-168-01,Moxa,PT-7728 Series Switch Improper Authorization Vulnerability,vendor-firmware,1,1,0,1,
icsa-16-173-01a,Advantech,WebAccess ActiveX Vulnerabilities (Update A),vendor-firmware,1,3,0,3,
icsa-16-173-02,Schneider Electric,Electric PowerLogic PM8ECC Cross-site Scripting Vulnerabilit,vendor-firmware,1,1,0,1,
icsa-16-173-03,Rockwell Automation,Automation FactoryTalk EnergyMetrix Vulnerabilities,vendor-firmware,1,2,0,2,
icsa-16-175-01,Rockwell Automation,Automation Allen-Bradley Stratix 5400 and 5410 Packet Corrup,vendor-firmware,1,1,0,1,
icsa-16-175-02,Unitronics,VisiLogic OPLC IDE vlp File Parsing Stack Buffer Overflow Vu,vendor-firmware,1,2,0,2,
icsa-16-175-03,Meinberg,NTP Time Server Vulnerabilities,vendor-firmware,1,4,4,0,ntp
icsa-16-182-01,Eaton,ELCSoft Programming Software Memory Vulnerabilities,vendor-firmware,1,2,0,2,
icsa-16-182-02b,Siemens,SICAM PAS Information Disclosure Vulnerabilities (Update B),vendor-firmware,1,2,0,2,
icsa-16-187-01,Rexroth,Bosch BLADEcontrol-WebVIS Vulnerabilities,vendor-firmware,1,2,0,2,
icsa-16-189-01,WECON,LeviStudio Buffer Overflow Vulnerabilities,vendor-firmware,1,2,0,2,
icsa-16-189-02,Moxa,Device Server Web Console Authorization Bypass Vulnerability,vendor-firmware,1,1,1,0,net_snmp
icsa-16-194-01,Tollgrade,Smart Grid EMS LightHouse Vulnerabilities,vendor-firmware,1,3,0,3,
icsa-16-194-02,GE,Proficy HMI SCADA CIMPLICITY Privilege Management Vulnerabil,vendor-firmware,1,1,0,1,
icsa-16-196-01,Schneider Electric,Electric Pelco Digital Sentry Video Management System Vulner,vendor-firmware,1,1,0,1,
icsa-16-196-02,Moxa,MGate Authentication Bypass Vulnerability,vendor-firmware,1,1,0,1,
icsa-16-196-03,Schneider Electric,Electric SoMachine HVAC Unsafe ActiveX Control Vulnerability,vendor-firmware,1,1,0,1,
icsa-16-208-01c,Siemens,"SIMATIC WinCC, PCS 7, and WinCC Runtime Professional Vulnera",vendor-firmware,1,2,0,2,
icsa-16-208-02,Siemens,SIMATIC NET PC-Software Denial-of-Service Vulnerability,vendor-firmware,1,1,0,1,
icsa-16-208-03,Siemens,SINEMA Remote Connect Server Cross-site Scripting Vulnerabil,vendor-firmware,1,1,0,1,
icsa-16-215-01,Moxa,SoftCMS SQL Injection Vulnerability,vendor-firmware,1,1,0,1,
icsa-16-215-02a,Siemens,SINEMA Server Privilege Escalation Vulnerability (Update A),vendor-firmware,1,1,0,1,
icsa-16-224-01,Rockwell Automation,Automation MicroLogix 1400 SNMP Credentials Vulnerability,vendor-firmware,1,1,1,0,net_snmp
icsa-16-224-02a,Rockwell Automation,Automation RSLogix 500 and RSLogix Micro File Parser Buffer ,vendor-firmware,1,1,0,1,
icsa-16-231-01,Navis,WebAccess SQL Injection Vulnerability,vendor-firmware,1,1,0,1,
icsa-16-236-01a,Moxa,OnCell Vulnerabilities (Update A),vendor-firmware,1,3,0,3,
icsa-16-250-01,Siemens,SIPROTEC 4 and SIPROTEC Compact Vulnerabilities,vendor-firmware,1,3,0,3,
icsa-16-252-01,GE,Bently Nevada 3500/22M Improper Authorization Vulnerability,vendor-firmware,1,1,0,1,
icsa-16-259-01,Yokogawa,STARDOM Authentication Bypass Vulnerability,vendor-firmware,1,1,0,1,
icsa-16-259-02,ABB,DataManagerPro Credential Management Vulnerability,vendor-firmware,1,1,0,1,
icsa-16-259-03,Trane,Tracer SC Sensitive Information Exposure Vulnerability,vendor-firmware,1,1,0,1,
icsa-16-264-01,Moxa,Active OPC Server Unquoted Service Path Escalation Vulnerabi,vendor-firmware,1,1,0,1,
icsa-16-271-01,Siemens,SCALANCE M-800/S615 Web Vulnerability,vendor-firmware,1,1,0,1,
icsa-16-273-01,American,Auto-Matrix Front-End Solutions Vulnerabilities,vendor-firmware,1,2,0,2,
icsa-16-278-01,INDAS,Web SCADA Path Traversal Vulnerability,vendor-firmware,1,1,0,1,
icsa-16-278-02,Beckhoff,Embedded PC Images and TwinCAT Components Vulnerabilities,vendor-firmware,1,2,0,2,
icsa-16-287-01,OSIsoft,PI Web API 2015 R2 Service Account Permissions Vulnerability,vendor-firmware,1,1,0,1,
icsa-16-287-02,Siemens,Automation License Manager Vulnerabilities,vendor-firmware,1,3,0,3,
icsa-16-287-03,Siemens,SIMATIC STEP 7 (TIA Portal) Information Disclosure Vulnerabi,vendor-firmware,1,2,0,2,
icsa-16-287-04,Rockwell Automation,Automation Stratix Denial-of-Service and Memory Leak Vulnera,vendor-firmware,1,4,0,4,
icsa-16-287-05a,Moxa,ioLogik E1200 Series Vulnerabilities (Update A),vendor-firmware,1,4,0,4,
icsa-16-287-06,FATEK,Automation Designer Memory Corruption Vulnerabilities,vendor-firmware,1,3,0,3,
icsa-16-287-07a,Kabona,AB WDC Vulnerabilities (Update A),vendor-firmware,1,4,0,4,
icsa-16-292-01,Schneider Electric,Electric PowerLogic PM8ECC Hard-coded Password Vulnerability,vendor-firmware,1,1,0,1,
icsa-16-294-01,Moxa,EDR-810 Industrial Secure Router Privilege Escalation Vulner,vendor-firmware,1,1,0,1,
icsa-16-299-01,Siemens,SICAM RTU Devices Denial-of-Service Vulnerability,vendor-firmware,1,1,0,1,
icsa-16-301-01,Honeywell,Experion PKS Improper Input Validation Vulnerability,vendor-firmware,1,1,0,1,
icsa-16-306-01,Schneider Electric,Electric ConneXium Buffer Overflow Vulnerability,vendor-firmware,1,1,1,0,net_snmp
icsa-16-306-02,IBHsoftec,S7-SoftPLC CPX43 Heap-based Buffer Overflow Vulnerability,vendor-firmware,1,1,0,1,
icsa-16-306-03,Schneider Electric,Electric Unity PRO Control Flow Management Vulnerability,vendor-firmware,1,1,0,1,
icsa-16-308-01,Moxa,OnCell Security Vulnerabilities,vendor-firmware,1,2,2,0,net_snmp
icsa-16-308-02b,Schneider Electric,Electric Magelis HMI Resource Consumption Vulnerabilities (U,vendor-firmware,1,2,0,2,
icsa-16-308-03,Schneider Electric,Electric IONXXXX Series Power Meter Vulnerabilities,vendor-firmware,1,2,0,2,
icsa-16-313-01,Phoenix Contact,Contact ILC PLC Authentication Vulnerabilities,vendor-firmware,1,3,3,0,net_snmp
icsa-16-313-02,Siemens,Industrial Products Local Privilege Escalation Vulnerability,vendor-firmware,1,1,0,1,
icsa-16-313-03,OSIsoft,PI System Incomplete Model of Endpoint Features Vulnerabilit,vendor-firmware,1,1,0,1,
icsa-16-315-01b,CA,Unified Infrastructure Management Directory Traversal Vulner,vendor-firmware,1,1,0,1,
icsa-16-320-01,Lynxspring,JENEsys BAS Bridge Vulnerabilities,vendor-firmware,1,4,0,4,
icsa-16-322-01,Vanderbilt,Industries Siemens IP CCTV Cameras Vulnerability,vendor-firmware,1,1,0,1,
icsa-16-322-02,Moxa,SoftCMS Vulnerabilities,vendor-firmware,1,3,0,3,
icsa-16-327-01,Siemens,SIMATIC CP 1543-1 (Update A),vendor-firmware,1,2,2,0,net_snmp
icsa-16-327-02,Siemens,SIMATIC CP 343-1/CP 443-1 Modules and SIMATIC S7-300/S7-400 ,vendor-firmware,1,2,0,2,
icsa-16-334-01,Emerson,Liebert SiteScan XML External Entity Vulnerability,vendor-firmware,1,1,0,1,
icsa-16-334-02,Emerson,DeltaV Easy Security Management Application Vulnerability,vendor-firmware,1,1,0,1,
icsa-16-334-03,Emerson,DeltaV Wireless I/O Card Open SSH Port Vulnerability,vendor-firmware,1,1,0,1,
icsa-16-336-01a,Siemens,SICAM PAS Vulnerabilities (Update A),vendor-firmware,1,4,0,4,
icsa-16-336-02a,Moxa,NPort Device Vulnerabilities (Update A),vendor-firmware,1,8,0,8,
icsa-16-336-03,Mitsubishi Electric,Electric MELSEC-Q Series Ethernet Interface Module Vulnerabi,vendor-firmware,1,2,0,2,
icsa-16-336-04,Advantech,SUSIAccess Server Vulnerabilities,vendor-firmware,1,3,0,3,
icsa-16-336-05b,GE,"Proficy HMI/SCADA iFIX, Proficy HMI/SCADA CIMPLICITY, and Pr",vendor-firmware,1,1,0,1,
icsa-16-336-06,Rockwell Automation,Automation MicroLogix 1100 and 1400 Vulnerabilities,vendor-firmware,1,2,0,2,
icsa-16-341-01,Tesla,Gateway ECU Vulnerability,vendor-firmware,1,1,0,1,
icsa-16-343-01,Moxa,MiiNePort Session Hijack Vulnerabilities,vendor-firmware,1,2,0,2,
icsa-16-343-02,Sauter,NovaWeb Web HMI Authentication Bypass Vulnerability,vendor-firmware,1,1,0,1,
icsa-16-343-03,Adcon,Telemetry A850 Telemetry Gateway Base Station Vulnerabilitie,vendor-firmware,1,1,0,1,
icsa-16-343-04,INTERSCHALT,VDR G4e Path Traversal Vulnerability,vendor-firmware,1,1,0,1,
icsa-16-343-05,Rockwell Automation,Logix5000 Programmable Automation Controller Buffer Overflow,vendor-firmware,1,1,0,1,
icsa-16-348-01,Visonic,PowerLink2 Vulnerabilities,vendor-firmware,1,2,0,2,
icsa-16-348-02,Moxa,DACenter Vulnerabilities,vendor-firmware,1,2,0,2,
icsa-16-348-03,Delta Electronics,"Electronics WPLSoft, ISPSoft, and PMSoft Vulnerabilities",vendor-firmware,1,2,0,2,
icsa-16-348-04,Siemens,SIMATIC WinCC and SIMATIC PCS 7 ActiveX Vulnerability,vendor-firmware,1,1,0,1,
icsa-16-348-05,Siemens,S7-300/400 PLC Vulnerabilities (Update E),vendor-firmware,1,2,0,2,
icsa-16-350-01,FATEK,Automation PLC WinProladder Stack-Based Buffer Overflow Vuln,vendor-firmware,1,1,0,1,
icsa-16-350-02,OmniMetrix,OmniView Vulnerabilities,vendor-firmware,1,2,0,2,
icsa-16-355-01,Siemens,Desigo PX Web Module Insufficient Entropy Vulnerability,vendor-firmware,1,1,0,1,
icsa-16-357-01,Fidelix,FX-20 Series Controllers Path Traversal Vulnerability,vendor-firmware,1,1,0,1,
icsa-16-357-02,WAGO,Ethernet Web-based Management Authentication Bypass Vulnerab,vendor-firmware,1,1,0,1,
icsa-17-010-01a,OSIsoft,PI Coresight and PI Web API (Update A),vendor-firmware,1,1,0,1,
icsa-17-012-01,Advantech,WebAccess,vendor-firmware,1,2,0,2,
icsa-17-012-02,VideoInsight,Web Client,vendor-firmware,1,1,0,1,
icsa-17-012-03,Carlo Gavazzi,VMU-C EM and VMU-C PV,vendor-firmware,1,3,0,3,
icsa-17-017-01,Phoenix Contact,mGuard,vendor-firmware,1,1,0,1,
icsa-17-019-01a,Schneider Electric,homeLYnk Controller (Update A),vendor-firmware,1,2,2,0,openjdk
icsa-17-024-01,Schneider Electric,Wonderware Historian,vendor-firmware,1,1,0,1,
icsa-17-026-01,Eaton,ePDU Path Traversal Vulnerability,vendor-firmware,1,1,0,1,
icsa-17-026-02a,Belden,Hirschmann GECKO (Update A),vendor-firmware,1,4,0,4,
icsa-17-031-01a,BINOM3,Electric Power Quality Meter (Update A),vendor-firmware,1,5,0,5,
icsa-17-031-02,Ecava,IntegraXor,vendor-firmware,1,1,0,1,
icsa-17-033-01,Honeywell,XL Web II Controller Vulnerabilities,vendor-firmware,1,5,0,5,
icsa-17-038-01,Sielco Sistemi,Winlog SCADA Software,vendor-firmware,1,1,0,1,
icsa-17-040-01,Hanwha Techwin,Smart Security Manager,vendor-firmware,1,2,0,2,
icsa-17-045-01,Advantech,WebAccess,vendor-firmware,1,1,0,1,
icsa-17-045-02,Geutebrück,IP Cameras,vendor-firmware,1,2,0,2,
icsa-17-045-03,Siemens,SIMATIC Authentication Bypass (Update D),vendor-firmware,1,1,0,1,
icsa-17-047-01,Rockwell Automation,Connected Components Workbench,vendor-firmware,1,1,0,1,
icsa-17-047-02,Rockwell Automation,Automation FactoryTalk Activation,vendor-firmware,1,1,0,1,
icsa-17-054-01,VIPA Controls,WinPLC7,vendor-firmware,1,1,0,1,
icsa-17-054-02,"Red Lion Controls, AutomationDirect","Red Lion Controls Sixnet-Managed Industrial Switches, Automa",vendor-firmware,1,1,0,1,
icsa-17-054-03,Schneider Electric,Modicon M340 PLC (Update A),vendor-firmware,1,1,0,1,
icsa-17-059-01,Siemens,RUGGEDCOM NMS,vendor-firmware,1,2,0,2,
icsa-17-061-01,Eaton,xComfort Ethernet Communication Interface,vendor-firmware,1,1,0,1,
icsa-17-061-02,Schneider Electric,Conext ComBox,vendor-firmware,1,1,0,1,
icsa-17-061-03,Siemens,SINUMERIK Integrate and SINUMERIK Operate,vendor-firmware,1,1,0,1,
icsa-17-066-01,Schneider Electric,Wonderware Intelligence,vendor-firmware,1,1,0,1,
icsa-17-068-01,Schneider Electric,ClearSCADA,vendor-firmware,1,1,0,1,
icsa-17-073-01,FATEK Automation,PLC Ethernet Module,vendor-firmware,1,1,0,1,
icsa-17-075-01,LCDS,Leão Consultoria e Desenvolvimento de Sistemas Ltda ME LAqui,vendor-firmware,1,1,0,1,
icsa-17-082-01,LCDS,Leão Consultoria e Desenvolvimento de Sistemas Ltda ME LAqui,vendor-firmware,1,1,0,1,
icsa-17-087-01,Siemens,RUGGEDCOM ROX I,vendor-firmware,1,5,0,5,
icsa-17-087-02,3S-Smart Software Solutions GmbH,CODESYS Web Server,vendor-firmware,1,2,2,0,codesys_rt
icsa-17-089-01,Schneider Electric,Wonderware InTouch Access Anywhere,vendor-firmware,1,3,0,3,
icsa-17-089-02,Schneider Electric,Modicon PLCs,vendor-firmware,1,3,0,3,
icsa-17-094-01,Schneider Electric,Interactive Graphical SCADA System Software,vendor-firmware,1,1,0,1,
icsa-17-094-02b,Marel,Food Processing Systems (Update B),vendor-firmware,1,3,0,3,
icsa-17-094-03,Rockwell Automation,Allen-Bradley Stratix and Allen-Bradley ArmorStratix,vendor-firmware,1,1,0,1,
icsa-17-094-04,Rockwell Automation,Stratix 5900,vendor-firmware,1,62,62,0,openssl
icsa-17-094-05,Rockwell Automation,ControlLogix 5580 and CompactLogix 5380,vendor-firmware,1,1,0,1,
icsa-17-096-01a,Certec EDV GmbH,atvise scada (Update A),vendor-firmware,1,2,0,2,
icsa-17-101-01,Schneider Electric,Modicon Modbus Protocol,vendor-firmware,1,2,0,2,
icsa-17-103-01,Wecon Technologies,LEVI Studio HMI Editor,vendor-firmware,1,2,0,2,
icsa-17-103-02a,Schneider Electric,Modicon M221 PLCs and SoMachine Basic (Update A),vendor-firmware,1,2,0,2,
icsa-17-115-01,BLF-Tech LLC,VisualView HMI,vendor-firmware,1,1,0,1,
icsa-17-115-02,Sierra Wireless,AirLink Raven XE and XT,vendor-firmware,1,3,0,3,
icsa-17-115-03,Hyundai Motor America,Blue Link,vendor-firmware,1,2,0,2,
icsa-17-115-04,Rockwell Automation,Allen-Bradley MicroLogix 1100 and 1400,vendor-firmware,1,5,0,5,
icsa-17-117-01b,GE,"Multilin SR, UR, and URplus Protective Relays (Update B)",vendor-firmware,1,1,0,1,
icsa-17-122-01,Schneider Electric,Wonderware Historian Client,vendor-firmware,1,1,0,1,
icsa-17-122-02,CyberVision,Kaa IoT Platform,vendor-firmware,1,1,0,1,
icsa-17-122-03,Advantech,B+B SmartWorx MESR901,vendor-firmware,1,1,0,1,
icsa-17-124-01,Hikvision,Cameras,vendor-firmware,1,2,0,2,
icsa-17-124-02,"Dahua Technology Co., Ltd",Digital Video Recorders and IP Cameras,vendor-firmware,1,2,0,2,
icsa-17-124-03,Advantech,WebAccess,vendor-firmware,1,1,0,1,
icsa-17-129-01,Siemens,devices using the PROFINET Discovery and Configuration Proto,vendor-firmware,1,1,0,1,
icsa-17-129-02,Siemens,PROFINET DCP (Update V),vendor-firmware,1,2,0,2,
icsa-17-129-03,Siemens,SIMATIC WinCC and SIMATIC WinCC Runtime Professional,vendor-firmware,1,1,0,1,
icsa-17-131-01,Phoenix Contact,mGuard,vendor-firmware,1,2,0,2,
icsa-17-131-02,Satel Iberia,SenNet Data Logger and Electricity Meters,vendor-firmware,1,1,0,1,
icsa-17-136-01,Detcon,SiteWatch Gateway,vendor-firmware,1,2,0,2,
icsa-17-136-02,Schneider Electric,SoMachine HVAC,vendor-firmware,1,2,0,2,
icsa-17-136-03,Hanwha Techwin,SRN-4000,vendor-firmware,1,1,0,1,
icsa-17-136-04,Schneider Electric,VAMPSET,vendor-firmware,1,1,0,1,
icsa-17-138-01,Miele Professional,PG 85 Series,vendor-firmware,1,1,0,1,
icsa-17-138-02,Schneider Electric,Wonderware InduSoft Web Studio,vendor-firmware,1,1,0,1,
icsa-17-138-03,Rockwell Automation,MicroLogix 1100 Controllers,vendor-firmware,1,1,0,1,
icsa-17-143-01,Moxa,OnCell,vendor-firmware,1,3,0,3,
icsa-17-150-01,Automated,"Logic Corporation ALC WebCTRL, Liebert SiteScan, Carrier i-V",vendor-firmware,1,1,0,1,
icsa-17-152-01,Phoenix Contact,PowerAgent SC3 Site Controller,vendor-firmware,1,1,0,1,
icsa-17-152-02,NXP,i.MX Product Family,vendor-firmware,1,2,0,2,
icsa-17-157-01,Rockwell Automation,PanelView Plus 6 700-1500,vendor-firmware,1,1,0,1,
icsa-17-157-02,Digital Canal Structural,Wind Analysis,vendor-firmware,1,1,0,1,
icsa-17-164-01,Trihedral Engineering Limited,VTScada,vendor-firmware,1,3,0,3,
icsa-17-164-02,OSIsoft,PI Server 2017,vendor-firmware,1,2,0,2,
icsa-17-164-03,OSIsoft,PI Web API 2017,vendor-firmware,1,1,0,1,
icsa-17-166-01,Cambium Networks,ePMP,vendor-firmware,1,2,2,0,net_snmp
icsa-17-171-01,Ecava,IntegraXor,vendor-firmware,1,1,0,1,
icsa-17-173-01,Siemens,SIMATIC CP 44x-1 Redundant Network Access Modules,vendor-firmware,1,1,0,1,
icsa-17-173-02,Siemens,XHQ,vendor-firmware,1,1,0,1,
icsa-17-178-01,Newport,"XPS-Cx, XPS-Qx",vendor-firmware,1,1,0,1,
icsa-17-180-01a,Siemens,"SIMATIC Industrial PCs, SINUMERIK Panel Control Unit, and SI",vendor-firmware,1,1,0,1,
icsa-17-180-02,Schneider Electric,U.motion Builder (Update A),vendor-firmware,1,22,22,0,sqlite
icsa-17-180-03,Siemens,Viewport for Web Office Portal,vendor-firmware,1,1,0,1,
icsa-17-187-01,Siemens,OZW672 and OZW772,vendor-firmware,1,2,0,2,
icsa-17-187-02,Siemens,Reyrolle,vendor-firmware,1,5,0,5,
icsa-17-187-03f,Siemens,SIPROTEC 4 and SIPROTEC Compact (Update F),vendor-firmware,1,6,0,6,
icsa-17-187-04,Schneider Electric,Wonderware ArchestrA Logger,vendor-firmware,1,3,0,3,
icsa-17-187-05,Schneider Electric,Ampla MES,vendor-firmware,1,2,0,2,
icsa-17-192-01,Siemens,SIMATIC Logon,vendor-firmware,1,1,0,1,
icsa-17-192-02,Fuji Electric,V-Server,vendor-firmware,1,1,0,1,
icsa-17-192-03,ABB,VSN300 WiFi Logger Card,vendor-firmware,1,2,0,2,
icsa-17-192-04,OSIsoft,PI Coresight,vendor-firmware,1,1,0,1,
icsa-17-192-05,OSIsoft,PI ProcessBook and PI ActiveView,vendor-firmware,1,0,0,0,
icsa-17-192-06,Schweitzer,"Engineering Laboratories, Inc. SEL-3620 and SEL-3622",vendor-firmware,1,1,0,1,
icsa-17-194-01,Siemens,SiPass integrated,vendor-firmware,1,4,0,4,
icsa-17-194-03,Siemens,SIMATIC Sm@rtClient Android App,vendor-firmware,1,2,0,2,
icsa-17-201-01,Schneider Electric,PowerSCADA Anywhere and Citect Anywhere,vendor-firmware,1,4,0,4,
icsa-17-208-01,Continental AG,Infineon S-Gold 2 (PMB 8876),vendor-firmware,1,2,0,2,
icsa-17-208-02,Mirion Technologies,Telemetry Enabled Devices,vendor-firmware,1,2,0,2,
icsa-17-208-03,"PDQ Manufacturing, Inc","LaserWash, Laser Jet and ProTouch",vendor-firmware,1,2,0,2,
icsa-17-208-04,Rockwell Automation,Allen-Bradley Stratix and ArmorStratix,vendor-firmware,1,9,9,0,net_snmp
icsa-17-213-01,Mitsubishi Electric,E-Designer,vendor-firmware,1,3,0,3,
icsa-17-213-02,Schneider Electric,Trio TView,vendor-firmware,1,0,0,0,openjdk
icsa-17-215-01,Schneider Electric,Pro-face GP-Pro EX,vendor-firmware,1,1,0,1,
icsa-17-220-01,OSIsoft,PI Integrator,vendor-firmware,1,2,0,2,
icsa-17-220-02,Moxa,SoftNVR-IA Live Viewer,vendor-firmware,1,1,0,1,
icsa-17-222-01,SIMPlight,SCADA Software,vendor-firmware,1,1,0,1,
icsa-17-222-02,Solar Controls,Heating Control Downloader (HCDownloader),vendor-firmware,1,1,0,1,
icsa-17-222-03,Solar Controls,WATTConfig M Software,vendor-firmware,1,1,0,1,
icsa-17-222-04,Fuji Electric,Monitouch V-SFT,vendor-firmware,1,3,0,3,
icsa-17-222-05,ABB,SREA-01 and SREA-50,vendor-firmware,1,1,0,1,
icsa-17-227-01,Advantech,WebOP,vendor-firmware,1,1,0,1,
icsa-17-234-01,Automated,"Logic Corporation WebCTRL, i-VU, SiteScan",vendor-firmware,1,3,0,3,
icsa-17-234-02,SpiderControl,SCADA MicroBrowser,vendor-firmware,1,1,0,1,
icsa-17-234-03,SpiderControl,SCADA Web Server,vendor-firmware,1,1,0,1,
icsa-17-234-04,General,Motors and Shanghai OnStar (SOS) iOS Client,vendor-firmware,1,3,0,3,
icsa-17-234-05,Saia Burgess Controls,PCD Controllers,vendor-firmware,1,1,0,1,
icsa-17-236-01,Westermo,"MRD-305-DIN, MRD-315, MRD-355, and MRD-455",vendor-firmware,1,3,0,3,
icsa-17-241-01,AzeoTech,DAQFactory,vendor-firmware,1,2,0,2,
icsa-17-241-02,Advantech,WebAccess,vendor-firmware,1,9,0,9,
icsa-17-243-01,Siemens,industrial products using the Discovery Service of the OPC U,vendor-firmware,1,1,0,1,
icsa-17-243-02,Siemens,LOGO! (Update A),vendor-firmware,1,2,0,2,
icsa-17-243-03,Siemens,7KM PAC Switched Ethernet,vendor-firmware,1,1,0,1,
icsa-17-243-04,OPW Fuel Management Systems,SiteSentinel Integra and SiteSentinel iSite,vendor-firmware,1,2,0,2,
icsa-17-243-05,Moxa,SoftCMS Live Viewer,vendor-firmware,1,1,0,1,
icsa-17-250-01,SpiderControl,SCADA Web Server,vendor-firmware,1,1,0,1,
icsa-17-250-02,Phoenix Contact,mGuard Firmware,vendor-firmware,1,1,0,1,
icsa-17-255-01,mySCADA,myPRO,vendor-firmware,1,1,0,1,
icsa-17-257-01,LOYTEC,LVIS-3ME,vendor-firmware,1,4,0,4,
icsa-17-262-01,Phoenix Contact,mGuard Device Manager,vendor-firmware,1,10,10,0,openjdk
icsa-17-264-01,Schneider Electric,"InduSoft Web Studio, InTouch Machine Edition",vendor-firmware,1,1,0,1,
icsa-17-264-02,"Ctek, Inc",SkyRouter,vendor-firmware,1,1,0,1,
icsa-17-264-03,Digium,Asterisk GUI,vendor-firmware,1,1,0,1,
icsa-17-264-04,iniNet Solutions GmbH,SCADA Webserver,vendor-firmware,1,1,0,1,
icsa-17-271-01b,Siemens,"Ruggedcom ROS, SCALANCE (Update B)",vendor-firmware,1,1,0,1,
icsa-17-278-01a,GE,CIMPLICITY (Update A),vendor-firmware,1,1,0,1,
icsa-17-278-02,Siemens,7KT PAC1200 Data Manager,vendor-firmware,1,1,0,1,
icsa-17-283-01,LAVA Computer MFG Inc,Ether-Serial Link,vendor-firmware,1,1,0,1,
icsa-17-283-02,JanTek,JTC-200,linux,1,2,0,2,"busybox,linux_kernel"
icsa-17-285-01,ProMinent,MultiFLEX M10a Controller,vendor-firmware,1,5,0,5,
icsa-17-285-02,WECON,"Technology Co., Ltd. LeviStudio HMI Editor",vendor-firmware,1,1,0,1,
icsa-17-285-03,Envitech Ltd,EnviDAS Ultimate,vendor-firmware,1,1,0,1,
icsa-17-285-04a,NXP Semiconductors,MQX RTOS (Update A),vendor-firmware,1,2,0,2,
icsa-17-285-05,Siemens,BACnet Field Panels (Update A),vendor-firmware,1,2,0,2,
icsa-17-290-01,Progea,Movicon SCADA/HMI,vendor-firmware,1,2,0,2,
icsa-17-292-01,SpiderControl,MicroBrowser,vendor-firmware,1,1,0,1,
icsa-17-299-01,Korenix,JetNet,vendor-firmware,1,2,0,2,
icsa-17-299-02,Rockwell Automation,Stratix 5100 (Update A),vendor-firmware,1,1,0,1,
icsa-17-304-01,ABB,FOX515T,vendor-firmware,1,1,0,1,
icsa-17-304-02,Trihedral Engineering Limited,VTScada,vendor-firmware,1,2,0,2,
icsa-17-306-01,Siemens,SIMATIC PCS 7 (Update A),vendor-firmware,1,1,0,1,
icsa-17-306-02,Advantech,WebAccess,vendor-firmware,1,2,0,2,
icsa-17-313-01,AutomationDirect --------- Begin Update B Part 1 of 3 --------,"AutomationDirect CLICK, C-More, C-More Micro, Do-more Design",vendor-firmware,1,1,0,1,
icsa-17-313-02,Schneider Electric,InduSoft Web Studio and InTouch Machine Edition,vendor-firmware,1,1,0,1,
icsa-17-318-01,Siemens,"SCALANCE, SIMATIC, RUGGEDCOM, and SINAMICS Products (Update ",vendor-firmware,1,10,2,8,
icsa-17-318-02a,ABB,TropOS (Update A),vendor-firmware,1,10,2,8,
icsa-17-320-01,Moxa,"NPort 5110, 5130, and 5150",vendor-firmware,1,3,0,3,
icsa-17-320-02,Siemens,SICAM,vendor-firmware,1,3,0,3,
icsa-17-325-01,Phoenix Contact,WLAN Capable Devices using the WPA2 Protocol,vendor-firmware,1,3,2,1,
icsa-17-332-01,Siemens,"SCALANCE W1750D, M800, S615, and RUGGEDCOM RM1224 (Update C)",vendor-firmware,1,4,4,0,dnsmasq
icsa-17-334-01,Siemens,SWT3000,vendor-firmware,1,5,0,5,
icsa-17-334-02,GEOVAP,Reliance SCADA,vendor-firmware,1,1,0,1,
icsa-17-339-01,Siemens,Industrial Products (Update S),vendor-firmware,1,1,1,0,net_snmp
icsa-17-341-01,Xiongmai Technology,IP Cameras and DVRs,vendor-firmware,1,1,0,1,
icsa-17-341-02,Rockwell Automation,FactoryTalk Alarms and Events,vendor-firmware,1,1,0,1,
icsa-17-341-03,Phoenix Contact,"FL COMSERVER, FL COM SERVER, and PSI-MODEM/ETH",vendor-firmware,1,1,0,1,
icsa-17-353-01,ABB,Ellipse,vendor-firmware,1,1,0,1,
icsa-17-353-02,PEPPERL+FUCHS/ecom,instruments WLAN Capable Devices using the WPA2 Protocol,vendor-firmware,1,9,2,7,
icsa-17-353-03,Ecava,IntegraXor,vendor-firmware,1,2,0,2,
icsa-17-353-04,Siemens,LOGO! Soft Comfort,vendor-firmware,1,1,0,1,
icsa-17-353-05,WECON,"Technology Co., Ltd. LeviStudio HMI Editor",vendor-firmware,1,1,0,1,
icsa-17-355-01,Moxa,NPort W2150A and W2250A,vendor-firmware,1,1,0,1,
icsa-17-355-02,Schneider Electric,Pelco VideoXpert Enterprise,vendor-firmware,1,3,0,3,
icsa-18-004-01,Delta Electronics,Electronics Delta Industrial Automation Screen Editor,vendor-firmware,1,4,0,4,
icsa-18-004-02a,Advantech,WebAccess (Update A),vendor-firmware,1,7,0,7,
icsa-18-009-01,Rockwell Automation,Allen-Bradley MicroLogix 1400 Controllers,vendor-firmware,1,1,0,1,
icsa-18-011-01,WECON,"Technology Co., Ltd. LeviStudio HMI Editor",vendor-firmware,1,2,0,2,
icsa-18-011-02,Moxa,MXview,vendor-firmware,1,1,0,1,
icsa-18-011-03,Phoenix Contact,FL SWITCH,vendor-firmware,1,2,0,2,
icsa-18-018-01a,Siemens,SIMATIC WinCC Add-On (Update A),vendor-firmware,1,8,0,8,
icsa-18-023-01,Advantech,WebAccess/SCADA,vendor-firmware,1,2,0,2,
icsa-18-023-02,Siemens,Industrial Products (Update A),vendor-firmware,1,1,0,1,
icsa-18-025-01,Nari,PCS-9611 (Update A),vendor-firmware,1,1,0,1,
icsa-18-025-02b,Siemens,Desigo PXC (Update C),vendor-firmware,1,1,0,1,
icsa-18-030-01,Phoenix Contact,mGuard,vendor-firmware,1,1,0,1,
icsa-18-030-02,Siemens,TeleControl Server Basic,vendor-firmware,1,6,0,6,
icsa-18-032-01,Fuji Electric,V-Server VPR,vendor-firmware,1,1,0,1,
icsa-18-032-02,3S-Smart Software Solutions GmbH,CODESYS Web Server,vendor-firmware,1,1,1,0,codesys_rt
icsa-18-032-03,Gemalto,Sentinel License Manager,vendor-firmware,1,7,0,7,
icsa-18-044-01,WAGO,PFC200 Series,vendor-firmware,1,1,1,0,codesys_rt
icsa-18-044-02,Schneider Electric,IGSS SCADA Software,vendor-firmware,1,1,0,1,
icsa-18-046-01,Nortek,Linear eMerge E3 Series,vendor-firmware,1,1,0,1,
icsa-18-046-02,GE,D60 Line Distance Relay,vendor-firmware,1,2,0,2,
icsa-18-046-03,Schneider Electric,IGSS Mobile,vendor-firmware,1,2,0,2,
icsa-18-046-04,Schneider Electric,StruxureOn Gateway,vendor-firmware,1,1,0,1,
icsa-18-051-01,ABB,netCADOPS Web Application,vendor-firmware,1,1,0,1,
icsa-18-058-01a,Siemens,SIMATIC Industrial PCs (Update A),vendor-firmware,1,1,0,1,
icsa-18-058-02,Delta Electronics,WPLSoft,vendor-firmware,1,3,0,3,
icsa-18-058-03,Emerson,ControlWave Micro Process Automation Controller,vendor-firmware,1,1,0,1,
icsa-18-060-01,Siemens,"SIMATIC, SIMOTION, and SINUMERIK (Update A)",vendor-firmware,1,7,0,7,
icsa-18-060-02,Moxa,OnCell G3100-HSPA Series,vendor-firmware,1,3,0,3,
icsa-18-060-03,Delta Electronics,Delta Industrial Automation DOPSoft,vendor-firmware,1,1,0,1,
icsa-18-065-01,"Hirschmann Automation and Control GmbH, a division of Belden Inc",Hirschmann Automation and Control GmbH Classic Platform Swit,vendor-firmware,1,5,0,5,
icsa-18-065-02,Schneider Electric,SoMove Software and DTM Software Components,vendor-firmware,1,1,0,1,
icsa-18-065-03,Eaton,ELCSoft,vendor-firmware,1,1,0,1,
icsa-18-067-01,Siemens,"SIPROTEC 4, SIPROTEC Compact, DIGSI 4, and EN100 Ethernet Mo",vendor-firmware,1,2,0,2,
icsa-18-067-02,Siemens,"SIPROTEC 4, SIPROTEC Compact, and Reyrolle Devices using the",vendor-firmware,1,1,0,1,
icsa-18-072-01,OMRON,CX-Supervisor (Update A),vendor-firmware,1,7,0,7,
icsa-18-072-02,OSIsoft,PI Data Archive,vendor-firmware,1,3,0,3,
icsa-18-072-03,OSIsoft,PI Vision,vendor-firmware,1,2,0,2,
icsa-18-072-04,OSIsoft,PI Web API,vendor-firmware,1,2,0,2,
icsa-18-079-01,Geutebruck,IP Cameras,vendor-firmware,1,6,0,6,
icsa-18-079-02,Siemens,"SIMATIC, SINUMERIK, and PROFINET IO (Update D)",vendor-firmware,1,1,0,1,
icsa-18-081-01,Siemens,SIMATIC WinCC OA UI Mobile App,vendor-firmware,1,1,0,1,
icsa-18-081-02,Beckhoff,TwinCAT,linux,1,1,1,0,linux_kernel
icsa-18-086-01,Schneider Electric,"Modicon Premium, Modicon Quantum, Modicon M340, and Modicon ",vendor-firmware,1,3,0,3,
icsa-18-088-01,WAGO,750 Series,vendor-firmware,1,1,1,0,codesys_rt
icsa-18-088-02,Siemens,TIM 1531 IRC,vendor-firmware,1,1,0,1,
icsa-18-088-03,Siemens,"SIMATIC PCS 7, SIMATIC WinCC, SIMATIC WinCC Runtime Professi",vendor-firmware,1,1,0,1,
icsa-18-093-01,Siemens,Building Technologies Products (Update A),vendor-firmware,1,8,0,8,
icsa-18-095-01,Rockwell Automation,Automation MicroLogix,vendor-firmware,1,5,5,0,net_snmp
icsa-18-095-02,Moxa,MXview,vendor-firmware,1,1,0,1,
icsa-18-095-03,LCDS,Leão Consultoria e Desenvolvimento de Sistemas Ltda ME LAqui,vendor-firmware,1,1,0,1,
icsa-18-100-01,ATI,Systems Emergency Mass Notification Systems,vendor-firmware,1,2,0,2,
icsa-18-100-02,OMRON,CX-One,vendor-firmware,1,3,0,3,
icsa-18-102-01,Yokogawa,CENTUM and Exaopc,vendor-firmware,1,1,0,1,
icsa-18-102-02,Rockwell Automation,Automation FactoryTalk Activation Manager (Update B),vendor-firmware,1,2,0,2,
icsa-18-107-01,Schneider Electric,Electric InduSoft Web Studio and InTouch Machine Edition,vendor-firmware,1,1,0,1,
icsa-18-107-02,Schneider Electric,Electric Triconex Tricon (Update B),vendor-firmware,1,2,0,2,
icsa-18-107-03,Rockwell Automation,Automation Stratix Services Router,vendor-firmware,1,4,0,4,
icsa-18-107-04,Rockwell Automation,Automation Stratix and ArmorStratix Switches,vendor-firmware,1,8,0,8,
icsa-18-107-05,Rockwell Automation,Automation Stratix Industrial Managed Ethernet Switch,vendor-firmware,1,8,0,8,
icsa-18-109-01,Siemens,SIMATIC WinCC OA Operator IOS App (Update A),vendor-firmware,1,1,0,1,
icsa-18-114-01,Vecna,VGo Robot (Update A),vendor-firmware,1,5,0,5,
icsa-18-114-02,Intel,2G Modem,vendor-firmware,1,1,0,1,
icsa-18-114-03,Advantech,WebAccess HMI Designer,vendor-firmware,1,3,0,3,
icsa-18-116-01,Delta Electronics,Electronics PMSoft,vendor-firmware,1,1,0,1,
icsa-18-116-02,WECON,"Technology Co., Ltd. LeviStudio HMI Editor and PI Studio HMI",vendor-firmware,1,1,0,1,
icsa-18-123-01,Lantech,IDS 2102,vendor-firmware,1,2,0,2,
icsa-18-128-01,Siemens,Medium Voltage SINAMICS Products (Update A),vendor-firmware,1,2,0,2,
icsa-18-128-02,Siemens,Siveillance VMS (Update A),vendor-firmware,1,1,1,0,dotnet
icsa-18-128-03,Siemens,Siveillance VMS Video Mobile App,vendor-firmware,1,1,0,1,
icsa-18-130-01,MatrikonOPC,Explorer,vendor-firmware,1,1,0,1,
icsa-18-130-02,Rockwell Automation,Automation Arena,vendor-firmware,1,1,0,1,
icsa-18-135-01,Advantech,WebAccess,vendor-firmware,1,11,0,11,
icsa-18-137-01,GE,"PACSystems CPE305/310, CPE330, CPE400, RSTi-EP CPE 100, CPU3",vendor-firmware,1,1,0,1,
icsa-18-137-02,Phoenix Contact,CONTACT FL SWITCH 3xxx/4xxx/48xx Series,vendor-firmware,1,7,0,7,
icsa-18-137-03,Siemens,SIMATIC S7-400 CPU (Update A),vendor-firmware,1,1,0,1,
icsa-18-137-04,Delta Electronics,Electronics Delta Industrial Automation TPEditor (Update A),vendor-firmware,1,1,0,1,
icsa-18-142-01,Martem,TELEM-GW6/GWM (Update B),vendor-firmware,1,4,0,4,
icsa-18-144-01,Schneider Electric,Electric Floating License Manager,vendor-firmware,1,3,3,0,openssl
icsa-18-151-01,Delta Electronics,Delta Industrial Automation DOPSoft,vendor-firmware,1,3,0,3,
icsa-18-151-02,GE,MDS PulseNET and MDS PulseNET Enterprise,vendor-firmware,1,3,3,0,openjdk
icsa-18-151-03,Yokogawa,STARDOM Controllers (Update A),vendor-firmware,1,5,0,5,
icsa-18-156-01,ABB,IP Gateway,vendor-firmware,1,3,0,3,
icsa-18-158-01,Rockwell Automation,RSLinx Classic and FactoryTalk Linx Gateway,vendor-firmware,1,1,0,1,
icsa-18-163-01,Schneider Electric,U.motion Builder,vendor-firmware,1,4,0,4,
icsa-18-163-02,Siemens,SCALANCE X Switches (Update B),vendor-firmware,1,2,0,2,
icsa-18-165-01,Siemens,"SCALANCE X Switches, RUGGEDCOM WiMAX, RFID 181-EIP, and SIMA",vendor-firmware,1,1,0,1,
icsa-18-172-01,Delta Electronics,Delta Industrial Automation COMMGR,vendor-firmware,1,1,0,1,
icsa-18-172-02,Rockwell Automation,Allen-Bradley CompactLogix and Compact GuardLogix (Update A),vendor-firmware,1,1,0,1,
icsa-18-184-01,Rockwell Automation,Allen-Bradley Stratix 5950,vendor-firmware,1,5,0,5,
icsa-18-191-01,Universal Robots,Robot Controllers,vendor-firmware,1,2,0,2,
icsa-18-191-02,Schweitzer,"Engineering Laboratories, Inc. Compass and AcSELerator Archi",vendor-firmware,1,3,0,3,
icsa-18-191-03,Tridium,Niagara,vendor-firmware,1,2,0,2,
icsa-18-193-01,Eaton,9000X Drive,vendor-firmware,1,1,0,1,
icsa-18-198-01,ABB,Panel Builder 800,vendor-firmware,1,1,0,1,
icsa-18-198-02,WAGO,e!DISPLAY Web-Based-Management,vendor-firmware,1,3,0,3,
icsa-18-198-03,PEPPERL+FUCHS,"VisuNet RM, VisuNet PC, and Box Thin Client",vendor-firmware,1,2,0,2,
icsa-18-200-01,AVEVA,InduSoft Web Studio and InTouch Machine Edition,vendor-firmware,1,1,0,1,
icsa-18-200-02,AVEVA,InTouch,vendor-firmware,1,1,0,1,
icsa-18-200-03,Echelon,"SmartServer 1, SmartServer 2, SmartServer 3, i.LON 100, i.LO",vendor-firmware,1,4,0,4,
icsa-18-200-04,Moxa,NPort 5210 5230 5232,vendor-firmware,1,1,0,1,
icsa-18-212-01,Davolink,DVW-3200N,vendor-firmware,1,1,0,1,
icsa-18-212-02,Johnson,Controls Metasys and BCPro,vendor-firmware,1,1,0,1,
icsa-18-212-03,"WECON Technology Co., Ltd",WECON LeviStudioU (Update A),vendor-firmware,1,4,0,4,
icsa-18-212-04,AVEVA,InTouch Access Anywhere,vendor-firmware,1,1,0,1,
icsa-18-212-05,AVEVA,Wonderware License Server,vendor-firmware,1,1,0,1,
icsa-18-219-01,Delta Electronics,CNCSoft and ScreenEditor,vendor-firmware,1,2,0,2,
icsa-18-221-01,Crestron,TSW-X60 and MC3,vendor-firmware,1,4,4,0,jackson
icsa-18-221-02,NetComm Wireless,4G LTE Light Industrial M2M Router,vendor-firmware,1,4,0,4,
icsa-18-226-01,Siemens,SIMATIC STEP 7 and SIMATIC WinCC (Update A),vendor-firmware,1,2,0,2,
icsa-18-226-02,Siemens,OpenSSL Vulnerability in Industrial Products (Update E),vendor-firmware,1,1,1,0,openssl
icsa-18-226-03,Siemens,Automation License Manager,vendor-firmware,1,2,0,2,
icsa-18-228-01,Emerson,DeltaV DCS Workstations,vendor-firmware,1,4,0,4,
icsa-18-233-01,Yokogawa,"iDefine, STARDOM, ASTPLANNER, and TriFellows",vendor-firmware,1,1,0,1,
icsa-18-240-01,Schneider Electric,Modicon M221,vendor-firmware,1,3,0,3,
icsa-18-240-02,Schneider Electric,Modicon M221,vendor-firmware,1,1,0,1,
icsa-18-240-03,Schneider Electric,PowerLogic PM5560,vendor-firmware,1,1,1,0,openjdk
icsa-18-240-04,ABB,eSOMS (Update A),vendor-firmware,1,1,0,1,
icsa-18-242-01,Philips,e-Alert Unit,vendor-firmware,1,9,0,9,
icsa-18-247-01,Opto 22,PAC Control Basic and PAC Control Professional,vendor-firmware,1,1,0,1,
icsa-18-249-01,Ice Qube,Thermal Management Center,vendor-firmware,1,2,0,2,
icsa-18-254-01,Fuji Electric,V-Server,vendor-firmware,1,7,0,7,
icsa-18-254-02,Fuji Electric,V-Server Lite,vendor-firmware,1,1,0,1,
icsa-18-254-03,Siemens,TD Keypad Designer,vendor-firmware,1,1,0,1,
icsa-18-254-04,Siemens,SIMATIC WinCC OA,vendor-firmware,1,1,0,1,
icsa-18-254-05,Siemens,SCALANCE X Switches,vendor-firmware,1,1,0,1,
icsa-18-256-01,Honeywell,Mobile Computers with Android Operating Systems,vendor-firmware,1,1,0,1,
icsa-18-261-01,WECON,PLC Editor,vendor-firmware,1,1,0,1,
icsa-18-263-01,Tec4Data,SmartCooler,vendor-firmware,1,1,0,1,
icsa-18-263-02,Rockwell Automation,RSLinx Classic,vendor-firmware,1,3,0,3,
icsa-18-270-01,Emerson,AMS Device Manager,vendor-firmware,1,2,0,2,
icsa-18-270-02,Fuji Electric,Alpha5 Smart Loader (Update A),vendor-firmware,1,2,0,2,
icsa-18-270-03,Fuji,Electric FRENIC Devices (Update A),vendor-firmware,1,3,0,3,
icsa-18-270-04,Delta Electronics,Delta Industrial Automation PMSoft,vendor-firmware,1,1,0,1,
icsa-18-275-01,Delta Electronics,ISPSoft,vendor-firmware,1,1,0,1,
icsa-18-275-02,GE,Communicator,vendor-firmware,1,1,0,1,
icsa-18-275-03,Entes,EMG 12,vendor-firmware,1,2,0,2,
icsa-18-277-01,WECON,PI Studio (Update A),vendor-firmware,1,4,0,4,
icsa-18-282-01,GE,iFix,vendor-firmware,1,1,0,1,
icsa-18-282-02,Siemens,SCALANCE W1750D,vendor-firmware,1,1,0,1,
icsa-18-282-03,Siemens,ROX II,vendor-firmware,1,2,0,2,
icsa-18-282-04,Siemens,SIMATIC S7-1200 CPU Family Version 4,vendor-firmware,1,1,0,1,
icsa-18-282-05,Siemens,"SIMATIC S7-1500, SIMATIC S7-1500 Software Controller and SIM",vendor-firmware,1,1,0,1,
icsa-18-282-06,"Hangzhou Xiongmai Technology Co., Ltd",XMeye P2P Cloud Server,vendor-firmware,1,3,0,3,
icsa-18-282-07,Fuji Electric,Energy Savings Estimator,vendor-firmware,1,1,0,1,
icsa-18-284-01,NUUO,NVRmini2 and NVRsolo,vendor-firmware,1,2,0,2,
icsa-18-284-02,NUUO,CMS (Update A),vendor-firmware,1,7,0,7,
icsa-18-284-03,Delta Electronics,Delta Industrial Automation TPEditor,vendor-firmware,1,2,0,2,
icsa-18-289-01,LCDS,Leão Consultoria e Desenvolvimento de Sistemas Ltda ME LAqui,vendor-firmware,1,6,0,6,
icsa-18-290-01,OMRON,CX-Supervisor (Update A),vendor-firmware,1,4,0,4,
icsa-18-296-01,Advantech,WebAccess,vendor-firmware,1,4,0,4,
icsa-18-296-02,GAIN Electronic Co. Ltd,SAGA1-L Series,vendor-firmware,1,3,0,3,
icsa-18-296-03,Telecrane,F25 Series,vendor-firmware,1,1,0,1,
icsa-18-298-01,GEOVAP,Reliance 4 SCADA/HMI,vendor-firmware,1,1,0,1,
icsa-18-298-02,Advantech,WebAccess,vendor-firmware,1,2,0,2,
icsa-18-303-01,PEPPERL+FUCHS,CT50-Ex,vendor-firmware,1,1,0,1,
icsa-18-305-01,AVEVA,InduSoft Web Studio and InTouch Edge HMI (formerly InTouch M,vendor-firmware,1,2,0,2,
icsa-18-305-02,Schneider Electric,Software Update (SESU) (Update A),vendor-firmware,1,1,0,1,
icsa-18-305-03,Circontrol,CirCarLife,vendor-firmware,1,2,0,2,
icsa-18-305-04,Fr. Sauter AG,CASE Suite,vendor-firmware,1,1,0,1,
icsa-18-310-01,gpsd Open Source Project,gpsd Open Source Project,vendor-firmware,1,1,0,1,
icsa-18-310-02,Rockwell Automation,MicroLogix 1400 Controllers and 1756 ControlLogix Communicat,vendor-firmware,1,1,0,1,
icsa-18-317-01,Siemens,"IEC 61850 System Configurator, DIGSI 5, DIGSI 4, SICAM PAS/P",vendor-firmware,1,1,0,1,
icsa-18-317-02,Siemens,S7-400 CPUs (Update B),vendor-firmware,1,2,0,2,
icsa-18-317-03,Siemens,SIMATIC Panels and SIMATIC WinCC (TIA Portal),vendor-firmware,1,1,0,1,
icsa-18-317-04,Siemens,SCALANCE S,vendor-firmware,1,1,0,1,
icsa-18-317-05,Siemens,SIMATIC S7 (Update A),vendor-firmware,1,1,0,1,
icsa-18-317-06,Siemens,SIMATIC STEP 7 (TIA Portal),vendor-firmware,1,1,0,1,
icsa-18-317-07,Siemens,SIMATIC IT Production Suite,vendor-firmware,1,1,0,1,
icsa-18-317-08,Siemens,SIMATIC Panels,vendor-firmware,1,2,0,2,
icsa-18-324-01,Teledyne DALSA,Sherlock,vendor-firmware,1,1,0,1,
icsa-18-324-02,Schneider Electric,Modicon M221,vendor-firmware,1,1,0,1,
icsa-18-331-01,AVEVA,Vijeo Citect and Citect SCADA,vendor-firmware,1,1,0,1,
icsa-18-331-02,Rockwell Automation,FactoryTalk Services Platform,vendor-firmware,1,1,0,1,
icsa-18-333-01,INVT Electric,VT-Designer,vendor-firmware,1,2,0,2,
icsa-18-333-02,Tridium,"Niagara Enterprise Security, Niagara AX, and Niagara 4",vendor-firmware,1,1,0,1,
icsa-18-338-01,OMRON,CX-One,vendor-firmware,1,2,0,2,
icsa-18-338-02,SpiderControl,SCADA WebServer,vendor-firmware,1,1,0,1,
icsa-18-340-01,GE,Proficy GDS,vendor-firmware,1,1,0,1,
icsa-18-345-01,McAfee,SINAMICS PERFECT HARMONY GH180,vendor-firmware,1,1,0,1,
icsa-18-345-02,Siemens,SINUMERIK Controllers (Update A),linux,1,10,10,0,linux_kernel
icsa-18-347-01,Schneider Electric,Electric GUIcon Eurotherm,vendor-firmware,1,3,0,3,
icsa-18-347-02,Siemens,EN100 Ethernet Communication Module and SIPROTEC 5 Relays (U,vendor-firmware,1,2,0,2,
icsa-18-347-03,Geutebrück,GmbH E2 Series IP Cameras,vendor-firmware,1,1,0,1,
icsa-18-347-04,GE,"Mark VIe, EX2100e, EX2100e_Reg, and LS2100e",vendor-firmware,1,1,0,1,
icsa-18-352-01,ABB,GATE-E2,vendor-firmware,1,2,0,2,
icsa-18-352-02,Advantech,WebAccess/SCADA,vendor-firmware,1,1,0,1,
icsa-18-352-03,3S-Smart,Software Solutions GmbH CODESYS Control V3 Products,vendor-firmware,1,1,1,0,codesys_rt
icsa-18-352-04,3S-Smart,Software Solutions GmbH CODESYS V3 Products,vendor-firmware,1,2,2,0,codesys_rt
icsa-18-352-05,Siemens,TIM 1531 IRC Modules,vendor-firmware,1,1,0,1,
icsa-18-352-06,ABB,CMS-770,vendor-firmware,1,1,0,1,
icsa-18-352-07,ABB,M2M ETHERNET,vendor-firmware,1,1,0,1,
icsa-18-354-01,Horner Automation,Cscape,vendor-firmware,1,1,0,1,
icsa-18-354-02,Schneider Electric,EcoStruxure,vendor-firmware,1,1,0,1,
icsa-19-003-01,Schneider Electric,Pro-face GP-Pro EX,vendor-firmware,1,1,0,1,
icsa-19-003-02,Yokogawa,Vnet/IP Open Communication Driver,vendor-firmware,1,1,0,1,
icsa-19-003-03,Hetronic,Nova-M,vendor-firmware,1,1,0,1,
icsa-19-008-01,Schneider Electric,Zelio Soft 2,vendor-firmware,1,1,0,1,
icsa-19-008-02,Schneider Electric,IIoT Monitor (Update A),vendor-firmware,1,4,0,4,
icsa-19-010-01,Emerson,DeltaV,vendor-firmware,1,1,0,1,
icsa-19-010-02,OMRON,CX-One CX-Protocol,vendor-firmware,1,1,0,1,
icsa-19-010-03,Pilz,PNOZmulti Configurator,vendor-firmware,1,1,0,1,
icsa-19-015-01,LCDS,Leão Consultoria e Desenvolvimento de Sistemas Ltda ME LAqui,vendor-firmware,1,11,0,11,
icsa-19-017-01,OMRON,CX-Supervisor (Update A),vendor-firmware,1,7,0,7,
icsa-19-017-02,ABB,CP400 Panel Builder TextEditor 2.0,vendor-firmware,1,1,0,1,
icsa-19-017-03,ControlByWeb,X-320M,vendor-firmware,1,2,0,2,
icsa-19-022-01,Johnson Controls,Facility Explorer,vendor-firmware,1,2,0,2,
icsa-19-024-01,Advantech,WebAccess/SCADA,vendor-firmware,1,3,0,3,
icsa-19-024-02,Phoenix Contact,FL SWITCH,vendor-firmware,1,6,0,6,
icsa-19-029-01,Yokogawa,License Manager Service,vendor-firmware,1,1,0,1,
icsa-19-029-02,Mitsubishi Electric,Electric MELSEC-Q Series PLCs (Update B),vendor-firmware,1,1,0,1,
icsa-19-029-03,AVEVA,Wonderware System Platform,vendor-firmware,1,1,0,1,
icsa-19-031-01,Schneider Electric,EVLink Parking,vendor-firmware,1,3,0,3,
icsa-19-031-02,IDenticard,PremiSys (Update A),vendor-firmware,1,3,0,3,
icsa-19-036-01,AVEVA,InduSoft Web Studio and InTouch Edge HMI,vendor-firmware,1,2,0,2,
icsa-19-036-02,Rockwell Automation,EtherNet/IP Web Server Modules,vendor-firmware,1,1,1,0,net_snmp
icsa-19-036-03,WECON,LeviStudioU (Update A),vendor-firmware,1,3,0,3,
icsa-19-036-04,Siemens,SIMATIC S7-1500 CPU,vendor-firmware,1,2,0,2,
icsa-19-036-05,Kunbus,PR100088 Modbus Gateway (Update B),vendor-firmware,1,5,0,5,
icsa-19-038-01,Siemens,SICAM A8000 RTU Series,vendor-firmware,1,1,0,1,
icsa-19-038-02,Siemens,EN100 Ethernet Module,vendor-firmware,1,2,0,2,
icsa-19-043-01,OSIsoft,PI Vision,vendor-firmware,1,1,0,1,
icsa-19-043-02,Siemens,EN100 Ethernet Communication Module and SIPROTEC 5 Relays,vendor-firmware,1,1,0,1,
icsa-19-043-03,WIBU-SYSTEMS AG,WIBU SYSTEMS AG WibuKey Digital Rights Management (Update D),linux,1,3,3,0,linux_kernel
icsa-19-043-04,Siemens,SIMATIC S7-300 CPU,vendor-firmware,1,1,0,1,
icsa-19-043-05,Siemens,Intel Active Management Technology of SIMATIC IPCs,vendor-firmware,1,3,0,3,
icsa-19-043-06,Siemens,CP1604 and CP1616 (Update A),vendor-firmware,1,3,0,3,
icsa-19-045-01,Pangea Communications,Internet FAX ATA,vendor-firmware,1,1,0,1,
icsa-19-050-01,Intel,Data Center Manager SDK,vendor-firmware,1,11,0,11,
icsa-19-050-02,Delta Electronics,Industrial Automation CNCSoft,vendor-firmware,1,1,0,1,
icsa-19-050-03,Horner Automation,Cscape,vendor-firmware,1,1,0,1,
icsa-19-050-04,Rockwell Automation,Allen-Bradley PowerMonitor 1000 (Update A),vendor-firmware,1,2,0,2,
icsa-19-057-01,Moxa,"IKS, EDS (Update A)",vendor-firmware,1,10,0,10,
icsa-19-059-01,PSI,GridConnect Telecontrol,vendor-firmware,1,1,0,1,
icsa-19-064-01,Rockwell Automation,RSLinx Classic,vendor-firmware,1,1,0,1,
icsa-19-073-01,LCDS,Leão Consultoria e Desenvolvimento de Sistemas Ltda ME LAqui,vendor-firmware,1,1,0,1,
icsa-19-073-02,Gemalto,Sentinel UltraPro,vendor-firmware,1,1,0,1,
icsa-19-073-03,PEPPERL+FUCHS,WirelessHART-Gateways,vendor-firmware,1,1,0,1,
icsa-19-078-01,AVEVA,InduSoft Web Studio and InTouch Edge HMI,vendor-firmware,1,1,0,1,
icsa-19-078-02,"Columbia Weather Systems, Inc",Columbia Weather Systems MicroServer,vendor-firmware,1,6,0,6,
icsa-19-085-01,Siemens,SCALANCE X (Update D),vendor-firmware,1,1,0,1,
icsa-19-085-02,Phoenix Contact,RAD-80211-XD,vendor-firmware,1,1,0,1,
icsa-19-085-03,ENTTEC,Lighting Controllers,vendor-firmware,1,1,0,1,
icsa-19-087-01,Rockwell Automation,PowerFlex 525 AC Drives,vendor-firmware,1,1,0,1,
icsa-19-092-01,Advantech,WebAccess/SCADA,vendor-firmware,1,3,0,3,
icsa-19-094-01,OMRON,CX-Programmer,vendor-firmware,1,1,0,1,
icsa-19-094-02,Rockwell Automation,Stratix 5400/5410/5700 and ArmorStratix 5700,vendor-firmware,1,1,0,1,
icsa-19-094-03,Rockwell Automation,Stratix 5400/5410/5700/8000/8300 and ArmorStratix 5700,vendor-firmware,1,5,0,5,
icsa-19-094-04,Rockwell Automation,Stratix 5950,vendor-firmware,1,1,0,1,
icsa-19-099-01,Siemens,SIMOCODE pro V EIP,vendor-firmware,1,1,0,1,
icsa-19-099-02,Siemens,Spectrum Power 4.7,vendor-firmware,1,1,0,1,
icsa-19-099-03,Siemens,Industrial Products with OPC UA (Update H),vendor-firmware,1,1,0,1,
icsa-19-099-04,Siemens,SINEMA Remote Connect (Update A),vendor-firmware,1,5,5,0,libcurl
icsa-19-099-05,Siemens,RUGGEDCOM ROX II,vendor-firmware,1,3,0,3,
icsa-19-099-06,Siemens,"SIMATIC, SIMOCODE, SINAMICS, SITOP, and TIM (Update I)",vendor-firmware,1,1,0,1,
icsa-19-106-01,Delta Electronics,Industrial Automation CNCSoft,vendor-firmware,1,3,0,3,
icsa-19-106-02,WAGO,Series 750-88x and 750-87x,vendor-firmware,1,1,0,1,
icsa-19-106-03,PLC,Cycle Time Influences (Update A),vendor-firmware,1,1,0,1,
icsa-19-113-01,Rockwell Automation,MicroLogix 1400 and CompactLogix 5370 Controllers,vendor-firmware,1,1,0,1,
icsa-19-120-01,Rockwell Automation,CompactLogix 5370 (Update A),vendor-firmware,1,2,0,2,
icsa-19-122-01,Orpak,SiteOmat,vendor-firmware,1,6,0,6,
icsa-19-122-02,GE,Communicator,vendor-firmware,1,5,0,5,
icsa-19-122-03,Sierra Wireless,AirLink ALEOS (Update B),vendor-firmware,1,7,0,7,
icsa-19-134-01,OMRON,Network Configurator for DeviceNet (Update A),vendor-firmware,1,1,0,1,
icsa-19-134-02,Siemens,SIMATIC WinCC and SIMATIC PCS 7,vendor-firmware,1,1,0,1,
icsa-19-134-03,Siemens,LOGO! Soft Comfort (Update A),vendor-firmware,1,1,0,1,
icsa-19-134-04,Siemens,LOGO! 8 BM (Update A),vendor-firmware,1,3,0,3,
icsa-19-134-05,Siemens,SINAMICS PERFECT HARMONY GH180 Drives NXG I and NXG II,vendor-firmware,1,1,0,1,
icsa-19-134-06,Siemens,SINAMICS PERFECT HARMONY GH180 Fieldbus Network,vendor-firmware,1,1,0,1,
icsa-19-134-07,Siemens,SCALANCE W1750D,vendor-firmware,1,5,0,5,
icsa-19-134-08,Siemens,"SIMATIC PCS7, WinCC, TIA Portal (Update D)",vendor-firmware,1,3,0,3,
icsa-19-134-09,Siemens,SIMATIC Panels and WinCC (TIA Portal),vendor-firmware,1,3,3,0,net_snmp
icsa-19-136-01,Schneider Electric,Modicon Controllers,vendor-firmware,1,1,0,1,
icsa-19-136-02,Fuji Electric,Alpha7 PC Loader,vendor-firmware,1,1,0,1,
icsa-19-141-01,Computrols,CBAS Web,vendor-firmware,1,9,0,9,
icsa-19-141-02,Mitsubishi Electric,MELSEC-Q Series Ethernet Module,vendor-firmware,1,1,0,1,
icsa-19-148-01,Emerson,Ovation OCR400 Controller,vendor-firmware,1,2,0,2,
icsa-19-150-01,AVEVA,Vijeo Citect and CitectSCADA,vendor-firmware,1,1,0,1,
icsa-19-155-01,Phoenix Contact,PLCNext AXC F 2152,linux,1,3,3,0,linux_kernel
icsa-19-155-02,Phoenix Contact,FL NAT SMx,vendor-firmware,1,1,1,0,net_snmp
icsa-19-155-03,Geutebrück,G-Cam and G-Code,vendor-firmware,1,3,0,3,
icsa-19-157-01,Optergy,Proton Enterprise Building Management System,vendor-firmware,1,8,8,0,openvpn
icsa-19-157-02,Panasonic,Control FPWIN Pro,vendor-firmware,1,2,0,2,
icsa-19-162-01,Siemens,Siveillance VMS,vendor-firmware,1,3,0,3,
icsa-19-162-02,Siemens,SIMATIC Ident MV440 Family (Update A),vendor-firmware,1,2,0,2,
icsa-19-162-03,Siemens,LOGO!8 Devices,vendor-firmware,1,2,0,2,
icsa-19-162-04,Siemens,SCALANCE X (Update B),vendor-firmware,1,1,0,1,
icsa-19-164-01,Johnson Controls,exacqVision Enterprise System Manager,vendor-firmware,1,1,0,1,
icsa-19-164-02,WAGO,"Industrial Managed Switches 852-303, 852-1305, and 852-1505",vendor-firmware,1,2,0,2,
icsa-19-171-01,Phoenix Contact,Automation Worx Software Suite,vendor-firmware,1,3,0,3,
icsa-19-178-01,ABB,PB610 Panel Builder 600,vendor-firmware,1,7,0,7,
icsa-19-178-02,ABB,CP651 HMI,vendor-firmware,1,1,0,1,
icsa-19-178-03,ABB,CP635 HMI,vendor-firmware,1,1,0,1,
icsa-19-178-04,SICK,MSC800,vendor-firmware,1,1,0,1,
icsa-19-178-05,Advantech,WebAccess/SCADA,vendor-firmware,1,6,0,6,
icsa-19-183-01,Schneider Electric,Modicon Controllers,vendor-firmware,1,1,0,1,
icsa-19-183-02,Quest,KACE Systems Management Appliance,vendor-firmware,1,1,0,1,
icsa-19-190-01,Emerson,DeltaV Distributed Control System,vendor-firmware,1,1,0,1,
icsa-19-190-02,Rockwell Automation,PanelView 5510,vendor-firmware,1,1,0,1,
icsa-19-190-03,Schneider Electric,Zelio Soft 2,vendor-firmware,1,1,0,1,
icsa-19-190-04,Siemens,Spectrum Power (Update A),vendor-firmware,1,1,0,1,
icsa-19-190-05,Siemens,SIPROTEC 5 and DIGSI 5 (Update C),vendor-firmware,1,2,0,2,
icsa-19-192-01,Delta Electronics,Delta Industrial Automation CNCSoft ScreenEditor,vendor-firmware,1,2,0,2,
icsa-19-192-02,Siemens,SIMATIC WinCC and PCS7 (Update C),vendor-firmware,1,1,0,1,
icsa-19-192-03,Siemens,TIA Administrator (TIA Portal),vendor-firmware,1,1,0,1,
icsa-19-192-04,Siemens,SIMATIC RF6XXR,vendor-firmware,1,3,0,3,
icsa-19-192-05,AVEVA,Vijeo Citect and Citect SCADA Floating License Manager,vendor-firmware,1,4,0,4,
icsa-19-192-06,Schneider Electric,Interactive Graphical SCADA System,vendor-firmware,1,1,0,1,
icsa-19-192-07,Schneider Electric,Floating License Manager,vendor-firmware,1,4,0,4,
icsa-19-199-01,Johnson,Controls exacqVision Server,vendor-firmware,1,1,0,1,
icsa-19-204-01,Mitsubishi Electric,FR Configurator2,vendor-firmware,1,2,0,2,
icsa-19-204-02,NREL,EnergyPlus,vendor-firmware,1,1,0,1,
icsa-19-211-01,Wind River,VxWorks (Update A),vxworks,1,11,11,0,ipnet
icsa-19-211-02,Prima Systems,FlexAir,vendor-firmware,1,9,0,9,
icsa-19-213-01,Advantech,WebAccess HMI Designer,vendor-firmware,1,1,0,1,
icsa-19-213-02,Fuji Electric,FRENIC Loader,vendor-firmware,1,1,0,1,
icsa-19-213-03,3S-Smart,Software Solutions GmbH CODESYS V3,vendor-firmware,1,2,2,0,codesys_rt
icsa-19-213-04,3S-Smart Software Solutions GmbH,CODESYS V3 (Update A),vendor-firmware,1,1,1,0,codesys_rt
icsa-19-213-05,Rockwell Automation,Arena Simulation Software (Update B),vendor-firmware,1,5,0,5,
icsa-19-213-06,LCDS,LAquis SCADA LQS File Parsing,vendor-firmware,1,2,0,2,
icsa-19-225-01,Delta Electronics,Delta Industrial Automation DOPSoft,vendor-firmware,1,2,0,2,
icsa-19-225-02,OSIsoft LLC,OSIsoft PI Web API,vendor-firmware,1,2,0,2,
icsa-19-225-03,Siemens,SCALANCE X Switches (Update D),vendor-firmware,1,1,0,1,
icsa-19-227-01,Johnson Controls,Metasys,vendor-firmware,1,2,0,2,
icsa-19-227-02,Fuji Electric,Alpha5 Smart Loader,vendor-firmware,1,1,0,1,
icsa-19-227-03,Siemens,SCALANCE Products (Update A),vendor-firmware,1,2,0,2,
icsa-19-227-04,Siemens,SINAMICS (Update C),vendor-firmware,1,1,0,1,
icsa-19-232-01,Zebra,Industrial Printers,vendor-firmware,1,1,0,1,
icsa-19-239-01,Delta Electronics,enteliBUS Controllers,vendor-firmware,1,1,0,1,
icsa-19-239-02,Datalogic,AV7000 Linear Barcode Scanner,vendor-firmware,1,1,0,1,
icsa-19-246-01,EZAutomation,EZ Touch Editor,vendor-firmware,1,1,0,1,
icsa-19-246-02,EZAutomation,EZ PLC Editor,vendor-firmware,1,1,0,1,
icsa-19-248-01,Red Lion Controls,Crimson,vendor-firmware,1,4,0,4,
icsa-19-253-01,Delta Electronics,TPEditor,vendor-firmware,1,3,0,3,
icsa-19-253-02,Siemens,SINETPLAN,vendor-firmware,1,1,0,1,
icsa-19-253-03,Siemens,Industrial Products (Update R),linux,1,4,4,0,linux_kernel
icsa-19-253-04,Siemens,IE-WSN-PA Link WirelessHART Gateway,vendor-firmware,1,1,0,1,
icsa-19-253-05,Siemens,SIMATIC TDC CP51M1,vendor-firmware,1,1,0,1,
icsa-19-253-06,OSIsoft LLC,OSIsoft PI SQL Client,vendor-firmware,1,1,0,1,
icsa-19-255-01,3S-Smart Software Solutions GmbH,CODESYS V3 Web Server,vendor-firmware,1,2,2,0,codesys_rt
icsa-19-255-02,3S-Smart Software Solutions GmbH,CODESYS V3 Library Manager (Update A),vendor-firmware,1,1,1,0,codesys_rt
icsa-19-255-03,3S-Smart Software Solutions GmbH,CODESYS Control V3 Online User Management,vendor-firmware,1,1,1,0,codesys_rt
icsa-19-255-04,3S-Smart Software Solutions GmbH,CODESYS Control V3 OPC UA Server,vendor-firmware,1,1,1,0,codesys_rt
icsa-19-255-05,3S-Smart Software Solutions GmbH,CODESYS V3 Products Containing a CODESYS Communication Serve,vendor-firmware,1,1,1,0,codesys_rt
icsa-19-260-01,Advantech,WebAccess,vendor-firmware,1,4,0,4,
icsa-19-260-02,Siemens,SINEMA Remote Connect Server,vendor-firmware,1,4,0,4,
icsa-19-260-03,Honeywell,Performance IP Cameras and Performance NVRs,vendor-firmware,1,1,0,1,
icsa-19-262-01,Tridium,Niagara,vendor-firmware,1,2,0,2,
icsa-19-274-01,Interpeak,IPnet TCP/IP Stack (Update E),vxworks,1,11,11,0,ipnet
icsa-19-274-02,Yokogawa,Products,vendor-firmware,1,1,0,1,
icsa-19-274-03,Moxa,EDR 810 Series,vendor-firmware,1,2,0,2,
icsa-19-281-01,SMA Solar Technology AG,Sunny WebBox,vendor-firmware,1,1,0,1,
icsa-19-281-02,GE,Mark VIe Controller,vendor-firmware,1,2,0,2,
icsa-19-281-03,Siemens,SIMATIC WinAC RTX (F) 2010 (Update A),vendor-firmware,1,1,0,1,
icsa-19-281-04,Siemens,SIMATIC IT UADM,vendor-firmware,1,1,0,1,
icsa-19-283-01,Siemens,Industrial Real-Time (IRT) Devices (Update F),vendor-firmware,1,1,1,0,net_snmp
icsa-19-283-02,Siemens,PROFINET Devices (Update L),vendor-firmware,1,1,0,1,
icsa-19-290-01,AVEVA and Schneider Electric,AVEVA Vijeo Citect and Citect SCADA (Update A),vendor-firmware,1,1,0,1,
icsa-19-290-02,Horner Automation,Cscape,vendor-firmware,1,2,0,2,
icsa-19-295-01,Schneider Electric,ProClima,vendor-firmware,1,3,0,3,
icsa-19-297-01,Rittal,Chiller SK 3232-Series,vendor-firmware,1,2,0,2,
icsa-19-297-02,Honeywell,IP-AK2,vendor-firmware,1,1,0,1,
icsa-19-302-01,Phoenix Contact,Automation Worx Software Suite,vendor-firmware,1,1,0,1,
icsa-19-304-01,Advantech,WISE-PaaS/RMM,vendor-firmware,1,4,0,4,
icsa-19-304-02,Honeywell,equIP Series IP Cameras,vendor-firmware,1,1,0,1,
icsa-19-304-03,Honeywell,equIP and Performance Series IP Cameras,vendor-firmware,1,1,0,1,
icsa-19-304-04,Honeywell,equIP and Performance Series IP Cameras and Recorders,vendor-firmware,1,1,0,1,
icsa-19-309-01,OMRON,CX-Supervisor,vendor-firmware,1,4,0,4,
icsa-19-311-01,Mitsubishi Electric,MELSEC-Q Series and MELSEC-L Series CPU Modules,vendor-firmware,1,1,0,1,
icsa-19-311-02,Fuji Electric,V-Server,vendor-firmware,1,1,0,1,
icsa-19-318-01,Siemens,Mentor Nucleus Networking Module,vendor-firmware,1,1,0,1,
icsa-19-318-02,Siemens,S7-1200 and S7-200 SMART CPUs (Update B),vendor-firmware,1,1,0,1,
icsa-19-318-03,Siemens,Desigo PX Devices,vendor-firmware,1,1,0,1,
icsa-19-318-04,OMRON,CX-Supervisor (Update A),vendor-firmware,1,1,0,1,
icsa-19-318-05,ABB,Power Generation Information Manager (PGIM) and Plant Connec,vendor-firmware,1,1,0,1,
icsa-19-323-01,Flexera,FlexNet Publisher,vendor-firmware,1,4,0,4,
icsa-19-330-01,ABB,Relion 670 Series,vendor-firmware,1,1,0,1,
icsa-19-330-02,ABB,Relion 650 and 670 Series,vendor-firmware,1,1,0,1,
icsa-19-337-01,Reliable Controls,LicenseManager,vendor-firmware,1,1,0,1,
icsa-19-337-02,Moxa,AWK-3121,vendor-firmware,1,14,0,14,
icsa-19-339-01,Thales DIS,SafeNet Sentinel LDK License Manager Runtime,vendor-firmware,1,1,0,1,
icsa-19-339-02,Weidmueller,Industrial Ethernet Switches,vendor-firmware,1,5,0,5,
icsa-19-344-01,Siemens,SCALANCE W700 and W1700,vendor-firmware,1,1,1,0,
icsa-19-344-02,Siemens,"and PKE SiNVR, SiVMS Video Server (Update A)",vendor-firmware,1,7,0,7,
icsa-19-344-03,Siemens,RUGGEDCOM ROS (Update A),linux,1,2,2,0,linux_kernel
icsa-19-344-04,Siemens,SIMATIC Products (Update C),vendor-firmware,1,1,0,1,
icsa-19-344-05,Siemens,XHQ Operations Intelligence,vendor-firmware,1,3,0,3,
icsa-19-344-06,Siemens,SIMATIC S7-1200 and S7-1500 CPU Families (Update B),vendor-firmware,1,2,0,2,
icsa-19-344-07,Siemens,EN100 Ethernet Module (Update A),vendor-firmware,1,3,0,3,
icsa-19-346-01,Advantech,DiagAnywhere Server,vendor-firmware,1,1,0,1,
icsa-19-346-02,OMRON,PLC CJ and CS Series (Update B),vendor-firmware,1,3,0,3,
icsa-19-346-03,OMRON,"PLC CJ, CS and NJ Series",vendor-firmware,1,1,0,1,
icsa-19-351-01,GE,S2020/S2020G Fast Switch 61850,vendor-firmware,1,1,0,1,
icsa-19-351-02,Siemens,SPPA-T3000 (Update A),vendor-firmware,1,54,0,54,
icsa-19-353-01,Moxa,EDS Ethernet Switches,vendor-firmware,1,1,0,1,
icsa-19-353-02,Equinox,Control Expert,vendor-firmware,1,1,0,1,
icsa-19-353-03,WECON,PLC Editor,vendor-firmware,1,1,0,1,
icsa-19-353-04,Reliable Controls,MACH-ProWebCom/Sys,vendor-firmware,1,1,0,1,
icsa-20-014-01,GE/Emerson,GE PACSystems RX3i,vendor-firmware,1,1,0,1,
icsa-20-014-02,Siemens,SINEMA Server,vendor-firmware,1,1,0,1,
icsa-20-014-03,Siemens,SCALANCE X Switches (Update B),vendor-firmware,1,1,0,1,
icsa-20-014-04,Siemens,SINAMICS PERFECT HARMONY GH180,vendor-firmware,1,1,0,1,
icsa-20-014-05,Siemens,TIA Portal (Update F),vendor-firmware,1,1,0,1,
icsa-20-014-06,OSIsoft LLC,OSIsoft PI Vision,vendor-firmware,1,4,0,4,
icsa-20-016-01,Schneider Electric,Modicon Controllers (Update A),vendor-firmware,1,3,0,3,
icsa-20-021-01,Honeywell,Maxpro VMS &amp; NVR,vendor-firmware,1,2,0,2,
icsa-20-035-01,AutomationDirect,C-More Touch Panels,vendor-firmware,1,1,0,1,
icsa-20-042-01,Synergy,Systems &amp; Solutions HUSKY RTU (Update A),vendor-firmware,1,6,6,0,net_snmp
icsa-20-042-02,Siemens,Industrial Products SNMP (Update F),vendor-firmware,1,2,2,0,net_snmp
icsa-20-042-03,Siemens,SIMATIC CP 1543-1,vendor-firmware,1,2,0,2,
icsa-20-042-04,Siemens,PROFINET-IO Stack (Update H),vendor-firmware,1,1,0,1,
icsa-20-042-05,Siemens,SIMATIC S7 (Update B),vendor-firmware,1,1,0,1,
icsa-20-042-06,Siemens,"SIMATIC PCS 7, SIMATIC WinCC, and SIMATIC NET PC (Update G)",vendor-firmware,1,1,0,1,
icsa-20-042-07,Siemens,SCALANCE X Switches (Update C),vendor-firmware,1,1,0,1,
icsa-20-042-08,Siemens,SIPORT MP,vendor-firmware,1,1,0,1,
icsa-20-042-09,Siemens,OZW Web Server,vendor-firmware,1,1,0,1,
icsa-20-042-10,Siemens,SCALANCE S-600 (Update B),vendor-firmware,1,3,0,3,
icsa-20-042-11,Siemens,SIMATIC S7-1500 (Update A),vendor-firmware,1,1,0,1,
icsa-20-042-12,Siemens,SIPROTEC 4 and SIPROTEC Compact,vendor-firmware,1,1,0,1,
icsa-20-042-13,Digi,ConnectPort LTS 32 MEI,vendor-firmware,1,2,0,2,
icsa-20-044-01,Schneider Electric,Modicon Ethernet Serial RTU,vendor-firmware,1,3,3,0,net_snmp
icsa-20-044-02,Schneider Electric,Magelis HMI Panels,vendor-firmware,1,1,0,1,
icsa-20-049-01,Honeywell,INNCOM INNControl 3,vendor-firmware,1,1,0,1,
icsa-20-049-02,Emerson,OpenEnterprise,vendor-firmware,1,1,0,1,
icsa-20-051-01,B&R Industrial Automation GmbH,B&amp;R Automation Studio and Automation Runtime,vendor-firmware,1,1,1,0,net_snmp
icsa-20-051-02,Rockwell Automation,FactoryTalk Diagnostics (Update A),vendor-firmware,1,1,1,0,dotnet
icsa-20-051-03,Honeywell,NOTI-FIRE-NET Web Server (NWS-3),vendor-firmware,1,2,0,2,
icsa-20-051-04,Auto-Maskin,"RP210E, DCU210E, and Marine Observer Pro (Android App)",vendor-firmware,1,7,0,7,
icsa-20-056-01,Moxa,MB3xxx Series Protocol Gateways,vendor-firmware,1,9,0,9,
icsa-20-056-02,Moxa,"ioLogik 2542-HSPA Series Controllers and IOs, and IOxpress C",vendor-firmware,1,3,0,3,
icsa-20-056-03,Moxa,PT-7528 and PT-7828 Series Ethernet Switches,vendor-firmware,1,6,0,6,
icsa-20-056-04,Moxa,EDS-G516E and EDS-510E Series Ethernet Switches,vendor-firmware,1,7,0,7,
icsa-20-056-05,Honeywell,WIN-PAK,vendor-firmware,1,3,0,3,
icsa-20-063-01,Emerson,ValveLink,vendor-firmware,1,1,0,1,
icsa-20-063-02,Phoenix Contact,Emalytics Controller ILC,vendor-firmware,1,1,0,1,
icsa-20-063-03,OMRON,PLC CJ Series,vendor-firmware,1,1,0,1,
icsa-20-063-04,Moxa,AWK-3131A Series Industrial AP/Bridge/Client,vendor-firmware,1,12,12,0,net_snmp
icsa-20-065-01,WAGO,I/O-CHECK,vendor-firmware,1,9,0,9,
icsa-20-070-01,Siemens,and PKE SiNVR/SiVMS Video Server (Update B),vendor-firmware,1,10,0,10,
icsa-20-070-02,Siemens,SIMATIC S7-300 CPUs and SINUMERIK Controller over Profinet (,vendor-firmware,1,1,0,1,
icsa-20-070-03,Siemens,Spectrum Power 5,vendor-firmware,1,1,0,1,
icsa-20-070-04,"Kantech, a subsidiary of Johnson Controls",Johnson Controls Kantech EntraPass,vendor-firmware,1,1,0,1,
icsa-20-070-05,Johnson Controls,Metasys,vendor-firmware,1,1,0,1,
icsa-20-070-06,Rockwell Automation,MicroLogix Controllers and RSLogix 500 Software,vendor-firmware,1,4,0,4,
icsa-20-072-01,ABB,eSOMS,vendor-firmware,1,13,0,13,
icsa-20-072-02,ABB,Asset Suite,vendor-firmware,1,1,0,1,
icsa-20-072-03,Rockwell Automation,Allen-Bradley Stratix 5950,vendor-firmware,1,1,0,1,
icsa-20-077-01,Delta Electronics,Industrial Automation CNCSoft ScreenEditor,vendor-firmware,1,2,0,2,
icsa-20-079-01,Systech Corporation,Systech NDS-5000 Terminal Server,vendor-firmware,1,1,0,1,
icsa-20-084-01,VISAM,Automation Base (VBASE) (Update B),vendor-firmware,1,5,0,5,
icsa-20-084-02,Schneider Electric,IGSS SCADA Software,vendor-firmware,1,2,0,2,
icsa-20-086-01,Advantech,WebAccess,vendor-firmware,1,1,0,1,
icsa-20-091-01,"Hirschmann Automation and Control GmbH, a division of Belden Inc",Hirschmann Automation and Control HiOS and HiSecOS Products,vendor-firmware,1,1,0,1,
icsa-20-091-02,Mitsubishi Electric,MELSEC,vendor-firmware,1,1,0,1,
icsa-20-093-01,B&R Automation,B&amp;R Automation Studio,vendor-firmware,1,3,3,0,dotnet
icsa-20-098-01,Advantech,WebAccess/NMS,vendor-firmware,1,8,0,8,
icsa-20-098-02,GE,CIMPLICITY,vendor-firmware,1,1,0,1,
icsa-20-098-03,HMS Networks,eWON Flexy and Cosy,vendor-firmware,1,1,0,1,
icsa-20-098-04,Fuji Electric,V-Server Lite,vendor-firmware,1,1,0,1,
icsa-20-098-05,KUKA,.Sim Pro,vendor-firmware,1,1,0,1,
icsa-20-100-01,Rockwell Automation,RSLinx Classic,vendor-firmware,1,1,0,1,
icsa-20-105-01,Eaton,HMiSoft VU3,vendor-firmware,1,2,0,2,
icsa-20-105-02,Triangle MicroWorks,DNP3 Outstation Libraries,vendor-firmware,1,1,0,1,
icsa-20-105-03,Triangle,MicroWorks SCADA Data Gateway,vendor-firmware,1,3,0,3,
icsa-20-105-04,Siemens,Climatix (Update A),vendor-firmware,1,2,0,2,
icsa-20-105-05,Siemens,"RUGGEDCOM, SCALANCE, SIMATIC, SINEMA (Update B)",linux,1,2,2,0,linux_kernel
icsa-20-105-06,Siemens,"SIMOTICS, Desigo, APOGEE, and TALON (Update D)",vendor-firmware,1,1,0,1,
icsa-20-105-07,Siemens,SCALANCE and SIMATIC (Update H),vendor-firmware,1,1,0,1,
icsa-20-105-08,Siemens,"KTK, SIDOOR, SIMATIC, and SINAMICS (Update D)",vendor-firmware,1,1,0,1,
icsa-20-105-09,Siemens,TIM 3V-IE and 4R-IE Family Devices,vendor-firmware,1,1,0,1,
icsa-20-112-01,Inductive Automation,Ignition,vendor-firmware,1,1,0,1,
icsa-20-119-01,LCDS,LAquis SCADA,vendor-firmware,1,2,0,2,
icsa-20-126-01,Fazecast,jSerialComm,vendor-firmware,1,1,0,1,
icsa-20-126-02,SAE IT-systems,FW-50 Remote Telemetry Unit (RTU),vendor-firmware,1,2,0,2,
icsa-20-128-01,Advantech,WebAccess Node,vendor-firmware,1,8,0,8,
icsa-20-133-01,Eaton,Intelligent Power Manager,vendor-firmware,1,2,0,2,
icsa-20-133-02,OSIsoft,PI System (Update A),vendor-firmware,1,11,11,0,dotnet
icsa-20-135-01,Opto 22,SoftPAC Project,vendor-firmware,1,5,0,5,
icsa-20-135-02,Emerson,WirelessHART Gateway,vendor-firmware,1,1,0,1,
icsa-20-140-01,Rockwell Automation,EDS Subsystem,vendor-firmware,1,2,0,2,
icsa-20-140-02,Emerson,OpenEnterprise,vendor-firmware,1,3,0,3,
icsa-20-142-01,"Sensormatic Electronics, LLC, a subsidiary of Johnson Controls",Johnson Controls Software House C-CURE 9000 and American Dyn,vendor-firmware,1,1,0,1,
icsa-20-142-02,Schneider Electric,EcoStruxure Operator Terminal Expert,vendor-firmware,1,5,0,5,
icsa-20-147-01,Inductive Automation,Ignition (Update B),vendor-firmware,1,4,0,4,
icsa-20-147-02,"Kantech, a subsidiary of Johnson Controls",Johnson Controls Kantech EntraPass,vendor-firmware,1,1,0,1,
icsa-20-154-01,ABB,System 800xA,vendor-firmware,1,2,0,2,
icsa-20-154-02,ABB,System 800xA Base,vendor-firmware,1,1,0,1,
icsa-20-154-03,ABB,Multiple System 800xA Products,vendor-firmware,1,7,0,7,
icsa-20-154-04,ABB,Central Licensing System,vendor-firmware,1,5,0,5,
icsa-20-154-05,GE,Grid Solutions Reason RT Clocks,vendor-firmware,1,1,0,1,
icsa-20-154-06,SWARCO TRAFFIC SYSTEMS,SWARCO CPU LS4000,vendor-firmware,1,1,0,1,
icsa-20-161-01,Advantech,WebAccess Node,vendor-firmware,1,1,0,1,
icsa-20-161-02,Mitsubishi Electric,MELSEC iQ-R Series (Update C),vendor-firmware,1,1,0,1,
icsa-20-161-03,Siemens,LOGO! (Update A),vendor-firmware,1,1,0,1,
icsa-20-161-04,Siemens,"SIMATIC, SINAMICS, SINEC, SINEMA, SINUMERIK (Update K)",vendor-firmware,1,1,0,1,
icsa-20-161-05,Siemens,"SIMATIC, SINAMICS (Update C)",vendor-firmware,1,2,0,2,
icsa-20-161-06,Siemens,SINUMERIK,vendor-firmware,1,22,0,22,
icsa-20-163-01,OSIsoft,PI Web API 2019,vendor-firmware,1,1,0,1,
icsa-20-163-02,Rockwell Automation,FactoryTalk Linx Software (Update A),vendor-firmware,1,4,0,4,
icsa-20-168-01,Treck,TCP/IP Stack (Update I),vendor-firmware,1,19,19,0,treck_tcpip
icsa-20-170-01,"Exacq Technologies, a subsidiary of Johnson Controls",Johnson Controls exacqVision (Update A),vendor-firmware,1,1,0,1,
icsa-20-170-02,Mitsubishi Electric,"MC Works64, MC Works32",vendor-firmware,1,5,0,5,
icsa-20-170-03,ICONICS,"GENESIS64, GENESIS32",vendor-firmware,1,5,0,5,
icsa-20-170-04,Rockwell Automation,FactoryTalk Services Platform,vendor-firmware,1,1,0,1,
icsa-20-170-05,Rockwell Automation,FactoryTalk View SE,vendor-firmware,1,4,0,4,
icsa-20-175-01,Mitsubishi Electric,"MELSEC iQ-R, iQ-F, Q, L and FX Series CPU Modules (Update A)",vendor-firmware,1,1,0,1,
icsa-20-175-02,Honeywell,ControlEdge PLC and RTU,vendor-firmware,1,2,0,2,
icsa-20-175-03,ABB,Device Library Wizard,vendor-firmware,1,1,0,1,
icsa-20-177-01,ENTTEC,Lighting Controllers (Update A),vendor-firmware,1,4,0,4,
icsa-20-177-02,Rockwell Automation,FactoryTalk Services Platform XXE,vendor-firmware,1,1,0,1,
icsa-20-177-03,Rockwell Automation,FactoryTalk View SE,vendor-firmware,1,2,0,2,
icsa-20-182-01,Delta Electronics,Delta Industrial Automation DOPSoft (Update A),vendor-firmware,1,2,0,2,
icsa-20-182-02,Mitsubishi Electric,Factory Automation Engineering Software Products,vendor-firmware,1,2,0,2,
icsa-20-184-01,Nortek,Linear eMerge 50P/5000P,vendor-firmware,1,5,0,5,
icsa-20-184-02,ABB,System 800xA Information Manager,vendor-firmware,1,1,0,1,
icsa-20-189-01,Grundfos Pumps Corporation,Grundfos CIM 500,vendor-firmware,1,2,0,2,
icsa-20-189-02,Mitsubishi Electric,GOT2000 Series,vendor-firmware,1,6,0,6,
icsa-20-191-01,Phoenix Contact,Automation Worx Software Suite,vendor-firmware,1,2,0,2,
icsa-20-191-02,Rockwell Automation,Logix Designer Studio 5000,vendor-firmware,1,1,0,1,
icsa-20-196-01,Advantech,iView,vendor-firmware,1,6,0,6,
icsa-20-196-02,Moxa,EDR-G902 and EDR-G903 Series Routers,vendor-firmware,1,1,0,1,
icsa-20-196-03,Siemens,"SICAM MMU, SICAM T, and SICAM SGU",vendor-firmware,1,9,0,9,
icsa-20-196-04,Siemens,SIMATIC HMI Panels,vendor-firmware,1,1,0,1,
icsa-20-196-05,Siemens,UMC Stack (Update H),vendor-firmware,1,3,0,3,
icsa-20-196-06,Siemens,SIMATIC S7-200 SMART CPU Family,vendor-firmware,1,1,0,1,
icsa-20-196-07,Siemens,Opcenter Execution Core (Update B),vendor-firmware,1,4,0,4,
icsa-20-196-08,Siemens,LOGO! Web Server,vendor-firmware,1,1,0,1,
icsa-20-203-01,Wibu-Systems AG,Wibu-Systems CodeMeter (Update F),vendor-firmware,1,6,0,6,"codesys_rt,openjdk"
icsa-20-205-01,Schneider Electric,Triconex TriStation and Tricon Communication Module,vendor-firmware,1,5,0,5,
icsa-20-210-01,Secomea,GateManager,vendor-firmware,1,4,0,4,
icsa-20-210-02,"Softing Industrial Automation, GmbH",Softing Industrial Automation OPC,vendor-firmware,1,2,0,2,
icsa-20-210-03,HMS Industrial Networks AB,HMS Industrial Networks eCatcher,vendor-firmware,1,1,0,1,
icsa-20-212-01,Inductive Automation,Ignition 8,vendor-firmware,1,1,0,1,
icsa-20-212-02,Mitsubishi Electric,Factory Automation Engineering Software (Update D),vendor-firmware,1,1,0,1,
icsa-20-212-03,Mitsubishi Electric,Factory Automation Products Path Traversal (Update C),vendor-firmware,1,1,0,1,
icsa-20-212-04,Mitsubishi Electric,Factory Automation Engineering Products (Update L),vendor-firmware,1,1,0,1,
icsa-20-217-01,Delta Electronics,Delta Industrial Automation CNCSoft ScreenEditor,vendor-firmware,1,3,0,3,
icsa-20-219-01,Multiple Trailer and Brake Manufacturers,Trailer Power Line Communications,vendor-firmware,1,1,0,1,
icsa-20-219-02,Advantech,WebAccess HMI Designer,vendor-firmware,1,6,0,6,
icsa-20-219-03,Geutebrück,G-Cam and G-Code,vendor-firmware,1,1,0,1,
icsa-20-219-04,Delta Electronics,Delta Industrial Automation TPEditor,vendor-firmware,1,5,0,5,
icsa-20-224-01,Yokogawa,CENTUM (Update A),vendor-firmware,1,2,0,2,
icsa-20-224-02,Schneider Electric,APC Easy UPS On-Line,vendor-firmware,1,2,0,2,
icsa-20-224-03,Tridium,Niagara,vendor-firmware,1,1,0,1,
icsa-20-224-04,Siemens,"SCALANCE, RUGGEDCOM",vendor-firmware,1,1,0,1,
icsa-20-224-05,Siemens,"SIMATIC, SIMOTICS (Update A)",vendor-firmware,1,1,0,1,
icsa-20-224-06,Siemens,Desigo CC,vendor-firmware,1,1,0,1,
icsa-20-224-07,Siemens,Automation License Manager,vendor-firmware,1,1,0,1,
icsa-20-224-08,Siemens,SICAM A8000 RTUs,vendor-firmware,1,1,0,1,
icsa-20-238-01,Advantech,iView,vendor-firmware,1,1,0,1,
icsa-20-238-02,Emerson,OpenEnterprise,vendor-firmware,1,1,0,1,
icsa-20-238-03,WECON,LeviStudioU (Update C),vendor-firmware,1,3,0,3,
icsa-20-240-01,Red Lion,"N-Tron 702-W, 702M12-W",vendor-firmware,1,6,1,5,
icsa-20-245-01,Mitsubishi Electric,Electric Multiple Products (Update G),vendor-firmware,1,1,0,1,
icsa-20-252-01,Siemens,SIMATIC RTLS Locating Manager,vendor-firmware,1,3,0,3,
icsa-20-252-02,Siemens,SIMATIC S7-300 and S7-400 CPUs (Update C),vendor-firmware,1,1,0,1,
icsa-20-252-03,Siemens,License Management Utility,vendor-firmware,1,1,0,1,
icsa-20-252-04,Siemens,Spectrum Power,vendor-firmware,1,2,0,2,
icsa-20-252-05,Siemens,Siveillance Video Client,vendor-firmware,1,1,0,1,
icsa-20-252-06,Siemens,SIMATIC HMI Products (Update A),vendor-firmware,1,2,0,2,
icsa-20-252-07,Siemens,Industrial Products (Update F),vendor-firmware,1,1,0,1,
icsa-20-252-08,Siemens,Polarion Subversion Webclient,vendor-firmware,1,2,0,2,
icsa-20-254-01,AVEVA,Enterprise Data Management Web,vendor-firmware,1,3,0,3,
icsa-20-254-02,FATEK Automation,PLC WinProladder,vendor-firmware,1,1,0,1,
icsa-20-254-03,HMS Networks,Ewon Flexy and Cosy,vendor-firmware,1,1,0,1,
icsa-20-261-01,Advantech,WebAccess Node,vendor-firmware,1,1,0,1,
icsa-20-266-01,GE,APM Classic,vendor-firmware,1,2,0,2,
icsa-20-266-02,GE,Reason S20 Ethernet Switch,vendor-firmware,1,2,0,2,
icsa-20-273-01,MB connect line,"mbCONNECT24, mymbCONNECT24",vendor-firmware,1,3,0,3,
icsa-20-273-02,Yokogawa,WideField3,vendor-firmware,1,1,0,1,
icsa-20-273-03,B&R Industrial Automation GmbH,B&amp;R Automation SiteManager and GateManager,vendor-firmware,1,6,0,6,
icsa-20-280-01,Rockwell Automation,ISaGRAF5 Runtime (Update A),vendor-firmware,1,5,0,5,
icsa-20-282-01,Johnson,Controls Sensormatic Electronics American Dynamics victor We,vendor-firmware,1,1,0,1,
icsa-20-282-02,Mitsubishi Electric,Electric MELSEC iQ-R Series (Update D),vendor-firmware,1,1,0,1,
icsa-20-287-01,Moxa,NPort IAW5000A-I/O Series,vendor-firmware,1,6,0,6,
icsa-20-287-02,LCDS,LAquis SCADA,vendor-firmware,1,1,0,1,
icsa-20-287-03,Flexera,InstallShield,vendor-firmware,1,1,0,1,
icsa-20-287-04,Fieldcomm Group,HART-IP and hipserver,vendor-firmware,1,1,0,1,
icsa-20-287-05,Siemens,Desigo Insight,vendor-firmware,1,3,0,3,
icsa-20-287-06,Siemens,SIPORT MP,vendor-firmware,1,1,0,1,
icsa-20-289-01,Advantech,WebAccess/SCADA,vendor-firmware,1,1,0,1,
icsa-20-289-02,Advantech,R-SeeNet,vendor-firmware,1,1,0,1,
icsa-20-294-01,Rockwell Automation,1794-AENT Flex I/O Series B,vendor-firmware,1,5,0,5,
icsa-20-294-02,Hitachi Energy,XMC20 Multiservice-Multiplexer,vendor-firmware,1,1,0,1,
icsa-20-301-01,"SHUN HU Technology Co., Ltd",SHUN HU Technology JUUKO Industrial Radio Remote Control,vendor-firmware,1,2,0,2,
icsa-20-303-01,Mitsubishi Electric,"Electric MELSEC iQ-R, Q and L Series (Update E)",vendor-firmware,1,1,0,1,
icsa-20-303-02,Mitsubishi Electric,MELSEC iQ-R,vendor-firmware,1,6,0,6,
icsa-20-308-01,WAGO,Series 750-88x and 750-352 (Update A),vendor-firmware,1,1,0,1,
icsa-20-308-02,NEXCOM,NIO50,vendor-firmware,1,2,0,2,
icsa-20-308-03,ARC Informatique,PcVue (Update A),vendor-firmware,1,3,0,3,
icsa-20-310-01,WECON,PLC Editor,vendor-firmware,1,2,0,2,
icsa-20-310-02,Mitsubishi Electric,GT14 Model of GOT1000 Series,vendor-firmware,1,6,0,6,
icsa-20-315-01,OSIsoft,PI Interface for OPC XML-DA,vendor-firmware,1,1,0,1,
icsa-20-315-02,OSIsoft,PI Vision,vendor-firmware,1,2,0,2,
icsa-20-315-03,Schneider Electric,PLC Simulator for EcoStruxure Control Expert,vendor-firmware,1,1,0,1,
icsa-20-315-04,Siemens,SIMATIC S7-300 CPUs and SINUMERIK Controller (Update A),vendor-firmware,1,1,0,1,
icsa-20-315-05,Siemens,SCALANCE W 1750D,vendor-firmware,1,1,0,1,
icsa-20-317-01,Mitsubishi Electric,MELSEC iQ-R Series,vendor-firmware,1,1,0,1,
icsa-20-324-01,Johnson,Controls Sensormatic Electronics American Dynamics victor We,vendor-firmware,1,1,0,1,
icsa-20-324-02,Paradox,IP150 (Update A),vendor-firmware,1,2,0,2,
icsa-20-324-03,Real,Time Automation EtherNet/IP,vendor-firmware,1,1,0,1,
icsa-20-324-04,Schneider Electric,Interactive Graphical SCADA System (IGSS),vendor-firmware,1,9,0,9,
icsa-20-324-05,Mitsubishi Electric,MELSEC iQ-R Series (Update C),vendor-firmware,1,1,0,1,
icsa-20-329-01,Rockwell Automation,FactoryTalk Linx,vendor-firmware,1,3,0,3,
icsa-20-329-02,Fuji Electric,V-Server Lite,vendor-firmware,1,1,0,1,
icsa-20-336-01,Schneider Electric,EcoStruxure Operator Terminal Expert runtime (Vijeo XD),vendor-firmware,1,1,0,1,
icsa-20-338-01,National,Instruments CompactRIO,linux,1,1,1,0,linux_kernel
icsa-20-343-01,Multiple,Embedded TCP/IP Stacks,vendor-firmware,1,33,0,33,
icsa-20-343-02,Mitsubishi Electric,GOT and Tension Controller (Update B),vendor-firmware,1,1,0,1,
icsa-20-343-03,Schneider Electric,Easergy T300,vendor-firmware,1,5,0,5,
icsa-20-343-04,Schneider Electric,Modicon M221 Programmable Logic Controller,vendor-firmware,1,5,0,5,
icsa-20-343-05,Siemens,Embedded TCP/IP Stack Vulnerabilities–AMNESIA:33 (Update C),vendor-firmware,1,1,0,1,
icsa-20-343-06,Siemens,XHQ Operations Intelligence,vendor-firmware,1,7,0,7,
icsa-20-343-07,Siemens,SICAM A8000 RTUs,vendor-firmware,1,1,0,1,
icsa-20-343-08,Siemens,Products using TightVNC (Update A),vendor-firmware,1,4,0,4,
icsa-20-343-09,Siemens,SIMATIC Controller Web Servers,vendor-firmware,1,1,0,1,
icsa-20-343-10,Siemens,LOGO! 8 BM,vendor-firmware,1,8,0,8,
icsa-20-345-01,Mitsubishi Electric,MELSEC iQ-F Series,vendor-firmware,1,1,0,1,
icsa-20-345-02,Host Engineering,H2-ECOM100 Module,vendor-firmware,1,1,0,1,
icsa-20-352-01,Emerson,Rosemount X-STREAM,vendor-firmware,1,1,0,1,
icsa-20-352-02,PTC,Kepware KEPServerEX (Update A),vendor-firmware,1,3,0,3,
icsa-20-352-03,PTC,Kepware LinkMaster,vendor-firmware,1,1,0,1,
icsa-20-353-01,Treck Inc,Treck TCP/IP Stack (Update A),vendor-firmware,1,4,4,0,treck_tcpip
icsa-21-005-01,Schneider Electric,Web Server on Modicon M340,vendor-firmware,1,3,0,3,
icsa-21-005-02,Panasonic,FPWIN Pro,vendor-firmware,1,1,0,1,
icsa-21-005-03,GE,Reason RT43X Clocks,vendor-firmware,1,2,0,2,
icsa-21-005-04,Red Lion,Crimson 3.1,vendor-firmware,1,3,0,3,
icsa-21-005-05,Delta Electronics,DOPSoft,vendor-firmware,1,2,0,2,
icsa-21-005-06,Delta Electronics,CNCSoft ScreenEditor,vendor-firmware,1,1,0,1,
icsa-21-007-01,Hitachi Energy,FOX615 Multiservice-Multiplexer,vendor-firmware,1,1,0,1,
icsa-21-007-02,OMRON,CX-One,vendor-firmware,1,3,0,3,
icsa-21-007-03,Eaton,EASYsoft (Update A),vendor-firmware,1,2,0,2,
icsa-21-007-04,Delta Electronics,CNCSoft-B,vendor-firmware,1,4,0,4,
icsa-21-012-01,Schneider Electric,EcoStruxure Power Build-Rapsody (Update A),vendor-firmware,1,2,0,2,
icsa-21-012-02,Siemens,SCALANCE X Switches (Update C),vendor-firmware,1,2,0,2,
icsa-21-012-03,Siemens,JT2Go and Teamcenter Visualization (Update B),vendor-firmware,1,19,0,19,
icsa-21-012-04,Siemens,Solid Edge,vendor-firmware,1,6,0,6,
icsa-21-012-05,Siemens,SCALANCE X Products (Update B),vendor-firmware,1,3,0,3,
icsa-21-019-01,dnsmasq by Simon Kelley,(Update A),vendor-firmware,1,7,7,0,dnsmasq
icsa-21-019-02,Reolink,P2P Cameras,vendor-firmware,1,2,0,2,
icsa-21-021-01,Delta Electronics,Electronics ISPSoft,vendor-firmware,1,1,0,1,
icsa-21-021-02,Delta Electronics,Electronics TPEditor,vendor-firmware,1,2,0,2,
icsa-21-021-03,"Matrikon, a subsidiary of Honeywell",Honeywell OPC UA Tunneller,vendor-firmware,1,4,0,4,
icsa-21-021-04,Mitsubishi Electric,MELFA (Update A),vendor-firmware,1,1,0,1,
icsa-21-021-05,"M&M Software GmbH, a subsidiary of WAGO Kontakttechnik",WAGO M&amp;M Software fdtCONTAINER (Update C),vendor-firmware,1,1,0,1,
icsa-21-026-01,Fuji Electric,Tellus Lite V-Simulator and V-Server Lite,vendor-firmware,1,5,0,5,
icsa-21-026-02,"Bachmann Electronic, GmbH",All Bachmann M1 System Processor Modules,vendor-firmware,1,1,0,1,
icsa-21-028-01,Rockwell Automation,FactoryTalk Linx and FactoryTalk Services Platform,vendor-firmware,1,4,0,4,
icsa-21-033-01,Rockwell Automation,MicroLogix 1400 (Update A),vendor-firmware,1,1,0,1,
icsa-21-033-02,Siemens,SIMATIC HMI Comfort Panels &amp; SIMATIC HMI KTP Mobile Pane,vendor-firmware,1,1,0,1,
icsa-21-035-01,Luxion,KeyShot (Update A),vendor-firmware,1,5,0,5,
icsa-21-035-02,Horner Automation,Cscape,vendor-firmware,1,1,0,1,
icsa-21-040-01,GE,HMI/SCADA iFIX,vendor-firmware,1,2,0,2,
icsa-21-040-02,Advantech,iView,vendor-firmware,1,4,0,4,
icsa-21-040-03,Siemens,SINEMA Server &amp; SINEC NMS,vendor-firmware,1,1,0,1,
icsa-21-040-04,Siemens,RUGGEDCOM ROX II,vendor-firmware,1,6,0,6,
icsa-21-040-05,Siemens,TIA Administrator (Update A),vendor-firmware,1,1,0,1,
icsa-21-040-06,Siemens,JT2Go and Teamcenter Visualization (Update A),vendor-firmware,1,23,0,23,
icsa-21-040-07,Siemens,SCALANCE W780 and W740,vendor-firmware,1,1,0,1,
icsa-21-040-08,Siemens,SIMARIS Configuration (Update A),vendor-firmware,1,1,0,1,
icsa-21-040-09,SIMATIC,WinCC Graphics Designer,vendor-firmware,1,1,0,1,
icsa-21-040-10,Siemens,DIGSI 4,vendor-firmware,1,1,0,1,
icsa-21-042-01,Multiple,Embedded TCP/IP Stacks (Update B),vendor-firmware,1,9,0,9,
icsa-21-042-02,Rockwell Automation,Automation DriveTools SP and Drives AOP,vendor-firmware,1,1,0,1,
icsa-21-047-01,Open Design Alliance,Drawings SDK (Update A),vendor-firmware,1,7,0,7,
icsa-21-047-02,Rockwell Automation,Allen-Bradley Micrologix 1100,vendor-firmware,1,1,0,1,
icsa-21-049-01,Johnson Controls,Metasys Reporting Engine (MRE) Web Services,vendor-firmware,1,1,0,1,
icsa-21-049-02,Mitsubishi Electric,Electric FA Engineering Software Products (Update H),vendor-firmware,1,2,0,2,
icsa-21-054-01,Rockwell Automation,FactoryTalk Services Platform,vendor-firmware,1,1,0,1,
icsa-21-054-02,Advantech,BB-ESWGP506-2SFP-T,vendor-firmware,1,1,0,1,
icsa-21-054-03,Advantech,Spectre RT Industrial Routers,linux,1,9,0,9,"busybox,openssl"
icsa-21-054-04,Ovarro,TBox (Update A),vendor-firmware,1,6,0,6,
icsa-21-056-01,PerFact,OpenVPN-Client,vendor-firmware,1,1,1,0,openvpn
icsa-21-056-02,FATEK Automation,FvDesigner,vendor-firmware,1,5,0,5,
icsa-21-056-03,Rockwell Automation,Logix Controllers (Update A),vendor-firmware,1,1,0,1,
icsa-21-056-04,ProSoft Technology,ICX35,vendor-firmware,1,1,0,1,
icsa-21-061-01,Hitachi Energy,Ellipse EAM,vendor-firmware,1,2,0,2,
icsa-21-061-02,Rockwell Automation,CompactLogix 5370 and ControlLogix 5570 Controllers (Update ,vendor-firmware,1,1,0,1,
icsa-21-061-03,MB connect line,"mbCONNECT24, mymbCONNECT24",vendor-firmware,1,18,0,18,
icsa-21-063-01,Rockwell Automation,1734-AENTR Series B and Series C,vendor-firmware,1,2,0,2,
icsa-21-063-02,Schneider Electric,EcoStruxure Building Operation (EBO),vendor-firmware,1,7,0,7,
icsa-21-068-01,Siemens,SIMATIC S7-PLCSIM,vendor-firmware,1,3,0,3,
icsa-21-068-02,Siemens,SCALANCE and RUGGEDCOM Devices SSH (Update A),vendor-firmware,1,1,0,1,
icsa-21-068-03,Siemens,SCALANCE and RUGGEDCOM Devices (Update A),vendor-firmware,1,1,0,1,
icsa-21-068-04,Siemens,SINEMA Remote Connect Server,vendor-firmware,1,2,0,2,
icsa-21-068-05,Siemens,LOGO! 8 BM,vendor-firmware,1,1,0,1,
icsa-21-068-06,Siemens,TCP/IP Stack Vulnerabilities–AMNESIA:33 in SENTRON PAC / 3VA,vendor-firmware,1,2,0,2,
icsa-21-068-07,Siemens,TCP Stack of SIMATIC MV400,vendor-firmware,1,2,0,2,
icsa-21-068-08,Siemens,Energy PLUSCONTROL 1st Gen,vendor-firmware,1,1,0,1,
icsa-21-068-09,Siemens,Solid Edge File Parsing,vendor-firmware,1,4,0,4,
icsa-21-068-10,Siemens,SCALANCE and SIMATIC libcurl (Update B),vendor-firmware,1,1,1,0,libcurl
icsa-21-070-01,Schneider Electric,IGSS SCADA Software,vendor-firmware,1,4,0,4,
icsa-21-075-01,Advantech,WebAccess/SCADA,vendor-firmware,1,1,0,1,
icsa-21-075-02,GE,UR family,vendor-firmware,1,10,0,10,
icsa-21-075-03,Hitachi Energy,AFS Series,vendor-firmware,1,1,0,1,
icsa-21-077-01,"Exacq Technologies, Inc., a subsidiary of Johnson Controls",Johnson Controls Exacq Technologies exacqVision,vendor-firmware,1,1,0,1,
icsa-21-077-02,Hitachi Energy,eSOMS,vendor-firmware,1,1,0,1,
icsa-21-077-03,Hitachi Energy,eSOMS Telerik,vendor-firmware,1,7,7,0,dotnet
icsa-21-082-01,Weintek,EasyWeb cMT,vendor-firmware,1,3,0,3,
icsa-21-082-02,GE,MU320E,vendor-firmware,1,3,0,3,
icsa-21-082-03,GE,Reason DR60,vendor-firmware,1,3,0,3,
icsa-21-091-01,Rockwell Automation,FactoryTalk AssetCentre,vendor-firmware,1,9,9,0,dotnet
icsa-21-096-01,Hitachi Energy,"Relion 670, 650 and SAM600-IO (Update B)",vendor-firmware,1,1,0,1,
icsa-21-098-01,FATEK Automation,WinProladder,vendor-firmware,1,1,0,1,
icsa-21-103-01,Schneider Electric,SoMachine Basic,vendor-firmware,1,1,0,1,
icsa-21-103-02,Advantech,WebAccessSCADA,vendor-firmware,1,1,0,1,
icsa-21-103-03,JTEKT Corporation,JTEKT TOYOPUC products,vendor-firmware,1,1,0,1,
icsa-21-103-04,Siemens,Nucleus Products DNS Module (Update A),vendor-firmware,1,2,0,2,
icsa-21-103-05,Siemens,Nucleus Products IPv6 Stack (Update A),vendor-firmware,1,2,0,2,
icsa-21-103-06,Siemens,Solid Edge File Parsing (Update A),vendor-firmware,1,5,0,5,
icsa-21-103-07,Siemens,Web Server of SCALANCE X200 (Update A),vendor-firmware,1,2,0,2,
icsa-21-103-08,Siemens,SINEMA Remote Connect Server,vendor-firmware,1,2,0,2,
icsa-21-103-09,Siemens,LOGO! Soft Comfort,vendor-firmware,1,2,0,2,
icsa-21-103-10,Siemens,and PKE Control Center Server,vendor-firmware,1,12,0,12,
icsa-21-103-11,Siemens,TIM 4R-IE Devices,vendor-firmware,1,14,14,0,ntp
icsa-21-103-12,Siemens,Tecnomatix RobotExpert,vendor-firmware,1,1,0,1,
icsa-21-103-13,Siemens,SIMOTICS CONNECT 400 (Update A),vendor-firmware,1,4,0,4,
icsa-21-103-14,Siemens,Nucleus DNS (Update A),vendor-firmware,1,1,0,1,
icsa-21-103-15,Siemens,Siveillance Video Open Network Bridge,vendor-firmware,1,1,0,1,
icsa-21-105-01,Schneider Electric,C-Bus Toolkit,vendor-firmware,1,5,0,5,
icsa-21-105-02,EIPStackGroup,OpENer Ethernet/IP,vendor-firmware,1,4,0,4,
icsa-21-110-01,Hitachi Energy,Ellipse APM,vendor-firmware,1,1,0,1,
icsa-21-110-02,Rockwell Automation,Stratix Switches,vendor-firmware,1,8,0,8,
icsa-21-110-03,Delta Electronics,COMMGR,vendor-firmware,1,1,0,1,
icsa-21-110-04,Delta Electronics,CNCSoft ScreenEditor,vendor-firmware,1,1,0,1,
icsa-21-110-05,Delta Electronics,CNCSoft-B,vendor-firmware,1,2,0,2,
icsa-21-110-06,Eaton,Intelligent Power Manager,vendor-firmware,1,6,6,0,net_snmp
icsa-21-110-07,Siemens,Mendix,vendor-firmware,1,1,0,1,
icsa-21-112-01,Horner Automation,Cscape,vendor-firmware,1,2,0,2,
icsa-21-112-02,Mitsubishi Electric,GOT (Update A),vendor-firmware,1,1,0,1,
icsa-21-119-01,Texas Instruments,SimpleLink,vendor-firmware,1,5,0,5,
icsa-21-119-02,Cassia Networks,Access Controller,vendor-firmware,1,1,0,1,
icsa-21-119-03,"Exacq Technologies, Inc., a subsidiary of Johnson Controls, Inc",Johnson Controls Exacq Technologies exacqVision,linux,1,1,1,0,linux_kernel
icsa-21-119-04,Multiple,RTOS (Update E),vendor-firmware,1,26,26,0,freertos
icsa-21-124-01,Advantech,WISE-PaaS RMM,vendor-firmware,1,1,0,1,
icsa-21-124-02,Delta Electronics,CNCSoft ScreenEditor,vendor-firmware,1,1,0,1,
icsa-21-131-01,OMRON,CX-One,vendor-firmware,1,1,0,1,
icsa-21-131-02,Mitsubishi Electric,GOT and Tension Controller (Update A),vendor-firmware,1,1,0,1,
icsa-21-131-03,Siemens,Linux-based Products (Update J),linux,1,1,1,0,linux_kernel
icsa-21-131-04,Siemens,SINAMICS Medium Voltage Products Remote Access (Update B),vendor-firmware,1,14,0,14,
icsa-21-131-05,Siemens,Mendix Database Replication Module,vendor-firmware,1,1,0,1,
icsa-21-131-06,Siemens,SNMP Implementation of WinCC Runtime,vendor-firmware,1,1,1,0,net_snmp
icsa-21-131-07,Siemens,SIMATIC NET CP343-1,vendor-firmware,1,1,0,1,
icsa-21-131-08,Siemens,Tecnomatix Plant Simulation,vendor-firmware,1,3,0,3,
icsa-21-131-09,"Mendix, a subsidiary of Siemens",Siemens Mendix Excel Importer Module,vendor-firmware,1,1,0,1,
icsa-21-131-10,Siemens,SCALANCE XM-400 and XR-500 Devices,vendor-firmware,1,1,0,1,
icsa-21-131-11,Siemens,SIMATIC UltraVNC HMI WinCC Products,vendor-firmware,1,10,0,10,
icsa-21-131-12,Siemens,SIMATIC SmartVNC HMI WinCC Products (Update B),vendor-firmware,1,7,0,7,
icsa-21-131-13,Siemens,SINAMICS Medium Voltage Products Telnet (Update A),vendor-firmware,1,1,0,1,
icsa-21-131-14,Siemens,SCALANCE W1750D (Update B),vendor-firmware,1,21,0,21,
icsa-21-131-15,Siemens,SIMATIC S7-1500,vendor-firmware,1,2,0,2,
icsa-21-133-01,Rockwell Automation,Connected Components Workbench,vendor-firmware,1,3,0,3,
icsa-21-133-02,"Sensormatic Electronics, LLC, a subsidiary of Johnson Controls",Johnson Controls Sensormatic Tyco AI,linux,1,1,1,0,linux_kernel
icsa-21-133-03,OPC Foundation,UA Products Built with .NET Framework,vendor-firmware,1,1,1,0,dotnet
icsa-21-133-04,Unified Automation GmbH,"OPC UA Products Built with the .NET Framework 4.5, 4.0, and ",vendor-firmware,1,2,2,0,dotnet
icsa-21-138-01,Emerson,Rosemount X-STREAM,vendor-firmware,1,6,0,6,
icsa-21-145-01,Datakit,Libraries bundled in Luxion KeyShot,vendor-firmware,1,5,0,5,
icsa-21-145-02,Rockwell Automation,Micro800 and MicroLogix 1400,vendor-firmware,1,1,0,1,
icsa-21-147-01,GENIVI Alliance,DLT,vendor-firmware,1,1,0,1,
icsa-21-147-02,"Sensormatic Electronics, LLC, a subsidiary of Johnson Controls",Johnson Controls Sensormatic Electronics VideoEdge,vendor-firmware,1,1,0,1,
icsa-21-147-03,Mesa Labs,MesaLabs AmegaView,vendor-firmware,1,5,0,5,
icsa-21-147-04,Siemens,JT2Go and Teamcenter Visualization,vendor-firmware,1,5,0,5,
icsa-21-147-05,Mitsubishi Electric,MELSEC iQ-R Series,vendor-firmware,1,1,0,1,
icsa-21-152-01,Siemens,SIMATIC S7-1200 and S7-1500 CPU Families (Update A),vendor-firmware,1,1,0,1,
icsa-21-154-01,Advantech,iView,vendor-firmware,1,2,0,2,
icsa-21-159-01,Johnson Controls,Metasys,vendor-firmware,1,0,0,0,
icsa-21-159-02,Open Design Alliance,Drawings SDK,vendor-firmware,1,8,0,8,
icsa-21-159-03,"AVEVA Software, LLC",AVEVA InTouch,vendor-firmware,1,1,0,1,
icsa-21-159-04,Schneider Electric,IGSS,vendor-firmware,1,13,0,13,
icsa-21-159-05,Schneider Electric,Modicon X80,vendor-firmware,1,1,0,1,
icsa-21-159-06,Thales,Sentinel LDK Run-Time Environment,vendor-firmware,1,1,0,1,
icsa-21-159-07,Siemens,Mendix SAML Module,vendor-firmware,1,1,0,1,
icsa-21-159-08,Siemens,TIM 1531 IRC,vendor-firmware,1,1,0,1,
icsa-21-159-09,Siemens,Solid Edge,vendor-firmware,1,2,0,2,
icsa-21-159-10,Siemens,SIMATIC TIM libcurl,vendor-firmware,1,2,2,0,libcurl
icsa-21-159-11,Siemens,SIMATIC NET CP 443-1 OPC UA,vendor-firmware,1,16,16,0,ntp
icsa-21-159-12,Siemens,Simcenter Femap,vendor-firmware,1,2,0,2,
icsa-21-159-13,Siemens,SIMATIC RFID (Update B),vendor-firmware,1,1,0,1,
icsa-21-159-14,Siemens,JT2Go and Teamcenter Visualization,vendor-firmware,1,1,0,1,
icsa-21-161-01,Rockwell Automation,FactoryTalk Services Platform,vendor-firmware,1,1,0,1,
icsa-21-161-02,AGG Software,Web Server Plugin,vendor-firmware,1,2,0,2,
icsa-21-166-01,ThroughTek,P2P SDK,vendor-firmware,1,1,0,1,
icsa-21-166-02,Automation Direct,CLICK PLC CPU Modules,vendor-firmware,1,5,0,5,
icsa-21-168-01,Schneider Electric,Enerlin&#039;X Com’X 510,vendor-firmware,1,1,0,1,
icsa-21-168-02,Softing,OPC-UA C++ SDK,vendor-firmware,1,1,0,1,
icsa-21-168-03,Advantech,WebAccess/SCADA (Update A),vendor-firmware,1,2,0,2,
icsa-21-173-01,Advantech,WebAccess HMI Designer (Update A),vendor-firmware,1,5,0,5,
icsa-21-173-02,"CODESYS, GmbH",CODESYS V2 web server,vendor-firmware,1,6,6,0,codesys_rt
icsa-21-173-03,"CODESYS, GmbH",CODESYS Control V2 communication,vendor-firmware,1,3,3,0,codesys_rt
icsa-21-173-04,"CODESYS, GmbH",CODESYS Control V2 Linux SysFile library,linux,1,1,0,1,"codesys_rt,linux_kernel"
icsa-21-175-01,FATEK Automation,WinProladder,vendor-firmware,1,3,0,3,
icsa-21-180-01,"Exacq Technologies, Inc., a subsidiary of Johnson Controls Inc",Exacq Technologies exacqVision Web Service,vendor-firmware,1,1,0,1,
icsa-21-180-02,"Exacq Technologies, Inc., a subsidiary of Johnson Controls Inc",Exacq Technologies exacqVision Enterprise Manager,vendor-firmware,1,1,0,1,
icsa-21-180-03,Panasonic,FPWIN Pro,vendor-firmware,1,1,0,1,
icsa-21-180-04,JTEKT Corporation,JTEKT TOYOPUC PLC,vendor-firmware,1,1,0,1,
icsa-21-180-05,"AVEVA Software, LLC",AVEVA System Platform (Update A),vendor-firmware,1,5,0,5,
icsa-21-180-06,Claroty,Secure Remote Access Site,vendor-firmware,1,1,0,1,
icsa-21-182-01,Johnson Controls,Facility Explorer,vendor-firmware,1,1,0,1,
icsa-21-182-02,"Sensormatic Electronics, LLC, a subsidiary of Johnson Controls",Sensormatic Electronics C-CURE 9000 (Update A),vendor-firmware,1,1,0,1,
icsa-21-182-03,Delta Electronics,DOPSoft (Update B),vendor-firmware,1,2,0,2,
icsa-21-182-04,Mitsubishi Electric,Air Conditioning System,vendor-firmware,1,1,0,1,
icsa-21-182-05,Mitsubishi Electric,Air Conditioning Systems,vendor-firmware,1,1,0,1,
icsa-21-187-01,Moxa,NPort IAW5000A-I/O Series Serial Device Server,vendor-firmware,1,4,0,4,
icsa-21-189-01,Rockwell Automation,MicroLogix 1100,vendor-firmware,1,1,0,1,
icsa-21-189-02,MDT Software,MDT AutoSave,vendor-firmware,1,7,0,7,
icsa-21-194-01,Schneider Electric,C-Bus Toolkit,vendor-firmware,1,1,0,1,
icsa-21-194-02,Schneider Electric,Electric Modicon Controllers and Software (Update A),vendor-firmware,1,6,0,6,
icsa-21-194-03,Siemens,PROFINET Devices (Update D),vendor-firmware,1,1,0,1,
icsa-21-194-04,Siemens,SINUMERIK Integrate Operate Client,vendor-firmware,1,1,0,1,
icsa-21-194-05,Siemens,SIMATIC Software Products,vendor-firmware,1,1,0,1,
icsa-21-194-06,Siemens,SIMATIC Software Products (Update B),vendor-firmware,1,1,0,1,
icsa-21-194-07,Siemens,Industrial Products LLDP (Update D),vendor-firmware,1,2,0,2,
icsa-21-194-08,Siemens,Solid Edge,vendor-firmware,1,4,0,4,
icsa-21-194-09,Siemens,JT Utilities,vendor-firmware,1,3,0,3,
icsa-21-194-10,Siemens,RUGGEDCOM ROS,vendor-firmware,1,1,0,1,
icsa-21-194-11,Siemens,Teamcenter Active Workspace,vendor-firmware,1,3,0,3,
icsa-21-194-12,Siemens,VxWorks-based Industrial Products (Update C),vendor-firmware,1,1,0,1,
icsa-21-194-13,Siemens,SINAMICS PERFECT HARMONY GH180 (Update A),vendor-firmware,1,1,0,1,
icsa-21-194-14,Siemens,RWG Universal Controllers,vendor-firmware,1,1,0,1,
icsa-21-194-15,Siemens,JT2Go and Teamcenter Visualization,vendor-firmware,1,44,0,44,
icsa-21-194-16,Siemens,Mendix,vendor-firmware,1,1,0,1,
icsa-21-194-17,Siemens,SINUMERIK ONE and SINUMERIK MC (Update A),vendor-firmware,1,1,0,1,
icsa-21-201-01,Mitsubishi Electric,MELSEC-F Series,vendor-firmware,1,1,0,1,
icsa-21-208-01,KUKA,KR C4,vendor-firmware,1,2,0,2,
icsa-21-208-02,Mitsubishi Electric,GOT2000 series and GT SoftGOT2000,vendor-firmware,1,1,0,1,
icsa-21-208-03,Geutebrück,G-Cam E2 and G-Code,vendor-firmware,1,12,0,12,
icsa-21-208-04,LCDS,LAquis SCADA,vendor-firmware,1,1,0,1,
icsa-21-208-05,Delta Electronics,DIAScreen,vendor-firmware,1,2,0,2,
icsa-21-210-01,Hitachi Energy,eSOMS,vendor-firmware,1,1,0,1,
icsa-21-210-02,Wibu-Systems AG,Wibu-Systems CodeMeter Runtime,vendor-firmware,1,2,0,2,
icsa-21-217-01,HCC Embedded,"InterNiche TCP/IP stack, NicheLite (Update B)",vendor-firmware,1,14,0,14,
icsa-21-217-02,FATEK Automation,FvDesigner,vendor-firmware,1,3,0,3,
icsa-21-217-03,mySCADA,myPRO,vendor-firmware,1,4,0,4,
icsa-21-217-04,Advantech,WebAccess SCADA,vendor-firmware,1,3,0,3,
icsa-21-222-01,Siemens,JT2Go and Teamcenter Visualization products,vendor-firmware,1,7,0,7,
icsa-21-222-02,Siemens,Automation License Manager,vendor-firmware,1,1,0,1,
icsa-21-222-03,Siemens,JT2Go and Teamcenter Visualization (Update A),vendor-firmware,1,3,0,3,
icsa-21-222-04,Siemens,SINEC NMS,vendor-firmware,1,1,0,1,
icsa-21-222-05,Siemens,Industrial Products Intel CPUs (Update G),vendor-firmware,1,12,0,12,
icsa-21-222-06,Siemens,Energy AGT and SGT Solutions,vendor-firmware,1,1,0,1,
icsa-21-222-07,Siemens,SIMATIC CP (Update A),vendor-firmware,1,2,0,2,
icsa-21-222-08,Siemens,Solid Edge,vendor-firmware,1,3,0,3,
icsa-21-222-09,Siemens,SIMATIC S7-1200 (Update A),vendor-firmware,1,1,0,1,
icsa-21-224-01,Cognex,In-Sight OPC Server,vendor-firmware,1,1,0,1,
icsa-21-224-02,Horner Automation,Cscape,vendor-firmware,1,3,0,3,
icsa-21-229-01,ThroughTek,Kalay P2P SDK,vendor-firmware,1,1,0,1,
icsa-21-229-02,Advantech,WebAccess/NMS,vendor-firmware,1,1,0,1,
icsa-21-229-03,xArrow,SCADA,vendor-firmware,1,3,0,3,
icsa-21-231-01,"AVEVA Software, LLC",AVEVA SuiteLink Server,vendor-firmware,1,6,0,6,
icsa-21-231-02,"Bently Nevada, a Baker Hughes subsidiary",Baker Hughes Bently Nevada 3500,vendor-firmware,1,1,0,1,
icsa-21-236-01,Hitachi Energy,TropOS,vendor-firmware,1,12,0,12,
icsa-21-236-02,Hitachi Energy,Retail Operations and CSB Products,vendor-firmware,1,1,0,1,
icsa-21-236-03,Delta Electronics,TPEditor,vendor-firmware,1,1,0,1,
icsa-21-238-01,"Controlled Electronic Management Systems Ltd., a subsidiary of Johnson Controls Inc",Johnson Controls Controlled Electronic Management Systems CE,vendor-firmware,1,1,0,1,
icsa-21-238-02,Annke,Network Video Recorder,vendor-firmware,1,1,0,1,
icsa-21-238-03,Delta Electronics,DIAEnergie (Update C),vendor-firmware,1,13,13,0,dotnet
icsa-21-238-04,Delta Electronics,DOPSoft (Update A),vendor-firmware,1,1,0,1,
icsa-21-243-01,"Sensormatic Electronics, LLC., a subsidiary of Johnson Controls, Inc",Sensormatic Electronics KT-1,vendor-firmware,1,0,0,0,
icsa-21-243-02,FANUC,Robot Controllers (Update A),vendor-firmware,1,2,0,2,
icsa-21-245-01,"Sensormatic Electronics, LLC, a subsidiary of Johnson Controls, Inc",Johnson Controls Sensormatic Electronics Illustra,linux,1,1,1,0,linux_kernel
icsa-21-245-02,JTEKT Corporation,JTEKT TOYOPUC Products,vendor-firmware,1,1,0,1,
icsa-21-245-03,Advantech,WebAccess,vendor-firmware,1,1,0,1,
icsa-21-250-01,Mitsubishi Electric,Electric MELSEC iQ-R Series (Update B),vendor-firmware,1,3,0,3,
icsa-21-250-02,Hitachi Energy,System Data Manager,vendor-firmware,1,1,0,1,
icsa-21-252-01,AVEVA,PCS Portal,vendor-firmware,1,1,0,1,
icsa-21-252-02,Delta Electronics,DOPSoft 2 (Update A),vendor-firmware,1,3,0,3,
icsa-21-252-03,Mitsubishi Electric,smartRTU and INEA ME-RTU,vendor-firmware,1,7,0,7,
icsa-21-257-01,"Digi International, Inc",Digi PortServer TS 16,vendor-firmware,1,1,1,0,net_snmp
icsa-21-257-02,"Sensormatic Electronics, LLC., a subsidiary of Johnson Controls, Inc",Johnson Controls Sensormatic Electronics KT-1,vendor-firmware,1,1,0,1,
icsa-21-257-03,Schneider Electric,Struxureware Data Center Expert,vendor-firmware,1,2,0,2,
icsa-21-257-04,Siemens,Simcenter Femap,vendor-firmware,1,1,0,1,
icsa-21-257-05,Siemens,Simcenter STAR-CCM+ Viewer,vendor-firmware,1,1,0,1,
icsa-21-257-06,Siemens,SIMATIC CP (Update A),vendor-firmware,1,1,0,1,
icsa-21-257-07,Siemens,APOGEE and TALON,vendor-firmware,1,1,0,1,
icsa-21-257-08,Siemens,Teamcenter,vendor-firmware,1,3,0,3,
icsa-21-257-09,Siemens,NX,vendor-firmware,1,2,0,2,
icsa-21-257-10,Siemens,SIPROTEC 5 relays (Update A),vendor-firmware,1,2,0,2,
icsa-21-257-11,Siemens,SIMATIC RFID,vendor-firmware,1,1,0,1,
icsa-21-257-12,Siemens,SINEMA Server,vendor-firmware,1,1,0,1,
icsa-21-257-13,Siemens,LOGO! CMR and SIMATIC RTU 3000 (Update A),vendor-firmware,1,1,0,1,
icsa-21-257-14,Siemens,SINEC NMS,vendor-firmware,1,2,0,2,
icsa-21-257-15,Siemens,SIMATIC NET CP Modules,vendor-firmware,1,1,0,1,
icsa-21-257-16,Siemens,SIPROTEC 5 (Update A),vendor-firmware,1,1,0,1,
icsa-21-257-17,Siemens,Desigo CC Family,vendor-firmware,1,1,0,1,
icsa-21-257-18,Siemens,Siveillance OIS,vendor-firmware,1,1,0,1,
icsa-21-257-19,Siemens,SINEMA Remote Connect Server,vendor-firmware,1,6,0,6,
icsa-21-257-20,Siemens,LOGO! CMR and SIMATIC RTU 3000,vendor-firmware,1,2,2,0,mbedtls
icsa-21-257-21,Siemens,Industrial Edge,vendor-firmware,1,1,0,1,
icsa-21-257-22,Siemens,Teamcenter Active Workspace,vendor-firmware,1,1,0,1,
icsa-21-257-23,Siemens,SIMATIC and TIM,vendor-firmware,1,1,0,1,
icsa-21-259-01,Siemens,RUGGEDCOM ROX (Update A),vendor-firmware,1,3,0,3,
icsa-21-259-02,Schneider Electric,EcoStruxure and SCADAPack,vendor-firmware,1,1,0,1,
icsa-21-266-01,Trane,Symbio (Update B),vendor-firmware,1,1,0,1,
icsa-21-266-02,Trane,Tracer,vendor-firmware,1,1,0,1,
icsa-21-278-01,Mitsubishi Electric,GOT and Tension Controller (Update A),vendor-firmware,1,4,0,4,
icsa-21-278-02,Emerson,WirelessHART Gateway,vendor-firmware,1,6,0,6,
icsa-21-278-03,Moxa,MXview Network Management Software,vendor-firmware,1,5,0,5,
icsa-21-278-04,Honeywell,Experion PKS and ACE Controllers,vendor-firmware,1,3,0,3,
icsa-21-280-01,"Exacq Technologies, a subsidiary of Johnson Controls, Inc",Johnson Controls exacqVision Server Bundle,vendor-firmware,1,1,0,1,
icsa-21-280-02,Mobile,Industrial Robots Vehicles and MiR Fleet Software,linux,1,10,10,0,linux_kernel
icsa-21-280-03,"Exacq Technologies, a subsidiary of Johnson Controls, Inc",Johnson Controls exacqVision,vendor-firmware,1,1,0,1,
icsa-21-280-04,Mitsubishi Electric,MELSEC iQ-R Series C Controller Module (Update B),vendor-firmware,1,1,0,1,
icsa-21-280-05,InHand Networks,IR615 Router (Update A),vendor-firmware,1,13,0,13,
icsa-21-280-06,FATEK Automation,WinProladder,vendor-firmware,1,7,0,7,
icsa-21-280-07,FATEK Automation,Communication Server,vendor-firmware,1,1,0,1,
icsa-21-285-01,Advantech,WebAccess SCADA,vendor-firmware,1,1,0,1,
icsa-21-285-02,Advantech,WebAccess,vendor-firmware,1,2,0,2,
icsa-21-285-03,Schneider Electric,IGSS,vendor-firmware,1,4,0,4,
icsa-21-287-01,Schneider Electric,CNM,vendor-firmware,1,1,0,1,
icsa-21-287-02,Uffizio,GPS Tracker,vendor-firmware,1,7,7,0,libcurl
icsa-21-287-03,Mitsubishi Electric,Electric MELSEC iQ-R Series (Update B),vendor-firmware,1,1,0,1,
icsa-21-287-04,Siemens,SINUMERIK,vendor-firmware,1,1,0,1,
icsa-21-287-05,Siemens,SINEC NMS,vendor-firmware,1,15,15,0,openjdk
icsa-21-287-06,Siemens,Solid Edge,vendor-firmware,1,10,0,10,
icsa-21-287-07,Siemens,SCALANCE (Update A),vendor-firmware,1,15,0,15,
icsa-21-287-08,Siemens,RUGGEDCOM ROX Devices,vendor-firmware,1,1,0,1,
icsa-21-287-09,Siemens,SIMATIC Process Historian,vendor-firmware,1,1,0,1,
icsa-21-292-01,AUVESY,Versiondog,vendor-firmware,1,17,0,17,
icsa-21-292-02,Trane,HVAC Systems Controls,vendor-firmware,1,1,0,1,
icsa-21-294-01,"ICONICS, Mitsubishi Electric",ICONICS GENESIS64 and Mitsubishi Electric MC Works64,vendor-firmware,1,2,0,2,
icsa-21-294-02,Delta Electronics,DIALink,vendor-firmware,1,10,0,10,
icsa-21-294-03,ICONICS,GENESIS64 and Mitsubishi Electric MC Works64 OPC UA,vendor-firmware,1,1,0,1,
icsa-21-299-01,Fuji Electric,Tellus Lite V-Simulator and V-Server Lite,vendor-firmware,1,6,0,6,
icsa-21-301-01,"Sensormatic Electronics, LLC, a subsidiary of Johnson Controls, Inc",Sensormatic Electronics victor,vendor-firmware,1,1,0,1,
icsa-21-306-01,"Sensormatic Electronics, LLC, a subsidiary of Johnson Controls, Inc",Sensormatic Electronics VideoEdge,vendor-firmware,1,1,0,1,
icsa-21-308-01,VISAM,VBASE Editor,vendor-firmware,1,9,0,9,
icsa-21-308-02,AzeoTech,DAQFactory,vendor-firmware,1,4,0,4,
icsa-21-313-01,Schneider Electric,NMC cards and Embedded Devices,vendor-firmware,1,6,0,6,
icsa-21-313-02,Schneider Electric,GUIcon,vendor-firmware,1,3,0,3,
icsa-21-313-03,Siemens,Nucleus RTOS TCP/IP Stack,vendor-firmware,1,13,0,13,
icsa-21-313-04,mySCADA,myDESIGNER,vendor-firmware,1,1,0,1,
icsa-21-313-05,OSIsoft,PI Vision,vendor-firmware,1,2,0,2,
icsa-21-313-06,OSIsoft,PI Web API,vendor-firmware,1,1,0,1,
icsa-21-315-01,WECON,PLC Editor,vendor-firmware,1,2,0,2,
icsa-21-315-02,Multiple,Data Distribution Service (DDS) Implementations (Update A),vendor-firmware,1,13,0,13,
icsa-21-315-03,Siemens,SIMATIC WinCC (Update E),vendor-firmware,1,3,0,3,
icsa-21-315-04,Siemens,Mendix,vendor-firmware,1,1,0,1,
icsa-21-315-05,Siemens,Mendix Studio Pro,vendor-firmware,1,2,0,2,
icsa-21-315-06,Siemens,SCALANCE W1750D (Update A),vendor-firmware,1,6,0,6,
icsa-21-315-07,Siemens,Nucleus RTOS-based APOGEE and TALON Products (Update C),vendor-firmware,1,13,0,13,
icsa-21-315-08,Siemens,NX OBJ Translator,vendor-firmware,1,2,0,2,
icsa-21-315-09,Siemens,Climatix POL909 (Update A),vendor-firmware,1,1,0,1,
icsa-21-315-10,Siemens,SENTRON powermanager,vendor-firmware,1,1,0,1,
icsa-21-315-11,Siemens,SIMATIC RTLS Locating Manager,vendor-firmware,1,3,0,3,
icsa-21-315-12,Siemens,NX JT Translator,vendor-firmware,1,2,0,2,
icsa-21-315-13,Siemens,Siveillance Video DLNA Server,vendor-firmware,1,1,0,1,
icsa-21-320-01,FATEK Automation,WinProladder,vendor-firmware,1,2,0,2,
icsa-21-320-02,Mitsubishi Electric,GOT products,vendor-firmware,1,1,0,1,
icsa-21-334-01,"Xylem, Inc",Xylem Aanderaa GeoView,vendor-firmware,1,1,0,1,
icsa-21-334-02,Mitsubishi Electric,Electric MELSEC and MELIPC Series (Update G),vendor-firmware,1,3,0,3,
icsa-21-334-03,Delta Electronics,CNCSoft,vendor-firmware,1,1,0,1,
icsa-21-334-04,"Controlled Electronic Management Systems, Ltd., a subsidiary of Johnson Controls, Inc",Johnson Controls CEM Systems AC2000,linux,1,1,1,0,linux_kernel
icsa-21-334-05,Hitachi Energy,Retail Operations and CSB Software,vendor-firmware,1,1,1,0,openjdk
icsa-21-336-01,Schneider Electric,SESU,vendor-firmware,1,1,0,1,
icsa-21-336-02,"Sensormatic Electronics, LLC, a subsidiary of Johnson Controls, Inc",Johnson Controls Entrapass,vendor-firmware,1,1,0,1,
icsa-21-336-03,Distributed Data Systems,WebHMI,vendor-firmware,1,2,0,2,
icsa-21-336-04,Hitachi Energy,RTU500 series BCI,vendor-firmware,1,1,0,1,
icsa-21-336-05,Hitachi Energy,Energy Relion 670/650/SAM600-IO (Update A),vendor-firmware,1,1,0,1,
icsa-21-336-06,Hitachi Energy,APM Edge (Update A),vendor-firmware,1,29,4,25,"libxml2,openssl"
icsa-21-336-07,Hitachi Energy,PCM600 Update Manager,vendor-firmware,1,1,0,1,
icsa-21-336-08,Hitachi Energy,RTU500 series,vendor-firmware,1,3,3,0,libxml2
icsa-21-341-01,Hitachi Energy,RTU500 OpenLDAP,vendor-firmware,1,2,0,2,
icsa-21-341-02,Hitachi Energy,XMC20 and FOX61x,vendor-firmware,1,2,0,2,
icsa-21-343-01,Hitachi Energy,"GMS600, PWC600, and Relion (Update A)",vendor-firmware,1,1,0,1,
icsa-21-343-02,WECON,LeviStudioU,vendor-firmware,1,1,0,1,
icsa-21-348-01,Advantech,R-SeeNet,vendor-firmware,1,26,0,26,
icsa-21-348-02,Schneider Electric,Rack PDU (Update A),vendor-firmware,1,1,0,1,
icsa-21-350-01,"Xylem, Inc",Xylem AquaView,vendor-firmware,1,1,0,1,
icsa-21-350-02,Delta Electronics,CNCSoft,vendor-firmware,1,1,0,1,
icsa-21-350-03,Wibu-Systems AG,Wibu-Systems CodeMeter Runtime,vendor-firmware,1,1,0,1,
icsa-21-350-04,Mitsubishi Electric,GX Works2,vendor-firmware,1,1,0,1,
icsa-21-350-05,Mitsubishi Electric,FA Engineering Software (Update B),vendor-firmware,1,2,0,2,
icsa-21-350-06,Siemens,Capital VSTAR (Update A),vendor-firmware,1,9,0,9,
icsa-21-350-07,Siemens,POWER METER SICAM Q100,vendor-firmware,1,1,0,1,
icsa-21-350-08,Siemens,JTTK and JT Utilities,vendor-firmware,1,3,0,3,
icsa-21-350-09,Siemens,SINUMERIK Edge,vendor-firmware,1,1,0,1,
icsa-21-350-10,Siemens,JT2Go and Teamcenter Visualization,vendor-firmware,1,16,0,16,
icsa-21-350-11,Siemens,SIMATIC eaSie PCS 7 Skill Package,vendor-firmware,1,1,0,1,
icsa-21-350-12,Siemens,SIMATIC ITC,vendor-firmware,1,19,0,19,
icsa-21-350-13,Siemens,Questa and ModelSim (Update A),vendor-firmware,1,1,0,1,
icsa-21-350-14,Siemens,Siveillance Identity,vendor-firmware,1,3,0,3,
icsa-21-350-15,Siemens,Simcenter STAR-CCM+ Viewer,vendor-firmware,1,1,0,1,
icsa-21-350-16,Siemens,Healthineers syngo fastView (Update A),vendor-firmware,1,3,0,3,
icsa-21-350-17,Siemens,JT Utilities and JT Open Toolkit,vendor-firmware,1,16,0,16,
icsa-21-350-18,Siemens,Teamcenter Active Workspace,vendor-firmware,1,1,0,1,
icsa-21-350-19,Siemens,SiPass Integrated,vendor-firmware,1,3,0,3,
icsa-21-350-20,Siemens,JTTK and JT Utilities,vendor-firmware,1,2,0,2,
icsa-21-355-01,mySCADA,myPRO,vendor-firmware,1,8,0,8,
icsa-21-355-02,Horner Automation,Cscape EnvisionRV,vendor-firmware,1,1,0,1,
icsa-21-355-03,WECON,LeviStudioU,vendor-firmware,1,2,0,2,
icsa-21-355-04,Emerson,DeltaV,vendor-firmware,1,2,0,2,
icsa-21-357-01,Moxa,MGate Protocol Gateways,vendor-firmware,1,1,0,1,
icsa-21-357-02,"Exacq Technologies, a subsidiary of Johnson Controls, Inc",Johnson Controls exacq Enterprise Manager,vendor-firmware,1,1,1,0,
icsa-22-006-01,OMRON,CX-One,vendor-firmware,1,1,0,1,
icsa-22-006-02,"Fernhill Software, Ltd",Fernhill SCADA,vendor-firmware,1,1,0,1,
icsa-22-006-03,IDEC,PLCs,vendor-firmware,1,4,0,4,
icsa-22-011-01,"Sensormatic Electronics, LLC, a subsidiary of Johnson Controls, Inc",Johnson Controls VideoEdge,vendor-firmware,1,1,0,1,
icsa-22-013-01,Mitsubishi Electric,MELSEC-F Series,vendor-firmware,1,1,0,1,
icsa-22-013-02,Siemens,SICAM A8000,vendor-firmware,1,2,0,2,
icsa-22-013-03,Siemens,PLUSCONTROL,vendor-firmware,1,6,0,6,
icsa-22-013-04,Siemens,SIPROTEC 5 Devices,vendor-firmware,1,1,0,1,
icsa-22-013-05,Siemens,COMOS Web (Update B),vendor-firmware,1,5,0,5,
icsa-22-013-06,Siemens,SICAM PQ Analyzer,vendor-firmware,1,1,0,1,
icsa-22-013-07,Mitsubishi Electric,MELSEC-F Series,vendor-firmware,1,1,0,1,
icsa-22-020-01,Mitsubishi Electric,HMI SCADA (Update B),vendor-firmware,1,4,0,4,
icsa-22-025-01,GE,ToolBoxST,vendor-firmware,1,2,2,0,dotnet
icsa-22-032-01,"Ricon Mobile, Inc",Ricon Mobile Industrial Cellular Router,vendor-firmware,1,1,0,1,
icsa-22-032-02,Advantech,ADAM-3600,vendor-firmware,1,1,0,1,
icsa-22-034-01,"Sensormatic Electronics, LLC, a subsidiary of Johnson Controls Inc",Sensormatic PowerManage (Update A),vendor-firmware,1,1,1,0,
icsa-22-034-02,Airspan Networks,Mimosa,vendor-firmware,1,7,0,7,
icsa-22-041-01,Siemens,SIMATIC Industrial Products (Update B),vendor-firmware,1,3,0,3,
icsa-22-041-02,Siemens,SIMATIC WinCC and PCS (Update C),vendor-firmware,1,2,0,2,
icsa-22-041-03,Siemens,Simcenter Femap,vendor-firmware,1,11,0,11,
icsa-22-041-04,Siemens,SINEMA Remote Connect Server,vendor-firmware,1,1,0,1,
icsa-22-041-05,Siemens,SICAM TOOLBOX II (Update A),vendor-firmware,1,1,0,1,
icsa-22-041-06,Siemens,Spectrum Power 4,vendor-firmware,1,1,0,1,
icsa-22-041-07,Siemens,"Solid Edge, JT2Go, and Teamcenter Visualization (Update C)",vendor-firmware,1,5,0,5,
icsa-22-046-01,Schneider Electric,IGSS,vendor-firmware,1,8,0,8,
icsa-22-053-01,GE,Proficy CIMPLICITY-IPM,vendor-firmware,1,1,0,1,
icsa-22-053-02,GE,Proficy CIMPLICITY-Cleartext,vendor-firmware,1,1,0,1,
icsa-22-053-03,WIN-911,2021,vendor-firmware,1,2,0,2,
icsa-22-055-01,FATEK Automation,FvDesigner,vendor-firmware,1,3,0,3,
icsa-22-055-02,Mitsubishi Electric,EcoWebServerIII,vendor-firmware,1,9,0,9,
icsa-22-055-03,Schneider Electric,Easergy P5 and P3 (Update A),vendor-firmware,1,4,0,4,
icsa-22-062-01,IPCOMM,ipDIO,vendor-firmware,1,4,0,4,
icsa-22-063-01,Trailer,Power Line Communications (PLC) J2497,vendor-firmware,1,2,0,2,
icsa-22-067-01,PTC,Axeda agent and Axeda Desktop Server (Update C),linux,1,7,7,0,linux_kernel
icsa-22-067-02,AVEVA,System Platform,vendor-firmware,1,1,0,1,
icsa-22-069-01,Siemens,RUGGEDCOM Devices (Update D),vendor-firmware,1,1,0,1,
icsa-22-069-02,Siemens,SIMOTICS CONNECT 400,vendor-firmware,1,4,0,4,
icsa-22-069-03,Siemens,SINEC NMS (Update A),vendor-firmware,1,3,3,0,openjdk
icsa-22-069-04,Siemens,SINEMA Mendix Forgot Password Appstore,vendor-firmware,1,2,0,2,
icsa-22-069-05,Siemens,Simcenter STAR-CCM+ Viewer,vendor-firmware,1,1,0,1,
icsa-22-069-06,Siemens,COMOS,vendor-firmware,1,15,0,15,
icsa-22-069-07,Siemens,Climatix POL909,vendor-firmware,1,3,0,3,
icsa-22-069-08,Siemens,Polarion ALM (Update A),vendor-firmware,1,1,0,1,
icsa-22-069-09,Siemens,SINEC INS,vendor-firmware,1,71,8,63,"libcurl,sqlite"
icsa-22-069-10,Siemens,Simcenter Femap,vendor-firmware,1,2,0,2,
icsa-22-069-11,Siemens,SINUMERIK MC,vendor-firmware,1,1,0,1,
icsa-22-069-12,Siemens,RUGGEDCOM ROS (Update A),vendor-firmware,1,6,0,6,
icsa-22-069-13,Siemens,Mendix (Update A),vendor-firmware,1,1,0,1,
icsa-22-074-01,ABB,OPC Server for AC 800M,vendor-firmware,1,1,0,1,
icsa-22-081-01,Delta Electronics,DIAEnergie (Update C),vendor-firmware,1,29,0,29,
icsa-22-083-01,Yokogawa,CENTUM and Exaopc,vendor-firmware,1,10,0,10,
icsa-22-083-02,mySCADA,myPRO,vendor-firmware,1,1,0,1,
icsa-22-088-01,Rockwell Automation,ISaGRAF (Update A),vendor-firmware,1,1,0,1,
icsa-22-088-02,OMRON,CX-Position,vendor-firmware,1,4,0,4,
icsa-22-088-03,Hitachi Energy,LinkOne WebView,vendor-firmware,1,4,0,4,
icsa-22-088-04,Modbus Tools,Modbus Slave,vendor-firmware,1,1,0,1,
icsa-22-090-01,Schneider Electric,SCADAPack Workbench,vendor-firmware,1,1,0,1,
icsa-22-090-02,Hitachi Energy,e-mesh EMS,vendor-firmware,1,4,0,4,
icsa-22-090-03,Fuji Electric,Alpha5,vendor-firmware,1,5,0,5,
icsa-22-090-04,Mitsubishi Electric,FA Products (Update A),vendor-firmware,1,6,0,6,
icsa-22-090-05,Rockwell Automation,Logix Controllers,vendor-firmware,1,1,0,1,
icsa-22-090-06,GE,MDS Radios,vendor-firmware,1,6,6,0,goahead
icsa-22-090-07,Rockwell Automation,Studio 5000 Logix Designer,vendor-firmware,1,1,0,1,
icsa-22-095-01,Rockwell Automation,ISaGRAF,vendor-firmware,1,1,0,1,
icsa-22-095-02,Johnson Controls Inc,Johnson Controls Metasys,vendor-firmware,1,1,0,1,
icsa-22-097-01,Pepperl+Fuchs,WirelessHART-Gateway,vendor-firmware,1,19,0,19,"openjdk,openssl"
icsa-22-097-02,ABB,SPIET800 and PNI800,vendor-firmware,1,3,0,3,
icsa-22-102-01,Valmet,DNA,vendor-firmware,1,1,0,1,
icsa-22-102-02,Mitsubishi Electric,MELSEC-Q Series C Controller Module,vendor-firmware,1,1,0,1,
icsa-22-102-03,Inductive Automation,Ignition,vendor-firmware,1,1,0,1,
icsa-22-102-04,Mitsubishi Electric,GT25-WLAN (Update A),vendor-firmware,1,7,0,7,
icsa-22-102-05,Aethon,TUG Home Base Server,vendor-firmware,1,5,0,5,
icsa-22-104-01,Delta Electronics,DMARS,vendor-firmware,1,1,0,1,
icsa-22-104-02,Johnson Controls Inc,Johnson Controls Metasys,vendor-firmware,1,1,0,1,
icsa-22-104-03,Red Lion,DA50N,linux,1,3,3,0,linux_kernel
icsa-22-104-04,Siemens,SCALANCE FragAttacks,linux,1,9,9,0,linux_kernel
icsa-22-104-05,Siemens,OpenSSL Vulnerabilities in Industrial Products (Update B),vendor-firmware,1,1,1,0,openssl
icsa-22-104-06,Siemens,PROFINET Stack Integrated on Interniche Stack (Update E),vendor-firmware,1,1,0,1,
icsa-22-104-07,Siemens,Mendix (Update B),vendor-firmware,1,1,0,1,
icsa-22-104-08,Siemens,SCALANCE W1700,vendor-firmware,1,3,0,3,
icsa-22-104-09,Siemens,SCALANCE X-300 Switches,vendor-firmware,1,9,9,0,net_snmp
icsa-22-104-10,Siemens,SICAM A8000,vendor-firmware,1,1,0,1,
icsa-22-104-11,Siemens,SIMATIC Energy Manager,vendor-firmware,1,3,0,3,
icsa-22-104-12,Siemens,SIMATIC S7-400 (Update A),vendor-firmware,1,1,0,1,
icsa-22-104-13,Siemens,SIMATIC S7-1500 CPU GNU/Linux subsystem (Update A),linux,1,0,0,0,linux_kernel
icsa-22-104-14,Siemens,SIMATIC STEP 7 (TIA Portal),vendor-firmware,1,1,0,1,
icsa-22-104-15,Siemens,Simcenter Femap,vendor-firmware,1,3,0,3,
icsa-22-104-16,Siemens,TIA Administrator (Update A),vendor-firmware,1,1,0,1,
icsa-22-104-17,Siemens,Mendix,vendor-firmware,1,1,0,1,
icsa-22-109-01,Interlogix is a part of Carrier Global Corporation,Interlogix Hills ComNav,vendor-firmware,1,2,0,2,
icsa-22-109-02,Automated Logic is a part of Carrier Global Corporation,Automated Logic WebCTRL,vendor-firmware,1,1,0,1,
icsa-22-109-03,FANUC Corporation / FANUC America Corporation,FANUC ROBOGUIDE Simulation Platform,vendor-firmware,1,5,0,5,
icsa-22-109-04,Elcomplus,SmartPTT SCADA,vendor-firmware,1,4,0,4,
icsa-22-109-05,Elcomplus,SmartPTT SCADA Server,vendor-firmware,1,5,0,5,
icsa-22-111-01,Delta Electronics,ASDA-Soft,vendor-firmware,1,2,0,2,
icsa-22-111-02,"Johnson Controls, Inc",Johnson Controls Metasys SCT Pro,vendor-firmware,1,1,0,1,
icsa-22-111-03,Hitachi Energy,MicroSCADA Pro/X SYS600,vendor-firmware,1,9,9,0,openssl
icsa-22-116-01,Hitachi Energy,System Data Manager,vendor-firmware,1,7,7,0,openssl
icsa-22-118-01,"Johnson Controls, Inc",Johnson Controls Metasys,vendor-firmware,1,1,0,1,
icsa-22-123-01,Yokogawa,CENTUM and ProSafe-RS,vendor-firmware,1,5,0,5,
icsa-22-125-01,"Johnson Controls, Inc",Johnson Controls Metasys,vendor-firmware,1,1,0,1,
icsa-22-130-01,Adminer,in Industrial Products,vendor-firmware,1,1,0,1,
icsa-22-130-02,Eaton,Intelligent Power Protector,vendor-firmware,1,1,1,0,net_snmp
icsa-22-130-03,Eaton,Intelligent Power Manager Infrastructure,vendor-firmware,1,3,3,0,net_snmp
icsa-22-130-04,Eaton,Intelligent Power Manager,vendor-firmware,1,1,1,0,net_snmp
icsa-22-130-05,AVEVA,InTouch Access Anywhere and Plant SCADA Access Anywhere,vendor-firmware,1,1,0,1,
icsa-22-130-06,Mitsubishi Electric,MELSOFT GT OPC UA,vendor-firmware,1,2,2,0,
icsa-22-132-01,Delta Electronics,CNCSoft,vendor-firmware,1,2,0,2,
icsa-22-132-02,Mitsubishi Electric,MELSOFT iQ AppPortal,vendor-firmware,1,8,8,0,openssl
icsa-22-132-03,Inkscape,in Industrial Products,vendor-firmware,1,3,0,3,
icsa-22-132-04,Cambium Networks,cnMaestro,vendor-firmware,1,7,0,7,
icsa-22-132-05,Siemens,Industrial PCs and CNC devices (Update A),linux,1,4,4,0,linux_kernel
icsa-22-132-06,Siemens,SIMATIC WinCC (Update A),vendor-firmware,1,1,0,1,
icsa-22-132-07,Siemens,SICAM P850 and SICAM P855,vendor-firmware,1,11,0,11,
icsa-22-132-08,Siemens,Industrial Products with OPC UA (Update C),vendor-firmware,1,1,0,1,
icsa-22-132-09,Siemens,JT2GO and Teamcenter Visualization,vendor-firmware,1,6,0,6,
icsa-22-132-10,Siemens,Desigo PXC and DXR Devices (Update A),vendor-firmware,1,8,0,8,
icsa-22-132-11,Siemens,SIMATIC CP 44x-1 RNA,vendor-firmware,1,1,0,1,
icsa-22-132-12,Siemens,Industrial Products (Update C),vendor-firmware,1,1,0,1,
icsa-22-132-13,Siemens,Industrial Devices using libcurl (Update B),vendor-firmware,1,2,0,2,"libcurl,openssl"
icsa-22-132-14,Siemens,Simcenter Femap,vendor-firmware,1,1,0,1,
icsa-22-132-15,Siemens,OpenV2G,vendor-firmware,1,1,0,1,
icsa-22-132-16,Siemens,Teamcenter (Update B),vendor-firmware,1,2,0,2,
icsa-22-137-01,Circutor,COMPACT DC-S BASIC,vendor-firmware,1,1,0,1,
icsa-22-139-01,Mitsubishi Electric,MELSEC iQ-F Series (Update A),vendor-firmware,1,2,0,2,
icsa-22-144-01,Rockwell Automation,Logix Controllers,vendor-firmware,1,1,0,1,
icsa-22-144-02,"Matrikon, a subsidiary of Honeywell",Matrikon OPC Server,vendor-firmware,1,1,0,1,
icsa-22-146-01,"Keysight Technologies, Inc",Keysight N6854A Geolocation server and N6841A RF Sensor soft,vendor-firmware,1,2,0,2,
icsa-22-146-02,Horner Automation,Cscape Csfont,vendor-firmware,1,4,0,4,
icsa-22-151-01,Fuji Electric,Alpha7 PC Loader,vendor-firmware,1,1,0,1,
icsa-22-153-01,Carrier LenelS2,HID Mercury access panels,vendor-firmware,1,8,0,8,
icsa-22-153-02,Illumina,Local Run Manager (Update A),vendor-firmware,1,5,0,5,
icsa-22-154-01,Vulnerabilities,Affecting Dominion Voting Systems ImageCast X,vendor-firmware,1,9,0,9,
icsa-22-160-01,Mitsubishi Electric,Air Conditioning Systems,vendor-firmware,1,5,0,5,
icsa-22-165-01,"Johnson Controls, Inc",Johnson Controls Metasys ADS ADX OAS Servers,vendor-firmware,1,3,0,3,
icsa-22-165-02,Meridian Cooperative,Meridian,vendor-firmware,1,1,0,1,
icsa-22-165-03,Mitsubishi Electric,MELSEC-Q/L and MELSEC iQ-R,vendor-firmware,1,1,0,1,
icsa-22-167-01,AutomationDirect,C-More EA9 HMI,vendor-firmware,1,2,0,2,
icsa-22-167-02,AutomationDirect,DirectLOGIC with Serial Communication (Update A),vendor-firmware,1,1,0,1,
icsa-22-167-03,AutomationDirect,DirectLOGIC with Ethernet (Update A),vendor-firmware,1,2,0,2,
icsa-22-167-04,Siemens,Mendix SAML Module,vendor-firmware,1,2,0,2,
icsa-22-167-05,Siemens,EN100 Ethernet Module,vendor-firmware,1,1,0,1,
icsa-22-167-06,Siemens,Apache HTTP Server (Update A),vendor-firmware,1,3,0,3,
icsa-22-167-07,Siemens,SINEMA Remote Connect Server,vendor-firmware,1,2,0,2,
icsa-22-167-08,Siemens,SICAM GridEdge,vendor-firmware,1,3,0,3,
icsa-22-167-09,Siemens,SCALANCE LPE9403 Third-Party Vulnerabilities,linux,1,11,11,0,linux_kernel
icsa-22-167-10,Siemens,SCALANCE XM-400 and XR-500,vendor-firmware,1,1,0,1,
icsa-22-167-11,Siemens,Xpedition Designer,vendor-firmware,1,1,0,1,
icsa-22-167-12,Siemens,Spectrum Power Systems,vendor-firmware,1,1,0,1,
icsa-22-167-13,Siemens,Teamcenter (Update A),vendor-firmware,1,1,1,0,openjdk
icsa-22-167-14,Siemens,OpenSSL Affected Industrial Products (Update E),vendor-firmware,1,1,1,0,openssl
icsa-22-167-15,Siemens,Teamcenter Active Workspace,vendor-firmware,1,1,0,1,
icsa-22-167-16,Siemens,SCALANCE LPE 4903 and SINUMERIK Edge,vendor-firmware,1,1,0,1,
icsa-22-167-17,Siemens,SINEMA Remote Connect Server,vendor-firmware,1,30,5,25,"expat,libcurl,openssl"
icsa-22-172-01,Mitsubishi Electric,"Electric MELSEC iQ-R, Q, L Series and MELIPC Series (Update ",vendor-firmware,1,1,0,1,
icsa-22-172-02,JTEKT,TOYOPUC,vendor-firmware,1,2,0,2,
icsa-22-172-03,Phoenix Contact,Classic Line Controllers,vendor-firmware,1,1,0,1,
icsa-22-172-04,Phoenix Contact,ProConOS and MULTIPROG,vendor-firmware,1,1,0,1,
icsa-22-172-05,Phoenix Contact,Classic Line Industrial Controllers,vendor-firmware,1,1,0,1,
icsa-22-172-06,Siemens,WinCC OA,vendor-firmware,1,1,0,1,
icsa-22-174-01,Yokogawa,STARDOM,vendor-firmware,1,2,0,2,
icsa-22-174-02,Yokogawa,CAMS for HIS,vendor-firmware,1,1,0,1,
icsa-22-174-03,Secheron,SEPCOS Control and Protection Relay,vendor-firmware,1,7,0,7,
icsa-22-174-04,"Pyramid Solutions, Inc",Pyramid Solutions EtherNet/IP Adapter Development Kit,vendor-firmware,1,1,0,1,
icsa-22-174-05,Elcomplus LLC,Elcomplus SmartICS,vendor-firmware,1,3,0,3,
icsa-22-179-01,ABB,e-Design,vendor-firmware,1,2,0,2,
icsa-22-179-02,OMRON,SYSMAC CS/CJ/CP Series and NJ/NX Series,vendor-firmware,1,4,0,4,
icsa-22-179-03,Advantech,iView,vendor-firmware,1,7,0,7,
icsa-22-179-04,Motorola Solutions,MOSCAD IP and ACE IP Gateways,vendor-firmware,1,1,0,1,
icsa-22-179-05,Motorola Solutions,MDLC,vendor-firmware,1,2,0,2,
icsa-22-179-06,Motorola Solutions,ACE1000,vendor-firmware,1,5,0,5,
icsa-22-181-01,Exemys,RME1,vendor-firmware,1,1,0,1,
icsa-22-181-02,Yokogawa,Wide Area Communication Router,vendor-firmware,1,1,0,1,
icsa-22-181-03,Emerson,DeltaV Distributed Control System,vendor-firmware,1,7,0,7,
icsa-22-181-04,Distributed Data Systems,WebHMI,vendor-firmware,1,2,0,2,
icsa-22-188-01,Rockwell Automation,MicroLogix,vendor-firmware,1,1,0,1,
icsa-22-188-02,Bently Nevada,ADAPT 3701/4X Series and 60M100,vendor-firmware,1,2,0,2,
icsa-22-193-01,Dahua,ASI7213X-T1 (Update A),vendor-firmware,1,4,0,4,
icsa-22-195-01,Siemens,SCALANCE X Switch Devices,vendor-firmware,1,3,0,3,
icsa-22-195-02,Siemens,SICAM GridEdge,vendor-firmware,1,1,0,1,
icsa-22-195-03,Siemens,SIMATIC MV500 Devices,vendor-firmware,1,2,0,2,
icsa-22-195-04,Siemens,Simcenter Femap,vendor-firmware,1,1,0,1,
icsa-22-195-05,Siemens,RUGGEDCOM ROX,vendor-firmware,1,1,0,1,
icsa-22-195-06,Siemens,Mendix Excel Importer,vendor-firmware,1,1,0,1,
icsa-22-195-07,Siemens,Datalogics File Parsing Vulnerability (Update A),vendor-firmware,1,1,0,1,
icsa-22-195-08,Siemens,PADS Standard/Plus Viewer,vendor-firmware,1,20,0,20,
icsa-22-195-09,Siemens,Simcenter Femap and Parasolid (Update B),vendor-firmware,1,1,0,1,
icsa-22-195-10,Siemens,Mendix Applications,vendor-firmware,1,1,0,1,
icsa-22-195-11,Open Design Alliance,Drawings SDK,vendor-firmware,1,3,0,3,
icsa-22-195-12,Siemens,SRCS VPN Feature in SIMATIC CP Devices (Update A),vendor-firmware,1,3,3,0,openvpn
icsa-22-195-13,Siemens,Mendix,vendor-firmware,1,1,0,1,
icsa-22-195-14,Siemens,CPC80 Firmware of SICAM A8000,vendor-firmware,1,1,0,1,
icsa-22-195-15,Siemens,SIMATIC eaSie Core Package,vendor-firmware,1,2,0,2,
icsa-22-195-16,Siemens,EN100 Ethernet Module,vendor-firmware,1,1,0,1,
icsa-22-195-17,Siemens,Opcenter Quality,vendor-firmware,1,1,0,1,
icsa-22-195-18,Siemens,RUGGEDCOM ROS (Update A),vendor-firmware,1,1,0,1,
icsa-22-200-01,MiCODUS,MV720 GPS tracker (Update A),vendor-firmware,1,5,0,5,
icsa-22-202-01,ABB,"Drive Composer, Automation Builder, Mint Workbench",vendor-firmware,1,5,0,5,
icsa-22-202-02,"Johnson Controls, Inc","Johnson Controls Metasys ADS, ADX, OAS",vendor-firmware,1,1,0,1,
icsa-22-202-03,Rockwell Automation,ISaGRAF Workbench,vendor-firmware,1,3,0,3,
icsa-22-202-04,Mitsubishi Electric,ICONICS Suite and Mitsubishi Electric MC Works64 Products (U,vendor-firmware,1,7,0,7,
icsa-22-202-05,AutomationDirect,Stride Field I/O,vendor-firmware,1,1,0,1,
icsa-22-207-01,Inductive Automation,Ignition (Update A),vendor-firmware,1,1,0,1,
icsa-22-207-02,Honeywell,Safety Manager,vendor-firmware,1,4,0,4,
icsa-22-207-03,Honeywell,Saia Burgess PG5 PCD,vendor-firmware,1,2,0,2,
icsa-22-207-04,Moxa,NPort 5110,vendor-firmware,1,2,0,2,
icsa-22-209-01,Rockwell Automation,Rockwell Products Impacted by Chromium Type Confusion,vendor-firmware,1,1,0,1,
icsa-22-216-01,"Digi International, Inc",Digi ConnectPort X2D,vendor-firmware,1,1,0,1,
icsa-22-221-01,Mitsubishi Electric,Multiple Factory Automation Products (Update C),vendor-firmware,1,2,2,0,openssl
icsa-22-221-02,Emerson,ControlWave,vendor-firmware,1,1,0,1,
icsa-22-221-03,Emerson,OpenBSI,vendor-firmware,1,2,0,2,
icsa-22-223-01,Siemens,Simcenter STAR-CCM+,vendor-firmware,1,1,0,1,
icsa-22-223-02,Siemens,Teamcenter,vendor-firmware,1,2,0,2,
icsa-22-223-03,Schneider Electric,"EcoStruxure, EcoStruxure Process Expert, SCADAPack RemoteCon",vendor-firmware,1,13,0,13,
icsa-22-223-04,Emerson,"ROC800, ROC800L and DL8000",vendor-firmware,1,1,0,1,
icsa-22-223-05,Siemens,SICAM A8000 Web Server Module,vendor-firmware,1,1,0,1,
icsa-22-223-06,Siemens,SICAM TOOLBOX II,vendor-firmware,1,1,0,1,
icsa-22-223-07,Siemens,SCALANCE (Update A),vendor-firmware,1,3,0,3,
icsa-22-228-01,Yokogawa,CENTUM Controller FCS,vendor-firmware,1,1,0,1,
icsa-22-228-02,LS ELECTRIC,ELECTRIC PLC and XG5000 (Update A),vendor-firmware,1,1,0,1,
icsa-22-228-03,Delta Electronics,Delta Industrial Automation DRAS,vendor-firmware,1,1,0,1,
icsa-22-228-04,Softing,Secure Integration Server,vendor-firmware,1,9,9,0,nginx
icsa-22-228-05,B&R Industrial Automation,B&amp;R Industrial Automation Automation Studio 4,vendor-firmware,1,1,0,1,
icsa-22-228-06,Emerson,Proficy Machine Edition,vendor-firmware,1,6,0,6,
icsa-22-228-07,Sequi,PortBloque S,vendor-firmware,1,2,0,2,
icsa-22-235-01,ARC Informatique,PcVue (Update A),vendor-firmware,1,1,0,1,
icsa-22-235-02,Delta Electronics,Delta Industrial Automation DIALink,vendor-firmware,1,1,0,1,
icsa-22-235-03,mySCADA Technologies,mySCADA myPRO,vendor-firmware,1,1,0,1,
icsa-22-235-05,Measuresoft,ScadaPro Server,vendor-firmware,1,1,0,1,
icsa-22-235-06,Measuresoft,ScadaPro Server and Client,vendor-firmware,1,5,0,5,
icsa-22-235-07,Hitachi Energy,RTU500,vendor-firmware,1,1,0,1,
icsa-22-237-01,FATEK Automation,FvDesigner,vendor-firmware,1,1,0,1,
icsa-22-242-01,Hitachi Energy,FACTS Control Platform (FCP) Product,vendor-firmware,1,7,7,0,openssl
icsa-22-242-02,Hitachi Energy,Gateway Station (GWS) Product,vendor-firmware,1,7,7,0,openssl
icsa-22-242-03,Hitachi Energy,MSM Product,vendor-firmware,1,13,0,13,"goahead,libcurl"
icsa-22-242-04,Hitachi Energy,RTU500 series,vendor-firmware,1,1,0,1,
icsa-22-242-05,Fuji Electric,D300win,vendor-firmware,1,2,0,2,
icsa-22-242-06,Honeywell,ControlEdge,vendor-firmware,1,1,0,1,
icsa-22-242-07,Honeywell,Experion LX,vendor-firmware,1,1,0,1,
icsa-22-242-08,Honeywell,Trend Controls Inter-Controller Protocol,vendor-firmware,1,1,0,1,
icsa-22-242-09,OMRON,CX-Programmer,vendor-firmware,1,1,0,1,
icsa-22-242-10,PTC,Kepware KEPServerEX (Update A),vendor-firmware,1,2,0,2,
icsa-22-242-11,"Sensormatic Electronics, a subsidiary of Johnson Controls Inc",Sensormatic Electronics iSTAR,vendor-firmware,1,1,0,1,
icsa-22-244-01,Delta Electronics,DOPSoft (Update A),vendor-firmware,1,1,0,1,
icsa-22-249-01,Triangle Microworks,Libraries,vendor-firmware,1,1,0,1,
icsa-22-249-02,AVEVA,Edge 2020 R2 SP1 and all prior versions,vendor-firmware,1,6,0,6,
icsa-22-249-03,Cognex,3D-A1000 Dimensioning System,vendor-firmware,1,3,0,3,
icsa-22-249-04,Hitachi Energy,TXpert Hub CoreTec 4,vendor-firmware,1,3,0,3,
icsa-22-251-01,MZ Automation GmbH,MZ Automation libIEC61850,vendor-firmware,1,4,0,4,
icsa-22-256-01,Hitachi Energy,TXpert Hub CoreTec 4 Sudo Vulnerability,linux,1,1,1,0,linux_kernel
icsa-22-256-02,Honeywell,SoftMaster,vendor-firmware,1,2,0,2,
icsa-22-256-03,Delta Electronics,DIAEnergie (Update A),vendor-firmware,1,1,0,1,
icsa-22-256-04,Kingspan,TMS300 CS,vendor-firmware,1,1,0,1,
icsa-22-258-01,Siemens,CoreShield OWG Software,linux,1,1,1,0,linux_kernel
icsa-22-258-02,Siemens,Simcenter Femap and Parasolid,vendor-firmware,1,20,0,20,
icsa-22-258-03,Siemens,RUGGEDCOM ROS (Update A),vendor-firmware,1,1,0,1,
icsa-22-258-04,Siemens,Mendix SAML Module (Update B),vendor-firmware,1,2,0,2,
icsa-22-258-05,Siemens,SINEC INS,vendor-firmware,1,14,14,0,openssl
icsa-22-263-01,Hitachi Energy,PROMOD IV,vendor-firmware,1,1,0,1,
icsa-22-263-02,Hitachi Energy,AFF660/665 Series,vendor-firmware,1,1,0,1,
icsa-22-263-03,Dataprobe,iBoot-PDU (Update A),vendor-firmware,1,12,12,0,net_snmp
icsa-22-263-04,Host Engineering,Communications Module,vendor-firmware,1,1,0,1,
icsa-22-265-01,Measuresoft,ScadaPro Server,vendor-firmware,1,1,0,1,
icsa-22-270-01,Hitachi Energy,AFS660/AFS665,vendor-firmware,1,1,0,1,
icsa-22-270-02,Hitachi Energy,APM Edge,vendor-firmware,1,2,0,2,
icsa-22-270-03,Rockwell Automation,ThinManager ThinServer,vendor-firmware,1,1,0,1,
icsa-22-272-01,Hitachi Energy,MicroSCADA Pro X SYS600,vendor-firmware,1,5,0,5,
icsa-22-272-02,Hitachi Energy,MicroSCADA Pro X SYS600,vendor-firmware,1,2,2,0,openssl
icsa-22-277-01,Johnson Controls Inc,Johnson Controls Metasys ADX Server,vendor-firmware,1,1,0,1,
icsa-22-277-02,Hitachi Energy,Modular Switchgear Monitoring (MSM),vendor-firmware,1,2,0,2,
icsa-22-277-03,Horner Automation,Cscape,vendor-firmware,1,3,0,3,
icsa-22-277-04,OMRON,CX-Programmer,vendor-firmware,1,3,0,3,
icsa-22-279-01,Rockwell Automation,FactoryTalk VantagePoint,vendor-firmware,1,2,0,2,
icsa-22-279-02,HIWIN,Robot System Software (HRSS),vendor-firmware,1,1,0,1,
icsa-22-284-01,Altair,HyperView Player,vendor-firmware,1,4,0,4,
icsa-22-284-02,Daikin Holdings Singapore Pte Ltd,Daikin Holdings Singapore,vendor-firmware,1,2,0,2,
icsa-22-284-03,"Sensormatic Electronics, LLC, a subsidiary of Johnson Controls Inc",Sensormatic Electronics C-CURE 9000,vendor-firmware,1,1,0,1,
icsa-22-286-01,Siemens,LOGO!,vendor-firmware,1,1,0,1,
icsa-22-286-02,Siemens,Industrial Edge Management,vendor-firmware,1,1,0,1,
icsa-22-286-03,Siemens,Solid Edge,vendor-firmware,1,1,0,1,
icsa-22-286-04,Siemens,SIMATIC S7-1200 and S7-1500 CPU Families,vendor-firmware,1,1,0,1,
icsa-22-286-05,Hitachi Energy,Lumada Asset Performance Management Prognostic Model Executo,vendor-firmware,1,2,2,0,spring
icsa-22-286-06,Siemens,Desigo PXM Devices,vendor-firmware,1,7,0,7,
icsa-22-286-07,Siemens,Nucleus RTOS FTP Server (Update A),vendor-firmware,1,1,0,1,
icsa-22-286-08,Siemens,TCP Event Service of SCALANCE And RUGGEDCOM Devices,vendor-firmware,1,1,0,1,
icsa-22-286-09,Siemens,SICAM P850 and P855 Devices (Update A),vendor-firmware,1,2,0,2,
icsa-22-286-10,Siemens,JT Open Toolkit and Simcenter Femap,vendor-firmware,1,1,0,1,
icsa-22-286-11,Siemens,SCALANCE and RUGGEDCOM Products (Update B),vendor-firmware,1,1,0,1,
icsa-22-286-12,Siemens,"APOGEE, TALON and Desigo PXC/PXM Products",vendor-firmware,1,1,0,1,
icsa-22-286-13,Siemens,LOGO! 8 BM Devices,vendor-firmware,1,3,0,3,
icsa-22-286-14,Siemens,SIMATIC HMI Panels,vendor-firmware,1,1,0,1,
icsa-22-286-15,Siemens,SCALANCE X-200 and X-200IRT Families (Update A),vendor-firmware,1,1,0,1,
icsa-22-286-16,Siemens,Desigo CC and Cerberus DMS,vendor-firmware,1,1,0,1,
icsa-22-291-01,Advantech,R-SeeNet,vendor-firmware,1,3,0,3,
icsa-22-293-01,Bentley Systems,MicroStation Connect,vendor-firmware,1,2,0,2,
icsa-22-298-01,"Haas Automation, Inc",Haas Controller,vendor-firmware,1,3,0,3,
icsa-22-298-02,HEIDENHAIN,Controller TNC (Update A),vendor-firmware,1,1,0,1,
icsa-22-298-03,Siemens,Siveillance Video Mobile Server,vendor-firmware,1,1,0,1,
icsa-22-298-04,Hitachi Energy,MicroSCADA X DMS600,vendor-firmware,1,2,0,2,
icsa-22-298-05,"CKS, a subsidiary of Johnson Controls Inc",Johnson Controls CKS CEVAS,vendor-firmware,1,1,0,1,
icsa-22-298-06,Delta Electronics,DIAEnergie (Update B),vendor-firmware,1,14,0,14,
icsa-22-298-07,Delta Electronics,InfraSuite Device Master (Update A),vendor-firmware,1,10,0,10,
icsa-22-300-01,Rockwell Automation,FactoryTalk Alarm and Events Server,vendor-firmware,1,1,0,1,
icsa-22-300-02,SAUTER Controls,moduWeb,vendor-firmware,1,1,0,1,
icsa-22-300-03,Rockwell Automation,Stratix Devices Containing Cisco IOS,linux,1,9,9,0,linux_kernel
icsa-22-300-04,Trihedral,VTScada,vendor-firmware,1,1,0,1,
icsa-22-307-01,ETIC,Telecom Remote Access Server (RAS) (Update B),vendor-firmware,1,8,0,8,
icsa-22-307-02,Nokia,ASIK AirScale System Module,linux,1,3,3,0,linux_kernel
icsa-22-307-03,Delta Electronics,DIALink,vendor-firmware,1,1,0,1,
icsa-22-314-01,Siemens,Parasolid,vendor-firmware,1,2,0,2,
icsa-22-314-02,Siemens,Web Server Login Page of Industrial Controllers (Update A),vendor-firmware,1,1,0,1,
icsa-22-314-03,Siemens,SINEC Network Management System Logback Component,vendor-firmware,1,1,0,1,
icsa-22-314-04,Siemens,SINUMERIK ONE and SINUMERIK MC,vendor-firmware,1,1,0,1,
icsa-22-314-05,Siemens,RUGGEDCOM ROS,vendor-firmware,1,1,0,1,
icsa-22-314-06,Siemens,QMS Automotive,vendor-firmware,1,1,0,1,
icsa-22-314-07,OMRON,NJ/NX-series Machine Automation Controllers,vendor-firmware,1,1,0,1,
icsa-22-314-08,OMRON,NJ/NX-series Machine Automation Controllers,vendor-firmware,1,2,0,2,
icsa-22-314-09,Siemens,Teamcenter Visualization and JT2Go (Update A),vendor-firmware,1,6,0,6,
icsa-22-314-10,Siemens,SCALANCE W1750D,vendor-firmware,1,13,0,13,
icsa-22-314-11,Siemens,SICAM Q100,vendor-firmware,1,4,0,4,
icsa-22-319-01,Mitsubishi Electric,GT SoftGOT2000,vendor-firmware,1,1,1,0,openssl
icsa-22-321-01,Red Lion Controls,Red Lion Crimson,vendor-firmware,1,1,0,1,
icsa-22-321-02,Cradlepoint,IBR600,vendor-firmware,1,1,0,1,
icsa-22-326-01,AVEVA,Edge,vendor-firmware,1,4,0,4,
icsa-22-326-02,Digital Alert Systems,DASDEC,vendor-firmware,1,2,0,2,
icsa-22-326-03,Phoenix Contact,Automation Worx,vendor-firmware,1,2,0,2,
icsa-22-326-04,GE,CIMPLICITY,vendor-firmware,1,5,0,5,
icsa-22-326-05,Moxa,Multiple ARM-Based Computers,vendor-firmware,1,1,0,1,
icsa-22-333-01,Mitsubishi Electric,GOT2000,vendor-firmware,1,1,0,1,
icsa-22-333-02,Hitachi Energy,Energy IED Connectivity Packages and PCM600 Products (Update,vendor-firmware,1,1,0,1,
icsa-22-333-03,Hitachi Energy,Energy MicroSCADA Pro/X SYS600 Products (Update A),vendor-firmware,1,1,0,1,
icsa-22-333-04,Moxa,UC Series (Update A),vendor-firmware,1,1,0,1,
icsa-22-333-05,Mitsubishi Electric,Electric FA Engineering Software (Update C),vendor-firmware,1,10,0,10,
icsa-22-335-01,Mitsubishi Electric,MELSEC iQ-R Series,vendor-firmware,1,1,0,1,
icsa-22-335-02,Horner Automation,Remote Compact Controller,vendor-firmware,1,3,0,3,
icsa-22-342-01,Advantech,iView,vendor-firmware,1,1,0,1,
icsa-22-342-02,AVEVA,InTouch Access Anywhere and Plant SCADA Access Anywhere (Upd,vendor-firmware,1,3,3,0,openssl
icsa-22-342-03,Rockwell Automation,Logix controllers,vendor-firmware,1,1,0,1,
icsa-22-346-05,Siemens,PLM Help Server,vendor-firmware,1,1,0,1,
icsa-22-347-01,"ICONICS, Mitsubishi Electric",ICONICS and Mitsubishi Electric Products,vendor-firmware,1,1,0,1,
icsa-22-347-02,Schneider Electric,APC Easy UPS Online,vendor-firmware,1,4,4,0,tomcat
icsa-22-347-03,Contec,CONPROSYS HMI System (CHS) Update A,vendor-firmware,1,5,0,5,
icsa-22-349-01,Prosys OPC,UA Simulation Server (Update A),vendor-firmware,1,1,0,1,
icsa-22-349-02,Siemens,SCALANCE X-200RNA Switch Devices,vendor-firmware,1,6,6,0,net_snmp
icsa-22-349-03,Siemens,Multiple Denial of Service Vulnerabilities in Industrial Pro,vendor-firmware,1,4,0,4,
icsa-22-349-04,Siemens,Multiple Vulnerabilities in SCALANCE Products,vendor-firmware,1,5,5,0,openvpn
icsa-22-349-06,Siemens,SIMATIC WinCC OA Ultralight Client,vendor-firmware,1,1,0,1,
icsa-22-349-07,Siemens,Simcenter STAR-CCM+,vendor-firmware,1,1,0,1,
icsa-22-349-08,Siemens,Polarion ALM,vendor-firmware,1,1,0,1,
icsa-22-349-09,Siemens,Products affected by OpenSSL 3.0,vendor-firmware,1,2,2,0,openssl
icsa-22-349-10,Siemens,APOGEE/TALON Field Panels,vendor-firmware,1,1,0,1,
icsa-22-349-11,Siemens,SIPROTEC 5 Devices,vendor-firmware,1,1,0,1,
icsa-22-349-12,Siemens,Parasolid,vendor-firmware,1,5,0,5,
icsa-22-349-13,Siemens,Mendix Workflow Commons,vendor-firmware,1,1,0,1,
icsa-22-349-14,Siemens,SISCO MMS-EASE Third Party Component,vendor-firmware,1,1,0,1,
icsa-22-349-15,Siemens,Teamcenter Visualization and JT2Go,vendor-firmware,1,3,0,3,
icsa-22-349-16,Siemens,APOGEE and TALON,vendor-firmware,1,1,0,1,
icsa-22-349-17,Siemens,Mendix Email Connector,vendor-firmware,1,1,0,1,
icsa-22-349-18,Siemens,SCALANCE SC-600 Family,linux,1,4,0,4,"busybox,libcurl,zlib"
icsa-22-349-19,Siemens,SICAM PAS,vendor-firmware,1,3,0,3,
icsa-22-349-20,Siemens,Teamcenter Visualization and JT2Go,vendor-firmware,1,12,0,12,
icsa-22-349-21,Siemens,SCALANCE X-200RNA Switch Devices,vendor-firmware,1,85,2,83,"openssh,openssl,zlib"
icsa-22-354-01,Fuji Electric,Tellus Lite V-Simulator,vendor-firmware,1,2,0,2,
icsa-22-354-02,Rockwell Automation,GuardLogix and ControlLogix controllers,vendor-firmware,1,1,0,1,
icsa-22-354-03,ARC Informatique,PcVue (Update A),vendor-firmware,1,2,0,2,
icsa-22-354-04,Rockwell Automation,MicroLogix 1100 and 1400,vendor-firmware,1,2,2,0,net_snmp
icsa-22-354-05,Delta Electronics,4G Router DX-3021,vendor-firmware,1,1,0,1,
icsa-22-356-01,Priva,TopControl Suite,vendor-firmware,1,1,0,1,
icsa-22-356-02,Rockwell Automation,Studio 5000 Logix Emulate,vendor-firmware,1,1,0,1,
icsa-22-356-03,Mitsubishi Electric,"Electric MELSEC iQ-R, iQ-L Series and MELIPC Series (Update ",vendor-firmware,1,1,0,1,
icsa-22-356-04,OMRON,CX-Programmer,vendor-firmware,1,1,0,1,
icsa-23-005-01,Hitachi Energy,UNEM,vendor-firmware,1,5,0,5,
icsa-23-005-02,Hitachi Energy,FOXMAN-UN,vendor-firmware,1,5,0,5,
icsa-23-005-03,Hitachi Energy,Lumada Asset Performance Management,vendor-firmware,1,3,1,2,"openssl,zlib"
icsa-23-010-01,Black Box,KVM,vendor-firmware,1,1,0,1,
icsa-23-012-01,Sewio,RTLS Studio,vendor-firmware,1,9,0,9,
icsa-23-012-02,RONDS,Equipment Predictive Maintenance Solution,vendor-firmware,1,2,0,2,
icsa-23-012-03,InHand Networks,InRouter,vendor-firmware,1,5,0,5,
icsa-23-012-04,Panasonic,Sanyo CCTV Network Camera,vendor-firmware,1,1,0,1,
icsa-23-012-05,SAUTER Controls,Nova 200 – 220 Series (PLC 6),vendor-firmware,1,2,0,2,
icsa-23-012-06,Johnson Controls,Metasys,vendor-firmware,1,1,0,1,
icsa-23-012-07,Hitachi Energy,Lumada APM,vendor-firmware,1,1,0,1,
icsa-23-012-08,Siemens,S7-1500 CPU devices,vendor-firmware,1,1,0,1,
icsa-23-012-09,Siemens,Mendix SAML Module,vendor-firmware,1,1,0,1,
icsa-23-012-10,Siemens,Automation License Manager,vendor-firmware,1,2,0,2,
icsa-23-012-11,Siemens,Solid Edge before V2023 MP1,vendor-firmware,1,1,0,1,
icsa-23-017-01,GE,Proficy Historian,vendor-firmware,1,5,0,5,
icsa-23-017-02,Mitsubishi Electric,"MELSEC iQ-F, iQ-R Series (Update B)",vendor-firmware,1,1,0,1,
icsa-23-017-03,Siemens,SINEC INS,linux,1,13,2,11,"linux_kernel,openssl"
icsa-23-019-01,Hitachi Energy,PCU400,vendor-firmware,1,2,2,0,openssl
icsa-23-024-01,XINJE,XD,vendor-firmware,1,2,0,2,
icsa-23-024-02,SOCOMEC,MODULYS GP (UPDATE A),vendor-firmware,1,1,0,1,
icsa-23-026-01,Delta Electronics,CNCSoft ScreenEditor,vendor-firmware,1,1,0,1,
icsa-23-026-02,Econolite,EOS (Update A),vendor-firmware,1,2,0,2,
icsa-23-026-03,Snap One,Wattbox WB-300-IP-3,vendor-firmware,1,4,0,4,
icsa-23-026-04,Sierra Wireless,AirLink Router with ALEOS Software,vendor-firmware,1,2,0,2,
icsa-23-026-05,Mitsubishi Electric,MELFA SD/SQ series and F-series Robot Controllers,vendor-firmware,1,1,0,1,
icsa-23-026-06,Rockwell Automation,products using GoAhead Web Server,vendor-firmware,1,2,2,0,goahead
icsa-23-026-07,Landis+Gyr,E850,vendor-firmware,1,1,0,1,
icsa-23-031-01,Delta Electronics,DOPSoft,vendor-firmware,1,2,0,2,
icsa-23-033-01,Delta Electronics,DIAScreen,vendor-firmware,1,3,0,3,
icsa-23-033-02,Mitsubishi Electric,GOT2000 Series and GT SoftGOT2000,vendor-firmware,1,2,0,2,
icsa-23-033-03,Baicells Technologies,Baicells Nova,vendor-firmware,1,1,0,1,
icsa-23-033-04,Delta Electronics,DVW-W02W2-E2,vendor-firmware,1,1,0,1,
icsa-23-033-05,Delta Electronics,DX-2100-L1-CN,vendor-firmware,1,2,0,2,
icsa-23-037-01,"EnOcean Edge Inc, a subsidiary of EnOcean GmbH",EnOcean SmartServer,vendor-firmware,1,1,0,1,
icsa-23-040-01,Control By Web,"X-400, X-600M",vendor-firmware,1,2,0,2,
icsa-23-040-02,LS ELECTRIC,ELECTRIC XBC-DN32U,vendor-firmware,1,7,0,7,
icsa-23-040-03,Johnson Controls,System Configuration Tool (SCT),vendor-firmware,1,2,0,2,
icsa-23-040-04,Horner Automation,Cscape Envision RV,vendor-firmware,1,3,0,3,
icsa-23-045-01,Weintek,EasyBuilder Pro cMT Series,vendor-firmware,1,1,0,1,
icsa-23-047-01,Siemens,Solid Edge,vendor-firmware,1,37,0,37,
icsa-23-047-02,Siemens,SCALANCE X200 IRT,vendor-firmware,1,1,1,0,net_snmp
icsa-23-047-03,Siemens,Brownfield Connectivity Client,vendor-firmware,1,4,4,0,openssl
icsa-23-047-04,Siemens,Brownfield Connectivity Gateway,vendor-firmware,1,8,0,8,
icsa-23-047-05,Siemens,SiPass integrated AC5102 / ACC-G2 and ACC-AP,vendor-firmware,1,1,0,1,
icsa-23-047-06,Siemens,Simcenter Femap before V2023.1,vendor-firmware,1,2,0,2,
icsa-23-047-07,Siemens,TIA Project-Server formerly known as TIA Multiuser Server,vendor-firmware,1,1,0,1,
icsa-23-047-08,Siemens,RUGGEDCOM APE1808,vendor-firmware,1,7,0,7,
icsa-23-047-09,Siemens,SIMATIC Industrial Products,vendor-firmware,1,1,0,1,
icsa-23-047-10,Siemens,COMOS,vendor-firmware,1,1,0,1,
icsa-23-047-11,Siemens,Mendix,vendor-firmware,1,1,0,1,
icsa-23-047-12,Siemens,"JT Open, JT Utilities, and Parasolid",vendor-firmware,1,4,0,4,
icsa-23-047-13,Sub-IoT project,Sub-IoT DASH 7 Alliance Protocol stack implementation,vendor-firmware,1,1,0,1,
icsa-23-052-01,Mitsubishi Electric,MELSOFT iQ AppPortal,vendor-firmware,1,2,0,2,
icsa-23-054-01,PTC,ThingWorx Edge,vendor-firmware,1,2,2,0,dotnet
icsa-23-059-01,Hitachi Energy,Gateway Station,vendor-firmware,1,2,2,0,openssl
icsa-23-059-02,Hitachi Energy,Gateway Station,vendor-firmware,1,4,0,4,
icsa-23-061-01,Mitsubishi Electric,MELSEC iQ-F Series (Update A),vendor-firmware,1,1,0,1,
icsa-23-061-02,Baicells,Nova,vendor-firmware,1,1,0,1,
icsa-23-061-03,Rittal,CMC III Access systems,vendor-firmware,1,1,0,1,
icsa-23-068-01,Akuvox,E11,vendor-firmware,1,13,13,0,dropbear
icsa-23-068-02,B&R Industrial Automation,B&amp;R Systems Diagnostics Manager,vendor-firmware,1,1,0,1,
icsa-23-068-03,ABB,Ability Symphony Plus,vendor-firmware,1,1,0,1,
icsa-23-068-04,"Step Tools, Inc",Step Tools Third-Party,vendor-firmware,1,1,0,1,
icsa-23-068-05,Hitachi Energy,"Relion 670, 650 and SAM600-IO Series (Update B)",vendor-firmware,1,1,0,1,
icsa-23-073-01,OMRON,CJ1M PLC,vendor-firmware,1,1,0,1,
icsa-23-073-02,Autodesk,FBX SDK,vendor-firmware,1,3,0,3,
icsa-23-073-03,GE,iFIX,vendor-firmware,1,1,0,1,
icsa-23-073-04,AVEVA,Plant SCADA and AVEVA Telemetry Server,vendor-firmware,1,1,0,1,
icsa-23-075-01,Siemens,"SCALANCE, RUGGEDCOM Third-Party",linux,1,68,10,58,"busybox,linux_kernel,zlib"
icsa-23-075-02,Siemens,RUGGEDCOM CROSSBOW V5.3,vendor-firmware,1,2,0,2,
icsa-23-075-03,Siemens,RUGGEDCOM CROSSBOW V5.2,vendor-firmware,1,2,0,2,
icsa-23-075-04,Siemens,SCALANCE W1750D Devices,vendor-firmware,1,4,4,0,openssl
icsa-23-075-05,Siemens,Mendix SAML Module,vendor-firmware,1,1,0,1,
icsa-23-075-06,Honeywell,OneWireless Wireless Device Manager,vendor-firmware,1,3,0,3,
icsa-23-075-07,Rockwell Automation,Modbus TCP AOI Server,vendor-firmware,1,1,0,1,
icsa-23-080-01,Keysight Technologies,Keysight N6845A Geolocation Server,vendor-firmware,1,1,0,1,
icsa-23-080-02,Delta Electronics,InfraSuite Device Master,vendor-firmware,1,13,0,13,
icsa-23-080-04,Siemens,RADIUS Client of SIPROTEC 5 Devices,vendor-firmware,1,1,0,1,
icsa-23-080-05,VISAM,VBASE Automation Base,vendor-firmware,1,7,0,7,
icsa-23-080-06,Rockwell Automation,ThinManager,vendor-firmware,1,3,0,3,
icsa-23-080-07,Siemens,SCALANCE Third-Party,linux,1,17,8,9,"busybox,zlib"
icsa-23-082-01,RoboDK,RoboDK,vendor-firmware,1,1,0,1,
icsa-23-082-02,CP Plus,KVMS Pro,vendor-firmware,1,1,0,1,
icsa-23-082-03,SAUTER,EY-modulo 5 Building Automation Stations,vendor-firmware,1,5,0,5,
icsa-23-082-04,Schneider Electric,IGSS,vendor-firmware,1,8,0,8,
icsa-23-082-05,ABB,Pulsar Plus Controller,vendor-firmware,1,2,0,2,
icsa-23-082-06,ProPump,and Controls Osprey Pump Controller (Update A),vendor-firmware,1,9,0,9,
icsa-23-089-01,Hitachi Energy,IEC 61850 MMS-Server (Update B),vendor-firmware,1,1,0,1,
icsa-23-094-01,Nexx,Smart Home Device,vendor-firmware,1,5,0,5,
icsa-23-096-01,Industrial Control Links,ScadaFlex II SCADA Controllers,vendor-firmware,1,1,0,1,
icsa-23-096-02,JTEKT ELECTRONICS CORPORATION,JTEKT ELECTRONICS Screen Creator Advance 2,vendor-firmware,1,7,0,7,
icsa-23-096-03,JTEKT ELECTRONICS CORPORATION,JTEKT ELECTRONICS Kostac PLC Programming Software,vendor-firmware,1,3,0,3,
icsa-23-096-04,Korenix,Jetwave,vendor-firmware,1,3,0,3,
icsa-23-096-05,Hitachi Energy,MicroSCADA System Data Manager SDM600,vendor-firmware,1,5,0,5,
icsa-23-096-06,mySCADA Technologies,mySCADA myPRO,vendor-firmware,1,5,0,5,
icsa-23-101-01,FANUC,ROBOGUIDE-HandlingPRO,vendor-firmware,1,1,0,1,
icsa-23-103-01,Siemens,Adaptec maxView Application,vendor-firmware,1,1,0,1,
icsa-23-103-02,Siemens,JT Open and JT Utilities,vendor-firmware,1,1,0,1,
icsa-23-103-03,Siemens,in OPC Foundation Local Discovery Server,vendor-firmware,1,1,0,1,
icsa-23-103-04,Siemens,Path Traversal TIA Portal,vendor-firmware,1,1,0,1,
icsa-23-103-05,Siemens,SCALANCE X-200IRT Devices,vendor-firmware,1,1,0,1,
icsa-23-103-06,Siemens,SIPROTEC 5 Devices,vendor-firmware,1,1,0,1,
icsa-23-103-07,Siemens,CPCI85 Firmware of SICAM A8000 Devices,vendor-firmware,1,1,0,1,
icsa-23-103-08,Siemens,Mendix Forgot Password Module,vendor-firmware,1,1,0,1,
icsa-23-103-09,Siemens,SCALANCE XCM332,linux,1,10,0,10,"busybox,libcurl,linux_kernel"
icsa-23-103-10,Siemens,Industrial Products,vendor-firmware,1,3,0,3,
icsa-23-103-11,Siemens,Teamcenter Visualization and JT2Go,vendor-firmware,1,1,0,1,
icsa-23-103-12,Siemens,Polarion ALM,vendor-firmware,1,1,0,1,
icsa-23-103-13,Siemens,"SCALANCE X-200, X-200IRT, and X-300 Switch Families BadAlloc",vendor-firmware,1,2,0,2,
icsa-23-103-14,Datakit,CrossCAD/Ware,vendor-firmware,1,5,0,5,
icsa-23-103-15,Mitsubishi Electric,GC-ENET-COM,vendor-firmware,1,1,0,1,
icsa-23-108-01,OMRON,CS/CJ Series,vendor-firmware,1,1,0,1,
icsa-23-108-02,Schneider Electric,APC Easy UPS Online Monitoring Software (Update A),vendor-firmware,1,3,0,3,"net_snmp,openjdk"
icsa-23-110-01,INEA,ME RTU,vendor-firmware,1,1,0,1,
icsa-23-115-01,Keysight,N8844A Data Analytics Web Service (Update A),vendor-firmware,1,1,0,1,
icsa-23-115-02,Scada-LTS,Third Party Component,vendor-firmware,1,1,0,1,
icsa-23-122-01,Mitsubishi Electric,Factory Automation Products,vendor-firmware,1,9,0,9,
icsa-23-129-02,Hitachi Energy,MSM,vendor-firmware,1,8,0,8,"goahead,libcurl"
icsa-23-131-01,Siemens,Solid Edge,vendor-firmware,1,3,0,3,
icsa-23-131-02,Siemens,SCALANCE W1750D,vendor-firmware,1,1,0,1,
icsa-23-131-03,Siemens,Siveillance Video Event and Management Servers,vendor-firmware,1,2,0,2,
icsa-23-131-04,Siemens,SIMATIC Cloud Connect 7,linux,1,7,7,0,linux_kernel
icsa-23-131-05,Siemens,SINEC NMS Third-Party,vendor-firmware,1,9,9,0,libcurl
icsa-23-131-06,Siemens,SCALANCE LPE9403,vendor-firmware,1,4,0,4,
icsa-23-131-07,Sierra Wireless,AirVantage,vendor-firmware,1,2,0,2,
icsa-23-131-08,Teltonika,Remote Management System and RUT Model Routers,vendor-firmware,1,8,8,0,openvpn
icsa-23-131-09,Rockwell Automation,Kinetix 5500,vendor-firmware,1,1,0,1,
icsa-23-131-10,Rockwell Automation,Arena Simulation Software,vendor-firmware,1,3,0,3,
icsa-23-131-11,BirdDog,Cameras and Encoders,vendor-firmware,1,2,0,2,
icsa-23-131-12,SDG Technologies,SDG PnPSCADA,vendor-firmware,1,1,0,1,
icsa-23-131-13,PTC,Vuforia Studio,vendor-firmware,1,6,0,6,
icsa-23-131-14,Rockwell Automation,PanelView 800,vendor-firmware,1,2,2,0,wolfssl
icsa-23-131-15,Rockwell Automation,ThinManager,vendor-firmware,1,1,0,1,
icsa-23-136-01,Snap,One OvrC Cloud (Update A),vendor-firmware,1,10,0,10,
icsa-23-136-02,Rockwell Automation,ArmorStart,vendor-firmware,1,10,0,10,
icsa-23-136-03,Rockwell Automation,FactoryTalk Vantagepoint,vendor-firmware,1,1,0,1,
icsa-23-138-01,Carlo Gavazzi,Powersoft,vendor-firmware,1,1,0,1,
icsa-23-138-02,Mitsubishi Electric,MELSEC WS Series (UPDATE A),vendor-firmware,1,1,0,1,
icsa-23-138-03,Hitachi Energy,’s MicroSCADA Pro/X SYS600 Products,vendor-firmware,1,1,0,1,
icsa-23-138-04,Johnson Controls Inc,Johnson Controls OpenBlue Enterprise Manager Data Collector,vendor-firmware,1,2,0,2,
icsa-23-143-01,Hitachi Energy,"’s AFS65x, AFS67x, AFR67x and AFF66x Products",vendor-firmware,1,2,0,2,
icsa-23-143-02,Hitachi Energy,Energy’s RTU500 Series Product (Update B),vendor-firmware,1,6,5,1,
icsa-23-143-03,Mitsubishi Electric,Electric MELSEC Series CPU Module (Update D),vendor-firmware,1,1,0,1,
icsa-23-143-04,Horner,Automation Cscape,vendor-firmware,1,10,0,10,
icsa-23-145-01,Moxa,MXsecurity Series,vendor-firmware,1,2,0,2,
icsa-23-150-01,Advantech,WebAccess/SCADA,vendor-firmware,1,1,0,1,
icsa-23-152-01,Advantech,WebAccess/SCADA,vendor-firmware,1,3,0,3,
icsa-23-152-02,HID Global,SAFE,vendor-firmware,1,1,0,1,
icsa-23-157-01,Delta Electronics,Electronics CNCSoft-B DOPSoft (Update),vendor-firmware,1,3,0,3,
icsa-23-157-02,Mitsubishi Electric,Electric MELSEC iQ-R Series/iQ-F Series (Update C),vendor-firmware,1,4,0,4,
icsa-23-159-01,Atlas Copco,Power Focus 6000,vendor-firmware,1,3,0,3,
icsa-23-159-02,​Sensormatic,Electronics Illustra Pro Gen 4,vendor-firmware,1,1,0,1,
icsa-23-164-01,Datalogics,Library Third-Party,vendor-firmware,1,1,0,1,
icsa-23-164-02,​Rockwell,Automation FactoryTalk Services Platform,vendor-firmware,1,3,0,3,
icsa-23-164-03,Rockwell Automation,FactoryTalk Edge Gateway,vendor-firmware,1,2,0,2,
icsa-23-164-04,Rockwell Automation,FactoryTalk Transaction Manager,vendor-firmware,1,1,0,1,
icsa-23-166-01,SUBNET Solutions Inc,SUBNET PowerSYSTEM Center,vendor-firmware,1,2,0,2,
icsa-23-166-02,Advantech,WebAccess/SCADA,vendor-firmware,1,1,0,1,
icsa-23-166-03,​Siemens,SICAM Q200 Devices,vendor-firmware,1,6,0,6,
icsa-23-166-04,Siemens,SIMOTION,vendor-firmware,1,1,0,1,
icsa-23-166-05,Siemens,SIMATIC WinCC,vendor-firmware,1,1,0,1,
icsa-23-166-06,Siemens,TIA Portal,vendor-firmware,1,1,0,1,
icsa-23-166-07,Siemens,SIMATIC WinCC V7,vendor-firmware,1,1,0,1,
icsa-23-166-08,Siemens,SIMATIC STEP 7 and Derived Products,vendor-firmware,1,1,0,1,
icsa-23-166-09,Siemens,Solid Edge,vendor-firmware,1,1,0,1,
icsa-23-166-10,Siemens,SIMATIC S7-1500 TM MFP BIOS,linux,1,53,11,42,"busybox,glibc,linux_kernel"
icsa-23-166-11,Siemens,SIMATIC S7-1500 TM MFP Linux Kernel,linux,1,109,5,104,"linux_kernel,openssl"
icsa-23-166-12,​Siemens,SINAMICS Medium Voltage Products,linux,1,23,8,15,"busybox,libcurl,libxml2,linux_kernel,openssl,openvpn,zlib"
icsa-23-166-13,Siemens,SICAM A8000 Devices,vendor-firmware,1,3,0,3,
icsa-23-166-14,​Siemens,Teamcenter Visualization and JT2Go,vendor-firmware,1,4,0,4,
icsa-23-171-01,Enphase,Envoy (Update A),vendor-firmware,1,1,0,1,
icsa-23-171-02,Enphase,Installer Toolkit Android App (Update A),vendor-firmware,1,1,0,1,
icsa-23-173-02,Advantech,R-SeeNet,vendor-firmware,1,2,0,2,
icsa-23-173-03,SpiderControl,SCADAWebServer,vendor-firmware,1,1,0,1,
icsa-23-178-01,Hitachi Energy,FOXMAN-UN and UNEM Products,vendor-firmware,1,1,0,1,
icsa-23-180-01,Delta Electronics,Electronics InfraSuite Device Master,vendor-firmware,1,3,0,3,
icsa-23-180-02,Schneider Electric,EcoStruxure Operator Terminal Expert,vendor-firmware,1,1,0,1,
icsa-23-180-03,​Ovarro,TBox RTUs,vendor-firmware,1,6,6,0,openvpn
icsa-23-180-04,​Mitsubishi,Electric MELSEC-F Series (Update A),vendor-firmware,1,1,0,1,
icsa-23-187-01,PiiGAB,M-Bus,vendor-firmware,1,9,0,9,
icsa-23-187-02,ABUS,TVIP,vendor-firmware,1,1,0,1,
icsa-23-192-01,Rockwell Automation,Enhanced HIM,vendor-firmware,1,1,0,1,
icsa-23-192-02,​Sensormatic,Electronics iSTAR,vendor-firmware,1,1,0,1,
icsa-23-192-03,Panasonic,Control FPWin Pro7,vendor-firmware,1,3,0,3,
icsa-23-193-01,Rockwell Automation,Select Communication Modules,vendor-firmware,1,2,0,2,
icsa-23-194-01,​Siemens,RUGGEDCOM ROX,vendor-firmware,1,21,3,18,"libcurl,openssl"
icsa-23-194-02,Siemens,SiPass Integrated,vendor-firmware,1,1,0,1,
icsa-23-194-03,Siemens,SIMATIC CN 4100,vendor-firmware,1,2,0,2,
icsa-23-194-04,​Siemens,SIMATIC MV500 Devices,linux,1,13,3,10,"linux_kernel,openssl"
icsa-23-194-05,Rockwell Automation,PowerMonitor 1000,vendor-firmware,1,1,0,1,
icsa-23-194-06,Honeywell,"Experion PKS, LX and PlantCruise",vendor-firmware,1,9,0,9,
icsa-23-199-01,Rockwell Automation,Kinetix 5700 DC Bus Power Supply,vendor-firmware,1,1,0,1,
icsa-23-199-02,​Keysight,N6845A Geolocation Server,vendor-firmware,1,2,0,2,
icsa-23-199-03,Iagona,ScrutisWeb,vendor-firmware,1,4,0,4,
icsa-23-199-04,​Weintek,Weincloud,vendor-firmware,1,4,0,4,
icsa-23-199-05,​GeoVision,GV-ADR2701,vendor-firmware,1,1,0,1,
icsa-23-199-06,GE,CIMPLICITY,vendor-firmware,1,1,0,1,
icsa-23-199-07,WellinTech,KingHistorian,vendor-firmware,1,2,0,2,
icsa-23-201-01,Schneider Electric,"EcoStruxure Products, Modicon PLCs, and Programmable Automat",vendor-firmware,1,1,0,1,
icsa-23-206-01,AXIS,A1001,vendor-firmware,1,1,0,1,
icsa-23-206-02,Rockwell Automation,Automation ThinManager ThinServer,vendor-firmware,1,1,0,1,
icsa-23-206-03,Emerson,ROC800 Series RTU and DL8000 Preset Controller,vendor-firmware,1,1,0,1,
icsa-23-206-04,Johnson,Controls IQ Wifi 6,vendor-firmware,1,1,0,1,
icsa-23-208-01,ETIC Telecom,RAS Authentication,vendor-firmware,1,1,0,1,
icsa-23-208-02,PTC,KEPServerEX,vendor-firmware,1,1,0,1,
icsa-23-208-03,Mitsubishi Electric,Electric CNC Series (Update E),vendor-firmware,1,1,0,1,
icsa-23-213-01,​APSystems,Altenergy Power Control,vendor-firmware,1,1,0,1,
icsa-23-215-01,​Mitsubishi,Electric GOT2000 and GOT SIMPLE,vendor-firmware,1,1,0,1,
icsa-23-215-02,​Mitsubishi,Electric GT and GOT Series Products,vendor-firmware,1,1,0,1,
icsa-23-215-03,TEL-STER Sp. z o. o,TEL-STER TelWin SCADA WebInterface,vendor-firmware,1,1,0,1,
icsa-23-215-04,​Sensormatic,Electronics VideoEdge,vendor-firmware,1,1,0,1,
icsa-23-220-01,​Schneider,Electric IGSS,vendor-firmware,1,1,0,1,
icsa-23-220-02,​Hitachi,Energy RTU500 series,vendor-firmware,1,2,0,2,
icsa-23-222-01,​Siemens,"Solid Edge, JT2Go, and Teamcenter Visualization",vendor-firmware,1,3,0,3,
icsa-23-222-02,Siemens,Parasolid Installer,vendor-firmware,1,1,0,1,
icsa-23-222-03,​Siemens,"JT Open, JT Utilities, and Parasolid",vendor-firmware,1,2,0,2,
icsa-23-222-04,​Siemens,Software Center,vendor-firmware,1,2,0,2,
icsa-23-222-05,Siemens,RUGGEDCOM CROSSBOW,vendor-firmware,1,5,0,5,
icsa-23-222-06,Siemens,Parasolid and Teamcenter Visualization,vendor-firmware,1,9,0,9,
icsa-23-222-07,Siemens,Address Processing in SIMATIC,vendor-firmware,1,1,1,0,
icsa-23-222-08,​Resource,Allocation in Siemens RUGGEDCOM,vendor-firmware,1,1,0,1,
icsa-23-222-09,Siemens,OpenSSL RSA Decryption in SIMATIC,vendor-firmware,1,1,1,0,openssl
icsa-23-222-10,Siemens,SICAM TOOLBOX II,vendor-firmware,1,2,0,2,
icsa-23-222-11,​Siemens,Solid Edge SE2023,vendor-firmware,1,9,0,9,
icsa-23-222-12,Siemens,Network Mirroring in Siemens RUGGEDCOM,vendor-firmware,1,1,0,1,
icsa-23-227-01,Schneider Electric,"EcoStruxure Control Expert and Modicon M340, Momentum, MC80,",vendor-firmware,1,1,0,1,
icsa-23-227-02,​Rockwell,Automation Armor PowerFlex,vendor-firmware,1,1,0,1,
icsa-23-229-01,​ICONICS,and Mitsubishi Electric Products,vendor-firmware,1,6,6,0,openssl
icsa-23-229-03,Schneider Electric,PowerLogic ION7400 / PM8000 / ION8650 / ION8800 / ION9000 Po,vendor-firmware,1,1,0,1,
icsa-23-229-04,Walchem,Intuition 9,vendor-firmware,1,2,0,2,
icsa-23-234-01,​Hitachi,Energy AFF66x,linux,1,6,2,4,"linux_kernel,net_snmp,ntp"
icsa-23-234-02,​Trane,Thermostats,vendor-firmware,1,1,0,1,
icsa-23-234-03,Rockwell Automation,ThinManager ThinServer,vendor-firmware,1,3,0,3,
icsa-23-236-01,KNX Association,KNX Protocol,vendor-firmware,1,1,0,1,
icsa-23-236-02,​OPTO,22 SNAP PAC S1,vendor-firmware,1,5,0,5,
icsa-23-236-03,​CODESYS,Development System,vendor-firmware,1,1,1,0,codesys_rt
icsa-23-236-04,"CODESYS, GmbH",CODESYS Development System,vendor-firmware,1,1,1,0,codesys_rt
icsa-23-236-05,"CODESYS, GmbH",CODESYS Development System,vendor-firmware,1,1,1,0,codesys_rt
icsa-23-236-06,​Rockwell,Automation Select Distributed I/O Communication Modules,vendor-firmware,1,1,0,1,
icsa-23-241-01,​PTC,Codebeamer,vendor-firmware,1,1,0,1,
icsa-23-243-01,​ARDEREG,Sistemas SCADA,vendor-firmware,1,1,0,1,
icsa-23-243-02,​GE,Digital CIMPLICITY,vendor-firmware,1,1,0,1,
icsa-23-243-03,​PTC,Kepware KepServerEX (Update A),vendor-firmware,1,4,0,4,
icsa-23-243-04,​Digi,RealPort Protocol,linux,1,1,1,0,linux_kernel
icsa-23-248-01,Fujitsu Limited,Real-time Video Transmission Gear &quot;IP series&quot;,vendor-firmware,1,1,0,1,
icsa-23-250-01,Dover,Fueling Solutions MAGLINK LX Console,vendor-firmware,1,3,0,3,
icsa-23-250-02,Phoenix Contact,Contact TC ROUTER and TC CLOUD CLIENT,vendor-firmware,1,2,0,2,
icsa-23-250-03,Socomec,MOD3GP-SY-120K,vendor-firmware,1,7,0,7,
icsa-23-255-01,Hitachi Energy,Energy Lumada APM Edge,vendor-firmware,1,4,4,0,openssl
icsa-23-255-02,Fujitsu Software,Infrastructure Manager,vendor-firmware,1,1,0,1,
icsa-23-257-01,Siemens,"SIMATIC, SIPLUS Products",vendor-firmware,1,1,0,1,
icsa-23-257-02,Siemens,Parasolid,vendor-firmware,1,2,0,2,
icsa-23-257-03,Siemens,QMS Automotive,vendor-firmware,1,10,0,10,
icsa-23-257-04,Siemens,RUGGEDCOM APE1808 Product Family,linux,1,23,23,0,linux_kernel
icsa-23-257-05,Siemens,SIMATIC IPCs,vendor-firmware,1,1,0,1,
icsa-23-257-06,Siemens,WIBU Systems CodeMeter,vendor-firmware,1,1,0,1,
icsa-23-257-07,Rockwell Automation,Automation Pavilion8,vendor-firmware,1,1,0,1,
icsa-23-262-01,Siemens,SIMATIC PCS neo Administration Console,vendor-firmware,1,1,0,1,
icsa-23-262-03,OMRON,Engineering Software Zip-Slip,vendor-firmware,1,1,0,1,
icsa-23-262-04,OMRON,Engineering Software,vendor-firmware,1,1,0,1,
icsa-23-262-05,OMRON,CJ/CS/CP Series,vendor-firmware,1,1,0,1,
icsa-23-264-01,Real,Time Automation 460 Series,vendor-firmware,1,1,0,1,
icsa-23-264-02,Siemens,Spectrum Power 7,vendor-firmware,1,1,0,1,
icsa-23-264-03,Delta Electronics,Electronics DIAScreen,vendor-firmware,1,1,0,1,
icsa-23-264-04,Rockwell Automation,Automation Select Logix Communication Modules,vendor-firmware,1,1,0,1,
icsa-23-264-05,Rockwell Automation,Automation Connected Components Workbench,vendor-firmware,1,5,0,5,
icsa-23-264-06,Rockwell Automation,Automation FactoryTalk View Machine Edition,vendor-firmware,1,1,0,1,
icsa-23-269-01,Suprema,BioStar 2,vendor-firmware,1,1,0,1,
icsa-23-269-02,Hitachi Energy,Energy Asset Suite 9,vendor-firmware,1,1,0,1,
icsa-23-269-03,Mitsubishi Electric,Electric FA Engineering Software (Update A),vendor-firmware,1,2,0,2,
icsa-23-269-04,Advantech,EKI-1524-CE series,vendor-firmware,1,2,0,2,
icsa-23-269-05,Baker,Hughes Bently Nevada 3500,vendor-firmware,1,3,0,3,
icsa-23-271-01,Rockwell Automation,Automation PanelView 800,vendor-firmware,1,1,0,1,
icsa-23-271-02,DEXMA,DexGate,vendor-firmware,1,5,5,0,openjdk
icsa-23-278-01,Hitachi Energy,"Energy AFS65x, AFF66x, AFS67x, and AFR67x Series Products",vendor-firmware,1,14,14,0,expat
icsa-23-278-02,Qognify,NiceVision,vendor-firmware,1,1,0,1,
icsa-23-278-03,Mitsubishi Electric,Electric CC-Link IE TSN Industrial Managed Switch (Update A),vendor-firmware,1,2,1,1,
icsa-23-285-01,Siemens,SIMATIC CP products,linux,1,2,2,0,linux_kernel
icsa-23-285-02,Siemens,SCALANCE W1750D,vendor-firmware,1,13,0,13,
icsa-23-285-03,Siemens,SICAM A8000 Devices,vendor-firmware,1,1,0,1,
icsa-23-285-04,Siemens,Xpedition Layout Browser,vendor-firmware,1,1,0,1,
icsa-23-285-05,Siemens,Simcenter Amesim,vendor-firmware,1,1,0,1,
icsa-23-285-06,Siemens,SICAM PAS/PQS,vendor-firmware,1,1,0,1,
icsa-23-285-07,Siemens,RUGGEDCOM APE1808,vendor-firmware,1,7,0,7,
icsa-23-285-08,Siemens,SINEC NMS,vendor-firmware,1,2,2,0,net_snmp
icsa-23-285-09,Siemens,CPCI85 Firmware of SICAM A8000 Devices,vendor-firmware,1,1,0,1,
icsa-23-285-10,Siemens,Tecnomatix Plant Simulation,vendor-firmware,1,7,0,7,
icsa-23-285-11,Siemens,Mendix Forgot Password Module,vendor-firmware,1,1,0,1,
icsa-23-285-12,Weintek,cMT3000 HMI Web CGI,vendor-firmware,1,3,3,0,codesys_rt
icsa-23-285-13,Mitsubishi Electric,Electric MELSEC-F Series,vendor-firmware,1,1,0,1,
icsa-23-285-14,Hikvision,Access Control and Intercom Products,vendor-firmware,1,2,0,2,
icsa-23-285-15,Advantech,WebAccess,vendor-firmware,1,1,0,1,
icsa-23-285-16,Schneider Electric,Electric IGSS,vendor-firmware,1,1,0,1,
icsa-23-290-01,Schneider Electric,Electric EcoStruxure Power Monitoring Expert and Power Opera,vendor-firmware,1,1,0,1,
icsa-23-290-02,Rockwell Automation,Automation FactoryTalk Linx,vendor-firmware,1,1,0,1,
icsa-23-297-01,Rockwell Automation,Automation Stratix 5800 and Stratix 5200 (Update A),vendor-firmware,1,2,0,2,
icsa-23-299-01,Dingtian,DT-R002,vendor-firmware,1,1,0,1,
icsa-23-299-02,Centralite,Pearl Thermostat,vendor-firmware,1,1,0,1,
icsa-23-299-03,Ashlar-Vellum,"Cobalt, Graphite, Xenon, Argon, Lithium (Update A)",vendor-firmware,1,4,0,4,
icsa-23-299-04,Rockwell Automation,Automation Arena,vendor-firmware,1,2,0,2,
icsa-23-299-05,Rockwell Automation,Automation FactoryTalk View Site Edition,vendor-firmware,1,1,0,1,
icsa-23-299-06,Rockwell Automation,Automation FactoryTalk Services Platform,vendor-firmware,1,1,0,1,
icsa-23-299-07,Sielco,PolyEco FM Transmitter,vendor-firmware,1,7,0,7,
icsa-23-299-08,Sielco,Radio Link and Analog FM Transmitters,vendor-firmware,1,4,0,4,
icsa-23-304-02,INEA,ME RTU,vendor-firmware,1,2,0,2,
icsa-23-304-03,Zavio,IP Camera,vendor-firmware,1,5,0,5,
icsa-23-306-01,Red,Lion Crimson,vendor-firmware,1,1,0,1,
icsa-23-306-02,Mitsubishi Electric,Electric MELSEC iQ-F/iQ-R Series CPU Module (Update A),vendor-firmware,1,1,0,1,
icsa-23-306-03,Mitsubishi Electric,Electric MELSEC Series (Update A),vendor-firmware,1,1,0,1,
icsa-23-306-04,Franklin,Fueling System TS-550,vendor-firmware,1,1,0,1,
icsa-23-306-05,Weintek,EasyBuilder Pro,vendor-firmware,1,1,0,1,
icsa-23-306-06,Schneider Electric,Electric SpaceLogic C-Bus Toolkit,vendor-firmware,1,2,0,2,
icsa-23-311-01,GE,MiCOM S1 Agile,vendor-firmware,1,1,0,1,
icsa-23-313-01,Johnson,Controls Quantum HD Unity,vendor-firmware,1,1,0,1,
icsa-23-313-02,Hitachi Energy,Energy eSOMS,vendor-firmware,1,3,0,3,
icsa-23-318-01,AVEVA,Operations Control Logger,vendor-firmware,1,2,0,2,
icsa-23-318-02,Rockwell Automation,Automation SIS Workstation and ISaGRAF Workbench,vendor-firmware,1,1,0,1,
icsa-23-320-01,Red,Lion Sixnet RTUs,vendor-firmware,1,2,0,2,
icsa-23-320-02,Hitachi Energy,Energy MACH System Software,vendor-firmware,1,2,0,2,
icsa-23-320-03,Siemens,Desigo CC product family,vendor-firmware,1,3,0,3,
icsa-23-320-04,Siemens,Mendix Runtime,vendor-firmware,1,1,0,1,
icsa-23-320-05,Siemens,SCALANCE W700,vendor-firmware,1,1,0,1,
icsa-23-320-06,Siemens,SIMATIC PCS neo,vendor-firmware,1,4,0,4,
icsa-23-320-07,Siemens,OPC UA Modeling Editor (SiOME),vendor-firmware,1,1,0,1,
icsa-23-320-08,Siemens,SCALANCE Family Products,vendor-firmware,1,16,1,15,
icsa-23-320-09,Siemens,COMOS,vendor-firmware,1,16,16,0,openjdk
icsa-23-320-10,Siemens,SIPROTEC 4 7SJ66,vxworks,1,9,9,0,ipnet
icsa-23-320-11,Siemens,Mendix Studio Pro,vendor-firmware,1,1,0,1,
icsa-23-320-12,Siemens,PNI,vendor-firmware,1,13,2,11,"dotnet,zlib"
icsa-23-320-13,Siemens,SIMATIC MV500,vendor-firmware,1,8,0,8,"glibc,net_snmp,openssl"
icsa-23-320-14,Siemens,RUGGEDCOM APE1808 Devices,vendor-firmware,1,3,0,3,
icsa-23-325-01,WAGO,PFC200 Series,vendor-firmware,1,1,0,1,
icsa-23-325-02,Fuji,Electric Tellus Lite V-Simulator,vendor-firmware,1,3,0,3,
icsa-23-331-01,Delta Electronics,Electronics InfraSuite Device Master,vendor-firmware,1,4,0,4,
icsa-23-331-02,Franklin,Electric Fueling Systems Colibri,vendor-firmware,1,1,0,1,
icsa-23-331-03,Mitsubishi Electric,Electric GX Works2,vendor-firmware,1,2,0,2,
icsa-23-334-01,Delta Electronics,Electronics DOPSoft,vendor-firmware,1,1,0,1,
icsa-23-334-02,Yokogawa,STARDOM,vendor-firmware,1,1,0,1,
icsa-23-334-03,PTC,KEPServerEx,vendor-firmware,1,2,0,2,
icsa-23-334-04,Mitsubishi Electric,Electric FA Engineering Software Products,vendor-firmware,1,1,0,1,
icsa-23-339-01,Zebra,ZTC Industrial ZT400 and ZTC Desktop GK420d,vendor-firmware,1,1,0,1,
icsa-23-341-01,Mitsubishi Electric,Electric FA Engineering Software Products,vendor-firmware,1,2,0,2,
icsa-23-341-02,Schweitzer,Engineering Laboratories SEL-411L,vendor-firmware,1,1,0,1,
icsa-23-341-03,Johnson,Controls Metasys and Facility Explorer (Update A),vendor-firmware,1,1,0,1,
icsa-23-341-05,ControlbyWeb,Relay,vendor-firmware,1,1,0,1,
icsa-23-341-06,Sierra,Wireless AirLink with ALEOS firmware,vendor-firmware,1,7,0,7,
icsa-23-346-01,Schneider Electric,Electric Easy UPS Online Monitoring Software,vendor-firmware,1,1,1,0,net_snmp
icsa-23-348-01,Cambium,ePMP 5GHz Force 300-25 Radio (Update A),vendor-firmware,1,1,0,1,
icsa-23-348-02,Johnson,Controls Kantech Gen1 ioSmart,vendor-firmware,1,1,0,1,
icsa-23-348-03,Siemens,User Management Component (UMC),vendor-firmware,1,5,0,5,
icsa-23-348-04,Siemens,LOGO! and SIPLUS LOGO!,vendor-firmware,1,1,0,1,
icsa-23-348-05,Siemens,SIMATIC and SIPLUS Products,vendor-firmware,1,2,0,2,
icsa-23-348-06,Siemens,OPC UA Implementation in SINUMERIK ONE and SINUMERIK MC,vendor-firmware,1,1,0,1,
icsa-23-348-07,Siemens,SIMATIC STEP 7 (TIA Portal),vendor-firmware,1,1,0,1,
icsa-23-348-08,Siemens,Web Server of Industrial Products,vendor-firmware,1,1,0,1,
icsa-23-348-09,Siemens,Simantic S7-1500 CPU family,vendor-firmware,1,1,0,1,
icsa-23-348-10,Siemens,SIMATIC S7-1500 CPU 1518(F)-4 PN/DP MFP V3.1,vendor-firmware,1,410,410,0,expat
icsa-23-348-11,Siemens,SINUMERIK,vendor-firmware,1,1,0,1,
icsa-23-348-12,Siemens,SICAM Q100 Devices,vendor-firmware,1,2,0,2,
icsa-23-348-13,Siemens,SCALANCE and RUGGEDCOM M-800/S615 Family,vendor-firmware,1,2,0,2,
icsa-23-348-14,Siemens,RUGGEDCOM and SCALANCE M-800/S615 Family,vendor-firmware,1,10,0,10,
icsa-23-348-15,Unitronics,Vision and Samba Series (Update A),vendor-firmware,1,1,0,1,
icsa-23-348-16,Siemens,SINEC INS,vendor-firmware,1,7,0,7,"libcurl,openssl"
icsa-23-353-01,Subnet Solutions Inc,PowerSYSTEM Center,vendor-firmware,1,1,0,1,
icsa-23-353-02,EFACEC,BCU 500,vendor-firmware,1,2,0,2,
icsa-23-353-03,EFACEC,UC 500E,vendor-firmware,1,4,0,4,
icsa-23-353-04,Open,Design Alliance Drawing SDK,vendor-firmware,1,3,0,3,
icsa-23-353-05,EuroTel,ETL3100 Radio Transmitter,vendor-firmware,1,3,0,3,
icsa-23-355-01,FXC,AE1021/AE1021PE,vendor-firmware,1,1,1,0,ntp
icsa-23-355-02,QNAP,VioStor NVR,vendor-firmware,1,1,1,0,ntp
icsa-24-004-01,Rockwell Automation,Automation FactoryTalk Activation,vendor-firmware,1,2,2,0,libcurl
icsa-24-004-02,Mitsubishi Electric,Electric Factory Automation Products,vendor-firmware,1,3,2,1,
icsa-24-011-03,Rapid Software LLC,Rapid SCADA,vendor-firmware,1,7,0,7,
icsa-24-011-04,Horner,Automation Cscape,vendor-firmware,1,1,0,1,
icsa-24-011-05,Schneider Electric,Electric Easergy Studio,vendor-firmware,1,1,0,1,
icsa-24-011-06,Siemens,Teamcenter Visualization and JT2Go,vendor-firmware,1,4,0,4,
icsa-24-011-07,Siemens,Spectrum Power 7,vendor-firmware,1,1,0,1,
icsa-24-011-08,Siemens,SICAM A8000,vendor-firmware,1,1,0,1,
icsa-24-011-09,Siemens,SIMATIC CN 4100,vendor-firmware,1,3,0,3,
icsa-24-011-10,Siemens,SIMATIC,vendor-firmware,1,1,0,1,
icsa-24-011-11,Siemens,Solid Edge,vendor-firmware,1,11,0,11,
icsa-24-016-01,SEW-EURODRIVE,MOVITOOLS MotionStudio (Update A),vendor-firmware,1,1,0,1,
icsa-24-016-02,Integration,Objects OPC UA Server Toolkit (Update A),vendor-firmware,1,1,0,1,
icsa-24-018-01,AVEVA,PI Server,vendor-firmware,1,2,0,2,
icsa-24-023-01,APsystems,Energy Communication Unit (ECU-C) Power Control Software,vendor-firmware,1,1,0,1,
icsa-24-023-02,Crestron,AM-300,vendor-firmware,1,1,0,1,
icsa-24-023-03,Voltronic Power,ViewPower Pro,vendor-firmware,1,4,0,4,
icsa-24-023-04,Westermo,Lynx 206-F2G,vendor-firmware,1,8,8,0,net_snmp
icsa-24-023-05,Lantronix,XPort,vendor-firmware,1,1,0,1,
icsa-24-025-01,MachineSense,FeverWarn,vendor-firmware,1,6,0,6,
icsa-24-025-02,SystemK,NVR 504/508/516,vendor-firmware,1,1,0,1,
icsa-24-030-01,Emerson,"Rosemount GC370XA, GC700XA, GC1500XA",vendor-firmware,1,4,0,4,
icsa-24-030-02,Mitsubishi Electric,Electric FA Engineering Software Products (Update D),vendor-firmware,1,2,0,2,
icsa-24-030-03,Mitsubishi Electric,Electric MELSEC WS Series Ethernet Interface Module,vendor-firmware,1,1,0,1,
icsa-24-030-04,Hitron,Systems Security Camera DVR,vendor-firmware,1,6,0,6,
icsa-24-030-05,Rockwell Automation,Automation ControlLogix and GuardLogix,vendor-firmware,1,1,0,1,
icsa-24-030-06,Rockwell Automation,Automation FactoryTalk Service Platform,vendor-firmware,1,2,0,2,
icsa-24-030-07,Rockwell Automation,Automation LP30/40/50 and BM40 Operator Interface,vendor-firmware,1,15,0,15,
icsa-24-032-01,Gessler,GmbH WEB-MASTER,vendor-firmware,1,2,0,2,
icsa-24-032-03,AVEVA,Edge products (formerly known as InduSoft Web Studio),vendor-firmware,1,1,0,1,
icsa-24-037-01,HID,Global Encoders,vendor-firmware,1,1,0,1,
icsa-24-037-02,HID,Global Reader Configuration Cards,vendor-firmware,1,1,0,1,
icsa-24-039-01,Qolsys,"IQ Panel 4, IQ4 HUB",vendor-firmware,1,1,0,1,
icsa-24-044-01,Mitsubishi Electric,Electric MELSEC iQ-R Series Safety CPU and SIL2 Process CPU ,vendor-firmware,1,1,0,1,
icsa-24-046-01,Siemens,SCALANCE W1750D,vendor-firmware,1,14,0,14,
icsa-24-046-02,Siemens,SIDIS Prime,vendor-firmware,1,5,2,3,"dotnet,openssl"
icsa-24-046-03,Siemens,SIMATIC RTLS Gateways,vendor-firmware,1,1,1,0,treck_tcpip
icsa-24-046-04,Siemens,CP343-1 Devices,vendor-firmware,1,1,0,1,
icsa-24-046-05,Siemens,Location Intelligence,vendor-firmware,1,1,0,1,
icsa-24-046-06,Siemens,Unicam FX,vendor-firmware,1,1,0,1,
icsa-24-046-07,Siemens,Tecnomatix Plant Simulation,vendor-firmware,1,10,0,10,
icsa-24-046-08,Siemens,RUGGEDCOM APE1808,vendor-firmware,1,1,0,1,
icsa-24-046-09,Siemens,SCALANCE SC-600 Family,vendor-firmware,1,9,0,9,
icsa-24-046-10,Siemens,Simcenter Femap,vendor-firmware,1,6,0,6,
icsa-24-046-11,Siemens,SCALANCE XCM-/XRM-300,linux,1,166,4,162,"dropbear,linux_kernel"
icsa-24-046-12,Siemens,"SIMATIC WinCC, OpenPCS",vendor-firmware,1,2,0,2,
icsa-24-046-13,Siemens,Parasolid,vendor-firmware,1,2,0,2,
icsa-24-046-14,Siemens,Polarion ALM,vendor-firmware,1,2,0,2,
icsa-24-046-15,Siemens,SINEC NMS,vendor-firmware,1,63,63,0,openssl
icsa-24-046-16,Rockwell Automation,Automation FactoryTalk Service Platform,vendor-firmware,1,1,0,1,
icsa-24-051-01,Commend,WS203VICM,vendor-firmware,1,3,0,3,
icsa-24-051-02,Ethercat,Zeek Plugin,vendor-firmware,1,3,0,3,
icsa-24-051-03,Mitsubishi Electric,Electric Electrical Discharge Machines (Update A),vendor-firmware,1,1,0,1,
icsa-24-053-01,Delta Electronics,Electronics CNCSoft-B DOPSoft,vendor-firmware,1,1,0,1,
icsa-24-058-01,Mitsubishi Electric,Electric Multiple Factory Automation Products (Update A),vendor-firmware,1,1,0,1,
icsa-24-060-01,Delta Electronics,Electronics CNCSoft-B,vendor-firmware,1,1,0,1,
icsa-24-065-01,Nice,Linear eMerge E3-Series,vendor-firmware,1,12,0,12,
icsa-24-067-01,Chirp,Systems Chirp Access (Update C),vendor-firmware,1,1,0,1,
icsa-24-072-01,Schneider Electric,Electric EcoStruxure Power Design,vendor-firmware,1,1,0,1,
icsa-24-074-01,Siemens,SENTRON 7KM PAC3x20,vendor-firmware,1,1,0,1,
icsa-24-074-02,Siemens,Solid Edge,vendor-firmware,1,1,0,1,
icsa-24-074-03,Siemens,SINEMA Remote Connect Server,vendor-firmware,1,2,0,2,
icsa-24-074-04,Siemens,SINEMA Remote Connect Client,vendor-firmware,1,1,0,1,
icsa-24-074-05,Siemens,RUGGEDCOM APE1808,vendor-firmware,1,7,7,0,libcurl
icsa-24-074-06,Siemens,SENTRON,vendor-firmware,1,1,0,1,
icsa-24-074-07,Siemens,SIMATIC,linux,1,157,2,155,"dnsmasq,linux_kernel,openjdk"
icsa-24-074-08,Siemens,SCALANCE XB-200/XC-200/XP-200/XF-200BA/XR-300WG Family,vendor-firmware,1,2,0,2,
icsa-24-074-09,Siemens,Sinteso EN Cerberus PRO EN Fire Protection Systems,vendor-firmware,1,3,0,3,
icsa-24-074-10,Siemens,Siveillance Control,vendor-firmware,1,1,0,1,
icsa-24-074-11,Siemens,RUGGEDCOM APE1808 with Fortigate NGFW Devices,linux,1,38,38,0,linux_kernel
icsa-24-074-12,Delta Electronics,Electronics DIAEnergie,vendor-firmware,1,10,0,10,
icsa-24-074-13,Softing,edgeConnector,vendor-firmware,1,2,0,2,
icsa-24-074-14,Mitsubishi Electric,Electric MELSEC-Q/L Series (Update B),vendor-firmware,1,5,0,5,
icsa-24-079-01,Franklin,Fueling System EVO 550/5000,vendor-firmware,1,1,0,1,
icsa-24-081-01,Advantech,WebAccess/SCADA,vendor-firmware,1,1,0,1,
icsa-24-086-01,Automation-Direct,C-MORE EA9 HMI,vendor-firmware,1,3,0,3,
icsa-24-086-02,Rockwell Automation,Automation PowerFlex 527,vendor-firmware,1,3,0,3,
icsa-24-086-03,Rockwell Automation,Automation Arena Simulation,vendor-firmware,1,6,0,6,
icsa-24-086-04,Rockwell Automation,Automation FactoryTalk View ME,vendor-firmware,1,1,0,1,
icsa-24-093-01,IOSIX,IO-1020 Micro ELD,vendor-firmware,1,3,0,3,
icsa-24-095-01,Hitachi Energy,Energy Asset Suite 9,vendor-firmware,1,1,0,1,
icsa-24-095-02,Schweitzer,Engineering Laboratories SEL,vendor-firmware,1,1,0,1,
icsa-24-100-01,SUBNET,PowerSYSTEM Server and Substation Server,vendor-firmware,1,1,0,1,
icsa-24-102-01,Siemens,SIMATIC S7-1500,linux,1,7,0,7,"linux_kernel,openssl"
icsa-24-102-02,Siemens,SIMATIC WinCC,vendor-firmware,1,1,0,1,
icsa-24-102-03,Siemens,RUGGEDCOM APE1808 before V11.0.1,vendor-firmware,1,6,6,0,net_snmp
icsa-24-102-04,Siemens,RUGGEDCOM APE1808,vendor-firmware,1,5,5,0,openssh
icsa-24-102-05,Siemens,Scalance W1750D,vendor-firmware,1,3,0,3,
icsa-24-102-06,Siemens,Parasolid,vendor-firmware,1,3,0,3,
icsa-24-102-07,Siemens,SINEC NMS,vendor-firmware,1,3,3,0,openssl
icsa-24-102-08,Siemens,Telecontrol Server Basic,vendor-firmware,1,48,8,40,"libxml2,openssl,sqlite"
icsa-24-102-09,Rockwell Automation,Automation 5015-AENFTXT (Update A),vendor-firmware,1,1,0,1,
icsa-24-107-01,Measuresoft,ScadaPro,vendor-firmware,1,1,0,1,
icsa-24-107-02,Electrolink,FM/DAB/TV Transmitter,vendor-firmware,1,7,7,0,net_snmp
icsa-24-107-03,Rockwell Automation,Automation ControlLogix and GuardLogix (Update A),vendor-firmware,1,1,0,1,
icsa-24-107-04,RoboDK,RoboDK,vendor-firmware,1,1,0,1,
icsa-24-109-01,Unitronics,Vision Legacy Series (Update A),vendor-firmware,1,1,0,1,
icsa-24-116-01,Multiple,Vulnerabilities in Hitachi Energy RTU500 Series,vendor-firmware,1,2,0,2,
icsa-24-116-02,Hitachi Energy,Energy MACH SCM (Update A),vendor-firmware,1,2,0,2,
icsa-24-116-03,Siemens,RUGGEDCOM APE1808 Devices Configured with Palo Alto Networks,vendor-firmware,1,1,0,1,
icsa-24-116-04,Honeywell,"Experion PKS, Experion LX, PlantCruise by Experion, Safety M",vendor-firmware,1,16,0,16,
icsa-24-121-01,Delta Electronics,Electronics CNCSoft-G2 DOPSoft (Update A),vendor-firmware,1,2,0,2,
icsa-24-123-01,CyberPower,PowerPanel business,vendor-firmware,1,9,0,9,
icsa-24-123-02,Delta Electronics,Electronics DIAEnergie,vendor-firmware,1,3,0,3,
icsa-24-128-01,PTC,Codebeamer,vendor-firmware,1,1,0,1,
icsa-24-128-02,SUBNET,Substation Server,vendor-firmware,1,1,0,1,
icsa-24-130-01,Rockwell Automation,Automation FactoryTalk Historian SE,vendor-firmware,1,2,0,2,
icsa-24-130-02,alpitronic,Hypercharger EV Charger,vendor-firmware,1,1,0,1,
icsa-24-130-03,Delta Electronics,Electronics InfraSuite Device Master,vendor-firmware,1,1,0,1,
icsa-24-135-01,Rockwell Automation,Automation FactoryTalk Remote Access,vendor-firmware,1,2,0,2,
icsa-24-135-02,SUBNET,PowerSYSTEM Center,vendor-firmware,1,1,0,1,
icsa-24-135-03,Johnson,Controls Software House C-CURE 9000,vendor-firmware,1,1,0,1,
icsa-24-135-04,Mitsubishi Electric,Multiple FA Engineering Software Products (Update F),vendor-firmware,1,12,0,12,
icsa-24-137-01,Siemens,Parasolid,vendor-firmware,1,3,0,3,
icsa-24-137-02,Siemens,SICAM Products,vendor-firmware,1,3,0,3,
icsa-24-137-03,Siemens,Teamcenter Visualization and JT2Go,vendor-firmware,1,2,0,2,
icsa-24-137-04,Siemens,Polarion ALM,vendor-firmware,1,1,0,1,
icsa-24-137-05,Siemens,Simcenter Nastran,vendor-firmware,1,1,0,1,
icsa-24-137-06,Siemens,SIMATIC CN 4100 Before V3.0,vendor-firmware,1,3,0,3,
icsa-24-137-07,Siemens,SIMATIC RTLS Locating Manager,vendor-firmware,1,22,22,0,openssl
icsa-24-137-08,Siemens,PS/IGES Parasolid Translator Component,vendor-firmware,1,11,0,11,
icsa-24-137-09,Siemens,Solid Edge,vendor-firmware,1,8,0,8,
icsa-24-137-10,Siemens,RUGGEDCOM CROSSBOW,vendor-firmware,1,9,0,9,
icsa-24-137-11,Siemens,RUGGEDCOM APE1808,vendor-firmware,1,2,0,2,
icsa-24-137-12,Siemens,Desigo Fire Safety UL and Cerberus PRO UL Fire Protection Sy,vendor-firmware,1,3,0,3,
icsa-24-137-13,Siemens,Industrial Products,linux,1,1,1,0,linux_kernel
icsa-24-137-14,Rockwell Automation,Automation FactoryTalk View SE,vendor-firmware,1,1,0,1,
icsa-24-142-01,LCDS,LAquis SCADA,vendor-firmware,1,1,0,1,
icsa-24-144-01,AutomationDirect,Productivity PLCs,vendor-firmware,1,15,0,15,
icsa-24-149-01,Campbell,Scientific CSI Web Server,vendor-firmware,1,2,0,2,
icsa-24-151-01,LenelS2,NetBox,vendor-firmware,1,3,0,3,
icsa-24-151-02,Fuji,Electric Monitouch V-SFT (Update A),vendor-firmware,1,3,0,3,
icsa-24-151-03,Inosoft,VisiWin,vendor-firmware,1,1,0,1,
icsa-24-151-04,Westermo,EDW-100,vendor-firmware,1,2,0,2,
icsa-24-156-01,Uniview,NVR301-04S2-P4 (Update A),vendor-firmware,1,1,0,1,
icsa-24-158-01,Emerson,PACSystem and Fanuc,vendor-firmware,1,4,0,4,
icsa-24-158-02,Emerson,Ovation,vendor-firmware,1,2,0,2,
icsa-24-158-03,Mitsubishi Electric,Electric CC-Link IE TSN Industrial Managed Switch,vendor-firmware,1,1,1,0,openssl
icsa-24-158-04,Johnson,Controls Software House iStar Door Controller (Update A),vendor-firmware,1,1,0,1,
icsa-24-163-01,Rockwell Automation,"Automation ControlLogix, GuardLogix, and CompactLogix",vendor-firmware,1,1,0,1,
icsa-24-163-02,AVEVA,PI Web API,vendor-firmware,1,1,0,1,
icsa-24-163-03,AVEVA,PI Asset Framework Client,vendor-firmware,1,1,0,1,
icsa-24-163-04,Intrado,911 Emergency Gateway,vendor-firmware,1,1,0,1,
icsa-24-165-01,Siemens,Mendix Applications,vendor-firmware,1,1,0,1,
icsa-24-165-02,Siemens,SIMATIC S7-200 SMART Devices,vendor-firmware,1,1,0,1,
icsa-24-165-03,Siemens,TIA Administrator,vendor-firmware,1,1,0,1,
icsa-24-165-04,Siemens,ST7 ScadaConnect,vendor-firmware,1,38,5,33,"libxml2,openssl"
icsa-24-165-05,Siemens,SITOP UPS1600,vendor-firmware,1,3,3,0,ntp
icsa-24-165-06,Siemens,TIM 1531 IRC,linux,1,32,5,27,"libxml2,linux_kernel,openssl"
icsa-24-165-07,Siemens,PowerSys,vendor-firmware,1,1,0,1,
icsa-24-165-08,Siemens,Teamcenter Visualization and JT2Go,vendor-firmware,1,3,0,3,
icsa-24-165-09,Siemens,SICAM AK3/BC/TM,vendor-firmware,1,1,0,1,
icsa-24-165-10,Siemens,SIMATIC and SIPLUS,linux,1,24,6,18,"linux_kernel,openssl"
icsa-24-165-11,Siemens,"SCALANCE XM-400, XR-500",vendor-firmware,1,8,8,0,openssl
icsa-24-165-12,Siemens,SCALANCE W700,vendor-firmware,1,8,0,8,
icsa-24-165-13,Siemens,SINEC Traffic Analyzer,vendor-firmware,1,8,8,0,nginx
icsa-24-165-14,Fuji,Electric Tellus Lite V-Simulator,vendor-firmware,1,2,0,2,
icsa-24-165-16,Rockwell Automation,Automation FactoryTalk View SE,vendor-firmware,1,1,0,1,
icsa-24-165-17,Rockwell Automation,Automation FactoryTalk View SE,vendor-firmware,1,1,0,1,
icsa-24-165-18,Rockwell Automation,Automation FactoryTalk View SE,vendor-firmware,1,1,0,1,
icsa-24-165-19,Motorola,Solutions Vigilant License Plate Readers,vendor-firmware,1,7,0,7,
icsa-24-170-01,RAD,Data Communications SecFlow-2,vendor-firmware,1,1,1,0,u_boot
icsa-24-172-01,Yokogawa,CENTUM,vendor-firmware,1,1,0,1,
icsa-24-172-02,CAREL,Boss-Mini,vendor-firmware,1,1,0,1,
icsa-24-172-03,Westermo,L210-F2G,vendor-firmware,1,3,0,3,
icsa-24-177-01,ABB,800xA Base (Update A),vendor-firmware,1,1,0,1,
icsa-24-177-02,PTC,Creo Elements/Direct License Server (Update A),vendor-firmware,1,1,0,1,
icsa-24-179-01,TELSAT,marKoni FM Transmitter,vendor-firmware,1,4,0,4,
icsa-24-179-02,SDG,Technologies PnPSCADA,vendor-firmware,1,1,0,1,
icsa-24-179-03,Yokogawa,FAST/TOOLS and CI Server,vendor-firmware,1,2,0,2,
icsa-24-179-04,Johnson,Controls Illustra Essentials Gen 4 (Update A),vendor-firmware,1,1,0,1,
icsa-24-179-05,Johnson,Controls Illustra Essentials Gen 4 (Update A),linux,1,1,1,0,linux_kernel
icsa-24-179-06,Johnson,Controls Illustra Essentials Gen 4 (Update A),linux,1,1,1,0,linux_kernel
icsa-24-179-07,Johnson,Controls Illustra Essentials Gen 4 (Update A),vendor-firmware,1,1,0,1,
icsa-24-184-01,Johnson,Controls Kantech Door Controllers,vendor-firmware,1,1,0,1,
icsa-24-184-02,mySCADA,myPRO,vendor-firmware,1,1,0,1,
icsa-24-184-03,Mitsubishi Electric,and Mitsubishi Electric Products (Update E),vendor-firmware,1,5,5,0,openssl
icsa-24-191-01,Delta Electronics,Electronics CNCSoft-G2 (Update A),vendor-firmware,1,6,0,6,
icsa-24-191-02,Mitsubishi Electric,Electric MELIPC Series MI5122-VW,vendor-firmware,1,1,0,1,
icsa-24-191-03,Johnson,Controls Illustra Pro Gen 4,vendor-firmware,1,1,0,1,
icsa-24-191-04,Johnson,Controls Software House C●CURE 9000,vendor-firmware,1,1,0,1,
icsa-24-191-05,Johnson,Controls Software House C●CURE 9000 (Update B),vendor-firmware,1,1,0,1,
icsa-24-193-01,Siemens,Remote Connect Server,vendor-firmware,1,13,0,13,
icsa-24-193-02,Siemens,RUGGEDCOM APE 1808,vendor-firmware,1,4,0,4,
icsa-24-193-03,Siemens,Teamcenter Visualization and JT2Go,vendor-firmware,1,1,0,1,
icsa-24-193-04,Siemens,Simcenter Femap,vendor-firmware,1,15,0,15,
icsa-24-193-05,Siemens,"SCALANCE, RUGGEDCOM, SIPLUS, and SINEC",vendor-firmware,1,1,0,1,
icsa-24-193-06,Siemens,RUGGEDCOM,vendor-firmware,1,4,0,4,
icsa-24-193-07,Siemens,SIMATIC and SIMIT,vendor-firmware,1,2,2,0,dotnet
icsa-24-193-08,Siemens,Mendix Encryption Module,vendor-firmware,1,1,0,1,
icsa-24-193-09,Siemens,SINEMA Remote Connect Server,vendor-firmware,1,2,2,0,net_snmp
icsa-24-193-10,Siemens,JT Open and PLM XML SDK,vendor-firmware,1,2,0,2,
icsa-24-193-11,Siemens,RUGGEDCOM APE 1808,vendor-firmware,1,1,1,0,openssh
icsa-24-193-12,Siemens,TIA Portal and SIMATIC STEP 7,vendor-firmware,1,1,1,0,dotnet
icsa-24-193-13,Siemens,"TIA Portal, SIMATIC, and SIRIUS",vendor-firmware,1,1,1,0,dotnet
icsa-24-193-14,Siemens,SIPROTEC,vendor-firmware,1,1,0,1,
icsa-24-193-15,Siemens,SINEMA Remote Connect Server,vendor-firmware,1,3,0,3,
icsa-24-193-16,Siemens,SIMATIC WinCC,vendor-firmware,1,1,0,1,
icsa-24-193-17,Siemens,SIMATIC STEP 7 (TIA Portal),vendor-firmware,1,1,1,0,dotnet
icsa-24-193-18,Rockwell Automation,Automation ThinManager ThinServer,vendor-firmware,1,3,0,3,
icsa-24-193-19,Rockwell Automation,Automation FactoryTalk System Services and Policy Manager,vendor-firmware,1,2,0,2,
icsa-24-193-20,HMS Industrial Networks,Anybus-CompactCom 30,vendor-firmware,1,1,0,1,
icsa-24-198-01,Rockwell Automation,Automation Pavilion 8,vendor-firmware,1,1,0,1,
icsa-24-200-01,Mitsubishi Electric,Electric MELSOFT MaiLab and MELSOFT VIXIO (Update A),vendor-firmware,1,1,1,0,openssl
icsa-24-200-02,Subnet,Solutions PowerSYSTEM Center,vendor-firmware,1,1,0,1,
icsa-24-205-01,National,Instruments IO Trace,vendor-firmware,1,1,0,1,
icsa-24-205-02,Hitachi Energy,Energy AFS/AFR Series Products,vendor-firmware,1,4,4,0,openssl
icsa-24-205-03,National,Instruments LabVIEW,vendor-firmware,1,3,0,3,
icsa-24-207-01,Siemens,SICAM Products,vendor-firmware,1,2,0,2,
icsa-24-207-02,Positron,Broadcast Signal Processor,vendor-firmware,1,1,0,1,
icsa-24-214-01,Johnson,Controls exacqVision Client and exacqVision Server,vendor-firmware,1,1,0,1,
icsa-24-214-02,Johnson,Controls exacqVision Web Service,vendor-firmware,1,1,0,1,
icsa-24-214-03,Johnson,Controls exacqVision Web Service,vendor-firmware,1,1,0,1,
icsa-24-214-04,Johnson,Controls exacqVision Web Service,vendor-firmware,1,1,0,1,
icsa-24-214-05,Johnson,Controls exacqVision Server,vendor-firmware,1,1,0,1,
icsa-24-214-06,Johnson,Controls exacqVision Web Service,vendor-firmware,1,1,0,1,
icsa-24-214-07,AVTECH,IP Camera,vendor-firmware,1,1,0,1,
icsa-24-214-08,Vonets,WiFi Bridges,vendor-firmware,1,7,0,7,
icsa-24-214-09,Rockwell Automation,Automation Logix Controllers,vendor-firmware,1,1,0,1,
icsa-24-219-01,Delta Electronics,Electronics DIAScreen,vendor-firmware,1,1,0,1,
icsa-24-221-01,Dorsett,Controls InfoScan,vendor-firmware,1,3,0,3,
icsa-24-226-01,AVEVA,SuiteLink Server,vendor-firmware,1,1,0,1,
icsa-24-226-02,Rockwell Automation,Automation AADvance Standalone OPC-DA Server,vendor-firmware,1,2,0,2,
icsa-24-226-03,Rockwell Automation,Automation GuardLogix/ControlLogix 5580 Controller,vendor-firmware,1,1,0,1,
icsa-24-226-04,Rockwell Automation,Automation Pavilion8,vendor-firmware,1,1,0,1,
icsa-24-226-05,Rockwell Automation,Automation DataMosaix Private Cloud,vendor-firmware,1,1,0,1,
icsa-24-226-06,Rockwell Automation,Automation FactoryTalk View Site Edition (Update A),vendor-firmware,1,1,0,1,
icsa-24-226-07,Rockwell Automation,Automation Micro850/870,vendor-firmware,1,1,0,1,
icsa-24-226-08,Ocean,Data Systems Dream Report,vendor-firmware,1,2,0,2,
icsa-24-226-09,Rockwell Automation,"Automation ControlLogix, GuardLogix 5580, CompactLogix, Comp",vendor-firmware,1,1,0,1,
icsa-24-226-10,Rockwell Automation,"Automation ControlLogix, GuardLogix 5580, CompactLogix, and ",vendor-firmware,1,1,0,1,
icsa-24-228-01,Siemens,"SCALANCE M-800, RUGGEDCOM RM1224",vendor-firmware,1,4,0,4,
icsa-24-228-02,Siemens,INTRALOG WMS,vendor-firmware,1,2,2,0,dotnet
icsa-24-228-03,Siemens,Teamcenter Visualization and JT2Go,vendor-firmware,1,4,0,4,
icsa-24-228-04,Siemens,SINEC Traffic Analyzer,vendor-firmware,1,5,0,5,
icsa-24-228-05,Siemens,LOGO! V8.3 BM Devices,vendor-firmware,1,1,0,1,
icsa-24-228-06,Siemens,SINEC NMS,linux,1,29,2,27,"libxml2,linux_kernel,spring,tomcat"
icsa-24-228-07,Siemens,Location Intelligence,vendor-firmware,1,3,0,3,
icsa-24-228-08,Siemens,COMOS,vendor-firmware,1,2,0,2,
icsa-24-228-09,Siemens,NX,vendor-firmware,1,1,0,1,
icsa-24-228-10,AVEVA,Historian Web Server,vendor-firmware,1,1,0,1,
icsa-24-228-11,PTC,Kepware ThingWorx Kepware Server,vendor-firmware,1,1,0,1,
icsa-24-235-01,Rockwell Automation,Automation Emulate3D,vendor-firmware,1,1,0,1,
icsa-24-235-02,Rockwell Automation,Automation 5015 - AENFTXT,vendor-firmware,1,1,0,1,
icsa-24-235-03,MOBOTIX,P3 and Mx6 Cameras,vendor-firmware,1,1,0,1,
icsa-24-235-04,Avtec,Outpost 0810,vendor-firmware,1,2,0,2,
icsa-24-242-01,Rockwell Automation,Automation ThinManager ThinServer,vendor-firmware,1,3,0,3,
icsa-24-242-02,Delta Electronics,Electronics DTN Soft,vendor-firmware,1,1,0,1,
icsa-24-247-01,LOYTEC,Electronics LINX Series,vendor-firmware,1,10,0,10,
icsa-24-249-01,Hughes,Network Systems WL3000 Fusion Software,vendor-firmware,1,2,0,2,
icsa-24-254-01,Viessmann,Climate Solutions SE Vitogate 300,vendor-firmware,1,3,0,3,
icsa-24-254-02,iniNet,Solutions SpiderControl SCADA Web Server,vendor-firmware,1,1,0,1,
icsa-24-254-03,Rockwell Automation,Automation SequenceManager,vendor-firmware,1,1,0,1,
icsa-24-256-01,Siemens,SINEMA Remote Connect Server,vendor-firmware,1,1,0,1,
icsa-24-256-02,Siemens,"SINUMERIK ONE, SINUMERIK 840D and SINUMERIK 828D",vendor-firmware,1,1,0,1,
icsa-24-256-03,Siemens,User Management Component (UMC),vendor-firmware,1,1,0,1,
icsa-24-256-04,Siemens,SINUMERIK Systems,vendor-firmware,1,1,0,1,
icsa-24-256-05,Siemens,Mendix Runtime,vendor-firmware,1,1,0,1,
icsa-24-256-06,Siemens,Automation License Manager,vendor-firmware,1,1,0,1,
icsa-24-256-07,Siemens,SIMATIC RFID Readers,vendor-firmware,1,6,6,0,net_snmp
icsa-24-256-08,Siemens,Industrial Products,vendor-firmware,1,1,0,1,
icsa-24-256-09,Siemens,"SIMATIC, SIPLUS, and TIM",vendor-firmware,1,3,0,3,
icsa-24-256-10,Siemens,SINEMA,vendor-firmware,1,7,2,5,"libcurl,mbedtls,openvpn,wolfssl"
icsa-24-256-11,Siemens,Industrial Edge Management,vendor-firmware,1,1,0,1,
icsa-24-256-12,Siemens,Tecnomatix Plant Simulation,vendor-firmware,1,1,0,1,
icsa-24-256-13,Siemens,SCALANCE W700,vendor-firmware,1,2,0,2,
icsa-24-256-14,Siemens,SIMATIC SCADA and PCS 7 Systems,vendor-firmware,1,1,0,1,
icsa-24-256-15,Siemens,Industrial Products,vendor-firmware,1,2,2,0,openssh
icsa-24-256-16,Siemens,Third Party Component in SICAM and SITIPE Products,vendor-firmware,1,1,0,1,
icsa-24-256-17,AutomationDirect,DirectLogic H2-DM1E,vendor-firmware,1,2,0,2,
icsa-24-256-18,Rockwell Automation,Automation ControlLogix/GuardLogix 5580 and CompactLogix/Com,vendor-firmware,1,1,0,1,
icsa-24-256-19,Rockwell Automation,Automation OptixPanel,vendor-firmware,1,1,0,1,
icsa-24-256-20,Rockwell Automation,AADvance Trusted SIS Workstation,vendor-firmware,1,2,0,2,
icsa-24-256-21,Rockwell Automation,5015-U8IHFT,vendor-firmware,1,1,0,1,
icsa-24-256-22,Rockwell Automation,FactoryTalk Batch View,vendor-firmware,1,1,0,1,
icsa-24-256-23,Rockwell Automation,Automation FactoryTalk View Site,vendor-firmware,1,1,0,1,
icsa-24-256-24,Rockwell Automation,Automation Pavilion8,vendor-firmware,1,2,0,2,
icsa-24-256-25,Rockwell Automation,ThinManager,vendor-firmware,1,1,0,1,
icsa-24-261-01,Siemens,SIMATIC S7-200 SMART Devices,vendor-firmware,1,1,0,1,
icsa-24-261-02,Millbeck,Communications Proroute H685t-w,vendor-firmware,1,2,0,2,
icsa-24-261-03,Yokogawa,Dual-redundant Platform for Computer (PC2CKM),vendor-firmware,1,1,0,1,
icsa-24-263-01,Rockwell Automation,Automation RSLogix 5 and RSLogix 500,vendor-firmware,1,1,0,1,
icsa-24-263-02,IDEC,Products (Update A),vendor-firmware,1,2,0,2,
icsa-24-263-03,IDEC,CORPORATION WindLDR and WindO/I-NV4,vendor-firmware,1,1,0,1,
icsa-24-263-04,MegaSys,Computer Technologies Telenium Online Web Application (Updat,vendor-firmware,1,2,0,2,
icsa-24-263-05,Kastle,Systems Access Control System,vendor-firmware,1,2,0,2,
icsa-24-268-01,OPW,Fuel Management Systems SiteSentinel,vendor-firmware,1,1,0,1,
icsa-24-268-02,Alisonic,Sibylla,vendor-firmware,1,1,0,1,
icsa-24-268-03,Franklin,Fueling Systems TS-550 EVO,vendor-firmware,1,1,0,1,
icsa-24-268-04,Dover,Fueling Solutions ProGauge MAGLINK LX CONSOLE,vendor-firmware,1,6,0,6,
icsa-24-268-05,Moxa,MXview One,vendor-firmware,1,3,0,3,
icsa-24-268-06,OMNTEC,Proteus Tank Monitoring (Update A),vendor-firmware,1,1,0,1,
icsa-24-270-01,Advantech,ADAM-5550,vendor-firmware,1,2,0,2,
icsa-24-270-02,Advantech,ADAM-5630,vendor-firmware,1,4,0,4,
icsa-24-270-03,Atelmo,Atemio AM 520 HD Full HD Satellite Receiver,vendor-firmware,1,1,0,1,
icsa-24-270-04,goTenna,Pro X and Pro X2 (Update A),vendor-firmware,1,10,0,10,
icsa-24-270-05,goTenna,Pro ATAK Plugin (Update A),vendor-firmware,1,9,0,9,
icsa-24-275-01,Optigo Networks,ONS-S8 Spectra Aggregation Switch,vendor-firmware,1,2,0,2,
icsa-24-275-02,Mitsubishi Electric,Electric MELSEC iQ-F FX5-OPC,vendor-firmware,1,1,1,0,openssl
icsa-24-277-01,TEM,Opera Plus FM Family Transmitter,vendor-firmware,1,2,2,0,net_snmp
icsa-24-277-02,Subnet Solutions Inc,PowerSYSTEM Center,vendor-firmware,1,3,0,3,
icsa-24-277-03,Delta Electronics,Electronics DIAEnergie,vendor-firmware,1,2,0,2,
icsa-24-284-01,Siemens,SIMATIC S7-1500 and S7-1200 CPUs,vendor-firmware,1,1,0,1,
icsa-24-284-02,Siemens,Simcenter Nastran,vendor-firmware,1,2,0,2,
icsa-24-284-03,Siemens,Teamcenter Visualization and JT2Go,vendor-firmware,1,2,0,2,
icsa-24-284-04,Siemens,SENTRON PAC3200 Devices,vendor-firmware,1,1,0,1,
icsa-24-284-05,Siemens,Questa and ModelSim,vendor-firmware,1,3,0,3,
icsa-24-284-06,Siemens,SINEC Security Monitor,vendor-firmware,1,4,0,4,
icsa-24-284-07,Siemens,JT2Go,vendor-firmware,1,1,0,1,
icsa-24-284-08,Siemens,HiMed Cockpit,vendor-firmware,1,1,0,1,
icsa-24-284-09,Siemens,PSS SINCAL,linux,1,2,2,0,linux_kernel
icsa-24-284-10,Siemens,SIMATIC S7-1500 CPUs,vendor-firmware,1,1,0,1,
icsa-24-284-11,Siemens,RUGGEDCOM APE1808,vendor-firmware,1,1,0,1,
icsa-24-284-12,Siemens,Sentron Powercenter 1000,vendor-firmware,1,1,0,1,
icsa-24-284-13,Siemens,Tecnomatix Plant Simulation,vendor-firmware,1,14,0,14,
icsa-24-284-14,Schneider Electric,Electric Zelio Soft 2,vendor-firmware,1,2,0,2,
icsa-24-284-15,Rockwell Automation,Automation DataMosaix Private Cloud,vendor-firmware,1,3,0,3,
icsa-24-284-16,Rockwell Automation,Automation DataMosaix Private Cloud,vendor-firmware,1,6,6,0,sqlite
icsa-24-284-17,Rockwell Automation,Automation Verve Asset Manager,vendor-firmware,1,1,0,1,
icsa-24-284-18,Rockwell Automation,Automation Logix Controllers,vendor-firmware,1,1,0,1,
icsa-24-284-19,Rockwell Automation,Automation PowerFlex 6000T,vendor-firmware,1,1,0,1,
icsa-24-284-20,Rockwell Automation,Automation ControlLogix,vendor-firmware,1,1,0,1,
icsa-24-284-21,Delta Electronics,Electronics CNCSoft-G2,vendor-firmware,1,5,0,5,
icsa-24-289-01,Siemens,Siveillance Video Camera,vendor-firmware,1,1,0,1,
icsa-24-289-02,Schneider Electric,Electric Data Center Expert,vendor-firmware,1,2,0,2,
icsa-24-291-01,Elvaco,M-Bus Metering Gateway CMe3100 (Update A),vendor-firmware,1,4,0,4,
icsa-24-291-02,LCDS,LAquis SCADA,vendor-firmware,1,1,0,1,
icsa-24-291-03,Mitsubishi Electric,CNC Series (Update D),vendor-firmware,1,1,0,1,
icsa-24-291-04,HMS,Networks EWON FLEXY 202,vendor-firmware,1,1,0,1,
icsa-24-291-05,Kieback&amp;Peter,DDC4000 Series,vendor-firmware,1,3,0,3,
icsa-24-296-01,Mitsubishi Electric,and Mitsubishi Electric Products (Update C),vendor-firmware,1,1,0,1,
icsa-24-298-01,VIMESA,VHF/FM Transmitter Blue Plus,vendor-firmware,1,1,0,1,
icsa-24-298-02,iniNet,Solutions SpiderControl SCADA PC HMI Editor,vendor-firmware,1,1,0,1,
icsa-24-298-03,Deep,Sea Electronics DSE855,vendor-firmware,1,1,0,1,
icsa-24-303-01,Siemens,InterMesh Subscriber Devices,vendor-firmware,1,4,0,4,
icsa-24-303-02,Solar-Log,Base 15,vendor-firmware,1,1,0,1,
icsa-24-303-03,Delta Electronics,Electronics InfraSuite Device Master,vendor-firmware,1,1,1,0,dotnet
icsa-24-305-01,Rockwell Automation,Automation FactoryTalk ThinManager,vendor-firmware,1,2,0,2,
icsa-24-312-01,Beckhoff,Automation TwinCAT Package Manager,vendor-firmware,1,1,0,1,
icsa-24-312-02,Delta Electronics,Electronics DIAScreen,vendor-firmware,1,3,0,3,
icsa-24-312-03,Bosch,Rexroth IndraDrive,vendor-firmware,1,1,0,1,
icsa-24-317-01,Subnet,Solutions PowerSYSTEM Center,vendor-firmware,1,3,0,3,
icsa-24-317-02,Hitachi Energy,Energy TRO600,vendor-firmware,1,2,0,2,
icsa-24-317-03,Rockwell Automation,Automation FactoryTalk View ME,vendor-firmware,1,1,0,1,
icsa-24-319-01,Siemens,RUGGEDCOM CROSSBOW,vendor-firmware,1,2,2,0,sqlite
icsa-24-319-02,Siemens,SIPORT,vendor-firmware,1,1,0,1,
icsa-24-319-03,Siemens,OZW672 and OZW772 Web Server,vendor-firmware,1,1,0,1,
icsa-24-319-04,Siemens,SINEC NMS,vendor-firmware,1,18,18,0,openssl
icsa-24-319-05,Siemens,Solid Edge,vendor-firmware,1,3,0,3,
icsa-24-319-06,Siemens,SCALANCE M-800 Family,linux,1,16,1,15,"dnsmasq,linux_kernel,openssl"
icsa-24-319-07,Siemens,Engineering Platforms,vendor-firmware,1,1,0,1,
icsa-24-319-08,Siemens,SINEC INS,vendor-firmware,1,60,60,0,openssl
icsa-24-319-09,Siemens,Spectrum Power 7,vendor-firmware,1,1,0,1,
icsa-24-319-10,Siemens,TeleControl Server,vendor-firmware,1,1,0,1,
icsa-24-319-11,Siemens,SIMATIC CP,vendor-firmware,1,1,0,1,
icsa-24-319-12,Siemens,Mendix Runtime,vendor-firmware,1,1,0,1,
icsa-24-319-13,Rockwell Automation,Automation Verve Reporting (Update A),vendor-firmware,1,1,0,1,
icsa-24-319-14,Rockwell Automation,Automation FactoryTalk Updater (Update A),vendor-firmware,1,3,0,3,
icsa-24-319-15,Rockwell Automation,Automation Arena Input Analyzer,vendor-firmware,1,1,0,1,
icsa-24-319-16,Hitachi Energy,MSM (Update A),vendor-firmware,1,2,2,0,goahead
icsa-24-319-17,2N,Access Commander (Update A),vendor-firmware,1,4,0,4,
icsa-24-324-01,Mitsubishi Electric,MELSEC iQ-F Series (Update A),vendor-firmware,1,1,0,1,
icsa-24-326-01,Automated,Logic WebCTRL Premium Server,vendor-firmware,1,2,0,2,
icsa-24-326-02,OSCAT,Basic Library,vendor-firmware,1,1,1,0,codesys_rt
icsa-24-326-03,Schneider Electric,"Modicon M340, MC80, and Momentum Unity M1E (Update A)",vendor-firmware,1,2,0,2,
icsa-24-326-04,Schneider Electric,"Modicon M340, MC80, and Momentum Unity M1E (Update B)",vendor-firmware,1,3,0,3,
icsa-24-326-05,Schneider Electric,Electric EcoStruxure IT Gateway,vendor-firmware,1,1,0,1,
icsa-24-326-06,Schneider Electric,Electric PowerLogic PM5300 Series,vendor-firmware,1,1,0,1,
icsa-24-326-07,mySCADA,myPRO Manager,vendor-firmware,1,5,0,5,
icsa-24-331-01,Schneider Electric,Electric PowerLogic PM55xx and PowerLogic PM8ECC,vendor-firmware,1,2,0,2,
icsa-24-331-02,Schneider Electric,Electric PowerLogic P5,vendor-firmware,1,1,0,1,
icsa-24-331-03,Schneider Electric,"EcoStruxure Control Expert, EcoStruxure Process Expert, and ",vendor-firmware,1,3,0,3,
icsa-24-331-04,Hitachi Energy,Energy MicroSCADA Pro/X SYS600 (Update A),vendor-firmware,1,5,0,5,
icsa-24-331-05,Hitachi Energy,Energy RTU500 Scripting Interface,vendor-firmware,1,1,0,1,
icsa-24-338-01,Ruijie,Reyee OS (Update A),vendor-firmware,1,10,0,10,
icsa-24-338-02,Siemens,RUGGEDCOM APE1808,vendor-firmware,1,4,0,4,
icsa-24-338-03,Open Automation Software,Open Automation Software,vendor-firmware,1,1,0,1,
icsa-24-338-04,Mitsubishi Electric,Products (Update C),vendor-firmware,1,3,0,3,
icsa-24-338-05,Fuji,Electric Monitouch V-SFT (Update A),vendor-firmware,1,10,0,10,
icsa-24-338-06,Fuji,Electric Tellus Lite V-Simulator (Update A),vendor-firmware,1,5,0,5,
icsa-24-340-01,AutomationDirect,C-More EA9 Programming Software,vendor-firmware,1,3,0,3,
icsa-24-340-02,Planet Technology,Planet WGS-804HPT,vendor-firmware,1,3,0,3,
icsa-24-345-01,MOBATIME,Network Master Clock,vendor-firmware,1,1,0,1,
icsa-24-345-02,Schneider Electric,Electric EcoStruxure Foxboro DCS Core Control Services,linux,1,3,3,0,linux_kernel
icsa-24-345-03,Schneider Electric,Electric FoxRTU Station,vendor-firmware,1,1,0,1,
icsa-24-345-04,National,Instruments LabVIEW,vendor-firmware,1,3,0,3,
icsa-24-345-05,Horner,Automation Cscape,vendor-firmware,1,2,0,2,
icsa-24-345-06,Rockwell Automation,Arena (Update C),vendor-firmware,1,11,0,11,
icsa-24-347-01,Siemens,CPCI85 Central Processing/Communication,vendor-firmware,1,1,0,1,
icsa-24-347-02,Siemens,Engineering Platforms,vendor-firmware,1,1,0,1,
icsa-24-347-03,Siemens,RUGGEDCOM ROX II,vendor-firmware,1,1,0,1,
icsa-24-347-04,Siemens,Parasolid,vendor-firmware,1,1,0,1,
icsa-24-347-05,Siemens,Engineering Platforms,vendor-firmware,1,1,0,1,
icsa-24-347-06,Siemens,Simcenter Femap,vendor-firmware,1,2,0,2,
icsa-24-347-07,Siemens,Solid Edge SE2024,vendor-firmware,1,3,0,3,
icsa-24-347-08,Siemens,COMOS,vendor-firmware,1,2,0,2,
icsa-24-347-09,Siemens,Teamcenter Visualization,vendor-firmware,1,26,0,26,
icsa-24-347-10,Siemens,SENTRON Powercenter 1000 (Update A),vendor-firmware,1,1,0,1,
icsa-24-352-01,ThreatQuotient,ThreatQ Platform,vendor-firmware,1,1,0,1,
icsa-24-352-02,Hitachi Energy,Energy TropOS Devices Series 1400/2400/6400,vendor-firmware,1,1,1,0,ntp
icsa-24-352-03,Rockwell Automation,Automation PowerMonitor 1000 Remote,vendor-firmware,1,3,0,3,
icsa-24-352-04,Schneider Electric,Electric Modicon (Update B),vendor-firmware,1,1,0,1,
icsa-24-354-01,Hitachi Energy,Energy RTU500 series CMU,vendor-firmware,1,1,0,1,
icsa-24-354-02,Hitachi Energy,Energy SDM600,vendor-firmware,1,2,0,2,
icsa-24-354-03,Delta Electronics,Electronics DTM Soft,vendor-firmware,1,1,0,1,
icsa-24-354-04,Siemens,User Management Component,vendor-firmware,1,1,0,1,
icsa-24-354-05,Tibbo,AggreGate Network Manager,vendor-firmware,1,1,0,1,
icsa-24-354-06,Schneider Electric,Electric Accutech Manager,vendor-firmware,1,1,0,1,
icsa-24-354-07,Schneider Electric,Electric Modicon Controllers (Update A),vendor-firmware,1,1,0,1,
icsa-25-007-01,ABB,"ASPECT-Enterprise, NEXUS, and MATRIX Series Products",linux,1,26,26,0,linux_kernel
icsa-25-007-02,Nedap Librix,Ecoreader,vendor-firmware,1,1,0,1,
icsa-25-010-01,Schneider Electric,Electric PowerChute Serial Shutdown,vendor-firmware,1,1,0,1,
icsa-25-010-02,Schneider Electric,Electric Harmony HMI and Pro-face HMI Products,vendor-firmware,1,1,0,1,
icsa-25-010-03,Delta Electronics,Electronics DRASimuCAD (Update A),vendor-firmware,1,3,0,3,
icsa-25-014-01,Hitachi Energy,Energy FOXMAN-UN,vendor-firmware,1,8,0,8,
icsa-25-014-02,Schneider Electric,Electric Vijeo Designer and EcoStruxure Machine Expert (Upda,vendor-firmware,1,1,0,1,
icsa-25-014-03,Schneider Electric,Electric EcoStruxure,vendor-firmware,1,1,0,1,
icsa-25-014-04,Belledonne Communications,Linphone-Desktop,vendor-firmware,1,1,0,1,
icsa-25-016-01,Siemens,Mendix LDAP,vendor-firmware,1,1,0,1,
icsa-25-016-02,Siemens,Industrial Edge Management,vendor-firmware,1,1,0,1,
icsa-25-016-03,Siemens,Siveillance Video Camera,vendor-firmware,1,1,0,1,
icsa-25-016-04,Siemens,SIPROTEC 5 Products,vendor-firmware,1,1,0,1,
icsa-25-016-05,Fuji,Electric Alpha5 SMART,vendor-firmware,1,1,0,1,
icsa-25-016-06,Hitachi Energy,"Energy FOX61x, FOXCST, and FOXMAN-UN Products",vendor-firmware,1,1,0,1,
icsa-25-016-07,Hitachi Energy,Energy FOX61x Products,vendor-firmware,1,1,0,1,
icsa-25-016-08,Schneider Electric,Electric Data Center Expert,vendor-firmware,1,2,0,2,
icsa-25-021-01,Traffic,Alert and Collision Avoidance System (TCAS) II,vendor-firmware,1,2,0,2,
icsa-25-021-02,Siemens,SIMATIC S7-1200 CPUs,vendor-firmware,1,1,0,1,
icsa-25-021-03,ZF,Roll Stability Support Plus (RSSPlus),vendor-firmware,1,1,0,1,
icsa-25-023-01,mySCADA,myPRO Manager,vendor-firmware,1,2,0,2,
icsa-25-023-02,Hitachi Energy,RTU500 Series Product (Update B),vendor-firmware,1,1,0,1,
icsa-25-023-03,Schneider Electric,Electric EVlink Home Smart and Schneider Charge,vendor-firmware,1,1,0,1,
icsa-25-023-04,Schneider Electric,Electric Easergy Studio,vendor-firmware,1,1,0,1,
icsa-25-023-05,Schneider Electric,Electric EcoStruxure Power Build Rapsody (Update A),vendor-firmware,1,1,0,1,
icsa-25-023-06,HMS,Networks Ewon Flexy 202,vendor-firmware,1,1,0,1,
icsa-25-028-01,B&amp;R,Automation Runtime,vendor-firmware,1,1,0,1,
icsa-25-028-02,Schneider Electric,Electric Power Logic,vendor-firmware,1,2,0,2,
icsa-25-028-03,Rockwell Automation,Automation FactoryTalk,vendor-firmware,1,2,0,2,
icsa-25-028-04,Rockwell Automation,Automation FactoryTalk View Site Edition,vendor-firmware,1,2,0,2,
icsa-25-028-05,Rockwell Automation,Automation DataMosaix Private Cloud,vendor-firmware,1,2,2,0,sqlite
icsa-25-028-06,Schneider Electric,RemoteConnect and SCADAPack x70 Utilities (Update A),vendor-firmware,1,1,0,1,
icsa-25-030-01,Hitachi Energy,Energy UNEM,vendor-firmware,1,8,0,8,
icsa-25-030-02,New,Rock Technologies Cloud Connected Devices,vendor-firmware,1,2,0,2,
icsa-25-030-03,Schneider Electric,Electric System Monitor Application in Harmony and Pro-face ,vendor-firmware,1,1,0,1,
icsa-25-030-04,Rockwell Automation,Automation KEPServer,vendor-firmware,1,1,0,1,
icsa-25-030-05,Rockwell Automation,Automation FactoryTalk AssetCentre,vendor-firmware,1,3,0,3,
icsa-25-035-01,Western,"Telematic Inc NPS Series, DSM Series, CPM Series",vendor-firmware,1,1,0,1,
icsa-25-035-02,Rockwell Automation,Automation GuardLogix 5380 and 5580 (Update A),vendor-firmware,1,1,0,1,
icsa-25-035-03,Elber,Communications Equipment,vendor-firmware,1,2,0,2,
icsa-25-035-04,Schneider Electric,"Electric Modicon M580 PLCs, BMENOR2200H and EVLink Pro AC (U",vendor-firmware,1,1,0,1,
icsa-25-035-05,Schneider Electric,Electric Web Designer for Modicon,vendor-firmware,1,1,0,1,
icsa-25-035-06,Schneider Electric,"Modicon M340 and BMXNOE0100/0110, BMXNOR0200H (Update B)",vendor-firmware,1,1,0,1,
icsa-25-035-07,Schneider Electric,Electric Pro-face GP-Pro EX and Remote HMI (Update A),vendor-firmware,1,1,0,1,
icsa-25-035-08,AutomationDirect,C-more EA9 HMI,vendor-firmware,1,1,0,1,
icsa-25-037-01,Schneider Electric,Electric EcoStruxure Power Monitoring Expert (PME) (Update B,vendor-firmware,1,1,0,1,
icsa-25-037-02,Schneider Electric,EcoStruxure (Update D),vendor-firmware,1,1,0,1,
icsa-25-037-03,ABB,Drive Composer,vendor-firmware,1,1,0,1,
icsa-25-037-04,Trimble,Cityworks (Update A),vendor-firmware,1,1,0,1,
icsa-25-044-01,Siemens,SIMATIC S7-1200 CPU Family,vendor-firmware,1,2,0,2,
icsa-25-044-02,Siemens,SIMATIC,vendor-firmware,1,1,0,1,
icsa-25-044-03,Siemens,SIPROTEC 5,vendor-firmware,1,1,0,1,
icsa-25-044-04,Siemens,SIPROTEC 5,vendor-firmware,1,1,0,1,
icsa-25-044-05,Siemens,SIPROTEC 5 Devices,vendor-firmware,1,1,1,0,net_snmp
icsa-25-044-06,Siemens,RUGGEDCOM APE1808 Devices,vendor-firmware,1,10,0,10,
icsa-25-044-07,Siemens,Teamcenter,vendor-firmware,1,1,0,1,
icsa-25-044-08,Siemens,OpenV2G,vendor-firmware,1,1,0,1,
icsa-25-044-09,Siemens,SCALANCE W700,linux,1,73,7,66,"libxml2,linux_kernel,openssl"
icsa-25-044-10,Siemens,Questa and ModelSim,vendor-firmware,1,1,0,1,
icsa-25-044-11,Siemens,APOGEE PXC and TALON TC Series,vendor-firmware,1,2,0,2,
icsa-25-044-12,Siemens,SIMATIC IPC DiagBase and SIMATIC IPC DiagMonitor,vendor-firmware,1,1,0,1,
icsa-25-044-13,Siemens,SIMATIC PCS neo and TIA Administrator,vendor-firmware,1,1,0,1,
icsa-25-044-14,Siemens,Opcenter Intelligence,vendor-firmware,1,5,5,0,openjdk
icsa-25-044-15,ORing,IAP-420,vendor-firmware,1,2,0,2,
icsa-25-044-16,mySCADA,myPRO Manager,vendor-firmware,1,4,0,4,
icsa-25-044-17,Outback,Power Mojave Inverter,vendor-firmware,1,3,0,3,
icsa-25-044-18,Dingtian,DT-R0 Series,vendor-firmware,1,1,0,1,
icsa-25-051-01,ABB,"ASPECT-Enterprise, NEXUS, and MATRIX Series",vendor-firmware,1,1,0,1,
icsa-25-051-02,ABB,FLXEON Controllers,vendor-firmware,1,3,0,3,
icsa-25-051-04,Siemens,SiPass Integrated,vendor-firmware,1,1,0,1,
icsa-25-051-05,Rapid,Response Monitoring My Security Account App,vendor-firmware,1,1,0,1,
icsa-25-051-06,Elseta,Vinci Protocol Analyzer,vendor-firmware,1,1,0,1,
icsa-25-056-01,Rockwell Automation,Automation PowerFlex 755,vendor-firmware,1,1,0,1,
icsa-25-058-01,Schneider Electric,Electric Communication Modules for Modicon M580 and Quantum ,vendor-firmware,1,1,0,1,
icsa-25-063-01,Carrier,Block Load,vendor-firmware,1,1,0,1,
icsa-25-063-02,Keysight,Ixia Vision Product Family (Update A),vendor-firmware,1,5,0,5,
icsa-25-063-03,Hitachi Energy,Energy MACH PS700,vendor-firmware,1,1,0,1,
icsa-25-063-04,Hitachi Energy,Energy XMC20,vendor-firmware,1,1,0,1,
icsa-25-063-05,Hitachi Energy,Energy UNEM/ECST,vendor-firmware,1,1,0,1,
icsa-25-063-06,Delta Electronics,Electronics CNCSoft-G2,vendor-firmware,1,1,0,1,
icsa-25-063-07,GMOD,Apollo,vendor-firmware,1,4,0,4,
icsa-25-063-08,Edimax,IC-7100 IP Camera,vendor-firmware,1,1,0,1,
icsa-25-065-01,Hitachi Energy,Energy PCU400,vendor-firmware,1,8,8,0,openssl
icsa-25-065-02,Hitachi Energy,Energy Relion 670/650/SAM600-IO,vendor-firmware,1,1,0,1,
icsa-25-070-01,Schneider Electric,Uni-Telway Driver (Update D),vendor-firmware,1,1,0,1,
icsa-25-070-02,Optigo,Networks Visual BACnet Capture Tool/Optigo Visual Networks C,vendor-firmware,1,3,0,3,
icsa-25-072-01,Siemens,Teamcenter Visualization and Tecnomatrix Plant Simulation,vendor-firmware,1,8,0,8,
icsa-25-072-02,Siemens,SINEMA Remote Connect Server,vendor-firmware,1,2,2,0,openvpn
icsa-25-072-03,Siemens,SIMATIC S7-1500 TM MFP,linux,1,5,5,0,linux_kernel
icsa-25-072-04,Siemens,SiPass integrated AC5102/ACC-G2 and ACC-AP,vendor-firmware,1,3,0,3,
icsa-25-072-05,Siemens,SINAMICS S200,vendor-firmware,1,1,0,1,
icsa-25-072-06,Siemens,SCALANCE LPE9403,vendor-firmware,1,7,7,0,net_snmp
icsa-25-072-07,Siemens,SCALANCE M-800 and SC-600 Families,vendor-firmware,1,1,1,0,openvpn
icsa-25-072-08,Siemens,Tecnomatix Plant Simulation,vendor-firmware,1,2,0,2,
icsa-25-072-09,Siemens,OPC UA,vendor-firmware,1,2,2,0,dotnet
icsa-25-072-10,Siemens,SINEMA Remote Connect Client,linux,1,6,0,6,"linux_kernel,openvpn"
icsa-25-072-11,Siemens,"SIMATIC IPC Family, ITP1000, and Field PGs",vendor-firmware,1,2,0,2,
icsa-25-072-12,Sungrow,iSolarCloud Android App WiNet Firmware,vendor-firmware,1,15,0,15,
icsa-25-077-01,Schneider Electric,Electric EcoStruxure Power Automation System User Interface ,vendor-firmware,1,1,0,1,
icsa-25-077-02,Rockwell Automation,Automation Lifecycle Services with VMware,linux,1,3,3,0,linux_kernel
icsa-25-077-03,Schneider Electric,Electric EcoStruxure Power Automation System,vendor-firmware,1,1,0,1,
icsa-25-077-04,Schneider Electric,Electric EcoStruxure Panel Server,vendor-firmware,1,1,0,1,
icsa-25-077-05,Schneider Electric,Electric ASCO 5310/5350 Remote Annunciator,vendor-firmware,1,4,0,4,
icsa-25-079-01,Schneider Electric,EcoStruxure (Update A),vendor-firmware,1,1,0,1,
icsa-25-079-02,Schneider Electric,Electric Enerlin’X IFE and eIFE,vendor-firmware,1,3,0,3,
icsa-25-079-03,Siemens,Simcenter Femap,vendor-firmware,1,1,0,1,
icsa-25-079-04,SMA,Sunny Portal,vendor-firmware,1,1,0,1,
icsa-25-084-01,ABB,RMC-100,vendor-firmware,1,1,0,1,
icsa-25-084-02,Rockwell Automation,Automation Verve Asset Manager,vendor-firmware,1,1,0,1,
icsa-25-084-03,Rockwell Automation,Automation 440G TLS-Z,vendor-firmware,1,1,0,1,
icsa-25-084-04,Inaba,Denki Sangyo CHOCO TEI WATCHER mini,vendor-firmware,1,4,0,4,
icsa-25-091-01,Rockwell Automation,Automation Lifecycle Services with Veeam Backup and Replicat,vendor-firmware,1,1,0,1,
icsa-25-093-01,Hitachi Energy,Energy RTU500 Series (Update B),vendor-firmware,1,4,0,4,
icsa-25-093-02,Hitachi Energy,Energy TRMTracker,vendor-firmware,1,3,0,3,
icsa-25-093-03,ABB,ACS880 Drives Containing CODESYS RTS,vendor-firmware,1,15,15,0,codesys_rt
icsa-25-093-04,ABB,Low Voltage DC Drives and Power Controllers CODESYS RTS,vendor-firmware,1,15,15,0,codesys_rt
icsa-25-093-05,B&amp;R,APROL,vendor-firmware,1,13,13,0,net_snmp
icsa-25-100-01,Siemens,License Server,vendor-firmware,1,2,0,2,
icsa-25-100-02,Siemens,SIDIS Prime,vendor-firmware,1,15,15,0,openssl
icsa-25-100-03,Siemens,Solid Edge,vendor-firmware,1,1,0,1,
icsa-25-100-04,Siemens,Industrial Edge Devices,vendor-firmware,1,1,0,1,
icsa-25-100-05,Siemens,Insights Hub Private Cloud,vendor-firmware,1,5,5,0,nginx
icsa-25-100-06,Siemens,SENTRON 7KT PAC1260 Data Manager,vendor-firmware,1,9,0,9,
icsa-25-100-07,Rockwell Automation,Automation Arena,vendor-firmware,1,11,0,11,
icsa-25-100-08,Subnet,Solutions PowerSYSTEM Center,vendor-firmware,1,2,0,2,
icsa-25-100-09,ABB,Arctic Wireless Gateways,linux,1,8,1,7,"glibc,linux_kernel,openssh,openvpn"
icsa-25-105-01,Siemens,Mendix Runtime,vendor-firmware,1,1,0,1,
icsa-25-105-02,Siemens,Industrial Edge Device Kit,vendor-firmware,1,1,0,1,
icsa-25-105-03,Siemens,"SIMOCODE, SIMATIC, SIPLUS, SIDOOR, SIWAREX",vendor-firmware,1,1,0,1,
icsa-25-105-04,Growatt,Cloud Applications,vendor-firmware,1,30,0,30,
icsa-25-105-05,Lantronix,Xport (Update A),vendor-firmware,1,1,0,1,
icsa-25-105-06,National,Instruments LabVIEW,vendor-firmware,1,2,0,2,
icsa-25-105-07,Delta Electronics,Electronics COMMGR (Update A),vendor-firmware,1,1,0,1,
icsa-25-105-08,ABB,M2M Gateway,vendor-firmware,1,42,6,36,"openssh,zlib"
icsa-25-105-09,Mitsubishi Electric,Electric Europe B.V. smartRTU,vendor-firmware,1,2,0,2,
icsa-25-107-01,Schneider Electric,Electric Trio Q Licensed Data Radio,vendor-firmware,1,3,0,3,
icsa-25-107-02,Schneider Electric,Electric Sage Series,vendor-firmware,1,6,0,6,
icsa-25-107-03,Schneider Electric,Electric ConneXium Network Manager,vendor-firmware,1,2,0,2,
icsa-25-107-04,Yokogawa,Recorder Products,vendor-firmware,1,1,0,1,
icsa-25-112-01,Siemens,TeleControl Server Basic SQL,vendor-firmware,1,67,0,67,
icsa-25-112-02,Siemens,TeleControl Server Basic,vendor-firmware,1,1,0,1,
icsa-25-112-03,Schneider Electric,Electric Wiser Home Controller WHC-5918A,vendor-firmware,1,1,0,1,
icsa-25-112-04,ABB,MV Drives,vendor-firmware,1,15,15,0,codesys_rt
icsa-25-114-01,Schneider Electric,Modicon Controllers (Update A),vendor-firmware,1,22,0,22,
icsa-25-114-02,ALBEDO,Telecom Net.Time - PTP/NTP Clock,vendor-firmware,1,1,1,0,ntp
icsa-25-114-03,Vestel,AC Charger,vendor-firmware,1,1,0,1,
icsa-25-114-04,Nice,Linear eMerge E3,vendor-firmware,1,1,0,1,
icsa-25-114-05,Johnson,Controls Software House iSTAR Configuration Utility (ICU) To,vendor-firmware,1,1,0,1,
icsa-25-114-06,Planet Technology,Network Products,vendor-firmware,1,5,0,5,
icsa-25-119-01,Rockwell Automation,Automation ThinManager,vendor-firmware,1,2,0,2,
icsa-25-119-02,Delta Electronics,ISPSoft,vendor-firmware,1,3,0,3,
icsa-25-121-01,KUNBUS,GmbH Revolution Pi (Update A),vendor-firmware,1,4,0,4,
icsa-25-126-01,Optigo,Networks ONS NC600,vendor-firmware,1,1,0,1,
icsa-25-126-02,Milesight,UG65-868M-EA,vendor-firmware,1,1,0,1,
icsa-25-126-03,BrightSign,Players (Update A),vendor-firmware,1,2,0,2,
icsa-25-128-01,Horner,Automation Cscape,vendor-firmware,1,1,0,1,
icsa-25-128-02,Hitachi Energy,Energy RTU500 Series,vendor-firmware,1,3,0,3,
icsa-25-128-03,Mitsubishi Electric,Multiple FA Products (Update C),vendor-firmware,1,1,0,1,
icsa-25-133-01,Hitachi Energy,Energy Service Suite,vendor-firmware,1,16,0,16,
icsa-25-133-02,Hitachi Energy,Relion 670/650/SAM600-IO Series (Update C),vendor-firmware,1,1,0,1,
icsa-25-133-03,Hitachi Energy,Energy MACH GWS Products,vendor-firmware,1,4,0,4,
icsa-25-133-04,ABB,Automation Builder (Update A),vendor-firmware,1,2,0,2,
icsa-25-135-01,Siemens,RUGGEDCOM APE1808 Devices,vendor-firmware,1,2,0,2,
icsa-25-135-02,Siemens,INTRALOG WMS,vendor-firmware,1,8,8,0,dotnet
icsa-25-135-03,Siemens,BACnet ATEC Devices,vendor-firmware,1,1,0,1,
icsa-25-135-04,Siemens,Desigo,vendor-firmware,1,1,0,1,
icsa-25-135-05,Siemens,SIPROTEC and SICAM,vendor-firmware,1,1,0,1,
icsa-25-135-06,Siemens,Teamcenter Visualization,vendor-firmware,1,1,0,1,
icsa-25-135-07,Siemens,IPC RS-828A,vendor-firmware,1,1,0,1,
icsa-25-135-08,Siemens,VersiCharge AC Series EV Chargers,vendor-firmware,1,2,0,2,
icsa-25-135-09,Siemens,User Management Component (UMC),vendor-firmware,1,3,0,3,
icsa-25-135-10,Siemens,OZW Web Servers,vendor-firmware,1,2,0,2,
icsa-25-135-11,Siemens,Polarion,vendor-firmware,1,4,0,4,
icsa-25-135-12,Siemens,SIMATIC PCS neo,vendor-firmware,1,1,0,1,
icsa-25-135-13,Siemens,SIRIUS 3SK2 Safety Relays and 3RK3 Modular Safety Systems,vendor-firmware,1,3,0,3,
icsa-25-135-14,Siemens,APOGEE PXC and TALON TC Series,vendor-firmware,1,1,0,1,
icsa-25-135-15,Siemens,Mendix OIDC SSO,vendor-firmware,1,1,0,1,
icsa-25-135-16,Siemens,MS/TP Point Pickup Module,vendor-firmware,1,1,0,1,
icsa-25-135-17,Siemens,RUGGEDCOM ROX II,vendor-firmware,1,3,0,3,
icsa-25-135-18,Siemens,SCALANCE LPE9403,vendor-firmware,1,12,0,12,
icsa-25-135-19,ECOVACS,DEEBOT Vacuum and Base Station (Update A),vendor-firmware,1,3,0,3,
icsa-25-135-20,Schneider Electric,Electric EcoStruxure Power Build Rapsody,vendor-firmware,1,1,0,1,
icsa-25-140-01,ABUP,IoT Cloud Platform,vendor-firmware,1,1,0,1,
icsa-25-140-02,National,Instruments Circuit Design Suite,vendor-firmware,1,5,0,5,
icsa-25-140-03,Danfoss,AK-SM 8xxA Series (Update A),vendor-firmware,1,3,0,3,
icsa-25-140-04,Mitsubishi Electric,Iconics Digital Solutions / Mitsubishi Electric Products (Up,vendor-firmware,1,1,0,1,
icsa-25-140-05,Siemens,Siveillance Video,vendor-firmware,1,1,0,1,
icsa-25-140-06,Schneider Electric,Electric PrismaSeT Active - Wireless Panel Server,vendor-firmware,1,1,0,1,
icsa-25-140-07,Schneider Electric,"Electric Galaxy VS, Galaxy VL, Galaxy VXL (Update A)",vendor-firmware,1,1,0,1,
icsa-25-140-08,Schneider Electric,Electric Modicon Controllers (Update B),vendor-firmware,1,1,0,1,
icsa-25-140-09,AutomationDirect,MB-Gateway,vendor-firmware,1,1,0,1,
icsa-25-140-10,Vertiv,Liebert RDU101 and UNITY,vendor-firmware,1,2,0,2,
icsa-25-140-11,Assured Telematics Inc,(ATI) Fleet Management System (Update A),vendor-firmware,1,1,0,1,
icsa-25-142-01,Lantronix,Device Installer,vendor-firmware,1,1,0,1,
icsa-25-142-02,Rockwell Automation,Automation FactoryTalk Historian ThingWorx,vendor-firmware,1,1,0,1,
icsa-25-146-01,Johnson,Controls iSTAR Configuration Utility (ICU) Tool,vendor-firmware,1,1,0,1,
icsa-25-148-01,Siemens,SiPass,vendor-firmware,1,1,0,1,
icsa-25-148-02,Siemens,SiPass Integrated,vendor-firmware,1,1,0,1,
icsa-25-148-03,Consilium,Safety CS5000 Fire Panel (Update A),vendor-firmware,1,2,0,2,
icsa-25-148-04,Instantel,Micromate (Update A),vendor-firmware,1,1,0,1,
icsa-25-153-01,Schneider Electric,Electric Wiser Home Automation,vendor-firmware,1,1,0,1,
icsa-25-153-02,Schneider Electric,Electric EcoStruxure Power Build Rapsody,vendor-firmware,1,1,0,1,
icsa-25-153-03,Mitsubishi Electric,Electric MELSEC iQ-F Series,vendor-firmware,1,1,0,1,
icsa-25-155-01,CyberData,011209 SIP Emergency Intercom,vendor-firmware,1,5,0,5,
icsa-25-155-02,Hitachi Energy,"Energy Relion 670, 650 Series and SAM600-IO Product",vendor-firmware,1,2,0,2,
icsa-25-160-01,SinoTrack,GPS Receiver,vendor-firmware,1,2,0,2,
icsa-25-160-02,Hitachi Energy,"Relion 670, 650, SAM600-IO Series (Update A)",vendor-firmware,1,1,1,0,
icsa-25-162-01,Siemens,Tecnomatix Plant Simulation,vendor-firmware,1,1,0,1,
icsa-25-162-02,Siemens,RUGGEDCOM APE1808,vendor-firmware,1,1,0,1,
icsa-25-162-03,Siemens,SCALANCE and RUGGEDCOM,vendor-firmware,1,1,0,1,
icsa-25-162-04,Siemens,SCALANCE and RUGGEDCOM,vendor-firmware,1,3,0,3,
icsa-25-162-05,Siemens,SIMATIC S7-1500 CPU Family,vendor-firmware,1,64,8,56,"glibc,libcurl,openssh,openssl"
icsa-25-162-06,Siemens,Energy Services,vendor-firmware,1,1,0,1,
icsa-25-162-07,AVEVA,PI Data Archive,vendor-firmware,1,2,0,2,
icsa-25-162-08,AVEVA,PI Web API,vendor-firmware,1,1,0,1,
icsa-25-162-09,AVEVA,PI Connector for CygNet,vendor-firmware,1,2,0,2,
icsa-25-162-10,PTZOptics,and Other Pan-Tilt-Zoom Cameras,vendor-firmware,1,4,4,0,ntp
icsa-25-168-01,Siemens,Mendix Studio Pro,vendor-firmware,1,1,0,1,
icsa-25-168-02,LS ELECTRIC,Electric GMWin 4,vendor-firmware,1,3,0,3,
icsa-25-168-04,Fuji,Electric Smart Editor,vendor-firmware,1,3,0,3,
icsa-25-168-05,Dover Fueling Solutions,ProGauge MagLink LX Consoles,vendor-firmware,1,1,0,1,
icsa-25-175-01,Kaleris,Navis N4 Terminal Operating System,vendor-firmware,1,2,0,2,"openjdk,zlib"
icsa-25-175-02,Delta Electronics,Electronics CNCSoft,vendor-firmware,1,4,0,4,
icsa-25-175-03,Schneider Electric,Electric Modicon Controllers (Update A),vendor-firmware,1,6,0,6,
icsa-25-175-04,Schneider Electric,Electric EVLink WallBox (Update A),vendor-firmware,1,4,0,4,
icsa-25-175-05,ControlID,iDSecure On-Premises,vendor-firmware,1,3,0,3,
icsa-25-175-06,Parsons,AccuWeather Widget,vendor-firmware,1,1,0,1,
icsa-25-175-07,MICROSENS,NMP Web+,linux,1,3,3,0,linux_kernel
icsa-25-177-01,Mitsubishi Electric,Air Conditioning Systems (Update B),vendor-firmware,1,1,0,1,
icsa-25-177-02,TrendMakers,Sight Bulb Pro,vendor-firmware,1,2,0,2,
icsa-25-182-01,FESTO,"Didactic CP, MPS 200, and MPS 400 Firmware",vendor-firmware,1,1,0,1,
icsa-25-182-02,FESTO,"Automation Suite, FluidDraw, and Festo Didactic Products",vendor-firmware,1,1,0,1,
icsa-25-182-03,FESTO,CODESYS,vendor-firmware,1,3,3,0,codesys_rt
icsa-25-182-04,FESTO,"Hardware Controller, Hardware Servo Press Kit",vendor-firmware,1,4,0,4,
icsa-25-182-05,Voltronic,Power and PowerShield UPS Monitoring Software,vendor-firmware,1,2,0,2,
icsa-25-182-06,Hitachi Energy,Energy Relion 670/650 and SAM600-IO Series (Update A),vendor-firmware,1,1,0,1,
icsa-25-182-07,Hitachi Energy,Energy MSM,vendor-firmware,1,1,0,1,
icsa-25-184-01,Hitachi Energy,Relion 670/650 and SAM600-IO Series (Update C),vendor-firmware,1,1,0,1,
icsa-25-184-02,Hitachi Energy,Energy MicroSCADA X SYS600,vendor-firmware,1,5,0,5,
icsa-25-184-03,Mitsubishi Electric,MELSOFT Update Manager (Update B),vendor-firmware,1,2,0,2,
icsa-25-184-04,Mitsubishi Electric,MELSEC iQ-F Series,vendor-firmware,1,1,0,1,
icsa-25-189-01,Emerson,ValveLink Products,vendor-firmware,1,5,0,5,
icsa-25-191-01,Siemens,SINEC NMS,vendor-firmware,1,4,0,4,
icsa-25-191-02,Siemens,Solid Edge,vendor-firmware,1,3,0,3,
icsa-25-191-03,Siemens,TIA Administrator,vendor-firmware,1,2,0,2,
icsa-25-191-04,Siemens,SIMATIC CN 4100,vendor-firmware,1,1,0,1,
icsa-25-191-05,Siemens,TIA Project-Server and TIA Portal,vendor-firmware,1,1,0,1,
icsa-25-191-06,Siemens,SIPROTEC 5,vendor-firmware,1,1,0,1,
icsa-25-191-07,Delta Electronics,Electronics DTM Soft,vendor-firmware,1,1,0,1,
icsa-25-191-08,Advantech,iView,vendor-firmware,1,10,0,10,
icsa-25-191-09,KUNBUS,RevPi Webstatus,vendor-firmware,1,1,0,1,
icsa-25-191-10,End-of-Train,and Head-of-Train Remote Linking Protocol (Update C),vendor-firmware,1,1,0,1,
icsa-25-196-01,Hitachi Energy,Energy Asset Suite,vendor-firmware,1,6,0,6,
icsa-25-196-02,ABB,RMC-100 (Update A),vendor-firmware,1,4,0,4,
icsa-25-196-03,LITEON,IC48A and IC80A EV Chargers,vendor-firmware,1,1,0,1,
icsa-25-198-01,Leviton,AcquiSuite and Energy Monitoring Hub,vendor-firmware,1,1,0,1,
icsa-25-203-01,DuraComm,DP-10iN-100-MU,vendor-firmware,1,3,0,3,
icsa-25-203-02,Lantronix,Provisioning Manager,vendor-firmware,1,1,0,1,
icsa-25-203-03,Schneider Electric,Electric EcoStruxure,vendor-firmware,1,1,0,1,
icsa-25-203-04,Schneider Electric,EcoStruxure Power Operation (Update A),vendor-firmware,1,7,1,6,
icsa-25-203-05,Schneider Electric,Electric System Monitor Application,vendor-firmware,1,1,0,1,
icsa-25-203-06,Schneider Electric,Electric EcoStruxture IT Data Center Expert,vendor-firmware,1,6,0,6,
icsa-25-205-01,Mitsubishi Electric,CNC Series (Update B),vendor-firmware,1,1,0,1,
icsa-25-205-02,Network,Thermostat X-Series WiFi Thermostats,vendor-firmware,1,1,0,1,
icsa-25-205-03,Honeywell,Experion PKS (Update A),vendor-firmware,1,6,0,6,
icsa-25-205-04,LG Innotek,Camera Model LNV5110R,vendor-firmware,1,1,0,1,
icsa-25-210-01,National,Instruments LabVIEW,vendor-firmware,1,2,0,2,
icsa-25-210-02,Samsung,HVAC DMS,vendor-firmware,1,6,0,6,
icsa-25-210-03,Delta Electronics,DTN Soft,vendor-firmware,1,1,0,1,
icsa-25-212-01,Güralp,Systems FMUS Series and MIN Series Devices (Update B),vendor-firmware,1,1,0,1,
icsa-25-212-02,Rockwell Automation,Automation Lifecycle Services with VMware,vendor-firmware,1,4,0,4,
icsa-25-217-01,Mitsubishi Electric,Iconics Digital Solutions Multiple Products (Update B),vendor-firmware,1,1,0,1,
icsa-25-217-02,Tigo,Energy Cloud Connect Advanced (Update A),vendor-firmware,1,3,0,3,
icsa-25-219-01,Delta Electronics,Electronics DIAView,vendor-firmware,1,1,0,1,
icsa-25-219-02,Johnson,"Controls FX Server, FX80 and FX90 (Update A)",vendor-firmware,1,3,0,3,
icsa-25-219-03,Burk Technology,ARC Solo,vendor-firmware,1,1,0,1,
icsa-25-219-04,Rockwell Automation,Automation Arena,vendor-firmware,1,3,0,3,
icsa-25-219-05,Packet,Power EMX and EG,vendor-firmware,1,1,0,1,
icsa-25-219-06,Dreame Technology,Dreame Home iOS and Android Mobile Applications (Update A),vendor-firmware,1,1,0,1,
icsa-25-219-07,EG4,Electronics EG4 Inverters (Update B),vendor-firmware,1,4,0,4,
icsa-25-219-08,Yealink,IP Phones and RPS (Redirect and Provisioning Service),vendor-firmware,1,4,0,4,
icsa-25-224-01,Ashlar-Vellum,"Cobalt, Xenon, Argon, Lithium, Cobalt Share",vendor-firmware,1,4,0,4,
icsa-25-224-02,Johnson Controls,"iSTAR Ultra, iSTAR Ultra SE, iSTAR Ultra G2, iSTAR Ultra G2 ",vendor-firmware,1,6,0,6,
icsa-25-224-03,Schneider Electric,Electric EcoStruxure (Update B),vendor-firmware,1,5,0,5,
icsa-25-224-04,AVEVA,PI Integrator,vendor-firmware,1,2,0,2,
icsa-25-226-01,Siemens,SIMATIC RTLS Locating Manager,vendor-firmware,1,2,0,2,
icsa-25-226-02,Siemens,COMOS,vendor-firmware,1,1,0,1,
icsa-25-226-03,Siemens,Engineering Platforms,vendor-firmware,1,1,0,1,
icsa-25-226-04,Siemens,Simcenter Femap,vendor-firmware,1,2,0,2,
icsa-25-226-05,Siemens,Wibu CodeMeter Runtime,vendor-firmware,1,1,0,1,
icsa-25-226-06,Siemens,Opcenter Quality,vendor-firmware,1,7,0,7,
icsa-25-226-07,Siemens,Third-Party Components in SINEC OS,linux,1,490,0,490,"libcurl,linux_kernel"
icsa-25-226-08,Siemens,RUGGEDCOM CROSSBOW Station Access Controller,vendor-firmware,1,3,3,0,sqlite
icsa-25-226-09,Siemens,RUGGEDCOM APE1808,vendor-firmware,1,2,0,2,
icsa-25-226-10,Siemens,SIPROTEC 5,vendor-firmware,1,1,0,1,
icsa-25-226-11,Siemens,SIMATIC S7-PLCSIM,vendor-firmware,1,1,0,1,
icsa-25-226-12,Siemens,SIPROTEC 4 and SIPROTEC 4 Compact,vendor-firmware,1,1,0,1,
icsa-25-226-13,Siemens,SIMATIC RTLS Locating Manager,vendor-firmware,1,1,0,1,
icsa-25-226-14,Siemens,RUGGEDCOM ROX II,vendor-firmware,1,1,0,1,
icsa-25-226-15,Siemens,SINEC OS,linux,1,164,1,163,"linux_kernel,openssl"
icsa-25-226-16,Siemens,SICAM Q100/Q200,vendor-firmware,1,2,0,2,
icsa-25-226-17,Siemens,SINEC Traffic Analyzer,vendor-firmware,1,7,7,0,nginx
icsa-25-226-18,Siemens,"SIMOTION SCOUT, SIMOTION SCOUT TIA, and SINAMICS STARTER",vendor-firmware,1,1,0,1,
icsa-25-226-19,Siemens,SINUMERIK,vendor-firmware,1,1,0,1,
icsa-25-226-20,Siemens,RUGGEDCOM ROX II,vendor-firmware,1,1,0,1,
icsa-25-226-21,Siemens,BFCClient,vendor-firmware,1,5,5,0,openssl
icsa-25-226-22,Siemens,Web Installer,vendor-firmware,1,1,0,1,
icsa-25-226-23,Rockwell Automation,FactoryTalk Viewpoint,vendor-firmware,1,1,0,1,
icsa-25-226-24,Rockwell Automation,FactoryTalk Linx,vendor-firmware,1,1,0,1,
icsa-25-226-25,Rockwell Automation,Micro800,vendor-firmware,1,4,0,4,
icsa-25-226-26,Rockwell Automation,FLEX 5000 I/O (Update A),vendor-firmware,1,2,0,2,
icsa-25-226-27,Rockwell Automation,Automation ArmorBlock 5000 I/O - Webserver,vendor-firmware,1,2,0,2,
icsa-25-226-28,Rockwell Automation,Automation ControlLogix Ethernet Modules,vendor-firmware,1,1,0,1,
icsa-25-226-29,Rockwell Automation,Automation Studio 5000 Logix Designer,vendor-firmware,1,1,0,1,
icsa-25-226-30,Rockwell Automation,Automation FactoryTalk Action Manager,vendor-firmware,1,1,0,1,
icsa-25-226-31,Rockwell Automation,"1756-EN4TR, 1756-EN4TRXT (Update B)",vendor-firmware,1,2,0,2,
icsa-25-231-01,Siemens,Desigo CC Product Family and SENTRON Powermanager,vendor-firmware,1,1,0,1,
icsa-25-231-02,Siemens,Mendix SAML Module,vendor-firmware,1,1,0,1,
icsa-25-233-01,Mitsubishi Electric,MELSEC iQ-F Series CPU Module (Update A),vendor-firmware,1,1,0,1,
icsa-25-238-01,INVT,VT-Designer and HMITool,vendor-firmware,1,9,0,9,
icsa-25-238-03,Schneider Electric,Modicon M340 Controller and Communication Modules (Update A),vendor-firmware,1,1,0,1,
icsa-25-240-01,Mitsubishi Electric,Electric MELSEC iQ-F Series CPU Module,vendor-firmware,1,1,0,1,
icsa-25-240-02,Mitsubishi Electric,Electric MELSEC iQ-F Series CPU Module,vendor-firmware,1,1,0,1,
icsa-25-240-03,Schneider Electric,Electric Saitel DR &amp; Saitel DP Remote Terminal Unit,vendor-firmware,1,1,0,1,
icsa-25-240-04,Delta Electronics,Electronics CNCSoft-G2,vendor-firmware,1,1,0,1,
icsa-25-240-05,Delta Electronics,Electronics COMMGR,vendor-firmware,1,2,0,2,
icsa-25-240-06,GE,Vernova CIMPLICITY,vendor-firmware,1,1,0,1,
icsa-25-245-01,Delta Electronics,Electronics EIP Builder,vendor-firmware,1,1,0,1,
icsa-25-245-02,Fuji,Electric FRENIC-Loader 4,vendor-firmware,1,1,0,1,
icsa-25-245-03,SunPower,PVS6,vendor-firmware,1,1,0,1,
icsa-25-247-01,Honeywell,OneWireless Wireless Device Manager (WDM),vendor-firmware,1,4,0,4,
icsa-25-252-01,Rockwell Automation,Automation ThinManager,vendor-firmware,1,1,0,1,
icsa-25-252-02,ABB,Cylon Aspect BMS/BAS,vendor-firmware,1,3,0,3,
icsa-25-252-03,Rockwell Automation,Automation Stratix IOS,vendor-firmware,1,1,0,1,
icsa-25-252-04,Rockwell Automation,FactoryTalk Optix,vendor-firmware,1,1,0,1,
icsa-25-252-05,Rockwell Automation,FactoryTalk Activation Manager,vendor-firmware,1,1,0,1,
icsa-25-252-06,Rockwell Automation,CompactLogix® 5480,vendor-firmware,1,1,0,1,
icsa-25-252-07,Rockwell Automation,ControlLogix 5580,vendor-firmware,1,1,0,1,
icsa-25-252-08,Rockwell Automation,Automation Analytics LogixAI,vendor-firmware,1,1,0,1,
icsa-25-252-09,Rockwell Automation,Automation 1783-NATR,vendor-firmware,1,1,0,1,
icsa-25-254-01,Siemens,SIMOTION Tools,vendor-firmware,1,1,0,1,
icsa-25-254-02,Siemens,SIMATIC Virtualization as a Service (SIVaaS),vendor-firmware,1,1,0,1,
icsa-25-254-03,Siemens,SINAMICS Drives,vendor-firmware,1,1,0,1,
icsa-25-254-04,Siemens,SINEC OS,vendor-firmware,1,2,0,2,
icsa-25-254-05,Siemens,Apogee PXC and Talon TC Devices,vendor-firmware,1,1,0,1,
icsa-25-254-06,Siemens,Industrial Edge Management OS (IEM-OS),vendor-firmware,1,1,0,1,
icsa-25-254-07,Siemens,User Management Component (UMC),vendor-firmware,1,4,0,4,
icsa-25-254-08,Schneider Electric,Electric EcoStruxure,vendor-firmware,1,2,0,2,
icsa-25-254-09,Schneider Electric,"Modicon M340, BMXNOE0100, and BMXNOE0110 (Update A)",vendor-firmware,1,1,0,1,
icsa-25-254-10,Daikin,Security Gateway,vendor-firmware,1,1,0,1,
icsa-25-259-01,Schneider Electric,"Altivar Products, ATVdPAC Module, ILC992 InterLink Converter",vendor-firmware,1,1,0,1,
icsa-25-259-02,Hitachi Energy,Energy RTU500 Series,vendor-firmware,1,7,0,7,
icsa-25-259-03,Siemens,"SIMATIC NET CP, SINEMA, and SCALANCE",vendor-firmware,1,2,0,2,
icsa-25-259-05,Siemens,OpenSSL Vulnerability in Industrial Products,vendor-firmware,1,1,1,0,openssl
icsa-25-259-07,Delta Electronics,Electronics DIALink,vendor-firmware,1,2,0,2,
icsa-25-261-01,Westermo,Network Technologies WeOS 5,vendor-firmware,1,1,0,1,
icsa-25-261-02,Westermo,Network Technologies WeOS 5,vendor-firmware,1,1,0,1,
icsa-25-261-03,Schneider Electric,Electric Saitel DR &amp; Saitel DP Remote Terminal Unit,vendor-firmware,1,2,0,2,
icsa-25-261-04,Hitachi Energy,Energy Asset Suite,vendor-firmware,1,6,0,6,
icsa-25-261-05,Hitachi Energy,Energy Service Suite,vendor-firmware,1,1,0,1,
icsa-25-261-06,Cognex,In-Sight Explorer and In-Sight Camera Firmware,vendor-firmware,1,9,0,9,
icsa-25-261-07,Dover Fueling Solutions,ProGauge MagLink LX4 Devices,vendor-firmware,1,3,0,3,
icsa-25-266-01,AutomationDirect,CLICK PLUS,vendor-firmware,1,7,0,7,
icsa-25-266-02,Mitsubishi Electric,Electric MELSEC-Q Series CPU Module,vendor-firmware,1,1,0,1,
icsa-25-266-03,Schneider Electric,Electric SESU,vendor-firmware,1,1,0,1,
icsa-25-266-04,Viessmann,Vitogate 300,vendor-firmware,1,2,0,2,
icsa-25-268-01,Dingtian,DT-R002,vendor-firmware,1,2,0,2,
icsa-25-273-01,MegaSys,Enterprises Telenium Online Web Application,vendor-firmware,1,1,0,1,
icsa-25-273-02,Festo,SBRD-Q/SBOC-Q/SBOI-Q,vendor-firmware,1,4,0,4,
icsa-25-273-03,Festo,CPX-CEC-C1 and CPX-CMXX,vendor-firmware,1,1,0,1,
icsa-25-273-04,Festo,"Controller CECC-S,-LK,-D Family Firmware (Update A)",linux,1,33,2,31,"codesys_rt,linux_kernel"
icsa-25-273-05,OpenPLC_V3,OpenPLC_V3,vendor-firmware,1,1,0,1,
icsa-25-273-06,National,Instruments Circuit Design Suite,vendor-firmware,1,2,0,2,
icsa-25-273-07,LG,Innotek Camera Multiple Models,vendor-firmware,1,1,0,1,
icsa-25-275-01,Raise3D,Pro2 Series 3D Printers,vendor-firmware,1,1,0,1,
icsa-25-275-02,Hitachi Energy,Energy MSM Product,vendor-firmware,1,2,0,2,"goahead,open62541"
icsa-25-280-01,Delta Electronics,Electronics DIAScreen,vendor-firmware,1,4,0,4,
icsa-25-282-01,Hitachi Energy,Energy Asset Suite (Update A),vendor-firmware,1,1,0,1,
icsa-25-282-02,Rockwell Automation,Lifecycle Services with Cisco,vendor-firmware,1,1,1,0,net_snmp
icsa-25-282-03,Rockwell Automation,Stratix,vendor-firmware,1,1,1,0,net_snmp
icsa-25-287-01,Rockwell Automation,Automation 1715 EtherNet/IP Comms Module,vendor-firmware,1,2,0,2,
icsa-25-289-01,Rockwell Automation,Automation FactoryTalk View Machine Edition and PanelView Pl,vendor-firmware,1,2,0,2,
icsa-25-289-02,Rockwell Automation,Automation FactoryTalk Linx,vendor-firmware,1,2,0,2,
icsa-25-289-03,Rockwell Automation,Automation FactoryTalk ViewPoint,vendor-firmware,1,1,0,1,
icsa-25-289-04,Rockwell Automation,Automation ArmorStart AOP,vendor-firmware,1,1,0,1,
icsa-25-289-05,Siemens,Solid Edge,vendor-firmware,1,4,0,4,
icsa-25-289-06,Siemens,SiPass Integrated,vendor-firmware,1,4,0,4,
icsa-25-289-07,Siemens,SIMATIC ET 200SP Communication Processors,vendor-firmware,1,1,0,1,
icsa-25-289-08,Siemens,SINEC NMS,vendor-firmware,1,1,0,1,
icsa-25-289-09,Siemens,TeleControl Server Basic,vendor-firmware,1,1,0,1,
icsa-25-289-10,Siemens,HyperLynx and Industrial Edge App Publisher,vendor-firmware,1,1,0,1,
icsa-25-289-11,Hitachi Energy,Energy MACH GWS,vendor-firmware,1,3,0,3,
icsa-25-294-01,Rockwell Automation,1783-NATR,vendor-firmware,1,3,0,3,
icsa-25-294-02,Rockwell Automation,Compact GuardLogix 5370,vendor-firmware,1,1,0,1,
icsa-25-294-03,Siemens,SIMATIC S7-1200 CPU V1/V2 Devices,vendor-firmware,1,2,0,2,
icsa-25-294-04,Siemens,RUGGEDCOM ROS Devices,vendor-firmware,1,4,0,4,
icsa-25-294-05,CloudEdge,Online Cameras and App,vendor-firmware,1,1,0,1,
icsa-25-294-06,Raisecomm,RAX701-GC Series,vendor-firmware,1,1,0,1,
icsa-25-296-01,AutomationDirect,Productivity Suite,vendor-firmware,1,9,0,9,
icsa-25-296-02,ASKI,Energy ALS-Mini-S8 and ALS-Mini-S4,vendor-firmware,1,1,0,1,
icsa-25-296-03,Veeder-Root,TLS4B Automatic Tank Gauge System,linux,1,2,2,0,linux_kernel
icsa-25-296-04,Delta Electronics,Electronics ASDA-Soft,vendor-firmware,1,2,0,2,
icsa-25-301-01,Schneider Electric,Electric EcoStruxure,vendor-firmware,1,1,0,1,
icsa-25-303-01,ISO/IEC,International Standards Organization ISO 15118-2 (Update A),vendor-firmware,1,1,0,1,
icsa-25-303-02,Hitachi Energy,Energy TropOS,vendor-firmware,1,3,0,3,
icsa-25-308-01,Fuji Electric,Monitouch V-SFT-6 (Update A),vendor-firmware,1,3,0,3,
icsa-25-308-02,Survision,License Plate Recognition Camera,vendor-firmware,1,1,0,1,
icsa-25-308-03,Delta Electronics,Electronics CNCSoft-G2,vendor-firmware,1,1,0,1,
icsa-25-308-04,Radiometrics,VizAir,vendor-firmware,1,3,0,3,
icsa-25-308-05,IDIS,ICM Viewer,vendor-firmware,1,1,0,1,
icsa-25-310-01,Advantech,DeviceOn/iEdge,vendor-firmware,1,4,0,4,
icsa-25-310-02,Ubia,Ubox (Update A),vendor-firmware,1,1,0,1,
icsa-25-310-03,ABB,FLXeon Controllers,vendor-firmware,1,4,0,4,
icsa-25-317-01,Mitsubishi Electric,Electric MELSEC iQ-F Series,vendor-firmware,1,1,0,1,
icsa-25-317-02,AVEVA,Application Server IDE,vendor-firmware,1,1,0,1,
icsa-25-317-03,AVEVA,Edge,vendor-firmware,1,1,0,1,
icsa-25-317-04,Brightpick AI,Brightpick Mission Control / Internal Logic Control (Update ,vendor-firmware,1,3,0,3,
icsa-25-317-05,Rockwell Automation,Verve Asset Manager,vendor-firmware,1,1,0,1,
icsa-25-317-06,Rockwell Automation,Automation Studio 5000 Simulation Interface,vendor-firmware,1,2,0,2,
icsa-25-317-07,Rockwell Automation,Automation FactoryTalk DataMosaix Private Cloud,vendor-firmware,1,2,0,2,
icsa-25-317-08,General Industrial Controls,Lynx+ Gateway,vendor-firmware,1,4,0,4,
icsa-25-317-09,Rockwell Automation,Automation FactoryTalk Policy Manager,vendor-firmware,1,1,0,1,
icsa-25-317-10,Rockwell Automation,Automation AADvance-Trusted SIS Workstation,vendor-firmware,1,1,0,1,
icsa-25-317-11,Siemens,SICAM P850 family and SICAM P855 family,vendor-firmware,1,2,0,2,
icsa-25-317-12,Siemens,Spectrum Power 4,vendor-firmware,1,5,0,5,
icsa-25-317-13,Siemens,LOGO! 8 BM Devices,vendor-firmware,1,3,0,3,
icsa-25-317-14,Siemens,Solid Edge,vendor-firmware,1,1,0,1,
icsa-25-317-15,Siemens,COMOS,vendor-firmware,1,2,0,2,
icsa-25-317-16,Siemens,Altair Grid Engine,vendor-firmware,1,2,0,2,
icsa-25-317-17,Siemens,Software Center and Solid Edge,vendor-firmware,1,1,0,1,
icsa-25-322-01,Schneider Electric,Electric EcoStruxure Machine SCADA Expert &amp; Pro-face BLU,vendor-firmware,1,1,0,1,
icsa-25-322-02,Shelly,Pro 4PM,vendor-firmware,1,1,0,1,
icsa-25-322-03,Shelly,Pro 3EM,vendor-firmware,1,1,0,1,
icsa-25-322-04,Schneider Electric,Electric PowerChute Serial Shutdown,linux,1,3,3,0,linux_kernel
icsa-25-322-05,METZ,CONNECT EWIO2,vendor-firmware,1,5,0,5,
icsa-25-324-01,Automated,Logic WebCTRL Premium Server,vendor-firmware,1,2,0,2,
icsa-25-324-02,ICAM365,CCTV Camera Multiple Models,vendor-firmware,1,2,0,2,
icsa-25-324-03,Opto,22 GRV-EPIC and groov RIO,vendor-firmware,1,1,0,1,
icsa-25-324-04,Festo,MSE6-C2M/D2M/E2M,vendor-firmware,1,1,0,1,
icsa-25-324-05,Festo,Didactic products,vendor-firmware,1,1,0,1,
icsa-25-324-06,Emerson,Appleton UPSMON-PRO,vendor-firmware,1,1,0,1,
icsa-25-329-01,Ashlar-Vellum,"Cobalt, Xenon, Argon, Lithium, Cobalt Share (Update A)",vendor-firmware,1,5,0,5,
icsa-25-329-02,Rockwell Automation,Automation Arena Simulation,vendor-firmware,1,1,0,1,
icsa-25-329-03,Zenitel,TCIV-3+,vendor-firmware,1,5,0,5,
icsa-25-329-04,Opto,22 groov View,vendor-firmware,1,1,0,1,
icsa-25-329-05,Festo,"Compact Vision System, Control Block, Controller, and Operat",vendor-firmware,1,2,2,0,codesys_rt
icsa-25-329-06,SiRcom,SMART Alert (SiSA),vendor-firmware,1,1,0,1,
icsa-25-336-01,Industrial,Video &amp; Control Longwatch,vendor-firmware,1,1,0,1,
icsa-25-336-02,Iskra,iHUB and iHUB Lite,vendor-firmware,1,1,0,1,
icsa-25-338-01,Mitsubishi Electric,Electric GX Works2,vendor-firmware,1,1,0,1,
icsa-25-338-02,MAXHUB,Pivot,vendor-firmware,1,1,0,1,
icsa-25-338-03,Johnson,Controls OpenBlue Mobile Web Application for OpenBlue Workpl,vendor-firmware,1,1,0,1,
icsa-25-338-04,Johnson,Controls iSTAR,vendor-firmware,1,1,0,1,
icsa-25-338-05,Sunbird,DCIM dcTrack and Power IQ,vendor-firmware,1,2,0,2,
icsa-25-338-06,SolisCloud,Monitoring Platform,vendor-firmware,1,1,0,1,
icsa-25-338-07,Advantech,iView,vendor-firmware,1,1,1,0,net_snmp
icsa-25-343-01,U-Boot,Universal Boot Loader (U-Boot) (Update A),vendor-firmware,1,1,1,0,u_boot
icsa-25-343-02,Festo,LX Appliance,vendor-firmware,1,1,0,1,
icsa-25-343-03,Multiple,India-based CCTV Cameras (Update A),vendor-firmware,1,1,0,1,
icsa-25-345-01,Johnson,Controls iSTAR,vendor-firmware,1,2,0,2,
icsa-25-345-02,Johnson,Controls iSTAR Ultra,vendor-firmware,1,2,0,2,
icsa-25-345-03,AzeoTech,DAQFactory (Update A),vendor-firmware,1,7,0,7,
icsa-25-345-04,Siemens,IAM Client,vendor-firmware,1,1,0,1,
icsa-25-345-05,Siemens,Advanced Licensing (SALT) Toolkit,vendor-firmware,1,1,0,1,
icsa-25-345-06,Siemens,SINEMA Remote Connect Server,vendor-firmware,1,2,0,2,
icsa-25-345-07,Siemens,Building X - Security Manager Edge Controller,vendor-firmware,1,1,0,1,
icsa-25-345-08,Siemens,Energy Services,vendor-firmware,1,1,0,1,
icsa-25-345-09,Siemens,Gridscale X Prepay,vendor-firmware,1,2,0,2,
icsa-25-345-10,OpenPLC_V3,(Update A),vendor-firmware,1,4,0,4,
icsa-25-350-01,Güralp,"Systems Fortimus Series, Minimus Series, and Certimus Series",vendor-firmware,1,1,0,1,
icsa-25-350-02,Johnson Controls Inc,"Johnson Controls PowerG, IQPanel and IQHub (Update A)",vendor-firmware,1,4,0,4,
icsa-25-350-03,Hitachi Energy,"AFS, AFR and AFF Series",vendor-firmware,1,1,0,1,
icsa-25-350-04,Mitsubishi Electric,GT Designer3,vendor-firmware,1,1,0,1,
icsa-25-352-01,Inductive Automation,Ignition (Update A),linux,1,1,1,0,linux_kernel
icsa-25-352-02,Schneider Electric,EcoStruxure Foxboro DCS Advisor,vendor-firmware,1,1,0,1,
icsa-25-352-03,National Instruments,LabView,vendor-firmware,1,9,0,9,
icsa-25-352-04,Mitsubishi Electric,Iconics Digital Solutions and Mitsubishi Electric Products,vendor-firmware,1,1,0,1,
icsa-25-352-05,Siemens,Interniche IP-Stack,vendor-firmware,1,1,0,1,
icsa-25-352-06,Advantech,WebAccess/SCADA,vendor-firmware,1,5,0,5,
icsa-25-352-07,Rockwell Automation,"Micro820, Micro850, Micro870",vendor-firmware,1,2,0,2,
icsa-25-352-08,Axis Communications,"Camera Station Pro, Camera Station, and Device Manager (Upda",vendor-firmware,1,4,0,4,
icsa-26-006-01,Columbia Weather Systems,MicroServer,vendor-firmware,1,3,0,3,
icsa-26-008-01,Hitachi Energy,Asset Suite,vendor-firmware,1,1,0,1,
icsa-26-013-01,Rockwell Automation,432ES-IG3 Series A,vendor-firmware,1,1,0,1,
icsa-26-013-02,Rockwell Automation,FactoryTalk DataMosaix Private Cloud,vendor-firmware,1,1,0,1,
icsa-26-013-03,YoSmart,YoLink Smart Hub,vendor-firmware,1,4,0,4,
icsa-26-015-01,AVEVA,Process Optimization,vendor-firmware,1,7,0,7,
icsa-26-015-02,Festo,Firmware,vendor-firmware,1,1,0,1,
icsa-26-015-03,Siemens,TeleControl Server Basic,vendor-firmware,1,1,0,1,
icsa-26-015-04,Siemens,SIMATIC and SIPLUS products,vendor-firmware,1,1,0,1,
icsa-26-015-05,Siemens,RUGGEDCOM ROS,vendor-firmware,1,1,0,1,
icsa-26-015-06,Siemens,SINEC Security Monitor,vendor-firmware,1,2,0,2,
icsa-26-015-07,Siemens,RUGGEDCOM APE1808 Devices,vendor-firmware,1,4,0,4,
icsa-26-015-08,Siemens,Industrial Edge Devices,vendor-firmware,1,1,0,1,
icsa-26-015-09,Siemens,Industrial Edge Device Kit,vendor-firmware,1,1,0,1,
icsa-26-015-10,Schneider Electric,EcoStruxure Power Build Rapsody (Update A),vendor-firmware,1,2,0,2,
icsa-26-015-11,Siemens,RUGGEDCOM ROX II,vendor-firmware,1,6,0,6,
icsa-26-015-12,Siemens,SIMATIC CN 4100,vendor-firmware,1,5,5,0,net_snmp
icsa-26-020-01,Schneider Electric,EcoStruxure Foxboro DCS (Update A),vendor-firmware,1,1,0,1,
icsa-26-020-02,Schneider Electric,devices using CODESYS Runtime,vendor-firmware,1,37,37,0,codesys_rt
icsa-26-020-03,Rockwell Automation,Verve Asset Manager,vendor-firmware,1,2,0,2,
icsa-26-022-01,Schneider Electric,EcoStruxure Process Expert (Update A),vendor-firmware,1,1,0,1,
icsa-26-022-02,AutomationDirect,CLICK Programmable Logic Controller,vendor-firmware,1,2,0,2,
icsa-26-022-03,Rockwell Automation,CompactLogix 5370,vendor-firmware,1,1,0,1,
icsa-26-022-04,Johnson Controls Inc,iSTAR Configuration Utility (ICU) tool,vendor-firmware,1,1,0,1,
icsa-26-022-05,Weintek,cMT X Series HMI EasyWeb Service,vendor-firmware,1,2,0,2,
icsa-26-022-06,Hubitat,Elevation Hubs,vendor-firmware,1,1,0,1,
icsa-26-022-07,Delta Electronics,DIAView,vendor-firmware,1,1,0,1,
icsa-26-022-08,EVMAPA,EVMAPA,vendor-firmware,1,3,0,3,
icsa-26-027-01,iba Systems,ibaPDA,vendor-firmware,1,1,0,1,
icsa-26-027-02,Festo Didactic SE,MES PC,vendor-firmware,1,143,0,143,
icsa-26-027-03,Schneider Electric,Zigbee Products,vendor-firmware,1,5,0,5,
icsa-26-027-04,Johnson Controls,Metasys Products,vendor-firmware,1,1,0,1,
icsa-26-029-01,KiloView,Encoder Series (Update A),vendor-firmware,1,1,0,1,
icsa-26-029-02,Rockwell Automation,ArmorStart LT,vendor-firmware,1,9,0,9,
icsa-26-029-03,Rockwell Automation,ControlLogix,vendor-firmware,1,1,0,1,
icsa-26-034-01,Mitsubishi Electric,FREQSHIP-mini for Windows,vendor-firmware,1,1,0,1,
icsa-26-034-02,Avation,Light Engine Pro,vendor-firmware,1,1,0,1,
icsa-26-034-03,RISS SRL,MOMA Seismic Station,vendor-firmware,1,1,0,1,
icsa-26-034-04,Synectix,LAN 232 TRIO,vendor-firmware,1,1,0,1,
icsa-26-036-01,TP-Link Systems Inc,VIGI Series IP Camera,vendor-firmware,1,1,0,1,
icsa-26-036-02,Mitsubishi Electric,MELSEC iQ-R Series,vendor-firmware,1,1,0,1,
icsa-26-036-03,o6 Automation GmbH,Open62541,vendor-firmware,1,1,1,0,open62541
icsa-26-036-04,Ilevia,EVE X1 Server,vendor-firmware,1,9,0,9,
icsa-26-036-05,Hitachi Energy,XMC20,vendor-firmware,1,1,0,1,
icsa-26-036-06,Hitachi Energy,FOX61x,vendor-firmware,1,1,0,1,
icsa-26-041-01,Yokogawa,FAST/TOOLS,vendor-firmware,1,14,0,14,
icsa-26-041-02,ZLAN Information Technology Co,ZLAN5143D,vendor-firmware,1,2,0,2,
icsa-26-041-03,AVEVA,PI Data Archive,vendor-firmware,1,1,0,1,
icsa-26-041-04,AVEVA,PI to CONNECT Agent,vendor-firmware,1,1,0,1,
icsa-26-043-01,Siemens,SINEC NMS,vendor-firmware,1,2,0,2,
icsa-26-043-02,Siemens,Polarion,vendor-firmware,1,1,0,1,
icsa-26-043-03,Siemens,COMOS,vendor-firmware,1,6,6,0,libcurl
icsa-26-043-04,Siemens,Desigo CC Product Family and SENTRON Powermanager,vendor-firmware,1,1,1,0,
icsa-26-043-05,Siemens,Solid Edge,vendor-firmware,1,1,0,1,
icsa-26-043-06,Siemens,SINEC OS,linux,1,52,1,51,"busybox,libpcap"
icsa-26-043-07,Siemens,Siveillance Video Management Servers,vendor-firmware,1,1,0,1,
icsa-26-043-08,Siemens,NX,vendor-firmware,1,3,0,3,
icsa-26-043-09,Hitachi Energy,SuprOS,vendor-firmware,1,1,0,1,
icsa-26-043-10,Airleader GmbH,Airleader Master,vendor-firmware,1,1,0,1,
icsa-26-048-01,Siemens,Simcenter Femap and Nastran,vendor-firmware,1,6,0,6,
icsa-26-048-02,Delta Electronics,ASDA-Soft,vendor-firmware,1,1,0,1,
icsa-26-048-03,GE,Enervista UR Setup,vendor-firmware,1,2,0,2,
icsa-26-048-04,Honeywell,HIB2PI and HDZ Series CCTV Cameras (Update B),vendor-firmware,1,1,0,1,
icsa-26-050-01,EnOcean Edge Inc,EnOcean SmartServer IoT,vendor-firmware,1,2,0,2,
icsa-26-050-02,Valmet,DNA Engineering Web Tools,vendor-firmware,1,1,0,1,
icsa-26-050-03,Jinan,USR IOT Technology Limited (PUSR) USR-W610,vendor-firmware,1,4,0,4,
icsa-26-050-04,Welker,OdorEyes EcoSystem Pulse Bypass System with XL4 Controller,vendor-firmware,1,1,0,1,
icsa-26-055-01,InSAT,MasterSCADA BUK-TS,vendor-firmware,1,2,0,2,
icsa-26-055-02,Schneider Electric,EcoStruxure Building Operation Workstation,vendor-firmware,1,2,0,2,
icsa-26-055-03,Gardyn,Home Kit (Update B),vendor-firmware,1,10,0,10,
icsa-26-057-01,"Johnson Controls, Inc",Frick Controls Quantum HD,vendor-firmware,1,6,0,6,
icsa-26-057-02,"Pelco, Inc",Sarix Pro 3 Series IP Cameras,vendor-firmware,1,1,0,1,
icsa-26-057-03,CloudCharge,cloudcharge.se,vendor-firmware,1,4,0,4,
icsa-26-057-04,EV2GO,ev2go.io,vendor-firmware,1,4,0,4,
icsa-26-057-05,Chargemap,chargemap.com,vendor-firmware,1,4,0,4,
icsa-26-057-06,SWTCH EV,swtchenergy.com (Update A),vendor-firmware,1,4,0,4,
icsa-26-057-07,EV Energy,ev.energy,vendor-firmware,1,4,0,4,
icsa-26-057-08,Mobility46,mobility46.se,vendor-firmware,1,4,0,4,
icsa-26-057-09,Yokogawa,"CENTUM VP R6, R7",vendor-firmware,1,6,0,6,
icsa-26-057-10,Copeland,XWEB and XWEB Pro,vendor-firmware,1,23,0,23,
icsa-26-062-02,Hitachi Energy,Relion REB500 Product,vendor-firmware,1,2,0,2,
icsa-26-062-03,Hitachi Energy,RTU500 Product,vendor-firmware,1,4,4,0,expat
icsa-26-062-04,Portwell,Engineering Toolkits,vendor-firmware,1,1,0,1,
icsa-26-062-05,Labkotec,LID-3300IP,vendor-firmware,1,1,0,1,
icsa-26-062-06,Mobiliti,e-mobi.hu,vendor-firmware,1,4,0,4,
icsa-26-062-07,ePower,epower.ie,vendor-firmware,1,4,0,4,
icsa-26-062-08,Everon,OCPP Backends,vendor-firmware,1,4,0,4,
icsa-26-064-01,Delta Electronics,CNCSoft-G2,vendor-firmware,1,1,0,1,
icsa-26-069-01,Apeman,Cameras,vendor-firmware,1,3,0,3,
icsa-26-069-02,Lantronix,EDS3000PS and EDS5000,vendor-firmware,1,8,0,8,
icsa-26-069-03,Honeywell,IQ4x BMS Controller (Update A),vendor-firmware,1,1,0,1,
icsa-26-069-04,Ceragon,Siklu MultiHaul and EtherHaul Series,vendor-firmware,1,1,0,1,
icsa-26-071-01,Trane,"Tracer SC, Tracer SC+, and Tracer Concierge",vendor-firmware,1,5,0,5,
icsa-26-071-02,Siemens,RUGGEDCOM APE1808 Devices,vendor-firmware,1,4,0,4,
icsa-26-071-03,Siemens,SIDIS Prime,vendor-firmware,1,23,0,23,"openjdk,openssl,sqlite"
icsa-26-071-04,Siemens,SIMATIC,linux,1,1,1,0,linux_kernel
icsa-26-071-05,Siemens,Heliox EV Chargers,vendor-firmware,1,1,0,1,
icsa-26-071-06,Inductive Automation,Ignition Software,linux,1,1,0,1,"linux_kernel,openjdk"
icsa-26-076-01,"FESTO, CODESYS",CODESYS in Festo Automation Suite,vendor-firmware,1,126,6,120,"codesys_rt,openssl"
icsa-26-076-02,Schneider Electric,SCADAPack and RemoteConnect,vendor-firmware,1,1,0,1,
icsa-26-076-03,Schneider Electric,EcoStruxure Data Center Expert,vendor-firmware,1,1,0,1,
icsa-26-076-04,Siemens,SICAM SIAPP SDK,vendor-firmware,1,6,0,6,
icsa-26-078-01,Schneider Electric,"Modicon M241, M251, and M262",vendor-firmware,1,1,0,1,
icsa-26-078-02,Schneider Electric,"Modicon Controllers M241, M251, M258, and LMC058",vendor-firmware,1,1,0,1,
icsa-26-078-03,Schneider Electric,EcoStruxure Automation Expert,vendor-firmware,1,1,0,1,
icsa-26-078-04,Schneider Electric,EcoStruxure PME and EPO,vendor-firmware,1,1,0,1,
icsa-26-078-05,Mitsubishi Electric,CNC Series,vendor-firmware,1,1,0,1,
icsa-26-078-06,CTEK,Chargeportal,vendor-firmware,1,4,0,4,
icsa-26-078-07,IGL-Technologies,eParking.fi,vendor-firmware,1,4,0,4,
icsa-26-078-08,Automated Logic,WebCTRL Premium Server,vendor-firmware,1,3,0,3,
icsa-26-083-01,Pharos Controls,Mosaic Show Controller,vendor-firmware,1,1,0,1,
icsa-26-083-02,Schneider Electric,EcoStruxure Foxboro DCS,vendor-firmware,1,1,0,1,
icsa-26-083-03,Schneider Electric,Plant iT/Brewmaxx,vendor-firmware,1,4,0,4,
icsa-26-085-01,WAGO,GmbH &amp; Co. KG Industrial Managed Switches,vendor-firmware,1,1,0,1,
icsa-26-085-02,OpenCode Systems,OC Messaging and Custom Messaging Gateway,vendor-firmware,1,1,0,1,
icsa-26-085-03,PTC,Windchill Product Lifecycle Management,vendor-firmware,1,1,0,1,
icsa-26-090-01,Anritsu,Remote Spectrum Monitor,vendor-firmware,1,1,0,1,
icsa-26-090-02,PX4,Autopilot,vendor-firmware,1,1,0,1,
icsa-26-092-01,Siemens,SICAM 8 Products,vendor-firmware,1,2,0,2,
icsa-26-092-02,Yokogawa,CENTUM VP,vendor-firmware,1,1,0,1,
icsa-26-092-03,Hitachi Energy,Ellipse,vendor-firmware,1,1,0,1,
icsa-26-097-01,Mitsubishi Electric,GENESIS64 and ICONICS Suite products,vendor-firmware,1,2,0,2,
icsa-26-099-01,Contemporary Controls Sedona Alliance,Contemporary Controls BASC 20T,vendor-firmware,1,1,0,1,
icsa-26-099-02,GPL Odorizers,GPL750,vendor-firmware,1,1,0,1,
icsa-26-106-01,Delta Electronics,ASDA-Soft,vendor-firmware,1,1,0,1,
icsa-26-106-02,Horner Automation,"Cscape and XL4, XL7 PLC",vendor-firmware,1,1,0,1,
icsa-26-106-03,Anviz,Multiple Products,vendor-firmware,1,12,0,12,
icsa-26-106-04,AVEVA,Pipeline Simulation,vendor-firmware,1,1,0,1,
icsa-26-111-01,Siemens,TPM 2.0,vendor-firmware,1,1,0,1,
icsa-26-111-02,Siemens,RUGGEDCOM CROSSBOW Secure Access Manager Primary,vendor-firmware,1,1,0,1,
icsa-26-111-03,Siemens,SINEC NMS,vendor-firmware,1,1,0,1,
icsa-26-111-04,Siemens,Analytics Toolkit,vendor-firmware,1,1,0,1,
icsa-26-111-05,Hardy Barth,Salia EV Charge Controller (Update A),vendor-firmware,1,2,0,2,
icsa-26-111-06,Zero Motorcycles,Firmware (Update A),vendor-firmware,1,1,0,1,
icsa-26-111-07,Siemens,SCALANCE,linux,1,15,15,0,linux_kernel
icsa-26-111-08,Siemens,RUGGEDCOM CROSSBOW Station Access Controller (SAC),vendor-firmware,1,1,0,1,
icsa-26-111-09,Siemens,SINEC NMS,vendor-firmware,1,1,0,1,
icsa-26-111-10,Silex Technology,SD-330AC and AMC Manager,vendor-firmware,1,13,13,0,net_snmp
icsa-26-111-11,Siemens,Industrial Edge Management,vendor-firmware,1,1,0,1,
icsa-26-111-12,SenseLive,X3050,vendor-firmware,1,11,0,11,
icsa-26-113-01,Yadea,T5 Electric Bicycle,vendor-firmware,1,1,0,1,
icsa-26-113-02,Carlson Software,VASCO-B GNSS Receiver,vendor-firmware,1,1,0,1,
icsa-26-113-03,Milesight,Cameras,vendor-firmware,1,5,0,5,
icsa-26-113-04,SpiceJet,Online Booking System,vendor-firmware,1,2,0,2,
icsa-26-113-05,"Hangzhou Xiongmai Technology Co., Ltd",XM530 IP Camera,vendor-firmware,1,1,0,1,
icsa-26-113-06,Intrado,911 Emergency Gateway (EGW) (Update A),vendor-firmware,1,1,0,1,
icsa-26-118-01,NSA,GRASSMARLIN,vendor-firmware,1,1,0,1,
icsa-26-120-01,ABB,"System 800xA, Symphony Plus IEC 61850",vendor-firmware,1,1,0,1,
icsa-26-120-02,ABB,PCM600,vendor-firmware,1,1,0,1,
icsa-26-120-03,ABB,Edgenius Management Portal,vendor-firmware,1,1,0,1,
icsa-26-120-04,ABB,Ability OPTIMAX,vendor-firmware,1,1,0,1,
icsa-26-120-05,ABB,AWIN Gateways,vendor-firmware,1,3,0,3,
icsa-26-120-06,ABB,Ability Symphony Plus Engineering,vendor-firmware,1,4,0,4,
icsa-26-125-01,Hitachi Energy,PCM600,vendor-firmware,1,1,0,1,
icsa-26-125-02,ABB,B&amp;R PVI,vendor-firmware,1,1,0,1,
icsa-26-125-03,ABB,B&amp;R Automation Runtime,vendor-firmware,1,1,0,1,
icsa-26-125-04,ABB,B&amp;R Automation Studio,vendor-firmware,1,1,0,1,
icsa-26-125-05,Johnson Controls Inc,Johnson Controls CEM AC2000,vendor-firmware,1,1,0,1,
icsa-26-127-01,MAXHUB,Pivot Client Application,vendor-firmware,1,1,0,1,
icsa-26-132-01,Fuji Electric,Tellus,vendor-firmware,1,1,0,1,
icsa-26-132-02,Subnet Solutions Inc,Subnet Solutions PowerSYSTEM Center,vendor-firmware,1,4,0,4,
icsa-26-132-03,ABB,AC500 V3 Multiple Vulnerabilities,vendor-firmware,1,3,3,0,codesys_rt
icsa-26-132-04,ABB,Automation Builder Gateway for Windows,vendor-firmware,1,1,0,1,
icsa-26-132-05,ABB,AC500 V3 Stack Buffer Overflow in Cryptographic Message Synt,vendor-firmware,1,1,0,1,
icsa-26-132-06,ABB,WebPro SNMP Card PowerValue Multiple Vulnerabilities,vendor-firmware,1,3,3,0,net_snmp
icsa-26-134-01,Siemens,gWAP,vendor-firmware,1,1,0,1,
icsa-26-134-02,Siemens,Ruggedcom Rox,vendor-firmware,1,1,0,1,
icsa-26-134-03,Siemens,Solid Edge,vendor-firmware,1,2,0,2,
icsa-26-134-04,Siemens,Teamcenter,vendor-firmware,1,3,0,3,
icsa-26-134-05,Siemens,Simcenter Femap,vendor-firmware,1,1,0,1,
icsa-26-134-06,Siemens,Industrial Devices,vendor-firmware,1,1,0,1,
icsa-26-134-07,Siemens,SIMATIC,vendor-firmware,1,1,0,1,
icsa-26-134-08,Siemens,Siemens ROS#,vendor-firmware,1,1,0,1,
icsa-26-134-09,Siemens,Opcenter RDnL,vendor-firmware,1,1,0,1,
icsa-26-134-10,Siemens,SIMATIC,linux,1,171,0,171,"libxml2,linux_kernel,openjdk,openssl"
icsa-26-134-11,Siemens,Ruggedcom Rox,vendor-firmware,1,1,0,1,
icsa-26-134-12,Siemens,Ruggedcom Rox,vendor-firmware,1,1,0,1,
icsa-26-134-13,Siemens,SIPROTEC 5,vendor-firmware,1,1,0,1,
icsa-26-134-14,Siemens,SENTRON 7KT PAC1261 Data Manager,vendor-firmware,1,1,0,1,
icsa-26-134-15,Siemens,SIMATIC S7 PLC Web Server,linux,1,3,3,0,linux_kernel
icsa-26-134-16,Siemens,Ruggedcom Rox,vendor-firmware,1,35,35,0,u_boot
icsa-26-134-17,Universal Robots,Polyscope 5,vendor-firmware,1,1,0,1,
icsa-26-139-01,ABB,CoreSense HM and CoreSense M10,vendor-firmware,1,1,0,1,
icsa-26-139-02,Siemens,RUGGEDCOM APE1808 Devices,vendor-firmware,1,1,0,1,
icsa-26-139-03,ScadaBR,ScadaBR,vendor-firmware,1,4,0,4,
icsa-26-139-04,ZKTeco,CCTV Cameras,vendor-firmware,1,1,0,1,
icsa-26-139-05,Kieback & Peter,Kieback &amp; Peter DDC Building Controllers,vendor-firmware,1,1,0,1,
icsa-26-141-01,Hitachi Energy,GMS600,vendor-firmware,1,1,1,0,
icsa-26-141-02,ABB,B&amp;R PCs,vendor-firmware,1,9,0,9,
icsa-26-141-03,ABB,B&amp;R Automation Studio,vendor-firmware,1,25,25,0,sqlite
icsa-26-141-04,B&R,ABB B&amp;R Automation Runtime,vendor-firmware,1,3,0,3,
icsa-26-141-05,ABB,Terra AC Wallbox,vendor-firmware,1,3,0,3,
icsa-26-146-01,ABB,Terra AC,vendor-firmware,1,1,0,1,
icsa-26-146-02,ABB,AC500 V2,vendor-firmware,1,1,0,1,
icsa-26-146-03,ABB,Ability Zenon Remote Transport Vulnerability (Update A),vendor-firmware,1,1,0,1,
icsa-26-146-04,B&R,ABB B&amp;R Automation Runtime DoS Vulnerability in System D,vendor-firmware,1,1,0,1,
icsa-26-146-05,ABB,Ability Camera Connect,vendor-firmware,1,22,0,22,
icsa-26-146-06,ABB,LVS MConfig,vendor-firmware,1,1,0,1,
icsa-26-148-01,Danelec,MacGregor Voyage Data Recorder (VDR) G4e,vendor-firmware,1,5,0,5,
icsa-26-148-02,Jinan,USR IOT Technology Limited (PUSR) USR-W610 RS232/485 to Wi-F,vendor-firmware,1,1,0,1,
icsa-26-148-03,ABB,EIBPORT,vendor-firmware,1,1,0,1,
icsa-26-148-04,ABB,Busch-Welcome 2 Wire Door Opener Actuator,vendor-firmware,1,1,0,1,
icsa-26-148-05,CP Plus,8 Ch. Network Video Recorder,vendor-firmware,1,1,0,1,
icsa-26-148-06,KMW,CCTV Security Cameras,vendor-firmware,1,1,0,1,
icsa-26-148-07,Schneider Electric,EcoStruxure Machine Expert HVAC,vendor-firmware,1,1,0,1,
icsa-26-148-08,XCharge,C6,vendor-firmware,1,3,0,3,
icsa-26-155-01,NAVTOR,NavBox,vendor-firmware,1,1,0,1,
icsa-26-155-02,Hitachi Energy,ITT600 Explorer,vendor-firmware,1,2,0,2,
icsa-26-155-03,B&R Industrial Automation GmbH,B&amp;R PPT30 Operating System,vendor-firmware,1,1,0,1,
icsa-26-155-04,Hitachi Energy,RTU500,vendor-firmware,1,7,0,7,
icsa-26-155-05,Hitachi Energy,MACH HiDraw,vendor-firmware,1,1,0,1,
icsa-26-160-01,Schneider Electric,Modicon Network Managed Switches,vendor-firmware,1,1,1,0,net_snmp
icsa-26-160-02,Siemens,KACO Blueplanet Inverters,vendor-firmware,1,2,0,2,
icsa-26-160-03,Schneider Electric,EcoStruxure Panel Server,vendor-firmware,1,1,0,1,
icsa-26-162-01,Yarbo,Android/iOS Mobile Application and Cloud Infrastructure,vendor-firmware,1,2,0,2,
icsa-26-162-02,Naxclow,IoT Platform,vendor-firmware,1,7,0,7,
icsa-26-162-03,Brickcom,Cameras,vendor-firmware,1,2,0,2,
icsa-26-167-01,Rockwell Automation,FactoryTalk Analytics PavilionX,vendor-firmware,1,1,0,1,
icsa-26-167-02,Rockwell Automation,RSLinx,vendor-firmware,1,1,0,1,
icsa-26-167-03,Rockwell Automation,Logix 5370 &amp; 5570 Controllers Vulnerable To Denial of Se,vendor-firmware,1,1,0,1,
icsa-26-167-04,Rockwell Automation,CompactLogix,vendor-firmware,1,2,0,2,
icsa-26-167-05,Rockwell Automation,FLEX I/O EtherNet/IP Adapters,vendor-firmware,1,2,0,2,
icsa-26-169-01,AVer,PTC cameras,vendor-firmware,1,1,0,1,
icsa-26-169-02,AzeoTech,DAQFactory (Update A),vendor-firmware,1,2,0,2,
icsa-26-169-03,Rockwell Automation,FactoryTalk Historian Site Edition,vendor-firmware,1,4,0,4,
icsa-26-169-04,Schneider Electric,EasyLogic T150 and Saitel DP,vendor-firmware,1,1,0,1,
icsa-26-169-05,Mitsubishi Electric,MELSEC iQ-F Series,vendor-firmware,1,1,0,1,
icsa-26-169-06,Mitsubishi Electric,Co.&#039;s MELSEC iQ-F Series FX5-ENET/IP Ethernet Module,vendor-firmware,1,1,0,1,
icsa-26-169-07,Schneider Electric,"Easergy, EcoStruxture, PowerLogic, and Saitel Products",vendor-firmware,1,1,0,1,
icsa-26-174-01,Siemens,WinCC Certificate Manager,vendor-firmware,1,1,0,1,
icsa-26-174-02,Siemens,SIPROTEC 5 Using DIGSI5 Protocol,vendor-firmware,1,1,0,1,
icsa-26-174-03,Siemens,Products using OpenSSL,vendor-firmware,1,1,1,0,openssl
icsa-26-174-04,Siemens,SINEC INS,vendor-firmware,1,4,0,4,
icsa-26-174-05,ABB,Freelance Security Lock,vendor-firmware,1,1,0,1,
icsa-26-174-06,B&R Industrial Automation GmbH,Impact of Linux Kernel vulnerabilities on B&amp;R products,linux,1,5,0,5,"linux_kernel,openssl"
icsa-26-174-07,Hubbell,Aclara Metrum Cellular Web Interface,vendor-firmware,1,1,0,1,
icsa-26-176-01,Yokogawa,FAST/TOOLS and CI Server,vendor-firmware,1,1,0,1,
icsa-26-176-02,EVoke Systems,Charging Station Management System,vendor-firmware,1,4,0,4,
icsa-26-176-03,Horner Automation,Cscape,vendor-firmware,1,1,0,1,
icsa-26-176-04,Daktronics,Controller Firmware,vendor-firmware,1,3,0,3,
icsa-26-176-05,H.VIEW,HV-500S6 IP Camera,vendor-firmware,1,2,0,2,
icsa-26-176-06,Delta Electronics,DTM Soft,vendor-firmware,1,1,0,1,
icsa-26-176-07,Schneider Electric,PowerLogic P7,vendor-firmware,1,3,0,3,
icsa-26-181-01,Mitsubishi Electric,MELSOFT Update Manager SW1DND-UDM-M,vendor-firmware,1,4,0,4,
icsa-26-181-02,Frangoteam,FUXA SCADA/HMI,vendor-firmware,1,1,0,1,
icsa-26-181-03,Schneider Electric,EcoStruxure IT Data Center Expert,vendor-firmware,1,1,0,1,
icsa-26-181-04,Schneider Electric,EasyLogic T150 and Saitel DP RTU,vendor-firmware,1,2,0,2,
icsa-26-181-05,B&R Industrial Automation GmbH,XZ Utils vulnerability impacting B&amp;R Products,vendor-firmware,1,1,0,1,
icsa-26-181-06,StoneFly,Storage Concentrator,vendor-firmware,1,5,0,5,
icsa-26-181-07,Delta Electronics,DVP12SE PLC,vendor-firmware,1,2,0,2,
icsa-26-183-01,ST Engineering iDirect,iQ-Series Terminals,vendor-firmware,1,2,0,2,
icsa-26-183-02,CubeSpace,CW0057 Reaction Wheel,vendor-firmware,1,1,0,1,
icsa-26-183-03,Gardyn,IoT Hub,vendor-firmware,1,3,0,3,
icsa-26-188-01,Hydro-Québec,Le Circuit Electrique charging station backend,vendor-firmware,1,3,0,3,
icsa-26-188-02,Hitachi Energy,PROMOD V,vendor-firmware,1,1,0,1,
icsa-26-188-03,Hitachi Energy,e-mesh EMS,vendor-firmware,1,1,1,0,nginx
icsa-26-188-04,Siemens,Mendix Studio Pro,vendor-firmware,1,1,0,1,
icsa-26-188-05,Siemens,SINEC OS,vendor-firmware,1,77,0,77,"libcurl,libxml2,openssl"
icsa-26-188-06,Labcenter Electronics,Labcenter Proteus 9,vendor-firmware,1,3,0,3,
icsa-26-188-07,Digi International,"PortServer TS, Digi One SP IA",vendor-firmware,1,2,0,2,
icsa-26-190-01,OpenPLC,v3,vendor-firmware,1,1,0,1,
icsa-26-190-02,"SuSE, Schneider Electric, Red Hat, Microsoft",Schneider Electric PowerChute Serial Shutdown,linux,1,7,7,0,linux_kernel
icsa-26-190-03,Schneider Electric,Easergy MiCOM Px40 Series,vendor-firmware,1,1,1,0,net_snmp
icsa-26-195-01,ABB,Advant Master Online Builder,vendor-firmware,1,1,0,1,
icsa-26-195-02,ABB,Ability Edgenius,linux,1,1,1,0,linux_kernel
icsa-26-195-03,ABB,T-MAC Plus,vendor-firmware,1,4,0,4,
icsa-26-195-04,Rockwell Automation,1715-AENTR EtherNet/IP Adapter,vendor-firmware,1,1,0,1,
icsa-26-197-01,Rockwell Automation,Arena,vendor-firmware,1,4,0,4,
icsa-26-197-02,Rockwell Automation,"1756-EN2, 1756-EN3, and 1756-ENBT",vendor-firmware,1,1,0,1,
icsa-26-197-03,NASA,Core Flight System (cFS) Health &amp; Safety (HS) Applicatio,vendor-firmware,1,1,0,1,
icsa-26-197-04,AutomationDirect,Productivity Suite,linux,1,6,6,0,linux_kernel
icsa-26-197-05,Siemens,SICAM 8,vendor-firmware,1,4,0,4,
icsa-26-197-06,Rockwell Automation,"CompactLogix, ControlLogix, Compact GuardLogix and GuardLogi",vendor-firmware,1,3,0,3,
icsa-26-197-07,SALTO,ProAccess Space,vendor-firmware,1,1,0,1,
icsa-26-197-08,Rockwell Automation,Flex 5000 Adapter,vendor-firmware,1,1,0,1,
icsa-26-197-09,Rockwell Automation,FactoryTalk DataMosaix,vendor-firmware,1,1,0,1,
icsa-26-202-01,Tycon Systems,TPDIN-Monitor-WEB2,vendor-firmware,1,2,0,2,
icsa-26-202-02,Siemens,RUGGEDCOM APE1808 with Palo Alto Networks Virtual NGFW,vendor-firmware,1,3,0,3,
icsa-26-202-03,Siemens,Opcenter X,vendor-firmware,1,1,0,1,
icsa-26-202-04,Siemens,SIDIS Secured SmartPlug,linux,1,14,1,13,"busybox,openssh,openssl,wpa_supplicant"
icsa-26-202-05,Siemens,IAM Client,vendor-firmware,1,1,0,1,
icsa-26-202-06,Siemens,CADRA,vendor-firmware,1,11,11,0,zlib
icsa-26-202-07,Rockwell Automation,FactoryTalk Services Platform,vendor-firmware,1,1,0,1,
icsa-26-202-08,Rockwell Automation,1718-AENTR/1719-AENTR,vendor-firmware,1,1,0,1,
icsa-26-202-09,Rockwell Automation,1734 POINT I/O,vendor-firmware,1,1,0,1,
icsa-26-202-10,Rockwell Automation,Studio 5000 Logix Designer,vendor-firmware,1,3,0,3,
icsa-26-204-01,Johnson Controls,C-CURE 9000 and Victor application server (Update A),vendor-firmware,1,3,3,0,dotnet
icsa-26-204-02,Johnson Controls,XAAP Android,vendor-firmware,1,1,0,1,
icsa-26-204-03,Weintek,cMT3092X,vendor-firmware,1,4,0,4,
icsa-26-204-04,Pronetiqs,Panduit IntraVUE,vendor-firmware,1,5,0,5,
icsa-26-204-05,Rockwell Automation,ThinManager,vendor-firmware,1,1,0,1,
icsa-26-204-06,MZ Automation,libIEC61850,vendor-firmware,1,4,0,4,
icsa-26-204-07,MZ Automation,lib60870,vendor-firmware,1,1,0,1,
icsa-26-209-01,Siemens,Desigo CC,vendor-firmware,1,1,0,1,
icsa-26-209-02,Siemens,Mendix Runtime,vendor-firmware,1,1,0,1,
icsa-26-209-03,Siemens,SIMATIC S7-PLCSIM Advanced,vendor-firmware,1,1,0,1,
icsa-26-209-04,Siemens,SIMATIC S7-1500 CPU 1518(F)-4 PN/DP MFP,linux,1,353,1,352,"linux_kernel,openssh"
icsa-26-209-05,MikroTik,RouterOS and Cloud Hosted Router,vendor-firmware,1,1,0,1,
icsa-26-209-06,igloohome,Smart Lock Mobile Application,vendor-firmware,1,1,0,1,
icsa-26-209-07,ABB,KNX Update Tool,vendor-firmware,1,1,0,1,
icsa-26-211-01,MikroTik,RouterOS,vendor-firmware,1,1,0,1,
icsa-26-211-02,Johnson Controls Inc,Johnson Controls OpenBlue Employee,vendor-firmware,1,3,0,3,
icsa-26-211-03,Toptech Systems,RCU II+ and Multiload II+,vendor-firmware,1,1,0,1,
icsa-26-211-04,Schneider Electric,IGSS,vendor-firmware,1,1,0,1,
icsa-26-211-05,Rockwell Automation,CompactLogix 5380 ControlLogix 5580 / 1756-EN4TR Communicati,vendor-firmware,1,1,0,1,
icsa-26-211-06,NASA,Core Flight System (cFS) Health &amp; Safety (HS) Applicatio,vendor-firmware,1,2,0,2,
icsa-26-211-07,Mitsubishi Electric,CC-Link IE TSN Communication Protocol,vendor-firmware,1,1,0,1,
icsa-26-211-08,o6 Automation GmbH,o6 Automation open62541,linux,1,4,0,4,"linux_kernel,open62541"
icsa-26-211-09,Watchfire,Controller Software,vendor-firmware,1,1,0,1,
icsa-26-211-10,MZ Automation GmbH,libiec61850,vendor-firmware,1,8,0,8,
icsa-26-211-11,MZ Automation GmbH,MZ Automation lib60870,vendor-firmware,1,2,0,2,
icsa-26-216-01,Acrisure,KARR BT and DR-100,vendor-firmware,1,1,0,1,
icsa-26-218-01,ABB,Ability Zenon,vendor-firmware,1,13,0,13,
icsa-26-218-02,Johnson Controls Inc,TL280,vendor-firmware,1,1,0,1,
icsa-26-219-01,CPDLC,over ATN-B1 Vulnerabilities,vendor-firmware,1,5,0,5,
icsa-26-225-01,AVEVA,Enterprise SCADA,vendor-firmware,1,1,0,1,
icsa-26-225-02,Haiwell,IoT Cloud HMI Gateway,vendor-firmware,1,1,0,1,
icsa-26-225-03,Johnson Controls Inc,Airwall,vendor-firmware,1,2,0,2,
icsa-26-225-04,Hitachi Energy,APM Edge Product,linux,1,2,2,0,linux_kernel
icsa-26-225-05,ANDRITZ,HIPASE-250 and 250 SCALA,vendor-firmware,1,4,0,4,
icsa-26-225-06,Siemens,RUGGEDCOM APE1808,vendor-firmware,1,2,0,2,
icsa-26-225-07,Siemens,License Server (SLS),vendor-firmware,1,2,0,2,
icsa-26-225-08,Siemens,Desigo DXR and PXC Controllers,vendor-firmware,1,1,0,1,
icsa-26-225-09,Siemens,Siveillance Video,vendor-firmware,1,1,0,1,
icsa-26-225-10,Siemens,Parasolid,vendor-firmware,1,1,0,1,
icsa-26-225-11,Siemens,Simcenter Femap,vendor-firmware,1,2,0,2,
icsa-26-225-12,Siemens,Solid Edge,vendor-firmware,1,7,0,7,
icsa-26-225-13,Siemens,LOGO! Soft Comfort,vendor-firmware,1,2,0,2,
icsa-26-225-14,Johnson Controls Inc,Johnson Controls Metasys,vendor-firmware,1,1,0,1,
